real_id,virtual_id,timestamp,delta_time,behavior,initial_balance,activity_type,granted,amount,balance,initial_country,location,device,network,compromised_device,compromised_network,agent_type,is_fraudster
0,0,2025-02-24 17:45:36,0 days 02:29:52,legitimate,82068.03,Make Purchase,True,-179.74297,81888.29,UK,UK,iPhone,Public WiFi,0,1,traveler,0
1,1,2025-02-24 17:28:12,0 days 02:12:31,legitimate,28606.8,Make Purchase,True,-257.8333,28348.967,China,China,iPhone,Home WiFi,1,1,traveler,0
2,2,2025-02-24 15:32:00,0 days 00:16:14,legitimate,31264.97,Open Account,True,0.0,31264.97,Germany,Germany,iPhone,Public WiFi,0,0,static,0
3,3,2025-02-24 15:30:38,0 days 00:14:04,card_skimming,76552.84,Balance Check,True,0.0,76552.84,Germany,Singapore,MacBook,Home WiFi,0,0,static,1
4,4,2025-02-24 16:44:27,0 days 01:27:49,legitimate,66030.53,Deposit Funds,True,489.63907,66520.17,USA,USA,iPhone,Mobile Network,0,0,static,0
5,5,2025-02-24 16:43:28,0 days 01:27:01,money_laundering,72669.28,Cash Withdrawal,True,-4560.6865,68108.59,Japan,Canada,iPhone,Home WiFi,0,0,static,1
6,6,2025-02-24 16:52:41,0 days 01:36:45,legitimate,16295.6,Review activityments,True,0.0,16295.6,France,France,MacBook,Home WiFi,0,0,static,0
7,7,2025-02-24 16:57:00,0 days 01:40:54,legitimate,92773.1,Transfer Funds,True,-60.27771,92712.82,France,France,Windows Laptop,Home WiFi,0,0,static,0
8,8,2025-02-24 16:08:32,0 days 00:51:52,legitimate,87439.43,Make Purchase,True,-156.89278,87282.54,UK,USA,Android,Mobile Network,0,0,traveler,0
9,9,2025-02-24 18:07:59,0 days 02:51:38,legitimate,93128.09,Apply for Credit Card,True,0.0,93128.09,USA,USA,Android,Home WiFi,0,0,static,0
10,10,2025-02-24 17:42:54,0 days 02:26:52,legitimate,9872.98,Invest Money,True,-101.65352,9771.326,USA,USA,iPad,Home WiFi,0,0,static,0
11,11,2025-02-24 16:06:08,0 days 00:49:53,legitimate,63924.2,Deposit Funds,True,21.13836,63945.34,USA,USA,Android,Home WiFi,0,0,static,0
12,12,2025-02-24 16:16:29,0 days 01:00:20,legitimate,12816.63,Make Purchase,True,-101.341576,12715.288,China,USA,iPhone,Corporate Network,0,0,traveler,0
13,13,2025-02-24 16:02:32,0 days 00:46:19,legitimate,21650.55,Invest Money,True,-83.28105,21567.27,Japan,Japan,MacBook,Home WiFi,0,0,static,0
14,14,2025-02-24 15:28:41,0 days 00:12:20,legitimate,26158.17,Open Account,True,0.0,26158.17,UK,UK,Windows Laptop,Home WiFi,0,0,static,0
15,15,2025-02-24 17:45:59,0 days 02:29:23,legitimate,13806.35,Pay Bills,True,-186.13388,13620.216,USA,USA,Android,Home WiFi,0,0,traveler,0
16,16,2025-02-24 16:55:10,0 days 01:38:49,legitimate,27092.11,Open Account,True,0.0,27092.11,France,France,Windows Laptop,Public WiFi,0,0,traveler,0
17,17,2025-02-24 15:52:08,0 days 00:36:15,legitimate,62129.46,Deposit Funds,True,78.25743,62207.72,Germany,Germany,iPhone,Home WiFi,0,0,static,0
18,18,2025-02-24 16:35:37,0 days 01:19:14,legitimate,63604.68,Transfer Funds,True,-563.1832,63041.496,UK,Germany,Windows Laptop,Public WiFi,0,0,traveler,0
19,19,2025-02-24 17:42:57,0 days 02:26:45,legitimate,12541.88,Pay Bills,True,-277.42032,12264.46,Japan,Japan,Windows Laptop,Mobile Network,0,0,traveler,0
20,20,2025-02-24 15:37:05,0 days 00:20:34,legitimate,59099.6,Invest Money,True,-18.408138,59081.19,USA,USA,MacBook,Home WiFi,0,0,static,0
21,21,2025-02-24 16:40:13,0 days 01:24:21,legitimate,39535.18,Deposit Funds,True,348.64227,39883.824,Japan,Japan,Windows Laptop,Public WiFi,0,0,static,0
22,22,2025-02-24 16:34:30,0 days 01:18:22,legitimate,27511.91,Open Account,True,0.0,27511.91,China,China,Windows Laptop,Public WiFi,0,0,static,0
23,23,2025-02-24 17:53:38,0 days 02:36:59,legitimate,28932.72,Review activityments,True,0.0,28932.72,UK,UK,Windows Laptop,Home WiFi,0,1,static,0
24,24,2025-02-24 17:54:15,0 days 02:38:25,legitimate,79658.5,Apply for Loan,True,0.0,79658.5,China,Japan,Android,Home WiFi,0,1,traveler,0
25,25,2025-02-24 15:20:05,0 days 00:04:02,legitimate,57628.75,Apply for Loan,True,0.0,57628.75,UK,UK,iPhone,Public WiFi,0,0,static,0
26,26,2025-02-24 16:03:28,0 days 00:47:41,legitimate,9612.62,Deposit Funds,True,166.05803,9778.678,Japan,Japan,Android,Home WiFi,0,0,traveler,0
27,27,2025-02-24 16:56:20,0 days 01:40:29,legitimate,54385.7,Apply for Credit Card,True,0.0,54385.7,Japan,Japan,iPhone,Public WiFi,0,0,traveler,0
28,28,2025-02-24 18:16:28,0 days 02:59:55,legitimate,63452.3,Make Purchase,True,-45.726494,63406.574,Japan,Japan,iPhone,Mobile Network,0,0,traveler,0
29,29,2025-02-24 18:01:04,0 days 02:44:37,legitimate,51857.77,Deposit Funds,True,38.423115,51896.19,France,France,Android,Mobile Network,0,1,static,0
30,30,2025-02-24 18:09:50,0 days 02:53:40,legitimate,16092.17,Deposit Funds,True,313.09827,16405.268,France,France,Android,Home WiFi,0,1,static,0
31,31,2025-02-24 17:01:13,0 days 01:45:04,legitimate,33917.14,Open Account,True,0.0,33917.14,USA,USA,Linux PC,Public WiFi,0,0,static,0
32,32,2025-02-24 17:44:16,0 days 02:28:23,legitimate,3425.35,Pay Bills,True,-270.91177,3154.4382,France,France,iPhone,Home WiFi,0,0,traveler,0
33,33,2025-02-24 15:57:52,0 days 00:41:40,legitimate,56653.1,Pay Bills,True,-48.971924,56604.13,Germany,Germany,Windows Laptop,Home WiFi,0,0,static,0
34,34,2025-02-24 18:11:52,0 days 02:55:13,legitimate,74760.88,Pay Bills,True,-136.02641,74624.85,Germany,Germany,iPhone,Corporate Network,0,0,static,0
35,35,2025-02-24 15:28:20,0 days 00:12:34,legitimate,8983.43,Apply for Credit Card,True,0.0,8983.43,Germany,Germany,Windows Laptop,Home WiFi,0,0,static,0
36,36,2025-02-24 16:41:09,0 days 01:25:01,legitimate,21540.27,Make Purchase,True,-276.87723,21263.393,UK,UK,MacBook,Corporate Network,0,0,static,0
37,37,2025-02-24 15:57:47,0 days 00:41:25,legitimate,17912.96,Open Account,True,0.0,17912.96,UK,UK,Android,Public WiFi,0,0,static,0
38,38,2025-02-24 17:17:58,0 days 02:01:35,legitimate,94891.82,Open Account,True,0.0,94891.82,China,China,iPhone,Home WiFi,0,0,traveler,0
39,39,2025-02-24 17:45:22,0 days 02:28:56,legitimate,31440.09,Pay Bills,True,-185.48334,31254.607,Japan,Japan,iPhone,Mobile Network,0,0,static,0
0,0,2025-02-24 17:56:30,0 days 00:10:54,legitimate,81888.29,Pay Bills,True,-102.12388,81786.164,UK,UK,MacBook,Home WiFi,0,0,traveler,0
1,1,2025-02-24 18:30:17,0 days 01:02:05,legitimate,28348.967,Make Purchase,True,-25.095276,28323.871,China,China,iPhone,Corporate Network,0,1,traveler,0
2,2,2025-02-24 15:56:16,0 days 00:24:16,legitimate,31264.97,Deposit Funds,True,52.410404,31317.38,Germany,Germany,iPhone,Public WiFi,0,0,static,0
3,3,2025-02-24 15:43:16,0 days 00:12:38,card_skimming,76552.84,Online Purchase,True,-3332.2434,73220.59,Germany,Hong Kong,Android,Corporate Network,0,0,static,1
4,4,2025-02-24 18:00:51,0 days 01:16:24,legitimate,66520.17,Make Purchase,True,-292.25488,66227.914,USA,USA,iPhone,Home WiFi,0,0,static,0
5,5,2025-02-24 17:08:31,0 days 00:25:03,money_laundering,68108.59,Cash Withdrawal,True,-7576.561,60532.03,Japan,Switzerland,Android,Public WiFi,0,0,static,1
6,6,2025-02-24 16:54:06,0 days 00:01:25,legitimate,16295.6,Transfer Funds,True,-522.5042,15773.096,France,France,MacBook,Corporate Network,0,0,static,0
7,7,2025-02-24 18:34:59,0 days 01:37:59,legitimate,92712.82,Deposit Funds,True,724.38965,93437.21,France,France,Windows Laptop,Public WiFi,0,0,static,0
8,8,2025-02-24 16:26:45,0 days 00:18:13,legitimate,87282.54,Pay Bills,True,-322.4248,86960.11,UK,UK,Android,Public WiFi,0,0,traveler,0
9,9,2025-02-24 21:07:48,0 days 02:59:49,legitimate,93128.09,Make Purchase,True,-109.0468,93019.05,USA,USA,Android,Public WiFi,0,0,static,0
10,10,2025-02-24 19:29:26,0 days 01:46:32,legitimate,9771.326,Invest Money,True,-129.55745,9641.769,USA,USA,Android,Home WiFi,0,0,static,0
11,11,2025-02-24 17:59:21,0 days 01:53:13,legitimate,63945.34,Pay Bills,True,-376.562,63568.777,USA,USA,Windows Laptop,Home WiFi,0,0,static,0
12,12,2025-02-24 17:57:03,0 days 01:40:34,legitimate,12715.288,Transfer Funds,True,-159.75534,12555.533,China,USA,Android,Mobile Network,0,0,traveler,0
13,13,2025-02-24 17:08:49,0 days 01:06:17,legitimate,21567.27,Invest Money,True,-64.91231,21502.357,Japan,Japan,iPhone,Mobile Network,0,0,static,0
14,14,2025-02-24 17:10:59,0 days 01:42:18,legitimate,26158.17,Make Purchase,True,-69.60398,26088.566,UK,UK,iPhone,Home WiFi,0,0,static,0
15,15,2025-02-24 20:43:28,0 days 02:57:29,legitimate,13620.216,Pay Bills,True,-23.480997,13596.735,USA,USA,Windows Laptop,Corporate Network,0,0,traveler,0
16,16,2025-02-24 17:58:30,0 days 01:03:20,legitimate,27092.11,Close Account,True,0.0,27092.11,France,France,iPhone,Mobile Network,0,0,traveler,0
17,17,2025-02-24 17:10:18,0 days 01:18:10,legitimate,62207.72,Make Purchase,True,-221.028,61986.688,Germany,Germany,Android,Public WiFi,1,0,static,0
18,18,2025-02-24 19:25:48,0 days 02:50:11,legitimate,63041.496,Transfer Funds,True,-315.43454,62726.062,UK,UK,Windows Laptop,Home WiFi,1,0,traveler,0
19,19,2025-02-24 19:57:53,0 days 02:14:56,legitimate,12264.46,Transfer Funds,True,-107.54578,12156.914,Japan,Japan,iPhone,Home WiFi,0,0,traveler,0
20,20,2025-02-24 16:17:44,0 days 00:40:39,legitimate,59081.19,Invest Money,True,-95.44446,58985.746,USA,USA,Android,Home WiFi,0,1,static,0
21,21,2025-02-24 17:53:47,0 days 01:13:34,legitimate,39883.824,Transfer Funds,True,-48.849407,39834.973,Japan,Japan,iPhone,Public WiFi,0,0,static,0
22,22,2025-02-24 18:19:22,0 days 01:44:52,legitimate,27511.91,Pay Bills,True,-115.585205,27396.324,China,China,Android,Home WiFi,0,0,static,0
23,23,2025-02-24 17:58:46,0 days 00:05:08,legitimate,28932.72,Transfer Funds,True,-198.1562,28734.564,UK,UK,Windows Laptop,Public WiFi,0,0,static,0
24,24,2025-02-24 20:42:33,0 days 02:48:18,legitimate,79658.5,Deposit Funds,True,340.64807,79999.15,China,China,MacBook,Public WiFi,1,0,traveler,0
25,25,2025-02-24 15:48:30,0 days 00:28:25,legitimate,57628.75,Invest Money,True,-137.81046,57490.94,UK,UK,Android,Mobile Network,0,0,static,0
26,26,2025-02-24 17:24:12,0 days 01:20:44,legitimate,9778.678,Make Purchase,True,-353.16815,9425.51,Japan,UK,iPad,Home WiFi,0,0,traveler,0
27,27,2025-02-24 17:37:44,0 days 00:41:24,legitimate,54385.7,Deposit Funds,True,1047.2738,55432.973,Japan,France,Android,Public WiFi,0,0,traveler,0
28,28,2025-02-24 18:16:55,0 days 00:00:27,legitimate,63406.574,Deposit Funds,True,705.16406,64111.74,Japan,France,Linux PC,Public WiFi,0,0,traveler,0
29,29,2025-02-24 19:16:56,0 days 01:15:52,legitimate,51896.19,Pay Bills,True,-1387.0975,50509.094,France,France,Windows Laptop,Home WiFi,0,0,static,0
30,30,2025-02-24 18:46:15,0 days 00:36:25,legitimate,16405.268,Make Purchase,True,-179.85074,16225.418,France,France,iPad,Home WiFi,0,0,static,0
31,31,2025-02-24 17:09:27,0 days 00:08:14,legitimate,33917.14,Make Purchase,True,-288.62448,33628.516,USA,USA,Android,Home WiFi,0,0,static,0
32,32,2025-02-24 20:42:53,0 days 02:58:37,legitimate,3154.4382,Make Purchase,True,-39.637,3114.8013,France,France,iPhone,Public WiFi,0,0,traveler,0
33,33,2025-02-24 16:08:46,0 days 00:10:54,legitimate,56604.13,Pay Bills,True,-154.6199,56449.508,Germany,Germany,iPhone,Mobile Network,0,0,static,0
34,34,2025-02-24 18:57:06,0 days 00:45:14,legitimate,74624.85,Make Purchase,True,-80.84338,74544.01,Germany,Germany,Android,Public WiFi,0,0,static,0
35,35,2025-02-24 16:49:27,0 days 01:21:07,legitimate,8983.43,Apply for Credit Card,True,0.0,8983.43,Germany,Germany,iPhone,Public WiFi,0,0,static,0
36,36,2025-02-24 18:58:57,0 days 02:17:48,legitimate,21263.393,Pay Bills,True,-37.91303,21225.48,UK,UK,MacBook,Public WiFi,0,0,static,0
37,37,2025-02-24 17:00:09,0 days 01:02:22,legitimate,17912.96,Make Purchase,True,-438.86725,17474.092,UK,UK,Android,Home WiFi,0,0,static,0
38,38,2025-02-24 19:49:28,0 days 02:31:30,legitimate,94891.82,Make Purchase,True,-112.64049,94779.18,China,China,Linux PC,Corporate Network,0,0,traveler,0
39,39,2025-02-24 20:39:24,0 days 02:54:02,legitimate,31254.607,Pay Bills,True,-33.289948,31221.316,Japan,Japan,Android,Corporate Network,0,0,static,0
0,0,2025-02-24 19:04:22,0 days 01:07:52,legitimate,81786.164,Apply for Loan,True,0.0,81786.164,UK,France,Windows Laptop,Home WiFi,0,0,traveler,0
1,1,2025-02-24 20:11:55,0 days 01:41:38,legitimate,28323.871,Invest Money,True,-562.4364,27761.436,China,Germany,iPhone,Mobile Network,0,0,traveler,0
2,2,2025-02-24 18:36:00,0 days 02:39:44,legitimate,31317.38,Deposit Funds,True,219.87462,31537.256,Germany,Germany,Android,Home WiFi,0,0,static,0
3,3,2025-02-24 15:44:27,0 days 00:01:11,card_skimming,73220.59,Online Purchase,True,-3750.5996,69470.0,Germany,Switzerland,iPhone,Mobile Network,0,0,static,1
4,4,2025-02-24 20:37:09,0 days 02:36:18,legitimate,66227.914,Pay Bills,True,-98.47665,66129.44,USA,USA,Linux PC,Home WiFi,0,0,static,0
5,5,2025-02-24 18:02:04,0 days 00:53:33,money_laundering,60532.03,Invest in Assets,True,-2967.4463,57564.586,Japan,Singapore,Android,Mobile Network,0,0,static,1
6,6,2025-02-24 17:59:52,0 days 01:05:46,legitimate,15773.096,Make Purchase,True,-56.155247,15716.94,France,France,iPhone,Home WiFi,0,0,static,0
7,7,2025-02-24 21:10:28,0 days 02:35:29,legitimate,93437.21,Close Account,True,0.0,93437.21,France,France,iPhone,Home WiFi,0,0,static,0
8,8,2025-02-24 17:14:47,0 days 00:48:02,legitimate,86960.11,Pay Bills,True,-469.17743,86490.94,UK,France,Android,Home WiFi,0,0,traveler,0
9,9,2025-02-24 22:58:15,0 days 01:50:27,legitimate,93019.05,Make Purchase,True,-62.148495,92956.9,USA,France,iPhone,Public WiFi,0,0,static,0
10,10,2025-02-24 22:15:15,0 days 02:45:49,legitimate,9641.769,Invest Money,True,-59.524067,9582.245,USA,USA,iPhone,Public WiFi,0,0,static,0
11,11,2025-02-24 18:41:55,0 days 00:42:34,legitimate,63568.777,Make Purchase,True,-184.34608,63384.43,USA,USA,MacBook,Public WiFi,0,0,static,0
12,12,2025-02-24 18:54:11,0 days 00:57:08,legitimate,12555.533,Pay Bills,True,-526.83984,12028.693,China,China,Android,Corporate Network,0,0,traveler,0
13,13,2025-02-24 19:27:44,0 days 02:18:55,legitimate,21502.357,Invest Money,True,-133.00806,21369.348,Japan,Japan,iPad,Home WiFi,0,0,static,0
14,14,2025-02-24 19:17:41,0 days 02:06:42,legitimate,26088.566,Deposit Funds,True,775.0742,26863.64,UK,UK,Windows Laptop,Corporate Network,0,0,static,0
15,15,2025-02-24 20:49:36,0 days 00:06:08,legitimate,13596.735,Pay Bills,True,-73.86592,13522.869,USA,UK,Android,Public WiFi,0,0,traveler,0
17,17,2025-02-24 19:17:49,0 days 02:07:31,legitimate,61986.688,Pay Bills,True,-26.779823,61959.91,Germany,Germany,iPhone,Home WiFi,0,0,static,0
18,18,2025-02-24 20:35:04,0 days 01:09:16,legitimate,62726.062,Pay Bills,True,-419.9285,62306.133,UK,Germany,iPhone,Home WiFi,0,0,traveler,0
19,19,2025-02-24 20:39:09,0 days 00:41:16,legitimate,12156.914,Make Purchase,True,-184.51025,11972.403,Japan,France,Android,Public WiFi,0,0,traveler,0
20,20,2025-02-24 17:05:54,0 days 00:48:10,legitimate,58985.746,Invest Money,True,-101.861305,58883.887,USA,USA,iPhone,Home WiFi,0,0,static,0
21,21,2025-02-24 19:17:09,0 days 01:23:22,legitimate,39834.973,Make Purchase,True,-66.90679,39768.066,Japan,Japan,iPhone,Mobile Network,0,0,static,0
22,22,2025-02-24 20:57:09,0 days 02:37:47,legitimate,27396.324,Transfer Funds,True,-330.80283,27065.521,China,China,iPhone,Home WiFi,0,0,static,0
23,23,2025-02-24 20:18:10,0 days 02:19:24,legitimate,28734.564,Transfer Funds,True,-214.62589,28519.938,UK,UK,Android,Home WiFi,0,0,static,0
24,24,2025-02-24 20:45:22,0 days 00:02:49,legitimate,79999.15,Deposit Funds,True,90.31544,80089.46,China,France,iPhone,Mobile Network,0,0,traveler,0
25,25,2025-02-24 17:00:41,0 days 01:12:11,legitimate,57490.94,Transfer Funds,True,-165.41142,57325.527,UK,UK,Windows Laptop,Corporate Network,0,1,static,0
26,26,2025-02-24 17:24:49,0 days 00:00:37,legitimate,9425.51,Make Purchase,True,-108.69064,9316.819,Japan,Germany,iPhone,Home WiFi,0,0,traveler,0
27,27,2025-02-24 19:38:57,0 days 02:01:13,legitimate,55432.973,Make Purchase,True,-43.993607,55388.98,Japan,UK,iPad,Home WiFi,0,0,traveler,0
28,28,2025-02-24 20:28:13,0 days 02:11:18,legitimate,64111.74,Make Purchase,True,-35.624996,64076.113,Japan,Japan,Android,Public WiFi,0,0,traveler,0
29,29,2025-02-24 19:49:26,0 days 00:32:30,legitimate,50509.094,Pay Bills,True,-373.54202,50135.555,France,France,iPhone,Home WiFi,0,0,static,0
30,30,2025-02-24 20:27:40,0 days 01:41:25,legitimate,16225.418,Pay Bills,True,-351.09433,15874.323,France,France,Windows Laptop,Public WiFi,0,0,static,0
31,31,2025-02-24 17:52:10,0 days 00:42:43,legitimate,33628.516,Deposit Funds,True,226.07434,33854.59,USA,USA,iPad,Mobile Network,0,0,static,0
32,32,2025-02-24 22:29:07,0 days 01:46:14,legitimate,3114.8013,Deposit Funds,True,228.0506,3342.8518,France,France,Windows Laptop,Home WiFi,0,0,traveler,0
33,33,2025-02-24 17:15:43,0 days 01:06:57,legitimate,56449.508,Make Purchase,True,-197.57901,56251.93,Germany,Germany,MacBook,Mobile Network,0,0,static,0
34,34,2025-02-24 21:32:31,0 days 02:35:25,legitimate,74544.01,Deposit Funds,True,129.1735,74673.19,Germany,Germany,Android,Public WiFi,0,0,static,0
35,35,2025-02-24 17:27:48,0 days 00:38:21,legitimate,8983.43,Apply for Credit Card,True,0.0,8983.43,Germany,Germany,Android,Home WiFi,0,0,static,0
36,36,2025-02-24 21:29:11,0 days 02:30:14,legitimate,21225.48,Make Purchase,True,-186.74345,21038.736,UK,UK,MacBook,Mobile Network,1,0,static,0
37,37,2025-02-24 18:07:21,0 days 01:07:12,legitimate,17474.092,Transfer Funds,True,-232.10023,17241.992,UK,UK,MacBook,Home WiFi,0,0,static,0
38,38,2025-02-24 20:47:34,0 days 00:58:06,legitimate,94779.18,Deposit Funds,True,594.6069,95373.79,China,China,Android,Mobile Network,0,0,traveler,0
39,39,2025-02-24 23:17:31,0 days 02:38:07,legitimate,31221.316,Apply for Credit Card,True,0.0,31221.316,Japan,USA,Android,Mobile Network,0,0,static,0
0,0,2025-02-24 19:04:27,0 days 00:00:05,legitimate,81786.164,Invest Money,True,-300.02277,81486.14,UK,UK,MacBook,Public WiFi,0,0,traveler,0
1,1,2025-02-24 21:24:42,0 days 01:12:47,legitimate,27761.436,Invest Money,True,-52.58587,27708.85,China,Germany,iPhone,Public WiFi,0,1,traveler,0
2,2,2025-02-24 18:44:48,0 days 00:08:48,legitimate,31537.256,Review activityments,True,0.0,31537.256,Germany,Germany,iPhone,Home WiFi,0,0,static,0
3,3,2025-02-24 15:46:49,0 days 00:02:22,card_skimming,69470.0,Online Purchase,True,-3914.0613,65555.94,Germany,Singapore,iPad,Home WiFi,0,0,static,1
4,4,2025-02-24 22:21:32,0 days 01:44:23,legitimate,66129.44,Transfer Funds,True,-19.393541,66110.05,USA,USA,Android,Corporate Network,0,0,static,0
5,5,2025-02-24 19:53:44,0 days 01:51:40,money_laundering,57564.586,Wire Transfer,True,-2309.338,55255.25,Japan,Hong Kong,Android,Home WiFi,0,0,static,1
6,6,2025-02-24 18:46:29,0 days 00:46:37,legitimate,15716.94,Pay Bills,True,-165.26775,15551.673,France,France,iPhone,Public WiFi,0,0,static,0
8,8,2025-02-24 20:00:14,0 days 02:45:27,legitimate,86490.94,Pay Bills,True,-379.324,86111.61,UK,USA,Android,Home WiFi,0,0,traveler,0
9,9,2025-02-25 00:38:56,0 days 01:40:41,legitimate,92956.9,Pay Bills,True,-111.03276,92845.86,USA,USA,iPad,Public WiFi,0,0,static,0
10,10,2025-02-24 22:48:45,0 days 00:33:30,legitimate,9582.245,Invest Money,True,-264.1153,9318.13,USA,USA,Android,Home WiFi,0,0,static,0
11,11,2025-02-24 21:19:06,0 days 02:37:11,legitimate,63384.43,Make Purchase,True,-468.6923,62915.74,USA,USA,MacBook,Mobile Network,0,0,static,0
12,12,2025-02-24 19:45:03,0 days 00:50:52,legitimate,12028.693,Pay Bills,True,-114.45458,11914.238,China,China,iPhone,Mobile Network,0,0,traveler,0
13,13,2025-02-24 19:48:41,0 days 00:20:57,legitimate,21369.348,Invest Money,True,-122.47611,21246.873,Japan,Japan,MacBook,Public WiFi,0,0,static,0
14,14,2025-02-24 20:15:28,0 days 00:57:47,legitimate,26863.64,Deposit Funds,True,79.51992,26943.16,UK,UK,Windows Laptop,Home WiFi,0,0,static,0
15,15,2025-02-24 22:52:51,0 days 02:03:15,legitimate,13522.869,Pay Bills,True,-418.67465,13104.194,USA,USA,MacBook,Mobile Network,0,0,traveler,0
17,17,2025-02-24 19:33:56,0 days 00:16:07,legitimate,61959.91,Make Purchase,True,-185.2955,61774.613,Germany,Germany,MacBook,Home WiFi,0,1,static,0
18,18,2025-02-24 20:59:57,0 days 00:24:53,legitimate,62306.133,Pay Bills,True,-192.09396,62114.04,UK,USA,Android,Public WiFi,0,0,traveler,0
19,19,2025-02-24 22:06:35,0 days 01:27:26,legitimate,11972.403,Deposit Funds,True,86.76074,12059.164,Japan,UK,Android,Corporate Network,0,0,traveler,0
20,20,2025-02-24 17:32:52,0 days 00:26:58,legitimate,58883.887,Invest Money,True,-64.616776,58819.27,USA,USA,Android,Public WiFi,0,1,static,0
21,21,2025-02-24 19:50:02,0 days 00:32:53,legitimate,39768.066,Make Purchase,True,-361.6448,39406.42,Japan,Japan,Windows Laptop,Public WiFi,0,0,static,0
22,22,2025-02-24 22:57:49,0 days 02:00:40,legitimate,27065.521,Deposit Funds,True,177.672,27243.193,China,China,Linux PC,Public WiFi,0,0,static,0
23,23,2025-02-24 22:52:10,0 days 02:34:00,legitimate,28519.938,Pay Bills,True,-54.156796,28465.781,UK,UK,iPad,Public WiFi,0,0,static,0
24,24,2025-02-24 21:02:35,0 days 00:17:13,legitimate,80089.46,Transfer Funds,True,-75.06135,80014.4,China,USA,Linux PC,Home WiFi,0,0,traveler,0
25,25,2025-02-24 19:46:10,0 days 02:45:29,legitimate,57325.527,Deposit Funds,True,299.39102,57624.918,UK,UK,Android,Public WiFi,0,0,static,0
26,26,2025-02-24 17:40:00,0 days 00:15:11,legitimate,9316.819,Pay Bills,True,-44.567177,9272.252,Japan,Japan,iPhone,Home WiFi,0,0,traveler,0
27,27,2025-02-24 21:03:45,0 days 01:24:48,legitimate,55388.98,Make Purchase,True,-36.33279,55352.65,Japan,USA,Android,Home WiFi,0,0,traveler,0
28,28,2025-02-24 22:25:27,0 days 01:57:14,legitimate,64076.113,Deposit Funds,True,1578.2513,65654.37,Japan,France,Windows Laptop,Mobile Network,0,0,traveler,0
29,29,2025-02-24 19:54:25,0 days 00:04:59,legitimate,50135.555,Pay Bills,True,-215.6885,49919.863,France,France,Windows Laptop,Mobile Network,0,0,static,0
30,30,2025-02-24 20:57:25,0 days 00:29:45,legitimate,15874.323,Pay Bills,True,-210.98596,15663.337,France,France,iPhone,Home WiFi,0,0,static,0
31,31,2025-02-24 17:58:29,0 days 00:06:19,legitimate,33854.59,Deposit Funds,True,2642.9915,36497.582,USA,USA,iPhone,Public WiFi,0,0,static,0
32,32,2025-02-25 00:31:01,0 days 02:01:54,legitimate,3342.8518,Transfer Funds,True,-391.06363,2951.788,France,France,Windows Laptop,Public WiFi,0,0,traveler,0
33,33,2025-02-24 18:46:23,0 days 01:30:40,legitimate,56251.93,Deposit Funds,True,188.80603,56440.734,Germany,Germany,MacBook,Mobile Network,0,0,static,0
34,34,2025-02-24 23:39:22,0 days 02:06:51,legitimate,74673.19,Deposit Funds,True,620.4164,75293.6,Germany,Germany,Android,Public WiFi,0,0,static,0
35,35,2025-02-24 18:15:14,0 days 00:47:26,legitimate,8983.43,Apply for Credit Card,True,0.0,8983.43,Germany,Germany,iPhone,Home WiFi,0,0,static,0
36,36,2025-02-24 23:26:58,0 days 01:57:47,legitimate,21038.736,Make Purchase,True,-199.2015,20839.535,UK,UK,iPhone,Home WiFi,0,0,static,0
37,37,2025-02-24 19:35:26,0 days 01:28:05,legitimate,17241.992,Make Purchase,True,-218.84987,17023.143,UK,UK,iPhone,Mobile Network,0,0,static,0
38,38,2025-02-24 22:36:53,0 days 01:49:19,legitimate,95373.79,Deposit Funds,True,128.39883,95502.19,China,USA,Android,Home WiFi,0,0,traveler,0
39,39,2025-02-25 00:53:29,0 days 01:35:58,legitimate,31221.316,Transfer Funds,True,-39.54293,31181.773,Japan,Japan,Windows Laptop,Home WiFi,0,1,static,0
0,0,2025-02-24 20:17:15,0 days 01:12:48,legitimate,81486.14,Invest Money,True,-118.746254,81367.39,UK,UK,Android,Public WiFi,0,1,traveler,0
1,1,2025-02-24 23:39:16,0 days 02:14:34,legitimate,27708.85,Invest Money,True,-186.90242,27521.947,China,Japan,iPhone,Public WiFi,1,0,traveler,0
2,2,2025-02-24 20:33:30,0 days 01:48:42,legitimate,31537.256,Apply for Credit Card,True,0.0,31537.256,Germany,Germany,Linux PC,Corporate Network,0,1,static,0
3,3,2025-02-24 15:52:42,0 days 00:05:53,card_skimming,65555.94,Online Purchase,True,-8212.044,57343.89,Germany,USA,iPhone,Public WiFi,0,0,static,1
4,4,2025-02-25 01:00:58,0 days 02:39:26,legitimate,66110.05,Transfer Funds,True,-69.7282,66040.31,USA,USA,Android,Home WiFi,0,0,static,0
5,5,2025-02-24 20:17:05,0 days 00:23:21,money_laundering,55255.25,Invest in Assets,True,-7020.0415,48235.207,Japan,Singapore,Windows Laptop,Corporate Network,0,0,static,1
6,6,2025-02-24 20:31:35,0 days 01:45:06,legitimate,15551.673,Deposit Funds,True,137.0339,15688.707,France,France,iPad,Corporate Network,0,0,static,0
8,8,2025-02-24 20:01:03,0 days 00:00:49,legitimate,86111.61,Pay Bills,True,-167.02455,85944.586,UK,UK,Windows Laptop,Home WiFi,0,1,traveler,0
9,9,2025-02-25 03:07:49,0 days 02:28:53,legitimate,92845.86,Deposit Funds,True,56.493122,92902.35,USA,USA,MacBook,Mobile Network,1,0,static,0
10,10,2025-02-25 00:10:59,0 days 01:22:14,legitimate,9318.13,Make Purchase,True,-34.837208,9283.292,USA,USA,Windows Laptop,Mobile Network,0,0,static,0
11,11,2025-02-24 23:14:19,0 days 01:55:13,legitimate,62915.74,Make Purchase,True,-677.6523,62238.086,USA,USA,Android,Public WiFi,1,0,static,0
12,12,2025-02-24 21:18:28,0 days 01:33:25,legitimate,11914.238,Pay Bills,True,-115.86942,11798.369,China,USA,iPhone,Home WiFi,0,0,traveler,0
13,13,2025-02-24 20:04:32,0 days 00:15:51,legitimate,21246.873,Invest Money,True,-310.2702,20936.602,Japan,Japan,iPhone,Corporate Network,0,0,static,0
14,14,2025-02-24 22:59:48,0 days 02:44:20,legitimate,26943.16,Deposit Funds,True,162.66425,27105.824,UK,UK,Windows Laptop,Corporate Network,0,0,static,0
15,15,2025-02-25 00:13:43,0 days 01:20:52,legitimate,13104.194,Invest Money,True,-195.43521,12908.76,USA,UK,MacBook,Public WiFi,0,0,traveler,0
17,17,2025-02-24 20:59:19,0 days 01:25:23,legitimate,61774.613,Apply for Credit Card,True,0.0,61774.613,Germany,Germany,Android,Home WiFi,0,0,static,0
18,18,2025-02-24 22:06:52,0 days 01:06:55,legitimate,62114.04,Make Purchase,True,-111.202965,62002.836,UK,France,Windows Laptop,Public WiFi,0,0,traveler,0
19,19,2025-02-25 01:01:49,0 days 02:55:14,legitimate,12059.164,Pay Bills,True,-95.8953,11963.27,Japan,UK,iPad,Public WiFi,0,0,traveler,0
20,20,2025-02-24 20:15:20,0 days 02:42:28,legitimate,58819.27,Invest Money,True,-875.48035,57943.79,USA,USA,Android,Public WiFi,0,0,static,0
21,21,2025-02-24 22:08:48,0 days 02:18:46,legitimate,39406.42,Apply for Credit Card,True,0.0,39406.42,Japan,USA,MacBook,Public WiFi,0,0,static,0
22,22,2025-02-24 23:32:00,0 days 00:34:11,legitimate,27243.193,Deposit Funds,True,51.14249,27294.336,China,China,Windows Laptop,Mobile Network,0,0,static,0
23,23,2025-02-25 01:35:48,0 days 02:43:38,legitimate,28465.781,Pay Bills,True,-48.066273,28417.715,UK,UK,Android,Mobile Network,0,0,static,0
24,24,2025-02-24 21:57:31,0 days 00:54:56,legitimate,80014.4,Make Purchase,True,-75.46168,79938.94,China,China,Android,Home WiFi,0,0,traveler,0
25,25,2025-02-24 19:57:14,0 days 00:11:04,legitimate,57624.918,Deposit Funds,True,400.3618,58025.28,UK,UK,iPhone,Home WiFi,0,0,static,0
26,26,2025-02-24 20:00:39,0 days 02:20:39,legitimate,9272.252,Pay Bills,True,-33.81167,9238.44,Japan,USA,MacBook,Home WiFi,0,0,traveler,0
27,27,2025-02-24 23:17:43,0 days 02:13:58,legitimate,55352.65,Make Purchase,True,-178.7928,55173.855,Japan,UK,iPhone,Home WiFi,0,0,traveler,0
28,28,2025-02-25 00:20:27,0 days 01:55:00,legitimate,65654.37,Pay Bills,True,-392.71832,65261.645,Japan,Japan,MacBook,Mobile Network,0,0,traveler,0
29,29,2025-02-24 22:15:52,0 days 02:21:27,legitimate,49919.863,Pay Bills,True,-64.04162,49855.824,France,France,Linux PC,Home WiFi,0,0,static,0
30,30,2025-02-24 22:47:35,0 days 01:50:10,legitimate,15663.337,Deposit Funds,True,411.48206,16074.819,France,France,Android,Mobile Network,0,0,static,0
31,31,2025-02-24 19:07:08,0 days 01:08:39,legitimate,36497.582,Review activityments,True,0.0,36497.582,USA,USA,Android,Home WiFi,0,0,static,0
32,32,2025-02-25 03:02:43,0 days 02:31:42,legitimate,2951.788,Make Purchase,True,-14.230392,2937.5579,France,USA,Windows Laptop,Home WiFi,0,0,traveler,0
33,33,2025-02-24 19:21:42,0 days 00:35:19,legitimate,56440.734,Pay Bills,True,-266.74634,56173.99,Germany,Germany,iPad,Mobile Network,0,1,static,0
34,34,2025-02-24 23:51:57,0 days 00:12:35,legitimate,75293.6,Make Purchase,True,-43.498108,75250.1,Germany,Germany,Android,Home WiFi,0,0,static,0
35,35,2025-02-24 19:46:57,0 days 01:31:43,legitimate,8983.43,Deposit Funds,True,21.395203,9004.825,Germany,Germany,Windows Laptop,Public WiFi,0,0,static,0
36,36,2025-02-25 01:43:07,0 days 02:16:09,legitimate,20839.535,Deposit Funds,True,73.94991,20913.484,UK,UK,Android,Home WiFi,0,0,static,0
37,37,2025-02-24 21:17:57,0 days 01:42:31,legitimate,17023.143,Make Purchase,True,-196.4988,16826.645,UK,UK,Windows Laptop,Home WiFi,0,0,static,0
38,38,2025-02-24 23:01:19,0 days 00:24:26,legitimate,95502.19,Deposit Funds,True,59.524067,95561.71,China,France,Android,Public WiFi,0,0,traveler,0
39,39,2025-02-25 01:21:06,0 days 00:27:37,legitimate,31181.773,Deposit Funds,True,148.18549,31329.959,Japan,Japan,iPhone,Mobile Network,0,0,static,0
0,0,2025-02-24 20:43:08,0 days 00:25:53,legitimate,81367.39,Invest Money,True,-171.70508,81195.69,UK,Germany,iPhone,Public WiFi,0,0,traveler,0
1,1,2025-02-25 00:14:22,0 days 00:35:06,legitimate,27521.947,Apply for Loan,True,0.0,27521.947,China,Japan,Windows Laptop,Public WiFi,0,0,traveler,0
2,2,2025-02-24 22:20:14,0 days 01:46:44,legitimate,31537.256,Apply for Credit Card,True,0.0,31537.256,Germany,Germany,Windows Laptop,Home WiFi,0,0,static,0
3,3,2025-02-24 15:58:44,0 days 00:06:02,card_skimming,57343.89,Online Purchase,True,-3298.0022,54045.89,Germany,Singapore,MacBook,Home WiFi,0,0,static,1
4,4,2025-02-25 03:48:33,0 days 02:47:35,legitimate,66040.31,Deposit Funds,True,60.61877,66100.94,USA,USA,MacBook,Home WiFi,0,0,static,0
5,5,2025-02-24 20:44:58,0 days 00:27:53,money_laundering,48235.207,Invest in Assets,True,-2500.3955,45734.812,Japan,Singapore,Windows Laptop,Home WiFi,1,0,static,1
6,6,2025-02-24 22:34:07,0 days 02:02:32,legitimate,15688.707,Deposit Funds,True,87.94278,15776.649,France,France,Android,Home WiFi,0,0,static,0
8,8,2025-02-24 20:59:15,0 days 00:58:12,legitimate,85944.586,Deposit Funds,True,22.423538,85967.01,UK,Germany,Android,Mobile Network,1,0,traveler,0
9,9,2025-02-25 04:53:54,0 days 01:46:05,legitimate,92902.35,Pay Bills,True,-48.066273,92854.29,USA,USA,iPhone,Home WiFi,0,0,static,0
10,10,2025-02-25 01:27:44,0 days 01:16:45,legitimate,9283.292,Pay Bills,True,-12.238243,9271.055,USA,USA,MacBook,Home WiFi,0,0,static,0
11,11,2025-02-25 00:45:09,0 days 01:30:50,legitimate,62238.086,Make Purchase,True,-190.8173,62047.27,USA,USA,MacBook,Public WiFi,0,0,static,0
12,12,2025-02-24 21:45:32,0 days 00:27:04,legitimate,11798.369,Make Purchase,True,-133.00806,11665.361,China,Japan,MacBook,Mobile Network,0,0,traveler,0
13,13,2025-02-24 20:56:07,0 days 00:51:35,legitimate,20936.602,Invest Money,True,-357.83487,20578.768,Japan,Japan,Windows Laptop,Mobile Network,0,0,static,0
14,14,2025-02-25 01:46:58,0 days 02:47:10,legitimate,27105.824,Deposit Funds,True,84.52313,27190.348,UK,UK,Linux PC,Public WiFi,0,0,static,0
15,15,2025-02-25 01:09:33,0 days 00:55:50,legitimate,12908.76,Transfer Funds,True,-41.844734,12866.915,USA,France,MacBook,Home WiFi,0,0,traveler,0
17,17,2025-02-24 22:46:42,0 days 01:47:23,legitimate,61774.613,Invest Money,True,-56.27537,61718.34,Germany,Germany,iPhone,Corporate Network,0,0,static,0
18,18,2025-02-24 23:49:26,0 days 01:42:34,legitimate,62002.836,Pay Bills,True,-381.40512,61621.434,UK,UK,iPhone,Public WiFi,0,0,traveler,0
19,19,2025-02-25 03:08:04,0 days 02:06:15,legitimate,11963.27,Pay Bills,True,-93.73306,11869.536,Japan,USA,MacBook,Home WiFi,1,0,traveler,0
20,20,2025-02-24 20:25:41,0 days 00:10:21,legitimate,57943.79,Pay Bills,True,-128.15228,57815.637,USA,USA,iPhone,Home WiFi,0,0,static,0
21,21,2025-02-24 23:45:09,0 days 01:36:21,legitimate,39406.42,Apply for Loan,True,0.0,39406.42,Japan,Japan,iPhone,Mobile Network,0,0,static,0
22,22,2025-02-25 01:26:49,0 days 01:54:49,legitimate,27294.336,Deposit Funds,True,90.11584,27384.453,China,China,MacBook,Home WiFi,0,0,static,0
23,23,2025-02-25 03:53:54,0 days 02:18:06,legitimate,28417.715,Transfer Funds,True,-299.35284,28118.361,UK,UK,iPhone,Mobile Network,0,0,static,0
24,24,2025-02-24 23:20:28,0 days 01:22:57,legitimate,79938.94,Make Purchase,True,-81.593506,79857.34,China,China,iPhone,Public WiFi,0,0,traveler,0
25,25,2025-02-24 22:00:46,0 days 02:03:32,legitimate,58025.28,Deposit Funds,True,316.04285,58341.324,UK,UK,Android,Public WiFi,0,0,static,0
26,26,2025-02-24 21:44:56,0 days 01:44:17,legitimate,9238.44,Make Purchase,True,-113.40582,9125.034,Japan,Japan,MacBook,Public WiFi,1,0,traveler,0
27,27,2025-02-24 23:21:06,0 days 00:03:23,legitimate,55173.855,Make Purchase,True,-66.68108,55107.17,Japan,France,iPad,Home WiFi,0,0,traveler,0
28,28,2025-02-25 02:42:46,0 days 02:22:19,legitimate,65261.645,Transfer Funds,True,-122.88265,65138.76,Japan,Japan,iPhone,Public WiFi,0,0,traveler,0
29,29,2025-02-25 00:43:36,0 days 02:27:44,legitimate,49855.824,Make Purchase,True,-46.47234,49809.35,France,France,Windows Laptop,Public WiFi,0,0,static,0
30,30,2025-02-24 23:45:38,0 days 00:58:03,legitimate,16074.819,Deposit Funds,True,782.0046,16856.824,France,France,iPhone,Home WiFi,0,0,static,0
31,31,2025-02-24 20:49:06,0 days 01:41:58,legitimate,36497.582,Make Purchase,True,-83.882706,36413.7,USA,USA,iPhone,Public WiFi,0,0,static,0
32,32,2025-02-25 05:30:52,0 days 02:28:09,legitimate,2937.5579,Review activityments,True,0.0,2937.5579,France,Japan,Android,Home WiFi,0,0,traveler,0
33,33,2025-02-24 21:19:16,0 days 01:57:34,legitimate,56173.99,Pay Bills,True,-28.450878,56145.54,Germany,Germany,iPhone,Public WiFi,0,0,static,0
34,34,2025-02-25 00:53:20,0 days 01:01:23,legitimate,75250.1,Make Purchase,True,-331.65845,74918.445,Germany,Germany,Android,Home WiFi,1,0,static,0
35,35,2025-02-24 22:45:34,0 days 02:58:37,legitimate,9004.825,Pay Bills,True,-135.72215,8869.104,Germany,France,Windows Laptop,Public WiFi,1,0,static,0
36,36,2025-02-25 03:32:51,0 days 01:49:44,legitimate,20913.484,Pay Bills,True,-159.31606,20754.168,UK,UK,Windows Laptop,Home WiFi,0,0,static,0
37,37,2025-02-24 23:02:17,0 days 01:44:20,legitimate,16826.645,Make Purchase,True,-491.79413,16334.85,UK,UK,iPhone,Home WiFi,0,0,static,0
38,38,2025-02-25 01:35:28,0 days 02:34:09,legitimate,95561.71,Make Purchase,True,-198.67903,95363.03,China,Japan,Windows Laptop,Home WiFi,1,0,traveler,0
39,39,2025-02-25 03:47:08,0 days 02:26:02,legitimate,31329.959,Pay Bills,True,-69.02426,31260.936,Japan,Japan,Android,Home WiFi,0,0,static,0
0,0,2025-02-24 23:24:18,0 days 02:41:10,legitimate,81195.69,Transfer Funds,True,-12.566749,81183.125,UK,Japan,iPhone,Corporate Network,0,0,traveler,0
1,1,2025-02-25 01:44:12,0 days 01:29:50,legitimate,27521.947,Deposit Funds,True,121.68275,27643.629,China,Germany,iPhone,Mobile Network,0,0,traveler,0
2,2,2025-02-24 23:58:57,0 days 01:38:43,legitimate,31537.256,Make Purchase,True,-17.879242,31519.375,Germany,Germany,iPhone,Corporate Network,0,0,static,0
3,3,2025-02-24 16:10:34,0 days 00:11:50,card_skimming,54045.89,Online Purchase,True,-7915.1274,46130.76,Germany,Switzerland,MacBook,Home WiFi,1,0,static,1
4,4,2025-02-25 04:16:11,0 days 00:27:38,legitimate,66100.94,Deposit Funds,True,92.275444,66193.21,USA,USA,Windows Laptop,Home WiFi,0,0,static,0
5,5,2025-02-24 21:14:15,0 days 00:29:17,money_laundering,45734.812,Wire Transfer,True,-28888.3,16846.51,Japan,Hong Kong,Linux PC,Home WiFi,0,0,static,1
6,6,2025-02-24 23:27:43,0 days 00:53:36,legitimate,15776.649,Make Purchase,True,-24.520504,15752.129,France,France,iPhone,Home WiFi,0,0,static,0
8,8,2025-02-24 23:17:47,0 days 02:18:32,legitimate,85967.01,Make Purchase,True,-363.31635,85603.695,UK,UK,iPhone,Corporate Network,0,0,traveler,0
9,9,2025-02-25 05:06:06,0 days 00:12:12,legitimate,92854.29,Transfer Funds,True,-268.22803,92586.06,USA,USA,Windows Laptop,Mobile Network,0,0,static,0
10,10,2025-02-25 02:00:15,0 days 00:32:31,legitimate,9271.055,Make Purchase,True,-96.454025,9174.601,USA,USA,MacBook,Corporate Network,0,0,static,0
11,11,2025-02-25 02:40:27,0 days 01:55:18,legitimate,62047.27,Pay Bills,True,-67.14784,61980.12,USA,USA,Windows Laptop,Public WiFi,0,0,static,0
12,12,2025-02-25 00:25:41,0 days 02:40:09,legitimate,11665.361,Pay Bills,True,-29.180515,11636.181,China,USA,iPad,Public WiFi,0,0,traveler,0
13,13,2025-02-24 22:33:10,0 days 01:37:03,legitimate,20578.768,Invest Money,True,-56.973442,20521.793,Japan,Japan,iPhone,Mobile Network,0,0,static,0
14,14,2025-02-25 02:20:06,0 days 00:33:08,legitimate,27190.348,Deposit Funds,True,670.9652,27861.312,UK,UK,iPhone,Corporate Network,0,0,static,0
15,15,2025-02-25 01:26:09,0 days 00:16:36,legitimate,12866.915,Apply for Loan,True,0.0,12866.915,USA,UK,iPad,Home WiFi,0,0,traveler,0
17,17,2025-02-25 01:22:57,0 days 02:36:15,legitimate,61718.34,Invest Money,True,-140.9305,61577.41,Germany,Germany,iPhone,Mobile Network,0,0,static,0
18,18,2025-02-24 23:57:17,0 days 00:07:51,legitimate,61621.434,Pay Bills,True,-370.45984,61250.973,UK,USA,iPhone,Home WiFi,0,0,traveler,0
19,19,2025-02-25 04:24:29,0 days 01:16:25,legitimate,11869.536,Make Purchase,True,-32.784966,11836.751,Japan,France,iPhone,Public WiFi,0,0,traveler,0
20,20,2025-02-24 22:11:08,0 days 01:45:27,legitimate,57815.637,Pay Bills,True,-277.9842,57537.652,USA,USA,MacBook,Public WiFi,0,0,static,0
21,21,2025-02-25 00:05:26,0 days 00:20:17,legitimate,39406.42,Close Account,True,0.0,39406.42,Japan,Japan,Android,Home WiFi,0,0,static,0
22,22,2025-02-25 01:41:53,0 days 00:15:04,legitimate,27384.453,Deposit Funds,True,29.979078,27414.432,China,China,MacBook,Home WiFi,0,0,static,0
23,23,2025-02-25 04:48:03,0 days 00:54:09,legitimate,28118.361,Transfer Funds,True,-234.06381,27884.299,UK,UK,iPad,Public WiFi,0,0,static,0
24,24,2025-02-25 02:18:44,0 days 02:58:16,legitimate,79857.34,Make Purchase,True,-106.49175,79750.85,China,France,iPhone,Home WiFi,0,0,traveler,0
25,25,2025-02-24 23:27:42,0 days 01:26:56,legitimate,58341.324,Make Purchase,True,-121.01234,58220.312,UK,UK,Android,Public WiFi,0,0,static,0
26,26,2025-02-24 23:58:01,0 days 02:13:05,legitimate,9125.034,Make Purchase,True,-129.14012,8995.895,Japan,Japan,Android,Public WiFi,0,0,traveler,0
27,27,2025-02-25 02:20:23,0 days 02:59:17,legitimate,55107.17,Make Purchase,True,-14.1491785,55093.023,Japan,Japan,iPad,Public WiFi,0,0,traveler,0
28,28,2025-02-25 05:04:08,0 days 02:21:22,legitimate,65138.76,Deposit Funds,True,58.302288,65197.066,Japan,UK,Android,Home WiFi,0,0,traveler,0
29,29,2025-02-25 01:43:10,0 days 00:59:34,legitimate,49809.35,Deposit Funds,True,108.6056,49917.957,France,France,Android,Public WiFi,0,0,static,0
30,30,2025-02-25 00:41:22,0 days 00:55:44,legitimate,16856.824,Deposit Funds,True,456.109,17312.934,France,France,iPhone,Mobile Network,1,1,static,0
31,31,2025-02-24 22:32:58,0 days 01:43:52,legitimate,36413.7,Apply for Credit Card,True,0.0,36413.7,USA,USA,MacBook,Home WiFi,0,0,static,0
32,32,2025-02-25 06:00:10,0 days 00:29:18,legitimate,2937.5579,Transfer Funds,True,-104.36632,2833.1914,France,USA,Windows Laptop,Home WiFi,0,0,traveler,0
33,33,2025-02-24 22:21:09,0 days 01:01:53,legitimate,56145.54,Pay Bills,True,-378.4311,55767.105,Germany,Germany,Android,Corporate Network,0,0,static,0
34,34,2025-02-25 01:34:36,0 days 00:41:16,legitimate,74918.445,Deposit Funds,True,117.31568,75035.76,Germany,Germany,iPhone,Public WiFi,1,0,static,0
35,35,2025-02-25 01:25:33,0 days 02:39:59,legitimate,8869.104,Pay Bills,True,-43.827896,8825.275,Germany,France,Windows Laptop,Public WiFi,0,1,static,0
36,36,2025-02-25 06:29:57,0 days 02:57:06,legitimate,20754.168,Pay Bills,True,-552.1143,20202.055,UK,UK,iPhone,Mobile Network,0,0,static,0
37,37,2025-02-25 01:15:53,0 days 02:13:36,legitimate,16334.85,Pay Bills,True,-10.845601,16324.004,UK,UK,Android,Mobile Network,0,0,static,0
38,38,2025-02-25 01:40:07,0 days 00:04:39,legitimate,95363.03,Pay Bills,True,-615.2903,94747.74,China,Germany,Android,Home WiFi,0,0,traveler,0
39,39,2025-02-25 04:12:30,0 days 00:25:22,legitimate,31260.936,Pay Bills,True,-22.103022,31238.832,Japan,USA,MacBook,Home WiFi,0,0,static,0
0,0,2025-02-25 00:03:13,0 days 00:38:55,legitimate,81183.125,Make Purchase,True,-195.20471,80987.914,UK,Germany,iPad,Corporate Network,0,0,traveler,0
1,1,2025-02-25 03:47:46,0 days 02:03:34,legitimate,27643.629,Pay Bills,True,-113.563484,27530.066,China,Germany,Android,Public WiFi,0,0,traveler,0
2,2,2025-02-25 01:51:32,0 days 01:52:35,legitimate,31519.375,Pay Bills,True,-187.35458,31332.021,Germany,Germany,MacBook,Mobile Network,0,0,static,0
3,3,2025-02-24 16:24:56,0 days 00:14:22,card_skimming,46130.76,Online Purchase,True,-3864.9192,42265.844,Germany,Singapore,MacBook,Home WiFi,0,0,static,1
4,4,2025-02-25 04:56:05,0 days 00:39:54,legitimate,66193.21,Deposit Funds,True,379.40167,66572.61,USA,USA,Android,Home WiFi,0,0,static,0
5,5,2025-02-24 23:09:50,0 days 01:55:35,money_laundering,16846.51,Wire Transfer,True,-2552.2874,14294.223,Japan,France,MacBook,Public WiFi,0,0,static,1
6,6,2025-02-25 00:50:45,0 days 01:23:02,legitimate,15752.129,Make Purchase,True,-508.52548,15243.604,France,France,MacBook,Home WiFi,0,0,static,0
8,8,2025-02-25 01:22:28,0 days 02:04:41,legitimate,85603.695,Make Purchase,True,-176.36778,85427.33,UK,UK,iPhone,Public WiFi,1,1,traveler,0
9,9,2025-02-25 05:41:15,0 days 00:35:09,legitimate,92586.06,Make Purchase,True,-185.71614,92400.34,USA,France,Android,Corporate Network,0,0,static,0
10,10,2025-02-25 02:11:34,0 days 00:11:19,legitimate,9174.601,Make Purchase,True,-133.27669,9041.323,USA,USA,iPhone,Corporate Network,0,0,static,0
11,11,2025-02-25 04:16:37,0 days 01:36:10,legitimate,61980.12,Transfer Funds,True,-146.1205,61834.0,USA,USA,iPhone,Home WiFi,0,0,static,0
12,12,2025-02-25 01:06:10,0 days 00:40:29,legitimate,11636.181,Pay Bills,True,-36.55094,11599.63,China,USA,MacBook,Public WiFi,0,0,traveler,0
13,13,2025-02-24 23:44:45,0 days 01:11:35,legitimate,20521.793,Invest Money,True,-370.72614,20151.068,Japan,Japan,Android,Public WiFi,0,0,static,0
14,14,2025-02-25 04:49:54,0 days 02:29:48,legitimate,27861.312,Make Purchase,True,-173.7491,27687.564,UK,UK,Android,Public WiFi,0,0,static,0
15,15,2025-02-25 01:47:29,0 days 00:21:20,legitimate,12866.915,Review activityments,True,0.0,12866.915,USA,France,Android,Mobile Network,0,0,traveler,0
17,17,2025-02-25 01:47:05,0 days 00:24:08,legitimate,61577.41,Invest Money,True,-813.592,60763.816,Germany,Germany,iPhone,Public WiFi,0,0,static,0
18,18,2025-02-25 01:21:03,0 days 01:23:46,legitimate,61250.973,Transfer Funds,True,-66.13577,61184.836,UK,France,Windows Laptop,Home WiFi,0,0,traveler,0
19,19,2025-02-25 04:30:50,0 days 00:06:21,legitimate,11836.751,Pay Bills,True,-95.58967,11741.161,Japan,USA,Windows Laptop,Public WiFi,0,0,traveler,0
20,20,2025-02-25 00:35:42,0 days 02:24:34,legitimate,57537.652,Make Purchase,True,-23.7246,57513.93,USA,USA,iPad,Public WiFi,0,0,static,0
22,22,2025-02-25 04:41:12,0 days 02:59:19,legitimate,27414.432,Apply for Loan,True,0.0,27414.432,China,China,Android,Public WiFi,1,0,static,0
23,23,2025-02-25 05:35:35,0 days 00:47:32,legitimate,27884.299,Pay Bills,True,-60.8308,27823.467,UK,UK,Windows Laptop,Public WiFi,0,0,static,0
24,24,2025-02-25 03:37:53,0 days 01:19:09,legitimate,79750.85,Deposit Funds,True,281.60812,80032.46,China,Japan,iPhone,Mobile Network,0,0,traveler,0
25,25,2025-02-25 02:23:19,0 days 02:55:37,legitimate,58220.312,Make Purchase,True,-358.06836,57862.242,UK,UK,Linux PC,Home WiFi,0,0,static,0
26,26,2025-02-25 00:53:55,0 days 00:55:54,legitimate,8995.895,Make Purchase,True,-176.7777,8819.117,Japan,Japan,iPhone,Home WiFi,0,0,traveler,0
27,27,2025-02-25 04:30:49,0 days 02:10:26,legitimate,55093.023,Deposit Funds,True,77.06409,55170.09,Japan,USA,Android,Home WiFi,0,0,traveler,0
28,28,2025-02-25 07:54:04,0 days 02:49:56,legitimate,65197.066,Transfer Funds,True,-29.824593,65167.242,Japan,France,Android,Mobile Network,0,0,traveler,0
29,29,2025-02-25 03:24:22,0 days 01:41:12,legitimate,49917.957,Deposit Funds,True,274.85526,50192.812,France,France,Windows Laptop,Mobile Network,0,0,static,0
30,30,2025-02-25 02:23:35,0 days 01:42:13,legitimate,17312.934,Transfer Funds,True,-39.898308,17273.035,France,France,Windows Laptop,Home WiFi,0,0,static,0
31,31,2025-02-24 23:29:00,0 days 00:56:02,legitimate,36413.7,Apply for Credit Card,True,0.0,36413.7,USA,USA,Windows Laptop,Mobile Network,0,0,static,0
32,32,2025-02-25 06:56:44,0 days 00:56:34,legitimate,2833.1914,Make Purchase,True,-99.278244,2733.9133,France,France,Linux PC,Corporate Network,0,0,traveler,0
33,33,2025-02-24 22:22:15,0 days 00:01:06,legitimate,55767.105,Pay Bills,True,-35.76834,55731.34,Germany,Germany,Linux PC,Corporate Network,0,0,static,0
34,34,2025-02-25 03:30:51,0 days 01:56:15,legitimate,75035.76,Pay Bills,True,-41.212784,74994.55,Germany,Germany,iPhone,Home WiFi,0,0,static,0
35,35,2025-02-25 01:49:48,0 days 00:24:15,legitimate,8825.275,Pay Bills,True,-20.959908,8804.315,Germany,France,iPhone,Mobile Network,0,0,static,0
36,36,2025-02-25 08:28:42,0 days 01:58:45,legitimate,20202.055,Make Purchase,True,-926.01544,19276.04,UK,UK,iPhone,Home WiFi,0,0,static,0
37,37,2025-02-25 01:37:52,0 days 00:21:59,legitimate,16324.004,Pay Bills,True,-422.9109,15901.093,UK,UK,MacBook,Public WiFi,0,0,static,0
38,38,2025-02-25 02:19:43,0 days 00:39:36,legitimate,94747.74,Pay Bills,True,-145.54195,94602.195,China,USA,Android,Home WiFi,0,0,traveler,0
39,39,2025-02-25 05:16:50,0 days 01:04:20,legitimate,31238.832,Pay Bills,True,-95.60525,31143.227,Japan,Japan,Android,Mobile Network,0,0,static,0
0,0,2025-02-25 00:07:10,0 days 00:03:57,legitimate,80987.914,Make Purchase,True,-52.354683,80935.56,UK,UK,Android,Home WiFi,0,0,traveler,0
1,1,2025-02-25 04:06:16,0 days 00:18:30,legitimate,27530.066,Pay Bills,True,-384.8493,27145.217,China,USA,Windows Laptop,Home WiFi,0,0,traveler,0
2,2,2025-02-25 02:46:17,0 days 00:54:45,legitimate,31332.021,Pay Bills,True,-417.33975,30914.682,Germany,UK,Windows Laptop,Public WiFi,0,0,static,0
3,3,2025-02-24 16:28:16,0 days 00:03:20,card_skimming,42265.844,Online Purchase,True,-12680.298,29585.545,Germany,Hong Kong,iPhone,Home WiFi,0,0,static,1
4,4,2025-02-25 05:33:26,0 days 00:37:21,legitimate,66572.61,Deposit Funds,True,106.530014,66679.14,USA,USA,iPhone,Corporate Network,1,0,static,0
5,5,2025-02-24 23:34:00,0 days 00:24:10,money_laundering,14294.223,Deposit Funds,True,40510.348,54804.57,Japan,Canada,iPhone,Mobile Network,1,0,static,1
6,6,2025-02-25 03:50:06,0 days 02:59:21,legitimate,15243.604,Transfer Funds,True,-215.33784,15028.266,France,France,iPad,Home WiFi,0,0,static,0
8,8,2025-02-25 01:35:37,0 days 00:13:09,legitimate,85427.33,Make Purchase,True,-370.11932,85057.2,UK,USA,Windows Laptop,Home WiFi,0,0,traveler,0
9,9,2025-02-25 06:18:29,0 days 00:37:14,legitimate,92400.34,Transfer Funds,True,-143.02016,92257.33,USA,France,MacBook,Mobile Network,0,0,static,0
10,10,2025-02-25 05:05:48,0 days 02:54:14,legitimate,9041.323,Pay Bills,True,-72.620575,8968.703,USA,USA,Windows Laptop,Mobile Network,0,0,static,0
11,11,2025-02-25 05:44:15,0 days 01:27:38,legitimate,61834.0,Invest Money,True,-281.1411,61552.86,USA,USA,Android,Home WiFi,0,0,static,0
12,12,2025-02-25 03:50:55,0 days 02:44:45,legitimate,11599.63,Make Purchase,True,-30.502907,11569.127,China,France,iPad,Public WiFi,1,0,traveler,0
13,13,2025-02-25 00:50:55,0 days 01:06:10,legitimate,20151.068,Review activityments,True,0.0,20151.068,Japan,Japan,Linux PC,Public WiFi,0,0,static,0
14,14,2025-02-25 05:52:43,0 days 01:02:49,legitimate,27687.564,Make Purchase,True,-115.07724,27572.486,UK,UK,MacBook,Mobile Network,0,0,static,0
15,15,2025-02-25 04:21:43,0 days 02:34:14,legitimate,12866.915,Review activityments,True,0.0,12866.915,USA,UK,iPhone,Corporate Network,0,0,traveler,0
17,17,2025-02-25 03:49:02,0 days 02:01:57,legitimate,60763.816,Invest Money,True,-200.8514,60562.965,Germany,Germany,Linux PC,Public WiFi,0,0,static,0
18,18,2025-02-25 01:59:31,0 days 00:38:28,legitimate,61184.836,Transfer Funds,True,-436.50192,60748.336,UK,USA,Android,Public WiFi,0,0,traveler,0
19,19,2025-02-25 05:05:36,0 days 00:34:46,legitimate,11741.161,Pay Bills,True,-167.05052,11574.111,Japan,France,Linux PC,Mobile Network,0,0,traveler,0
20,20,2025-02-25 01:30:29,0 days 00:54:47,legitimate,57513.93,Deposit Funds,True,374.9602,57888.887,USA,USA,MacBook,Home WiFi,0,0,static,0
22,22,2025-02-25 05:12:47,0 days 00:31:35,legitimate,27414.432,Apply for Loan,True,0.0,27414.432,China,China,Linux PC,Public WiFi,0,0,static,0
23,23,2025-02-25 06:34:11,0 days 00:58:36,legitimate,27823.467,Make Purchase,True,-854.81366,26968.654,UK,UK,Windows Laptop,Home WiFi,0,0,static,0
24,24,2025-02-25 04:08:23,0 days 00:30:30,legitimate,80032.46,Make Purchase,True,-112.81497,79919.65,China,UK,Windows Laptop,Home WiFi,0,0,traveler,0
25,25,2025-02-25 03:10:13,0 days 00:46:54,legitimate,57862.242,Deposit Funds,True,411.38104,58273.625,UK,UK,iPhone,Mobile Network,0,0,static,0
26,26,2025-02-25 02:15:54,0 days 01:21:59,legitimate,8819.117,Make Purchase,True,-84.37243,8734.744,Japan,France,Android,Home WiFi,0,0,traveler,0
27,27,2025-02-25 06:42:11,0 days 02:11:22,legitimate,55170.09,Make Purchase,True,-307.80298,54862.285,Japan,Japan,Windows Laptop,Public WiFi,0,0,traveler,0
28,28,2025-02-25 09:09:01,0 days 01:14:57,legitimate,65167.242,Make Purchase,True,-77.79997,65089.44,Japan,USA,MacBook,Public WiFi,0,0,traveler,0
29,29,2025-02-25 06:09:39,0 days 02:45:17,legitimate,50192.812,Make Purchase,True,-838.09045,49354.723,France,France,iPhone,Home WiFi,0,0,static,0
30,30,2025-02-25 04:04:39,0 days 01:41:04,legitimate,17273.035,Make Purchase,True,-285.71948,16987.314,France,France,iPhone,Public WiFi,0,0,static,0
31,31,2025-02-25 00:37:25,0 days 01:08:25,legitimate,36413.7,Apply for Credit Card,True,0.0,36413.7,USA,USA,Android,Home WiFi,0,0,static,0
32,32,2025-02-25 07:29:52,0 days 00:33:08,legitimate,2733.9133,Pay Bills,True,-342.0314,2391.8818,France,Germany,iPhone,Home WiFi,0,0,traveler,0
33,33,2025-02-24 22:36:33,0 days 00:14:18,legitimate,55731.34,Pay Bills,True,-174.84088,55556.496,Germany,Germany,iPhone,Mobile Network,0,0,static,0
34,34,2025-02-25 05:22:12,0 days 01:51:21,legitimate,74994.55,Transfer Funds,True,-69.895966,74924.65,Germany,Germany,Android,Home WiFi,1,0,static,0
35,35,2025-02-25 03:57:30,0 days 02:07:42,legitimate,8804.315,Pay Bills,True,-77.50423,8726.811,Germany,Germany,iPhone,Home WiFi,0,0,static,0
36,36,2025-02-25 09:09:40,0 days 00:40:58,legitimate,19276.04,Make Purchase,True,-101.65352,19174.385,UK,UK,Windows Laptop,Home WiFi,0,0,static,0
37,37,2025-02-25 02:20:02,0 days 00:42:10,legitimate,15901.093,Transfer Funds,True,-23.779633,15877.313,UK,UK,Android,Corporate Network,0,0,static,0
38,38,2025-02-25 03:56:49,0 days 01:37:06,legitimate,94602.195,Pay Bills,True,-185.43532,94416.766,China,UK,Android,Public WiFi,0,0,traveler,0
39,39,2025-02-25 07:08:39,0 days 01:51:49,legitimate,31143.227,Pay Bills,True,-45.131714,31098.096,Japan,USA,Android,Mobile Network,0,0,static,0
0,0,2025-02-25 00:58:09,0 days 00:50:59,legitimate,80935.56,Make Purchase,True,-187.17976,80748.38,UK,Germany,iPhone,Mobile Network,0,0,traveler,0
1,1,2025-02-25 05:03:21,0 days 00:57:05,legitimate,27145.217,Transfer Funds,True,-72.85317,27072.363,China,Japan,iPhone,Home WiFi,0,0,traveler,0
2,2,2025-02-25 03:33:23,0 days 00:47:06,legitimate,30914.682,Pay Bills,True,-209.48431,30705.197,Germany,UK,Android,Home WiFi,0,0,static,0
3,3,2025-02-24 16:36:33,0 days 00:08:17,card_skimming,29585.545,POS Purchase,True,-6446.8906,23138.654,Germany,Cayman Islands,iPhone,Mobile Network,0,0,static,1
4,4,2025-02-25 07:55:43,0 days 02:22:17,legitimate,66679.14,Deposit Funds,True,168.66795,66847.81,USA,USA,Windows Laptop,Home WiFi,0,0,static,0
5,5,2025-02-25 00:20:55,0 days 00:46:55,money_laundering,54804.57,Invest in Assets,True,-1155.3911,53649.176,Japan,Hong Kong,Android,Mobile Network,0,0,static,1
6,6,2025-02-25 06:21:56,0 days 02:31:50,legitimate,15028.266,Review activityments,True,0.0,15028.266,France,France,MacBook,Home WiFi,0,0,static,0
8,8,2025-02-25 02:33:18,0 days 00:57:41,legitimate,85057.2,Make Purchase,True,-27.767204,85029.44,UK,Japan,iPhone,Public WiFi,0,0,traveler,0
9,9,2025-02-25 08:44:28,0 days 02:25:59,legitimate,92257.33,Apply for Credit Card,True,0.0,92257.33,USA,France,Windows Laptop,Public WiFi,0,0,static,0
10,10,2025-02-25 06:23:05,0 days 01:17:17,legitimate,8968.703,Pay Bills,True,-566.2879,8402.415,USA,USA,Windows Laptop,Public WiFi,0,0,static,0
11,11,2025-02-25 06:15:47,0 days 00:31:32,legitimate,61552.86,Deposit Funds,True,1059.5988,62612.457,USA,USA,Linux PC,Mobile Network,0,0,static,0
12,12,2025-02-25 04:49:40,0 days 00:58:45,legitimate,11569.127,Transfer Funds,True,-269.43994,11299.687,China,UK,iPhone,Mobile Network,0,0,traveler,0
13,13,2025-02-25 01:44:10,0 days 00:53:15,legitimate,20151.068,Apply for Loan,True,0.0,20151.068,Japan,Japan,Android,Mobile Network,0,0,static,0
14,14,2025-02-25 07:10:01,0 days 01:17:18,legitimate,27572.486,Make Purchase,True,-139.91064,27432.576,UK,UK,MacBook,Home WiFi,0,0,static,0
15,15,2025-02-25 05:05:20,0 days 00:43:37,legitimate,12866.915,Review activityments,True,0.0,12866.915,USA,France,Android,Mobile Network,0,0,traveler,0
17,17,2025-02-25 04:54:53,0 days 01:05:51,legitimate,60562.965,Close Account,True,0.0,60562.965,Germany,Germany,Android,Mobile Network,0,0,static,0
18,18,2025-02-25 03:31:07,0 days 01:31:36,legitimate,60748.336,Transfer Funds,True,-193.72728,60554.605,UK,USA,iPhone,Mobile Network,0,1,traveler,0
19,19,2025-02-25 07:54:15,0 days 02:48:39,legitimate,11574.111,Pay Bills,True,-315.9892,11258.122,Japan,USA,iPhone,Home WiFi,0,0,traveler,0
20,20,2025-02-25 02:12:07,0 days 00:41:38,legitimate,57888.887,Transfer Funds,True,-61.05087,57827.836,USA,USA,Windows Laptop,Mobile Network,0,0,static,0
22,22,2025-02-25 06:20:32,0 days 01:07:45,legitimate,27414.432,Invest Money,True,-538.04175,26876.389,China,China,MacBook,Public WiFi,0,0,static,0
23,23,2025-02-25 09:23:34,0 days 02:49:23,legitimate,26968.654,Make Purchase,True,-232.86197,26735.791,UK,UK,MacBook,Public WiFi,0,0,static,0
24,24,2025-02-25 05:10:36,0 days 01:02:13,legitimate,79919.65,Make Purchase,True,-17.343647,79902.305,China,France,Linux PC,Home WiFi,0,0,traveler,0
25,25,2025-02-25 05:13:58,0 days 02:03:45,legitimate,58273.625,Deposit Funds,True,113.150055,58386.773,UK,UK,iPad,Home WiFi,0,0,static,0
26,26,2025-02-25 04:03:48,0 days 01:47:54,legitimate,8734.744,Transfer Funds,True,-387.87384,8346.87,Japan,Japan,iPhone,Home WiFi,0,0,traveler,0
27,27,2025-02-25 06:53:22,0 days 00:11:11,legitimate,54862.285,Make Purchase,True,-63.06745,54799.22,Japan,UK,iPhone,Public WiFi,0,0,traveler,0
28,28,2025-02-25 10:10:08,0 days 01:01:07,legitimate,65089.44,Make Purchase,True,-78.893196,65010.547,Japan,USA,Windows Laptop,Public WiFi,0,0,traveler,0
29,29,2025-02-25 07:23:57,0 days 01:14:18,legitimate,49354.723,Pay Bills,True,-461.1724,48893.55,France,France,iPhone,Mobile Network,0,0,static,0
30,30,2025-02-25 05:47:14,0 days 01:42:35,legitimate,16987.314,Make Purchase,True,-365.87854,16621.438,France,France,Android,Home WiFi,0,0,static,0
31,31,2025-02-25 02:06:59,0 days 01:29:34,legitimate,36413.7,Apply for Credit Card,True,0.0,36413.7,USA,USA,iPhone,Home WiFi,0,0,static,0
32,32,2025-02-25 07:36:44,0 days 00:06:52,legitimate,2391.8818,Make Purchase,True,-94.39193,2297.49,France,UK,Android,Public WiFi,0,0,traveler,0
33,33,2025-02-25 00:03:31,0 days 01:26:58,legitimate,55556.496,Pay Bills,True,-23.936913,55532.562,Germany,Germany,iPhone,Home WiFi,0,0,static,0
34,34,2025-02-25 05:59:45,0 days 00:37:33,legitimate,74924.65,Make Purchase,True,-331.49365,74593.16,Germany,Germany,Android,Home WiFi,0,0,static,0
35,35,2025-02-25 04:44:02,0 days 00:46:32,legitimate,8726.811,Pay Bills,True,-77.77185,8649.039,Germany,Germany,Android,Home WiFi,0,0,static,0
36,36,2025-02-25 11:50:42,0 days 02:41:02,legitimate,19174.385,Transfer Funds,True,-179.55038,18994.836,UK,UK,MacBook,Home WiFi,0,0,static,0
37,37,2025-02-25 04:54:00,0 days 02:33:58,legitimate,15877.313,Transfer Funds,True,-22.103022,15855.211,UK,UK,Windows Laptop,Home WiFi,0,0,static,0
38,38,2025-02-25 05:09:00,0 days 01:12:11,legitimate,94416.766,Pay Bills,True,-238.14717,94178.62,China,Germany,Windows Laptop,Mobile Network,0,0,traveler,0
39,39,2025-02-25 08:06:52,0 days 00:58:13,legitimate,31098.096,Pay Bills,True,-187.17859,30910.916,Japan,USA,MacBook,Public WiFi,0,0,static,0
0,0,2025-02-25 02:14:01,0 days 01:15:52,legitimate,80748.38,Make Purchase,True,-566.57776,80181.805,UK,USA,Windows Laptop,Public WiFi,0,0,traveler,0
1,1,2025-02-25 06:46:06,0 days 01:42:45,legitimate,27072.363,Apply for Loan,True,0.0,27072.363,China,Germany,Android,Public WiFi,0,0,traveler,0
2,2,2025-02-25 05:44:23,0 days 02:11:00,legitimate,30705.197,Pay Bills,True,-576.0823,30129.115,Germany,UK,iPhone,Home WiFi,0,0,static,0
3,3,2025-02-24 16:50:16,0 days 00:13:43,card_skimming,23138.654,Online Purchase,True,-7717.7983,15420.856,Germany,Cayman Islands,Windows Laptop,Home WiFi,0,0,static,1
4,4,2025-02-25 10:44:41,0 days 02:48:58,legitimate,66847.81,Deposit Funds,True,170.68242,67018.49,USA,USA,iPhone,Corporate Network,0,0,static,0
5,5,2025-02-25 01:40:19,0 days 01:19:24,money_laundering,53649.176,Make Purchas,True,-4269.426,49379.75,Japan,Hong Kong,Windows Laptop,Home WiFi,0,0,static,1
6,6,2025-02-25 07:00:26,0 days 00:38:30,legitimate,15028.266,Review activityments,True,0.0,15028.266,France,France,iPhone,Mobile Network,0,0,static,0
8,8,2025-02-25 04:55:31,0 days 02:22:13,legitimate,85029.44,Transfer Funds,True,-395.77872,84633.664,UK,USA,iPhone,Public WiFi,0,0,traveler,0
9,9,2025-02-25 09:53:47,0 days 01:09:19,legitimate,92257.33,Apply for Credit Card,True,0.0,92257.33,USA,France,Android,Public WiFi,0,0,static,0
10,10,2025-02-25 08:50:15,0 days 02:27:10,legitimate,8402.415,Pay Bills,True,-104.62975,8297.785,USA,USA,iPhone,Public WiFi,0,0,static,0
11,11,2025-02-25 09:04:38,0 days 02:48:51,legitimate,62612.457,Deposit Funds,True,403.0889,63015.547,USA,USA,iPhone,Public WiFi,0,0,static,0
12,12,2025-02-25 06:11:40,0 days 01:22:00,legitimate,11299.687,Pay Bills,True,-88.60914,11211.078,China,USA,Windows Laptop,Public WiFi,0,0,traveler,0
13,13,2025-02-25 04:42:14,0 days 02:58:04,legitimate,20151.068,Pay Bills,True,-135.65709,20015.41,Japan,Japan,iPhone,Home WiFi,0,0,static,0
14,14,2025-02-25 07:45:37,0 days 00:35:36,legitimate,27432.576,Make Purchase,True,-203.2165,27229.36,UK,UK,Windows Laptop,Home WiFi,0,0,static,0
15,15,2025-02-25 07:07:21,0 days 02:02:01,legitimate,12866.915,Transfer Funds,True,-588.16766,12278.747,USA,USA,Android,Mobile Network,0,0,traveler,0
18,18,2025-02-25 05:22:03,0 days 01:50:56,legitimate,60554.605,Make Purchase,True,-117.274055,60437.332,UK,USA,Android,Home WiFi,0,0,traveler,0
19,19,2025-02-25 08:16:36,0 days 00:22:21,legitimate,11258.122,Deposit Funds,True,92.50667,11350.628,Japan,Germany,iPhone,Home WiFi,1,0,traveler,0
20,20,2025-02-25 04:16:18,0 days 02:04:11,legitimate,57827.836,Make Purchase,True,-56.46929,57771.367,USA,USA,iPhone,Mobile Network,0,0,static,0
22,22,2025-02-25 09:03:18,0 days 02:42:46,legitimate,26876.389,Review activityments,True,0.0,26876.389,China,China,iPhone,Corporate Network,0,0,static,0
23,23,2025-02-25 12:23:09,0 days 02:59:35,legitimate,26735.791,Make Purchase,True,-108.454,26627.338,UK,UK,Windows Laptop,Mobile Network,0,0,static,0
24,24,2025-02-25 07:26:22,0 days 02:15:46,legitimate,79902.305,Make Purchase,True,-66.985435,79835.32,China,France,MacBook,Mobile Network,0,0,traveler,0
25,25,2025-02-25 05:56:16,0 days 00:42:18,legitimate,58386.773,Transfer Funds,True,-46.25502,58340.52,UK,UK,iPhone,Home WiFi,0,0,static,0
26,26,2025-02-25 06:58:08,0 days 02:54:20,legitimate,8346.87,Transfer Funds,True,-73.45044,8273.42,Japan,Germany,iPhone,Mobile Network,1,0,traveler,0
27,27,2025-02-25 09:47:26,0 days 02:54:04,legitimate,54799.22,Deposit Funds,True,282.7572,55081.977,Japan,France,Android,Corporate Network,0,0,traveler,0
28,28,2025-02-25 12:32:12,0 days 02:22:04,legitimate,65010.547,Deposit Funds,True,99.31663,65109.863,Japan,UK,Windows Laptop,Public WiFi,0,0,traveler,0
29,29,2025-02-25 09:35:00,0 days 02:11:03,legitimate,48893.55,Pay Bills,True,-139.5362,48754.01,France,France,iPhone,Home WiFi,0,0,static,0
30,30,2025-02-25 07:36:37,0 days 01:49:23,legitimate,16621.438,Transfer Funds,True,-50.2241,16571.213,France,France,Android,Mobile Network,0,0,static,0
31,31,2025-02-25 03:26:20,0 days 01:19:21,legitimate,36413.7,Make Purchase,True,-125.51277,36288.188,USA,USA,iPhone,Home WiFi,0,0,static,0
32,32,2025-02-25 08:09:09,0 days 00:32:25,legitimate,2297.49,Make Purchase,True,-220.93658,2076.5532,France,Japan,iPhone,Corporate Network,0,0,traveler,0
33,33,2025-02-25 01:23:47,0 days 01:20:16,legitimate,55532.562,Pay Bills,True,-85.928375,55446.633,Germany,Germany,Android,Corporate Network,0,0,static,0
34,34,2025-02-25 07:27:04,0 days 01:27:19,legitimate,74593.16,Make Purchase,True,-97.75939,74495.4,Germany,Germany,iPhone,Public WiFi,0,0,static,0
35,35,2025-02-25 05:08:50,0 days 00:24:48,legitimate,8649.039,Deposit Funds,True,138.30388,8787.343,Germany,France,Android,Mobile Network,0,0,static,0
36,36,2025-02-25 12:10:19,0 days 00:19:37,legitimate,18994.836,Deposit Funds,True,421.67047,19416.506,UK,UK,Linux PC,Mobile Network,0,0,static,0
37,37,2025-02-25 05:04:36,0 days 00:10:36,legitimate,15855.211,Transfer Funds,True,-215.42508,15639.785,UK,UK,iPhone,Public WiFi,0,1,static,0
38,38,2025-02-25 06:45:49,0 days 01:36:49,legitimate,94178.62,Pay Bills,True,-355.96478,93822.65,China,France,iPhone,Corporate Network,0,0,traveler,0
39,39,2025-02-25 09:06:13,0 days 00:59:21,legitimate,30910.916,Make Purchase,True,-103.471954,30807.445,Japan,Japan,Android,Mobile Network,0,0,static,0
0,0,2025-02-25 03:15:39,0 days 01:01:38,legitimate,80181.805,Transfer Funds,True,-183.47017,79998.336,UK,France,iPhone,Home WiFi,0,0,traveler,0
1,1,2025-02-25 06:54:12,0 days 00:08:06,legitimate,27072.363,Apply for Loan,True,0.0,27072.363,China,USA,MacBook,Home WiFi,0,1,traveler,0
2,2,2025-02-25 07:26:10,0 days 01:41:47,legitimate,30129.115,Pay Bills,True,-84.88401,30044.23,Germany,Germany,iPhone,Mobile Network,0,0,static,0
3,3,2025-02-24 16:54:08,0 days 00:03:52,card_skimming,15420.856,Online Purchase,True,-2495.834,12925.022,Germany,Switzerland,iPhone,Public WiFi,0,0,static,1
4,4,2025-02-25 13:42:22,0 days 02:57:41,legitimate,67018.49,Deposit Funds,True,235.23894,67253.734,USA,USA,Windows Laptop,Home WiFi,0,0,static,0
5,5,2025-02-25 03:22:29,0 days 01:42:10,money_laundering,49379.75,Close Account,True,0.0,49379.75,Japan,Cayman Islands,Android,Mobile Network,0,0,static,1
6,6,2025-02-25 09:00:40,0 days 02:00:14,legitimate,15028.266,Review activityments,True,0.0,15028.266,France,France,iPhone,Home WiFi,0,0,static,0
8,8,2025-02-25 06:31:35,0 days 01:36:04,legitimate,84633.664,Transfer Funds,True,-163.03412,84470.625,UK,France,MacBook,Public WiFi,0,0,traveler,0
9,9,2025-02-25 11:28:07,0 days 01:34:20,legitimate,92257.33,Make Purchase,True,-125.35983,92131.96,USA,USA,iPhone,Home WiFi,0,0,static,0
10,10,2025-02-25 11:49:43,0 days 02:59:28,legitimate,8297.785,Pay Bills,True,-146.8341,8150.951,USA,USA,iPhone,Home WiFi,0,0,static,0
11,11,2025-02-25 11:32:12,0 days 02:27:34,legitimate,63015.547,Transfer Funds,True,-178.88376,62836.664,USA,USA,Windows Laptop,Home WiFi,0,0,static,0
12,12,2025-02-25 06:50:07,0 days 00:38:27,legitimate,11211.078,Pay Bills,True,-55.056858,11156.0205,China,China,Windows Laptop,Mobile Network,0,0,traveler,0
13,13,2025-02-25 06:39:42,0 days 01:57:28,legitimate,20015.41,Pay Bills,True,-136.49251,19878.918,Japan,Japan,iPad,Home WiFi,0,0,static,0
14,14,2025-02-25 08:30:36,0 days 00:44:59,legitimate,27229.36,Pay Bills,True,-67.39976,27161.959,UK,UK,MacBook,Home WiFi,0,0,static,0
15,15,2025-02-25 10:04:58,0 days 02:57:37,legitimate,12278.747,Deposit Funds,True,19.09537,12297.842,USA,Germany,Android,Home WiFi,0,0,traveler,0
18,18,2025-02-25 06:23:37,0 days 01:01:34,legitimate,60437.332,Pay Bills,True,-126.80236,60310.53,UK,USA,Windows Laptop,Corporate Network,0,0,traveler,0
19,19,2025-02-25 09:37:15,0 days 01:20:39,legitimate,11350.628,Make Purchase,True,-440.6721,10909.956,Japan,France,iPhone,Mobile Network,0,0,traveler,0
20,20,2025-02-25 05:23:57,0 days 01:07:39,legitimate,57771.367,Make Purchase,True,-35.38268,57735.984,USA,USA,Windows Laptop,Home WiFi,0,0,static,0
22,22,2025-02-25 10:01:01,0 days 00:57:43,legitimate,26876.389,Review activityments,True,0.0,26876.389,China,China,iPhone,Home WiFi,0,1,static,0
23,23,2025-02-25 12:37:48,0 days 00:14:39,legitimate,26627.338,Make Purchase,True,-265.62766,26361.71,UK,UK,iPhone,Home WiFi,0,0,static,0
24,24,2025-02-25 09:07:08,0 days 01:40:46,legitimate,79835.32,Make Purchase,True,-247.18364,79588.13,China,Germany,MacBook,Public WiFi,0,0,traveler,0
25,25,2025-02-25 07:26:53,0 days 01:30:37,legitimate,58340.52,Transfer Funds,True,-104.03704,58236.48,UK,UK,Windows Laptop,Home WiFi,0,0,static,0
26,26,2025-02-25 07:36:14,0 days 00:38:06,legitimate,8273.42,Transfer Funds,True,-444.67227,7828.7476,Japan,USA,Windows Laptop,Home WiFi,0,0,traveler,0
27,27,2025-02-25 11:01:52,0 days 01:14:26,legitimate,55081.977,Deposit Funds,True,379.4277,55461.402,Japan,Japan,Android,Home WiFi,0,0,traveler,0
28,28,2025-02-25 14:29:56,0 days 01:57:44,legitimate,65109.863,Deposit Funds,True,27.241636,65137.105,Japan,Germany,Android,Corporate Network,1,0,traveler,0
29,29,2025-02-25 09:55:10,0 days 00:20:10,legitimate,48754.01,Apply for Credit Card,True,0.0,48754.01,France,France,iPhone,Mobile Network,0,0,static,0
30,30,2025-02-25 07:51:22,0 days 00:14:45,legitimate,16571.213,Transfer Funds,True,-57.24243,16513.97,France,USA,Android,Public WiFi,0,0,static,0
31,31,2025-02-25 05:05:14,0 days 01:38:54,legitimate,36288.188,Pay Bills,True,-141.94402,36146.242,USA,USA,Android,Home WiFi,0,0,static,0
32,32,2025-02-25 08:38:04,0 days 00:28:55,legitimate,2076.5532,Make Purchase,True,-118.57676,1957.9766,France,Japan,Windows Laptop,Home WiFi,0,0,traveler,0
33,33,2025-02-25 03:05:41,0 days 01:41:54,legitimate,55446.633,Make Purchase,True,-421.67047,55024.96,Germany,Germany,MacBook,Mobile Network,0,0,static,0
34,34,2025-02-25 09:41:33,0 days 02:14:29,legitimate,74495.4,Make Purchase,True,-281.60272,74213.8,Germany,Germany,MacBook,Home WiFi,0,0,static,0
35,35,2025-02-25 07:36:27,0 days 02:27:37,legitimate,8787.343,Pay Bills,True,-361.319,8426.024,Germany,France,Android,Home WiFi,0,0,static,0
36,36,2025-02-25 14:36:21,0 days 02:26:02,legitimate,19416.506,Make Purchase,True,-38.105423,19378.4,UK,UK,iPhone,Corporate Network,0,0,static,0
37,37,2025-02-25 06:38:08,0 days 01:33:32,legitimate,15639.785,Transfer Funds,True,-45.5115,15594.274,UK,UK,Windows Laptop,Public WiFi,0,0,static,0
38,38,2025-02-25 06:53:17,0 days 00:07:28,legitimate,93822.65,Make Purchase,True,-56.412907,93766.234,China,Germany,Windows Laptop,Home WiFi,0,0,traveler,0
39,39,2025-02-25 09:25:17,0 days 00:19:04,legitimate,30807.445,Pay Bills,True,-616.60406,30190.84,Japan,Japan,iPhone,Home WiFi,0,0,static,0
0,0,2025-02-25 03:50:54,0 days 00:35:15,legitimate,79998.336,Transfer Funds,True,-113.525696,79884.81,UK,USA,iPhone,Home WiFi,0,0,traveler,0
1,1,2025-02-25 07:18:22,0 days 00:24:10,legitimate,27072.363,Apply for Loan,True,0.0,27072.363,China,USA,Linux PC,Home WiFi,0,0,traveler,0
2,2,2025-02-25 07:45:40,0 days 00:19:30,legitimate,30044.23,Pay Bills,True,-120.65474,29923.576,Germany,UK,Android,Home WiFi,0,0,static,0
3,3,2025-02-24 17:03:23,0 days 00:09:15,card_skimming,12925.022,Close Account,True,0.0,12925.022,Germany,Germany,Android,Public WiFi,0,0,static,1
4,4,2025-02-25 15:10:41,0 days 01:28:19,legitimate,67253.734,Pay Bills,True,-56.344604,67197.38,USA,USA,iPhone,Home WiFi,0,0,static,0
6,6,2025-02-25 10:07:32,0 days 01:06:52,legitimate,15028.266,Pay Bills,True,-19.128387,15009.138,France,USA,Windows Laptop,Home WiFi,0,0,static,0
8,8,2025-02-25 08:26:16,0 days 01:54:41,legitimate,84470.625,Make Purchase,True,-239.55476,84231.07,UK,Germany,MacBook,Mobile Network,0,0,traveler,0
9,9,2025-02-25 14:18:29,0 days 02:50:22,legitimate,92131.96,Make Purchase,True,-470.06927,91661.9,USA,USA,Android,Home WiFi,0,0,static,0
10,10,2025-02-25 13:06:55,0 days 01:17:12,legitimate,8150.951,Make Purchase,True,-307.36084,7843.5903,USA,USA,Android,Mobile Network,0,0,static,0
11,11,2025-02-25 13:15:39,0 days 01:43:27,legitimate,62836.664,Make Purchase,True,-128.24251,62708.42,USA,USA,Android,Home WiFi,0,0,static,0
12,12,2025-02-25 09:39:05,0 days 02:48:58,legitimate,11156.0205,Make Purchase,True,-213.63995,10942.381,China,UK,iPhone,Corporate Network,0,0,traveler,0
13,13,2025-02-25 09:33:35,0 days 02:53:53,legitimate,19878.918,Make Purchase,True,-238.0179,19640.9,Japan,Japan,Windows Laptop,Public WiFi,0,0,static,0
14,14,2025-02-25 08:59:47,0 days 00:29:11,legitimate,27161.959,Apply for Credit Card,True,0.0,27161.959,UK,UK,Linux PC,Corporate Network,0,0,static,0
15,15,2025-02-25 11:06:28,0 days 01:01:30,legitimate,12297.842,Make Purchase,True,-228.53085,12069.312,USA,Japan,iPhone,Home WiFi,1,0,traveler,0
18,18,2025-02-25 07:50:14,0 days 01:26:37,legitimate,60310.53,Make Purchase,True,-171.48393,60139.047,UK,Germany,Windows Laptop,Home WiFi,0,0,traveler,0
19,19,2025-02-25 10:10:31,0 days 00:33:16,legitimate,10909.956,Make Purchase,True,-77.06409,10832.893,Japan,USA,MacBook,Home WiFi,0,0,traveler,0
20,20,2025-02-25 07:14:30,0 days 01:50:33,legitimate,57735.984,Make Purchase,True,-407.45187,57328.535,USA,UK,iPhone,Mobile Network,0,0,static,0
22,22,2025-02-25 12:32:06,0 days 02:31:05,legitimate,26876.389,Review activityments,True,0.0,26876.389,China,China,Android,Home WiFi,0,0,static,0
23,23,2025-02-25 14:39:40,0 days 02:01:52,legitimate,26361.71,Make Purchase,True,-150.09496,26211.615,UK,UK,Android,Home WiFi,0,0,static,0
24,24,2025-02-25 09:28:18,0 days 00:21:10,legitimate,79588.13,Make Purchase,True,-176.5263,79411.61,China,UK,iPhone,Home WiFi,0,0,traveler,0
25,25,2025-02-25 09:38:17,0 days 02:11:24,legitimate,58236.48,Make Purchase,True,-99.34242,58137.14,UK,UK,Windows Laptop,Public WiFi,0,0,static,0
26,26,2025-02-25 09:54:26,0 days 02:18:12,legitimate,7828.7476,Make Purchase,True,-40.81265,7787.935,Japan,UK,MacBook,Home WiFi,0,0,traveler,0
27,27,2025-02-25 13:49:40,0 days 02:47:48,legitimate,55461.402,Make Purchase,True,-53.844093,55407.56,Japan,UK,iPad,Home WiFi,0,0,traveler,0
28,28,2025-02-25 17:02:17,0 days 02:32:21,legitimate,65137.105,Deposit Funds,True,831.85913,65968.97,Japan,Japan,iPhone,Mobile Network,0,0,traveler,0
29,29,2025-02-25 10:54:29,0 days 00:59:19,legitimate,48754.01,Make Purchase,True,-39.951336,48714.062,France,France,Android,Public WiFi,1,0,static,0
30,30,2025-02-25 07:56:17,0 days 00:04:55,legitimate,16513.97,Transfer Funds,True,-194.45122,16319.519,France,France,Windows Laptop,Mobile Network,0,0,static,0
31,31,2025-02-25 07:38:52,0 days 02:33:38,legitimate,36146.242,Make Purchase,True,-47.319317,36098.92,USA,USA,Windows Laptop,Home WiFi,0,1,static,0
32,32,2025-02-25 09:14:26,0 days 00:36:22,legitimate,1957.9766,Pay Bills,True,-39.542423,1918.4341,France,UK,iPhone,Mobile Network,0,0,traveler,0
33,33,2025-02-25 04:37:31,0 days 01:31:50,legitimate,55024.96,Make Purchase,True,-139.6164,54885.344,Germany,Germany,Android,Public WiFi,0,0,static,0
34,34,2025-02-25 10:13:00,0 days 00:31:27,legitimate,74213.8,Deposit Funds,True,80.49287,74294.29,Germany,Germany,iPhone,Public WiFi,0,0,static,0
35,35,2025-02-25 08:02:00,0 days 00:25:33,legitimate,8426.024,Pay Bills,True,-43.36038,8382.664,Germany,France,MacBook,Home WiFi,0,0,static,0
36,36,2025-02-25 16:12:10,0 days 01:35:49,legitimate,19378.4,Pay Bills,True,-348.60583,19029.795,UK,UK,iPhone,Home WiFi,0,1,static,0
37,37,2025-02-25 06:54:50,0 days 00:16:42,legitimate,15594.274,Pay Bills,True,-16.288076,15577.986,UK,UK,Windows Laptop,Home WiFi,0,0,static,0
38,38,2025-02-25 07:14:26,0 days 00:21:09,legitimate,93766.234,Pay Bills,True,-145.75421,93620.484,China,UK,iPhone,Mobile Network,0,0,traveler,0
39,39,2025-02-25 11:53:44,0 days 02:28:27,legitimate,30190.84,Make Purchase,True,-52.354683,30138.486,Japan,Japan,Windows Laptop,Public WiFi,0,0,static,0
0,0,2025-02-25 06:19:03,0 days 02:28:09,legitimate,79884.81,Transfer Funds,True,-162.32742,79722.484,UK,Germany,Windows Laptop,Public WiFi,0,0,traveler,0
1,1,2025-02-25 07:20:25,0 days 00:02:03,legitimate,27072.363,Apply for Loan,True,0.0,27072.363,China,Japan,iPhone,Home WiFi,0,0,traveler,0
2,2,2025-02-25 08:38:14,0 days 00:52:34,legitimate,29923.576,Make Purchase,True,-597.77924,29325.797,Germany,UK,iPhone,Corporate Network,0,0,static,0
4,4,2025-02-25 17:58:50,0 days 02:48:09,legitimate,67197.38,Make Purchase,True,-143.65671,67053.73,USA,UK,iPhone,Mobile Network,0,0,static,0
6,6,2025-02-25 10:13:35,0 days 00:06:03,legitimate,15009.138,Pay Bills,True,-357.84122,14651.296,France,France,Windows Laptop,Public WiFi,0,0,static,0
8,8,2025-02-25 11:04:46,0 days 02:38:30,legitimate,84231.07,Pay Bills,True,-372.92114,83858.15,UK,UK,iPad,Home WiFi,0,0,traveler,0
9,9,2025-02-25 16:46:36,0 days 02:28:07,legitimate,91661.9,Make Purchase,True,-47.342075,91614.555,USA,France,Android,Corporate Network,0,0,static,0
10,10,2025-02-25 15:54:56,0 days 02:48:01,legitimate,7843.5903,Pay Bills,True,-12.566749,7831.0234,USA,USA,Windows Laptop,Home WiFi,0,0,static,0
11,11,2025-02-25 14:31:11,0 days 01:15:32,legitimate,62708.42,Make Purchase,True,-66.90679,62641.51,USA,USA,iPhone,Mobile Network,0,0,static,0
12,12,2025-02-25 11:32:09,0 days 01:53:04,legitimate,10942.381,Pay Bills,True,-339.14523,10603.235,China,France,iPhone,Public WiFi,0,0,traveler,0
13,13,2025-02-25 09:59:32,0 days 00:25:57,legitimate,19640.9,Make Purchase,True,-698.70184,18942.2,Japan,Japan,Android,Home WiFi,0,0,static,0
14,14,2025-02-25 09:36:37,0 days 00:36:50,legitimate,27161.959,Pay Bills,True,-48.971924,27112.988,UK,UK,iPhone,Home WiFi,0,0,static,0
15,15,2025-02-25 12:57:48,0 days 01:51:20,legitimate,12069.312,Deposit Funds,True,228.0474,12297.358,USA,Japan,Windows Laptop,Home WiFi,0,0,traveler,0
18,18,2025-02-25 10:34:04,0 days 02:43:50,legitimate,60139.047,Make Purchase,True,-53.57837,60085.47,UK,France,MacBook,Home WiFi,0,0,traveler,0
19,19,2025-02-25 12:11:27,0 days 02:00:56,legitimate,10832.893,Make Purchase,True,-64.572105,10768.32,Japan,USA,iPhone,Home WiFi,0,0,traveler,0
20,20,2025-02-25 10:00:55,0 days 02:46:25,legitimate,57328.535,Pay Bills,True,-186.0965,57142.438,USA,UK,Windows Laptop,Home WiFi,0,0,static,0
22,22,2025-02-25 15:01:52,0 days 02:29:46,legitimate,26876.389,Transfer Funds,True,-197.4283,26678.96,China,China,iPhone,Public WiFi,0,0,static,0
23,23,2025-02-25 14:43:22,0 days 00:03:42,legitimate,26211.615,Make Purchase,True,-173.5439,26038.07,UK,France,Windows Laptop,Public WiFi,0,0,static,0
24,24,2025-02-25 12:11:27,0 days 02:43:09,legitimate,79411.61,Deposit Funds,True,249.80579,79661.414,China,Germany,iPhone,Home WiFi,0,0,traveler,0
25,25,2025-02-25 10:19:12,0 days 00:40:55,legitimate,58137.14,Transfer Funds,True,-40.62344,58096.516,UK,UK,Windows Laptop,Home WiFi,0,1,static,0
26,26,2025-02-25 11:41:42,0 days 01:47:16,legitimate,7787.935,Make Purchase,True,-105.709755,7682.2256,Japan,USA,Android,Home WiFi,0,0,traveler,0
27,27,2025-02-25 15:33:31,0 days 01:43:51,legitimate,55407.56,Deposit Funds,True,171.71019,55579.27,Japan,USA,iPhone,Public WiFi,1,0,traveler,0
28,28,2025-02-25 18:55:36,0 days 01:53:19,legitimate,65968.97,Make Purchase,True,-267.17273,65701.79,Japan,France,MacBook,Public WiFi,0,0,traveler,0
29,29,2025-02-25 11:55:37,0 days 01:01:08,legitimate,48714.062,Deposit Funds,True,143.54247,48857.605,France,France,Android,Home WiFi,0,0,static,0
30,30,2025-02-25 08:15:00,0 days 00:18:43,legitimate,16319.519,Deposit Funds,True,815.2634,17134.783,France,France,Android,Home WiFi,0,0,static,0
31,31,2025-02-25 08:20:30,0 days 00:41:38,legitimate,36098.92,Apply for Credit Card,True,0.0,36098.92,USA,USA,iPhone,Public WiFi,0,0,static,0
32,32,2025-02-25 10:01:57,0 days 00:47:31,legitimate,1918.4341,Pay Bills,True,-39.451675,1878.9824,France,Japan,MacBook,Public WiFi,0,0,traveler,0
33,33,2025-02-25 04:52:32,0 days 00:15:01,legitimate,54885.344,Apply for Credit Card,True,0.0,54885.344,Germany,Germany,iPhone,Home WiFi,0,0,static,0
34,34,2025-02-25 11:24:02,0 days 01:11:02,legitimate,74294.29,Deposit Funds,True,214.8617,74509.15,Germany,Germany,iPhone,Home WiFi,0,0,static,0
35,35,2025-02-25 09:01:52,0 days 00:59:52,legitimate,8382.664,Transfer Funds,True,-257.20612,8125.4575,Germany,France,iPhone,Home WiFi,0,0,static,0
36,36,2025-02-25 18:47:21,0 days 02:35:11,legitimate,19029.795,Pay Bills,True,-107.46183,18922.332,UK,UK,iPhone,Mobile Network,0,0,static,0
37,37,2025-02-25 09:03:19,0 days 02:08:29,legitimate,15577.986,Deposit Funds,True,162.6097,15740.596,UK,UK,iPhone,Home WiFi,0,0,static,0
38,38,2025-02-25 08:53:39,0 days 01:39:13,legitimate,93620.484,Pay Bills,True,-22.728395,93597.76,China,UK,iPhone,Home WiFi,0,0,traveler,0
39,39,2025-02-25 13:10:49,0 days 01:17:05,legitimate,30138.486,Transfer Funds,True,-89.35904,30049.127,Japan,Japan,Android,Home WiFi,0,0,static,0
0,0,2025-02-25 06:52:39,0 days 00:33:36,legitimate,79722.484,Pay Bills,True,-561.944,79160.54,UK,UK,Windows Laptop,Public WiFi,0,0,traveler,0
1,1,2025-02-25 08:43:03,0 days 01:22:38,legitimate,27072.363,Review activityments,True,0.0,27072.363,China,UK,Android,Mobile Network,0,0,traveler,0
2,2,2025-02-25 09:34:36,0 days 00:56:22,legitimate,29325.797,Apply for Loan,True,0.0,29325.797,Germany,UK,Android,Mobile Network,0,0,static,0
4,4,2025-02-25 19:53:07,0 days 01:54:17,legitimate,67053.73,Make Purchase,True,-151.77036,66901.96,USA,USA,Windows Laptop,Home WiFi,0,0,static,0
6,6,2025-02-25 12:05:40,0 days 01:52:05,legitimate,14651.296,Apply for Loan,True,0.0,14651.296,France,France,Android,Mobile Network,0,0,static,0
8,8,2025-02-25 12:43:37,0 days 01:38:51,legitimate,83858.15,Pay Bills,True,-1205.5725,82652.58,UK,Japan,Linux PC,Home WiFi,0,0,traveler,0
9,9,2025-02-25 17:41:13,0 days 00:54:37,legitimate,91614.555,Pay Bills,True,-226.70609,91387.84,USA,France,Windows Laptop,Public WiFi,0,0,static,0
10,10,2025-02-25 18:32:02,0 days 02:37:06,legitimate,7831.0234,Pay Bills,True,-119.17806,7711.8457,USA,USA,MacBook,Home WiFi,0,0,static,0
11,11,2025-02-25 14:35:13,0 days 00:04:02,legitimate,62641.51,Pay Bills,True,-279.04672,62362.465,USA,UK,iPhone,Home WiFi,1,0,static,0
12,12,2025-02-25 11:46:40,0 days 00:14:31,legitimate,10603.235,Pay Bills,True,-425.2743,10177.961,China,USA,Android,Corporate Network,0,0,traveler,0
13,13,2025-02-25 12:42:51,0 days 02:43:19,legitimate,18942.2,Deposit Funds,True,66.39723,19008.596,Japan,Japan,Android,Public WiFi,0,1,static,0
14,14,2025-02-25 12:02:27,0 days 02:25:50,legitimate,27112.988,Deposit Funds,True,131.63315,27244.621,UK,UK,Android,Home WiFi,0,0,static,0
15,15,2025-02-25 15:48:23,0 days 02:50:35,legitimate,12297.358,Make Purchase,True,-139.62904,12157.7295,USA,Japan,MacBook,Home WiFi,0,0,traveler,0
18,18,2025-02-25 13:11:10,0 days 02:37:06,legitimate,60085.47,Pay Bills,True,-200.20467,59885.26,UK,Germany,Android,Corporate Network,0,0,traveler,0
19,19,2025-02-25 12:52:23,0 days 00:40:56,legitimate,10768.32,Pay Bills,True,-215.33784,10552.982,Japan,France,iPhone,Home WiFi,0,0,traveler,0
20,20,2025-02-25 10:03:36,0 days 00:02:41,legitimate,57142.438,Transfer Funds,True,-30.415455,57112.02,USA,UK,Linux PC,Public WiFi,0,0,static,0
22,22,2025-02-25 15:03:05,0 days 00:01:13,legitimate,26678.96,Make Purchase,True,-167.54047,26511.42,China,China,iPhone,Home WiFi,0,0,static,0
23,23,2025-02-25 17:02:39,0 days 02:19:17,legitimate,26038.07,Transfer Funds,True,-19.013075,26019.059,UK,UK,iPad,Home WiFi,0,0,static,0
24,24,2025-02-25 12:49:42,0 days 00:38:15,legitimate,79661.414,Make Purchase,True,-98.073875,79563.34,China,USA,iPhone,Public WiFi,0,0,traveler,0
25,25,2025-02-25 10:53:30,0 days 00:34:18,legitimate,58096.516,Make Purchase,True,-73.242935,58023.273,UK,UK,iPhone,Corporate Network,0,0,static,0
26,26,2025-02-25 13:36:39,0 days 01:54:57,legitimate,7682.2256,Pay Bills,True,-589.71594,7092.5093,Japan,France,Windows Laptop,Public WiFi,0,0,traveler,0
27,27,2025-02-25 15:52:39,0 days 00:19:08,legitimate,55579.27,Deposit Funds,True,894.6754,56473.945,Japan,France,Windows Laptop,Mobile Network,0,0,traveler,0
28,28,2025-02-25 19:59:03,0 days 01:03:27,legitimate,65701.79,Make Purchase,True,-209.43,65492.363,Japan,UK,iPhone,Home WiFi,0,0,traveler,0
29,29,2025-02-25 12:01:56,0 days 00:06:19,legitimate,48857.605,Deposit Funds,True,339.05014,49196.652,France,France,Windows Laptop,Home WiFi,0,0,static,0
30,30,2025-02-25 09:50:51,0 days 01:35:51,legitimate,17134.783,Deposit Funds,True,155.87936,17290.662,France,USA,iPhone,Mobile Network,0,0,static,0
31,31,2025-02-25 09:27:39,0 days 01:07:09,legitimate,36098.92,Deposit Funds,True,189.7969,36288.72,USA,USA,MacBook,Home WiFi,0,0,static,0
32,32,2025-02-25 11:49:54,0 days 01:47:57,legitimate,1878.9824,Deposit Funds,True,48.059322,1927.0417,France,Germany,Android,Home WiFi,0,0,traveler,0
33,33,2025-02-25 06:13:17,0 days 01:20:45,legitimate,54885.344,Apply for Loan,True,0.0,54885.344,Germany,Germany,iPhone,Home WiFi,0,0,static,0
34,34,2025-02-25 12:24:36,0 days 01:00:34,legitimate,74509.15,Deposit Funds,True,590.9101,75100.06,Germany,Germany,Android,Home WiFi,0,0,static,0
35,35,2025-02-25 09:10:37,0 days 00:08:45,legitimate,8125.4575,Deposit Funds,True,78.47437,8203.932,Germany,Germany,MacBook,Home WiFi,0,0,static,0
36,36,2025-02-25 20:16:57,0 days 01:29:36,legitimate,18922.332,Deposit Funds,True,97.95423,19020.287,UK,UK,iPhone,Home WiFi,0,0,static,0
37,37,2025-02-25 10:21:47,0 days 01:18:28,legitimate,15740.596,Make Purchase,True,-372.0679,15368.527,UK,UK,iPhone,Mobile Network,0,0,static,0
38,38,2025-02-25 10:58:39,0 days 02:05:00,legitimate,93597.76,Pay Bills,True,-199.48343,93398.27,China,USA,Windows Laptop,Home WiFi,0,0,traveler,0
39,39,2025-02-25 14:43:48,0 days 01:32:59,legitimate,30049.127,Transfer Funds,True,-144.46988,29904.656,Japan,USA,iPhone,Public WiFi,0,0,static,0
0,0,2025-02-25 07:30:28,0 days 00:37:49,legitimate,79160.54,Pay Bills,True,-576.0823,78584.45,UK,UK,Windows Laptop,Home WiFi,0,0,traveler,0
1,1,2025-02-25 11:31:22,0 days 02:48:19,legitimate,27072.363,Review activityments,True,0.0,27072.363,China,UK,Android,Public WiFi,0,0,traveler,0
2,2,2025-02-25 11:15:07,0 days 01:40:31,legitimate,29325.797,Transfer Funds,True,-29.501492,29296.295,Germany,UK,iPhone,Home WiFi,0,0,static,0
4,4,2025-02-25 21:53:39,0 days 02:00:32,legitimate,66901.96,Pay Bills,True,-495.08997,66406.87,USA,UK,iPhone,Home WiFi,0,0,static,0
6,6,2025-02-25 12:25:05,0 days 00:19:25,legitimate,14651.296,Make Purchase,True,-58.273716,14593.022,France,France,MacBook,Public WiFi,0,0,static,0
8,8,2025-02-25 14:41:13,0 days 01:57:36,legitimate,82652.58,Pay Bills,True,-276.70038,82375.875,UK,Japan,Android,Home WiFi,0,0,traveler,0
9,9,2025-02-25 20:25:30,0 days 02:44:17,legitimate,91387.84,Pay Bills,True,-927.3849,90460.46,USA,France,Android,Corporate Network,0,0,static,0
10,10,2025-02-25 21:18:47,0 days 02:46:45,legitimate,7711.8457,Pay Bills,True,-508.9754,7202.87,USA,USA,iPhone,Public WiFi,0,0,static,0
11,11,2025-02-25 16:59:35,0 days 02:24:22,legitimate,62362.465,Pay Bills,True,-179.7887,62182.68,USA,USA,iPhone,Public WiFi,0,0,static,0
12,12,2025-02-25 12:48:08,0 days 01:01:28,legitimate,10177.961,Pay Bills,True,-93.3859,10084.575,China,France,iPhone,Mobile Network,0,0,traveler,0
13,13,2025-02-25 13:33:02,0 days 00:50:11,legitimate,19008.596,Make Purchase,True,-375.2568,18633.338,Japan,Japan,MacBook,Home WiFi,0,0,static,0
14,14,2025-02-25 14:46:33,0 days 02:44:06,legitimate,27244.621,Make Purchase,True,-116.944824,27127.676,UK,UK,iPhone,Public WiFi,0,0,static,0
15,15,2025-02-25 18:02:09,0 days 02:13:46,legitimate,12157.7295,Deposit Funds,True,278.69705,12436.427,USA,France,Windows Laptop,Public WiFi,0,0,traveler,0
18,18,2025-02-25 14:24:20,0 days 01:13:10,legitimate,59885.26,Pay Bills,True,-64.92941,59820.336,UK,France,iPhone,Public WiFi,0,0,traveler,0
19,19,2025-02-25 13:35:26,0 days 00:43:03,legitimate,10552.982,Make Purchase,True,-155.2247,10397.758,Japan,France,Android,Public WiFi,0,0,traveler,0
20,20,2025-02-25 12:34:45,0 days 02:31:09,legitimate,57112.02,Deposit Funds,True,99.07809,57211.098,USA,USA,iPhone,Home WiFi,0,0,static,0
22,22,2025-02-25 15:45:38,0 days 00:42:33,legitimate,26511.42,Make Purchase,True,-171.83504,26339.586,China,China,iPhone,Public WiFi,0,0,static,0
23,23,2025-02-25 18:37:45,0 days 01:35:06,legitimate,26019.059,Deposit Funds,True,14.740243,26033.799,UK,UK,Linux PC,Home WiFi,0,0,static,0
24,24,2025-02-25 14:59:37,0 days 02:09:55,legitimate,79563.34,Make Purchase,True,-458.38293,79104.96,China,UK,Android,Corporate Network,0,1,traveler,0
25,25,2025-02-25 11:30:03,0 days 00:36:33,legitimate,58023.273,Transfer Funds,True,-326.78482,57696.49,UK,UK,Windows Laptop,Home WiFi,0,0,static,0
26,26,2025-02-25 15:08:36,0 days 01:31:57,legitimate,7092.5093,Pay Bills,True,-209.46971,6883.0396,Japan,USA,iPhone,Home WiFi,0,1,traveler,0
27,27,2025-02-25 17:16:16,0 days 01:23:37,legitimate,56473.945,Pay Bills,True,-148.32562,56325.617,Japan,Germany,Windows Laptop,Public WiFi,0,1,traveler,0
28,28,2025-02-25 22:16:12,0 days 02:17:09,legitimate,65492.363,Make Purchase,True,-86.338715,65406.023,Japan,USA,iPhone,Home WiFi,0,0,traveler,0
29,29,2025-02-25 13:19:18,0 days 01:17:22,legitimate,49196.652,Pay Bills,True,-416.07553,48780.58,France,France,iPhone,Public WiFi,0,0,static,0
30,30,2025-02-25 12:41:35,0 days 02:50:44,legitimate,17290.662,Make Purchase,True,-65.57484,17225.086,France,USA,iPhone,Home WiFi,0,0,static,0
31,31,2025-02-25 11:25:11,0 days 01:57:32,legitimate,36288.72,Make Purchase,True,-28.858498,36259.86,USA,USA,Windows Laptop,Mobile Network,0,0,static,0
32,32,2025-02-25 13:59:47,0 days 02:09:53,legitimate,1927.0417,Make Purchase,True,-300.49158,1626.5502,France,USA,MacBook,Corporate Network,0,0,traveler,0
33,33,2025-02-25 08:22:14,0 days 02:08:57,legitimate,54885.344,Make Purchase,True,-47.49548,54837.85,Germany,Germany,iPhone,Corporate Network,0,0,static,0
34,34,2025-02-25 15:00:32,0 days 02:35:56,legitimate,75100.06,Transfer Funds,True,-415.3101,74684.75,Germany,Germany,iPhone,Corporate Network,0,0,static,0
35,35,2025-02-25 09:48:03,0 days 00:37:26,legitimate,8203.932,Review activityments,True,0.0,8203.932,Germany,Germany,Android,Mobile Network,0,0,static,0
36,36,2025-02-25 22:48:48,0 days 02:31:51,legitimate,19020.287,Apply for Credit Card,True,0.0,19020.287,UK,UK,iPad,Public WiFi,0,0,static,0
37,37,2025-02-25 11:55:55,0 days 01:34:08,legitimate,15368.527,Transfer Funds,True,-152.28738,15216.24,UK,UK,MacBook,Mobile Network,0,0,static,0
38,38,2025-02-25 11:43:04,0 days 00:44:25,legitimate,93398.27,Pay Bills,True,-183.48325,93214.79,China,France,Android,Home WiFi,0,0,traveler,0
39,39,2025-02-25 16:16:37,0 days 01:32:49,legitimate,29904.656,Transfer Funds,True,-242.14272,29662.514,Japan,USA,Android,Corporate Network,0,0,static,0
0,0,2025-02-25 08:10:37,0 days 00:40:09,legitimate,78584.45,Make Purchase,True,-130.16774,78454.29,UK,UK,Android,Home WiFi,0,0,traveler,0
1,1,2025-02-25 11:46:25,0 days 00:15:03,legitimate,27072.363,Review activityments,True,0.0,27072.363,China,UK,Linux PC,Public WiFi,0,0,traveler,0
2,2,2025-02-25 13:06:18,0 days 01:51:11,legitimate,29296.295,Transfer Funds,True,-61.465755,29234.83,Germany,UK,Windows Laptop,Home WiFi,0,0,static,0
4,4,2025-02-26 00:26:06,0 days 02:32:27,legitimate,66406.87,Pay Bills,True,-207.37216,66199.5,USA,USA,Android,Home WiFi,0,0,static,0
6,6,2025-02-25 13:31:30,0 days 01:06:25,legitimate,14593.022,Transfer Funds,True,-115.85251,14477.17,France,USA,iPhone,Home WiFi,0,0,static,0
8,8,2025-02-25 17:35:00,0 days 02:53:47,legitimate,82375.875,Pay Bills,True,-250.88263,82124.99,UK,USA,MacBook,Home WiFi,0,0,traveler,0
9,9,2025-02-25 20:33:10,0 days 00:07:40,legitimate,90460.46,Deposit Funds,True,179.51472,90639.98,USA,France,Android,Public WiFi,1,0,static,0
10,10,2025-02-25 23:30:44,0 days 02:11:57,legitimate,7202.87,Invest Money,True,-235.75671,6967.1133,USA,USA,MacBook,Corporate Network,0,0,static,0
11,11,2025-02-25 17:40:23,0 days 00:40:48,legitimate,62182.68,Deposit Funds,True,923.3395,63106.016,USA,USA,iPhone,Mobile Network,1,0,static,0
12,12,2025-02-25 14:53:16,0 days 02:05:08,legitimate,10084.575,Deposit Funds,True,73.91998,10158.495,China,France,MacBook,Home WiFi,0,0,traveler,0
13,13,2025-02-25 14:51:28,0 days 01:18:26,legitimate,18633.338,Make Purchase,True,-102.26462,18531.074,Japan,Japan,iPhone,Public WiFi,0,0,static,0
14,14,2025-02-25 15:56:32,0 days 01:09:59,legitimate,27127.676,Transfer Funds,True,-112.307556,27015.37,UK,UK,MacBook,Home WiFi,1,0,static,0
15,15,2025-02-25 18:18:04,0 days 00:15:55,legitimate,12436.427,Deposit Funds,True,318.148,12754.575,USA,UK,Android,Public WiFi,0,0,traveler,0
18,18,2025-02-25 14:37:10,0 days 00:12:50,legitimate,59820.336,Pay Bills,True,-128.24251,59692.09,UK,Japan,iPhone,Home WiFi,0,0,traveler,0
19,19,2025-02-25 13:58:25,0 days 00:22:59,legitimate,10397.758,Pay Bills,True,-360.51114,10037.246,Japan,USA,iPhone,Public WiFi,1,0,traveler,0
20,20,2025-02-25 15:28:30,0 days 02:53:45,legitimate,57211.098,Make Purchase,True,-119.609406,57091.49,USA,USA,Linux PC,Home WiFi,0,0,static,0
22,22,2025-02-25 15:48:28,0 days 00:02:50,legitimate,26339.586,Make Purchase,True,-218.89029,26120.695,China,China,Android,Home WiFi,0,0,static,0
23,23,2025-02-25 19:20:25,0 days 00:42:40,legitimate,26033.799,Make Purchase,True,-664.8056,25368.992,UK,UK,Android,Corporate Network,0,0,static,0
24,24,2025-02-25 16:49:48,0 days 01:50:11,legitimate,79104.96,Make Purchase,True,-117.07526,78987.88,China,Japan,iPad,Mobile Network,0,0,traveler,0
25,25,2025-02-25 12:58:17,0 days 01:28:14,legitimate,57696.49,Transfer Funds,True,-88.82913,57607.66,UK,UK,Android,Home WiFi,0,0,static,0
26,26,2025-02-25 17:25:36,0 days 02:17:00,legitimate,6883.0396,Pay Bills,True,-379.94302,6503.0967,Japan,USA,Android,Mobile Network,0,0,traveler,0
27,27,2025-02-25 19:41:55,0 days 02:25:39,legitimate,56325.617,Pay Bills,True,-41.099087,56284.52,Japan,Germany,Windows Laptop,Corporate Network,0,0,traveler,0
28,28,2025-02-25 22:18:04,0 days 00:01:52,legitimate,65406.023,Make Purchase,True,-681.69525,64724.33,Japan,Germany,Android,Mobile Network,0,0,traveler,0
29,29,2025-02-25 15:33:05,0 days 02:13:47,legitimate,48780.58,Deposit Funds,True,70.08381,48850.664,France,France,iPhone,Mobile Network,0,0,static,0
30,30,2025-02-25 14:08:52,0 days 01:27:17,legitimate,17225.086,Make Purchase,True,-620.3493,16604.738,France,France,Windows Laptop,Home WiFi,0,0,static,0
31,31,2025-02-25 12:44:24,0 days 01:19:13,legitimate,36259.86,Make Purchase,True,-123.40413,36136.457,USA,France,iPhone,Home WiFi,0,0,static,0
32,32,2025-02-25 16:54:16,0 days 02:54:29,legitimate,1626.5502,Pay Bills,True,-288.62448,1337.9257,France,UK,MacBook,Home WiFi,0,0,traveler,0
33,33,2025-02-25 10:26:28,0 days 02:04:14,legitimate,54837.85,Make Purchase,True,-253.20921,54584.64,Germany,Germany,Android,Public WiFi,0,0,static,0
34,34,2025-02-25 17:04:23,0 days 02:03:51,legitimate,74684.75,Make Purchase,True,-1234.3141,73450.44,Germany,Germany,Linux PC,Public WiFi,0,0,static,0
35,35,2025-02-25 11:34:19,0 days 01:46:16,legitimate,8203.932,Review activityments,True,0.0,8203.932,Germany,France,Android,Public WiFi,0,0,static,0
36,36,2025-02-26 00:33:58,0 days 01:45:10,legitimate,19020.287,Apply for Credit Card,True,0.0,19020.287,UK,UK,Windows Laptop,Home WiFi,0,0,static,0
37,37,2025-02-25 12:09:48,0 days 00:13:53,legitimate,15216.24,Deposit Funds,True,56.293316,15272.533,UK,UK,Linux PC,Mobile Network,0,0,static,0
38,38,2025-02-25 13:52:10,0 days 02:09:06,legitimate,93214.79,Pay Bills,True,-340.72836,92874.06,China,Germany,Android,Public WiFi,0,0,traveler,0
39,39,2025-02-25 16:58:37,0 days 00:42:00,legitimate,29662.514,Make Purchase,True,-110.590744,29551.924,Japan,Japan,Windows Laptop,Corporate Network,0,0,static,0
0,0,2025-02-25 09:37:39,0 days 01:27:02,legitimate,78454.29,Transfer Funds,True,-229.49338,78224.8,UK,UK,MacBook,Public WiFi,0,0,traveler,0
1,1,2025-02-25 13:16:57,0 days 01:30:32,legitimate,27072.363,Pay Bills,True,-621.8587,26450.504,China,Germany,iPhone,Corporate Network,1,0,traveler,0
2,2,2025-02-25 14:41:48,0 days 01:35:30,legitimate,29234.83,Make Purchase,True,-145.39801,29089.432,Germany,UK,Android,Public WiFi,0,0,static,0
4,4,2025-02-26 01:47:51,0 days 01:21:45,legitimate,66199.5,Apply for Loan,True,0.0,66199.5,USA,UK,Android,Home WiFi,0,0,static,0
6,6,2025-02-25 14:03:59,0 days 00:32:29,legitimate,14477.17,Make Purchase,True,-96.37409,14380.796,France,USA,iPhone,Public WiFi,1,0,static,0
8,8,2025-02-25 19:57:44,0 days 02:22:44,legitimate,82124.99,Pay Bills,True,-414.25754,81710.734,UK,Japan,iPhone,Mobile Network,0,0,traveler,0
9,9,2025-02-25 23:29:45,0 days 02:56:35,legitimate,90639.98,Deposit Funds,True,54.7323,90694.71,USA,USA,MacBook,Mobile Network,0,0,static,0
10,10,2025-02-26 01:24:00,0 days 01:53:16,legitimate,6967.1133,Pay Bills,True,-372.85464,6594.259,USA,USA,MacBook,Home WiFi,0,0,static,0
11,11,2025-02-25 18:22:14,0 days 00:41:51,legitimate,63106.016,Review activityments,True,0.0,63106.016,USA,USA,MacBook,Public WiFi,0,0,static,0
12,12,2025-02-25 16:08:16,0 days 01:15:00,legitimate,10158.495,Make Purchase,True,-267.75146,9890.744,China,Japan,Windows Laptop,Home WiFi,0,0,traveler,0
13,13,2025-02-25 16:55:46,0 days 02:04:18,legitimate,18531.074,Pay Bills,True,-43.067337,18488.008,Japan,Japan,Android,Mobile Network,0,0,static,0
14,14,2025-02-25 18:10:54,0 days 02:14:22,legitimate,27015.37,Make Purchase,True,-16.288076,26999.08,UK,UK,Windows Laptop,Public WiFi,0,0,static,0
15,15,2025-02-25 18:56:24,0 days 00:38:20,legitimate,12754.575,Apply for Credit Card,True,0.0,12754.575,USA,UK,MacBook,Home WiFi,0,0,traveler,0
18,18,2025-02-25 16:32:32,0 days 01:55:22,legitimate,59692.09,Deposit Funds,True,538.0103,60230.1,UK,Japan,Android,Corporate Network,0,0,traveler,0
19,19,2025-02-25 14:25:47,0 days 00:27:22,legitimate,10037.246,Pay Bills,True,-20.129267,10017.117,Japan,Japan,iPhone,Public WiFi,0,0,traveler,0
20,20,2025-02-25 16:06:41,0 days 00:38:11,legitimate,57091.49,Pay Bills,True,-209.99767,56881.492,USA,UK,iPhone,Public WiFi,0,0,static,0
22,22,2025-02-25 17:44:10,0 days 01:55:42,legitimate,26120.695,Pay Bills,True,-105.221985,26015.473,China,China,iPhone,Home WiFi,0,0,static,0
23,23,2025-02-25 19:40:51,0 days 00:20:26,legitimate,25368.992,Make Purchase,True,-125.695694,25243.297,UK,UK,MacBook,Mobile Network,0,0,static,0
24,24,2025-02-25 17:49:53,0 days 01:00:05,legitimate,78987.88,Pay Bills,True,-30.567352,78957.31,China,Japan,MacBook,Public WiFi,0,0,traveler,0
25,25,2025-02-25 15:46:03,0 days 02:47:46,legitimate,57607.66,Pay Bills,True,-86.54841,57521.11,UK,UK,Linux PC,Mobile Network,0,0,static,0
26,26,2025-02-25 18:17:53,0 days 00:52:17,legitimate,6503.0967,Pay Bills,True,-248.16995,6254.927,Japan,Japan,iPhone,Public WiFi,0,0,traveler,0
27,27,2025-02-25 22:23:28,0 days 02:41:33,legitimate,56284.52,Pay Bills,True,-73.04037,56211.48,Japan,USA,Android,Public WiFi,0,0,traveler,0
28,28,2025-02-25 22:48:13,0 days 00:30:09,legitimate,64724.33,Make Purchase,True,-536.0539,64188.273,Japan,USA,iPhone,Home WiFi,0,0,traveler,0
29,29,2025-02-25 18:08:42,0 days 02:35:37,legitimate,48850.664,Deposit Funds,True,92.784294,48943.445,France,France,Linux PC,Public WiFi,0,0,static,0
30,30,2025-02-25 15:03:43,0 days 00:54:51,legitimate,16604.738,Make Purchase,True,-179.17625,16425.56,France,USA,iPhone,Public WiFi,0,0,static,0
31,31,2025-02-25 13:32:41,0 days 00:48:17,legitimate,36136.457,Transfer Funds,True,-366.02615,35770.43,USA,France,iPad,Public WiFi,0,0,static,0
32,32,2025-02-25 19:45:03,0 days 02:50:47,legitimate,1337.9257,Pay Bills,True,-559.881,778.04474,France,Japan,iPhone,Public WiFi,0,0,traveler,0
33,33,2025-02-25 11:20:11,0 days 00:53:43,legitimate,54584.64,Make Purchase,True,-76.27359,54508.367,Germany,Germany,MacBook,Corporate Network,0,0,static,0
34,34,2025-02-25 17:44:22,0 days 00:39:59,legitimate,73450.44,Make Purchase,True,-84.96153,73365.48,Germany,Germany,iPhone,Public WiFi,0,0,static,0
35,35,2025-02-25 13:54:57,0 days 02:20:38,legitimate,8203.932,Pay Bills,True,-43.21936,8160.7124,Germany,Germany,Android,Public WiFi,0,0,static,0
36,36,2025-02-26 02:53:53,0 days 02:19:55,legitimate,19020.287,Pay Bills,True,-100.71539,18919.57,UK,UK,Android,Home WiFi,0,0,static,0
37,37,2025-02-25 14:17:08,0 days 02:07:20,legitimate,15272.533,Apply for Credit Card,True,0.0,15272.533,UK,UK,Android,Public WiFi,0,0,static,0
38,38,2025-02-25 16:17:46,0 days 02:25:36,legitimate,92874.06,Transfer Funds,True,-200.14442,92673.914,China,France,Windows Laptop,Home WiFi,0,0,traveler,0
39,39,2025-02-25 19:23:16,0 days 02:24:39,legitimate,29551.924,Make Purchase,True,-32.563686,29519.36,Japan,Japan,Windows Laptop,Mobile Network,0,0,static,0
0,0,2025-02-25 10:31:06,0 days 00:53:27,legitimate,78224.8,Transfer Funds,True,-154.97203,78069.82,UK,Germany,iPhone,Home WiFi,0,0,traveler,0
1,1,2025-02-25 13:58:39,0 days 00:41:42,legitimate,26450.504,Invest Money,True,-281.1411,26169.363,China,Germany,Android,Home WiFi,0,0,traveler,0
2,2,2025-02-25 15:59:24,0 days 01:17:36,legitimate,29089.432,Invest Money,True,-453.28903,28636.143,Germany,UK,Android,Public WiFi,0,0,static,0
4,4,2025-02-26 03:29:45,0 days 01:41:54,legitimate,66199.5,Apply for Loan,True,0.0,66199.5,USA,UK,iPhone,Public WiFi,0,0,static,0
6,6,2025-02-25 15:32:11,0 days 01:28:12,legitimate,14380.796,Make Purchase,True,-415.9792,13964.816,France,USA,iPhone,Corporate Network,0,0,static,0
8,8,2025-02-25 21:07:31,0 days 01:09:47,legitimate,81710.734,Pay Bills,True,-296.53262,81414.2,UK,USA,iPhone,Corporate Network,1,0,traveler,0
9,9,2025-02-26 01:48:24,0 days 02:18:39,legitimate,90694.71,Deposit Funds,True,266.64395,90961.35,USA,USA,iPhone,Home WiFi,0,0,static,0
10,10,2025-02-26 03:29:55,0 days 02:05:55,legitimate,6594.259,Pay Bills,True,-206.08061,6388.178,USA,USA,iPhone,Mobile Network,0,0,static,0
11,11,2025-02-25 18:40:24,0 days 00:18:10,legitimate,63106.016,Deposit Funds,True,92.786125,63198.805,USA,France,iPhone,Home WiFi,0,0,static,0
12,12,2025-02-25 18:30:14,0 days 02:21:58,legitimate,9890.744,Make Purchase,True,-132.1123,9758.632,China,Germany,iPhone,Home WiFi,0,0,traveler,0
13,13,2025-02-25 18:18:30,0 days 01:22:44,legitimate,18488.008,Make Purchase,True,-123.803345,18364.203,Japan,Japan,iPhone,Mobile Network,0,0,static,0
14,14,2025-02-25 18:41:10,0 days 00:30:16,legitimate,26999.08,Transfer Funds,True,-49.30066,26949.78,UK,UK,MacBook,Mobile Network,0,0,static,0
15,15,2025-02-25 21:46:09,0 days 02:49:45,legitimate,12754.575,Transfer Funds,True,-623.4497,12131.125,USA,Germany,iPhone,Home WiFi,0,0,traveler,0
18,18,2025-02-25 17:04:25,0 days 00:31:53,legitimate,60230.1,Apply for Credit Card,True,0.0,60230.1,UK,Japan,MacBook,Public WiFi,0,0,traveler,0
19,19,2025-02-25 16:44:31,0 days 02:18:44,legitimate,10017.117,Deposit Funds,True,540.2561,10557.373,Japan,France,iPhone,Home WiFi,0,0,traveler,0
20,20,2025-02-25 18:12:16,0 days 02:05:35,legitimate,56881.492,Pay Bills,True,-108.54325,56772.95,USA,USA,Android,Public WiFi,0,0,static,0
22,22,2025-02-25 18:20:39,0 days 00:36:29,legitimate,26015.473,Pay Bills,True,-88.17812,25927.295,China,China,iPhone,Public WiFi,0,0,static,0
23,23,2025-02-25 21:36:49,0 days 01:55:58,legitimate,25243.297,Make Purchase,True,-16.420532,25226.877,UK,France,Android,Public WiFi,0,0,static,0
24,24,2025-02-25 18:28:15,0 days 00:38:22,legitimate,78957.31,Pay Bills,True,-645.97345,78311.34,China,Japan,Windows Laptop,Public WiFi,0,0,traveler,0
25,25,2025-02-25 15:46:05,0 days 00:00:02,legitimate,57521.11,Pay Bills,True,-327.08554,57194.027,UK,UK,Linux PC,Public WiFi,0,0,static,0
26,26,2025-02-25 19:03:31,0 days 00:45:38,legitimate,6254.927,Pay Bills,True,-41.200504,6213.726,Japan,Germany,Windows Laptop,Mobile Network,0,0,traveler,0
27,27,2025-02-25 23:44:14,0 days 01:20:46,legitimate,56211.48,Pay Bills,True,-49.412834,56162.066,Japan,France,Android,Public WiFi,0,0,traveler,0
28,28,2025-02-26 00:20:52,0 days 01:32:39,legitimate,64188.273,Make Purchase,True,-391.24652,63797.027,Japan,Germany,iPhone,Mobile Network,0,0,traveler,0
29,29,2025-02-25 19:17:44,0 days 01:09:02,legitimate,48943.445,Make Purchase,True,-133.80247,48809.645,France,France,iPhone,Public WiFi,0,0,static,0
30,30,2025-02-25 17:37:05,0 days 02:33:22,legitimate,16425.56,Transfer Funds,True,-74.898544,16350.663,France,USA,Windows Laptop,Public WiFi,0,0,static,0
31,31,2025-02-25 14:01:26,0 days 00:28:45,legitimate,35770.43,Transfer Funds,True,-126.35605,35644.074,USA,USA,iPad,Public WiFi,0,0,static,0
32,32,2025-02-25 22:01:58,0 days 02:16:55,legitimate,778.04474,Apply for Loan,True,0.0,778.04474,France,USA,Android,Public WiFi,0,0,traveler,0
33,33,2025-02-25 12:29:02,0 days 01:08:51,legitimate,54508.367,Make Purchase,True,-109.16171,54399.207,Germany,Germany,Android,Mobile Network,0,0,static,0
34,34,2025-02-25 18:18:50,0 days 00:34:28,legitimate,73365.48,Deposit Funds,True,349.16382,73714.64,Germany,Germany,iPhone,Public WiFi,0,0,static,0
35,35,2025-02-25 16:10:17,0 days 02:15:20,legitimate,8160.7124,Pay Bills,True,-34.976532,8125.736,Germany,Germany,Android,Public WiFi,0,0,static,0
36,36,2025-02-26 05:32:52,0 days 02:38:59,legitimate,18919.57,Pay Bills,True,-238.8285,18680.742,UK,UK,Windows Laptop,Public WiFi,0,0,static,0
37,37,2025-02-25 16:08:14,0 days 01:51:06,legitimate,15272.533,Make Purchase,True,-12.566749,15259.967,UK,UK,iPhone,Home WiFi,0,0,static,0
38,38,2025-02-25 18:22:05,0 days 02:04:19,legitimate,92673.914,Transfer Funds,True,-552.38324,92121.53,China,USA,iPad,Home WiFi,0,0,traveler,0
39,39,2025-02-25 21:23:34,0 days 02:00:18,legitimate,29519.36,Review activityments,True,0.0,29519.36,Japan,USA,Windows Laptop,Public WiFi,0,0,static,0
0,0,2025-02-25 11:01:30,0 days 00:30:24,legitimate,78069.82,Make Purchase,True,-167.08073,77902.74,UK,Japan,iPhone,Home WiFi,0,1,traveler,0
1,1,2025-02-25 14:57:18,0 days 00:58:39,legitimate,26169.363,Invest Money,True,-58.139473,26111.225,China,UK,Windows Laptop,Public WiFi,0,0,traveler,0
2,2,2025-02-25 16:33:27,0 days 00:34:03,legitimate,28636.143,Invest Money,True,-198.1562,28437.986,Germany,UK,Linux PC,Home WiFi,0,0,static,0
4,4,2025-02-26 04:37:34,0 days 01:07:49,legitimate,66199.5,Apply for Loan,True,0.0,66199.5,USA,UK,iPad,Public WiFi,0,0,static,0
6,6,2025-02-25 15:34:24,0 days 00:02:13,legitimate,13964.816,Make Purchase,True,-195.72485,13769.092,France,France,iPhone,Home WiFi,0,0,static,0
8,8,2025-02-25 21:24:46,0 days 00:17:15,legitimate,81414.2,Apply for Credit Card,True,0.0,81414.2,UK,USA,MacBook,Public WiFi,0,0,traveler,0
9,9,2025-02-26 03:25:39,0 days 01:37:15,legitimate,90961.35,Transfer Funds,True,-427.57288,90533.78,USA,UK,Android,Public WiFi,0,0,static,0
10,10,2025-02-26 05:17:19,0 days 01:47:24,legitimate,6388.178,Deposit Funds,True,210.30122,6598.4795,USA,USA,Linux PC,Public WiFi,0,1,static,0
11,11,2025-02-25 19:37:16,0 days 00:56:52,legitimate,63198.805,Deposit Funds,True,21.160025,63219.965,USA,France,MacBook,Mobile Network,0,0,static,0
12,12,2025-02-25 20:34:51,0 days 02:04:37,legitimate,9758.632,Make Purchase,True,-167.02455,9591.607,China,Japan,Android,Public WiFi,0,0,traveler,0
13,13,2025-02-25 18:38:06,0 days 00:19:36,legitimate,18364.203,Make Purchase,True,-218.81673,18145.387,Japan,Japan,MacBook,Mobile Network,0,0,static,0
14,14,2025-02-25 21:22:16,0 days 02:41:06,legitimate,26949.78,Deposit Funds,True,62.53466,27012.314,UK,UK,iPhone,Home WiFi,0,0,static,0
15,15,2025-02-26 00:39:53,0 days 02:53:44,legitimate,12131.125,Deposit Funds,True,144.11635,12275.241,USA,Germany,Windows Laptop,Home WiFi,0,0,traveler,0
18,18,2025-02-25 17:57:13,0 days 00:52:48,legitimate,60230.1,Apply for Credit Card,True,0.0,60230.1,UK,USA,Android,Mobile Network,0,0,traveler,0
19,19,2025-02-25 19:03:56,0 days 02:19:25,legitimate,10557.373,Pay Bills,True,-157.52406,10399.85,Japan,Germany,iPhone,Corporate Network,0,0,traveler,0
20,20,2025-02-25 21:04:50,0 days 02:52:34,legitimate,56772.95,Transfer Funds,True,-235.75671,56537.19,USA,USA,iPad,Home WiFi,0,0,static,0
22,22,2025-02-25 20:20:40,0 days 02:00:01,legitimate,25927.295,Pay Bills,True,-17.996536,25909.299,China,China,iPhone,Home WiFi,1,0,static,0
23,23,2025-02-26 00:08:10,0 days 02:31:21,legitimate,25226.877,Deposit Funds,True,410.6301,25637.506,UK,France,Android,Public WiFi,0,0,static,0
24,24,2025-02-25 20:37:31,0 days 02:09:16,legitimate,78311.34,Pay Bills,True,-108.74344,78202.6,China,Japan,Windows Laptop,Mobile Network,0,0,traveler,0
25,25,2025-02-25 18:31:57,0 days 02:45:52,legitimate,57194.027,Transfer Funds,True,-51.537632,57142.49,UK,UK,MacBook,Mobile Network,0,0,static,0
26,26,2025-02-25 21:17:09,0 days 02:13:38,legitimate,6213.726,Make Purchase,True,-28.67265,6185.0537,Japan,Japan,iPhone,Home WiFi,0,1,traveler,0
27,27,2025-02-26 00:43:22,0 days 00:59:08,legitimate,56162.066,Transfer Funds,True,-173.80046,55988.266,Japan,Japan,MacBook,Mobile Network,0,0,traveler,0
28,28,2025-02-26 00:41:16,0 days 00:20:24,legitimate,63797.027,Deposit Funds,True,636.7672,64433.797,Japan,USA,Windows Laptop,Mobile Network,0,0,traveler,0
29,29,2025-02-25 19:47:47,0 days 00:30:03,legitimate,48809.645,Pay Bills,True,-82.34111,48727.305,France,France,Android,Public WiFi,0,0,static,0
30,30,2025-02-25 19:30:12,0 days 01:53:07,legitimate,16350.663,Deposit Funds,True,334.71466,16685.377,France,USA,Android,Home WiFi,1,0,static,0
31,31,2025-02-25 16:14:43,0 days 02:13:17,legitimate,35644.074,Make Purchase,True,-638.07556,35006.0,USA,France,Windows Laptop,Home WiFi,0,0,static,0
32,32,2025-02-25 23:21:42,0 days 01:19:44,legitimate,778.04474,Pay Bills,True,-289.85068,488.19403,France,Germany,iPhone,Mobile Network,0,0,traveler,0
33,33,2025-02-25 14:31:57,0 days 02:02:55,legitimate,54399.207,Apply for Credit Card,True,0.0,54399.207,Germany,Germany,MacBook,Public WiFi,0,0,static,0
34,34,2025-02-25 20:34:01,0 days 02:15:11,legitimate,73714.64,Deposit Funds,True,702.95984,74417.59,Germany,Germany,MacBook,Home WiFi,0,0,static,0
35,35,2025-02-25 18:18:57,0 days 02:08:40,legitimate,8125.736,Make Purchase,True,-177.35239,7948.384,Germany,Germany,Android,Public WiFi,0,0,static,0
36,36,2025-02-26 07:32:26,0 days 01:59:34,legitimate,18680.742,Transfer Funds,True,-219.65723,18461.086,UK,UK,Windows Laptop,Home WiFi,0,1,static,0
37,37,2025-02-25 19:00:03,0 days 02:51:49,legitimate,15259.967,Pay Bills,True,-35.66226,15224.305,UK,UK,iPhone,Corporate Network,0,0,static,0
38,38,2025-02-25 21:10:15,0 days 02:48:10,legitimate,92121.53,Deposit Funds,True,396.03885,92517.57,China,France,Android,Public WiFi,0,0,traveler,0
39,39,2025-02-26 00:04:13,0 days 02:40:39,legitimate,29519.36,Review activityments,True,0.0,29519.36,Japan,USA,iPhone,Corporate Network,0,0,static,0
0,0,2025-02-25 13:27:51,0 days 02:26:21,legitimate,77902.74,Make Purchase,True,-149.39566,77753.34,UK,USA,Android,Mobile Network,0,0,traveler,0
1,1,2025-02-25 16:46:27,0 days 01:49:09,legitimate,26111.225,Invest Money,True,-45.591328,26065.633,China,Japan,Android,Home WiFi,1,0,traveler,0
2,2,2025-02-25 17:15:05,0 days 00:41:38,legitimate,28437.986,Invest Money,True,-43.89725,28394.09,Germany,Germany,iPad,Home WiFi,0,1,static,0
4,4,2025-02-26 05:08:26,0 days 00:30:52,legitimate,66199.5,Transfer Funds,True,-87.045456,66112.45,USA,USA,iPhone,Public WiFi,0,0,static,0
6,6,2025-02-25 17:24:31,0 days 01:50:07,legitimate,13769.092,Make Purchase,True,-38.105423,13730.986,France,USA,iPad,Home WiFi,0,0,static,0
8,8,2025-02-25 21:29:01,0 days 00:04:15,legitimate,81414.2,Deposit Funds,True,66.19345,81480.4,UK,UK,iPhone,Mobile Network,0,0,traveler,0
9,9,2025-02-26 04:59:59,0 days 01:34:20,legitimate,90533.78,Transfer Funds,True,-933.01135,89600.766,USA,UK,Android,Home WiFi,0,0,static,0
10,10,2025-02-26 05:27:47,0 days 00:10:28,legitimate,6598.4795,Apply for Credit Card,True,0.0,6598.4795,USA,USA,Windows Laptop,Home WiFi,0,0,static,0
11,11,2025-02-25 22:05:59,0 days 02:28:43,legitimate,63219.965,Make Purchase,True,-301.08273,62918.883,USA,UK,iPhone,Mobile Network,0,0,static,0
12,12,2025-02-25 22:11:56,0 days 01:37:05,legitimate,9591.607,Make Purchase,True,-40.111107,9551.496,China,Germany,iPad,Home WiFi,0,0,traveler,0
13,13,2025-02-25 21:07:08,0 days 02:29:02,legitimate,18145.387,Pay Bills,True,-136.38893,18008.998,Japan,Japan,MacBook,Mobile Network,0,0,static,0
14,14,2025-02-25 22:02:27,0 days 00:40:11,legitimate,27012.314,Deposit Funds,True,201.4408,27213.756,UK,UK,MacBook,Home WiFi,0,0,static,0
15,15,2025-02-26 01:25:53,0 days 00:46:00,legitimate,12275.241,Deposit Funds,True,255.69322,12530.935,USA,Japan,Android,Home WiFi,0,0,traveler,0
18,18,2025-02-25 19:26:36,0 days 01:29:23,legitimate,60230.1,Apply for Credit Card,True,0.0,60230.1,UK,UK,MacBook,Public WiFi,0,0,traveler,0
19,19,2025-02-25 20:11:54,0 days 01:07:58,legitimate,10399.85,Make Purchase,True,-213.77438,10186.075,Japan,USA,Android,Home WiFi,0,0,traveler,0
20,20,2025-02-25 22:07:45,0 days 01:02:55,legitimate,56537.19,Make Purchase,True,-123.3859,56413.805,USA,USA,Android,Mobile Network,0,0,static,0
22,22,2025-02-25 22:57:44,0 days 02:37:04,legitimate,25909.299,Apply for Credit Card,True,0.0,25909.299,China,China,Android,Mobile Network,0,0,static,0
23,23,2025-02-26 00:29:49,0 days 00:21:39,legitimate,25637.506,Apply for Loan,True,0.0,25637.506,UK,USA,MacBook,Home WiFi,0,0,static,0
24,24,2025-02-25 20:57:34,0 days 00:20:03,legitimate,78202.6,Transfer Funds,True,-41.204514,78161.39,China,France,iPhone,Home WiFi,0,0,traveler,0
25,25,2025-02-25 18:48:31,0 days 00:16:34,legitimate,57142.49,Make Purchase,True,-26.968702,57115.52,UK,UK,Linux PC,Home WiFi,0,0,static,0
26,26,2025-02-25 21:36:50,0 days 00:19:41,legitimate,6185.0537,Transfer Funds,True,-354.04263,5831.0107,Japan,USA,Windows Laptop,Public WiFi,1,0,traveler,0
27,27,2025-02-26 02:32:08,0 days 01:48:46,legitimate,55988.266,Transfer Funds,True,-50.343845,55937.92,Japan,UK,iPhone,Home WiFi,0,0,traveler,0
28,28,2025-02-26 02:13:33,0 days 01:32:17,legitimate,64433.797,Make Purchase,True,-53.65512,64380.14,Japan,USA,Windows Laptop,Public WiFi,0,0,traveler,0
29,29,2025-02-25 22:26:26,0 days 02:38:39,legitimate,48727.305,Pay Bills,True,-125.695694,48601.61,France,France,MacBook,Home WiFi,0,0,static,0
30,30,2025-02-25 20:11:13,0 days 00:41:01,legitimate,16685.377,Transfer Funds,True,-42.418564,16642.959,France,France,MacBook,Home WiFi,0,0,static,0
31,31,2025-02-25 18:22:55,0 days 02:08:12,legitimate,35006.0,Make Purchase,True,-44.18144,34961.816,USA,France,iPhone,Mobile Network,1,0,static,0
32,32,2025-02-25 23:23:19,0 days 00:01:37,legitimate,488.19403,Apply for Loan,True,0.0,488.19403,France,Japan,Windows Laptop,Public WiFi,0,0,traveler,0
33,33,2025-02-25 17:12:29,0 days 02:40:32,legitimate,54399.207,Make Purchase,True,-165.7578,54233.45,Germany,Germany,Android,Home WiFi,0,0,static,0
34,34,2025-02-25 22:09:31,0 days 01:35:30,legitimate,74417.59,Make Purchase,True,-888.2609,73529.336,Germany,Germany,MacBook,Home WiFi,0,1,static,0
35,35,2025-02-25 20:20:32,0 days 02:01:35,legitimate,7948.384,Make Purchase,True,-43.30362,7905.08,Germany,Germany,Windows Laptop,Home WiFi,1,0,static,0
36,36,2025-02-26 07:51:55,0 days 00:19:29,legitimate,18461.086,Deposit Funds,True,26.725435,18487.81,UK,UK,Android,Public WiFi,0,0,static,0
37,37,2025-02-25 21:18:28,0 days 02:18:25,legitimate,15224.305,Make Purchase,True,-45.53533,15178.77,UK,UK,MacBook,Corporate Network,0,0,static,0
38,38,2025-02-25 23:56:48,0 days 02:46:33,legitimate,92517.57,Pay Bills,True,-81.596245,92435.98,China,USA,Android,Home WiFi,0,0,traveler,0
39,39,2025-02-26 00:11:40,0 days 00:07:27,legitimate,29519.36,Transfer Funds,True,-276.26703,29243.092,Japan,USA,Android,Home WiFi,0,0,static,0
0,0,2025-02-25 14:25:12,0 days 00:57:21,legitimate,77753.34,Make Purchase,True,-322.98248,77430.37,UK,Japan,Windows Laptop,Mobile Network,0,0,traveler,0
1,1,2025-02-25 18:22:19,0 days 01:35:52,legitimate,26065.633,Invest Money,True,-64.67834,26000.955,China,USA,Windows Laptop,Home WiFi,1,0,traveler,0
2,2,2025-02-25 19:24:14,0 days 02:09:09,legitimate,28394.09,Invest Money,True,-400.05597,27994.033,Germany,Germany,iPhone,Public WiFi,0,0,static,0
4,4,2025-02-26 05:27:25,0 days 00:18:59,legitimate,66112.45,Transfer Funds,True,-313.72522,65798.73,USA,USA,MacBook,Corporate Network,1,0,static,0
6,6,2025-02-25 18:58:13,0 days 01:33:42,legitimate,13730.986,Make Purchase,True,-81.980156,13649.006,France,France,iPhone,Public WiFi,0,0,static,0
8,8,2025-02-25 22:21:37,0 days 00:52:36,legitimate,81480.4,Deposit Funds,True,311.20154,81791.6,UK,Germany,Windows Laptop,Mobile Network,0,0,traveler,0
9,9,2025-02-26 06:54:11,0 days 01:54:12,legitimate,89600.766,Make Purchase,True,-134.0545,89466.71,USA,France,Windows Laptop,Home WiFi,0,0,static,0
10,10,2025-02-26 06:18:13,0 days 00:50:26,legitimate,6598.4795,Apply for Credit Card,True,0.0,6598.4795,USA,USA,Windows Laptop,Home WiFi,0,0,static,0
11,11,2025-02-25 22:36:33,0 days 00:30:34,legitimate,62918.883,Make Purchase,True,-253.2535,62665.63,USA,UK,MacBook,Mobile Network,0,0,static,0
12,12,2025-02-26 01:09:30,0 days 02:57:34,legitimate,9551.496,Make Purchase,True,-84.67014,9466.826,China,Japan,Linux PC,Public WiFi,0,0,traveler,0
13,13,2025-02-25 23:56:28,0 days 02:49:20,legitimate,18008.998,Transfer Funds,True,-561.9775,17447.02,Japan,Japan,Windows Laptop,Public WiFi,0,0,static,0
14,14,2025-02-26 00:54:35,0 days 02:52:08,legitimate,27213.756,Make Purchase,True,-236.57129,26977.184,UK,UK,Android,Public WiFi,0,0,static,0
15,15,2025-02-26 03:51:19,0 days 02:25:26,legitimate,12530.935,Deposit Funds,True,86.02092,12616.956,USA,Japan,iPhone,Mobile Network,0,0,traveler,0
18,18,2025-02-25 20:14:09,0 days 00:47:33,legitimate,60230.1,Apply for Credit Card,True,0.0,60230.1,UK,Japan,MacBook,Home WiFi,0,0,traveler,0
19,19,2025-02-25 21:14:02,0 days 01:02:08,legitimate,10186.075,Make Purchase,True,-154.94771,10031.127,Japan,UK,MacBook,Mobile Network,1,0,traveler,0
20,20,2025-02-25 23:01:01,0 days 00:53:16,legitimate,56413.805,Pay Bills,True,-1436.619,54977.188,USA,USA,iPhone,Home WiFi,0,0,static,0
22,22,2025-02-26 01:06:33,0 days 02:08:49,legitimate,25909.299,Apply for Credit Card,True,0.0,25909.299,China,China,iPhone,Mobile Network,0,0,static,0
23,23,2025-02-26 02:49:26,0 days 02:19:37,legitimate,25637.506,Apply for Loan,True,0.0,25637.506,UK,France,iPhone,Mobile Network,0,0,static,0
24,24,2025-02-25 22:54:22,0 days 01:56:48,legitimate,78161.39,Deposit Funds,True,36.832474,78198.23,China,France,iPhone,Mobile Network,0,0,traveler,0
25,25,2025-02-25 20:18:25,0 days 01:29:54,legitimate,57115.52,Make Purchase,True,-455.77515,56659.742,UK,UK,Android,Public WiFi,0,0,static,0
26,26,2025-02-25 22:33:46,0 days 00:56:56,legitimate,5831.0107,Pay Bills,True,-25.766737,5805.244,Japan,Japan,MacBook,Mobile Network,0,0,traveler,0
27,27,2025-02-26 05:26:53,0 days 02:54:45,legitimate,55937.92,Deposit Funds,True,557.3993,56495.32,Japan,Japan,iPhone,Home WiFi,0,0,traveler,0
28,28,2025-02-26 04:46:26,0 days 02:32:53,legitimate,64380.14,Make Purchase,True,-190.36057,64189.78,Japan,Japan,MacBook,Home WiFi,0,1,traveler,0
29,29,2025-02-26 00:40:55,0 days 02:14:29,legitimate,48601.61,Deposit Funds,True,38.053856,48639.66,France,France,Linux PC,Home WiFi,0,0,static,0
30,30,2025-02-25 21:49:38,0 days 01:38:25,legitimate,16642.959,Transfer Funds,True,-61.376385,16581.582,France,USA,Android,Home WiFi,0,0,static,0
31,31,2025-02-25 18:27:34,0 days 00:04:39,legitimate,34961.816,Make Purchase,True,-279.04672,34682.77,USA,France,Android,Home WiFi,0,0,static,0
32,32,2025-02-26 01:45:59,0 days 02:22:40,legitimate,488.19403,Deposit Funds,True,1262.43,1750.6241,France,France,MacBook,Home WiFi,0,0,traveler,0
33,33,2025-02-25 19:14:33,0 days 02:02:04,legitimate,54233.45,Transfer Funds,True,-124.47477,54108.973,Germany,Germany,iPhone,Home WiFi,0,0,static,0
34,34,2025-02-26 00:08:35,0 days 01:59:04,legitimate,73529.336,Make Purchase,True,-409.40005,73119.94,Germany,France,Android,Home WiFi,0,0,static,0
35,35,2025-02-25 21:55:32,0 days 01:35:00,legitimate,7905.08,Make Purchase,True,-282.4453,7622.635,Germany,Germany,iPhone,Home WiFi,0,0,static,0
36,36,2025-02-26 10:09:31,0 days 02:17:36,legitimate,18487.81,Make Purchase,True,-381.8434,18105.967,UK,UK,Android,Mobile Network,0,1,static,0
37,37,2025-02-25 21:25:46,0 days 00:07:18,legitimate,15178.77,Make Purchase,True,-119.69191,15059.077,UK,UK,Android,Home WiFi,0,0,static,0
38,38,2025-02-26 00:56:38,0 days 00:59:50,legitimate,92435.98,Make Purchase,True,-114.3537,92321.625,China,Germany,iPhone,Mobile Network,1,0,traveler,0
39,39,2025-02-26 01:45:43,0 days 01:34:03,legitimate,29243.092,Make Purchase,True,-1216.008,28027.084,Japan,USA,Android,Public WiFi,0,0,static,0
0,0,2025-02-25 16:36:31,0 days 02:11:19,legitimate,77430.37,Make Purchase,True,-228.47993,77201.88,UK,Japan,Linux PC,Public WiFi,0,0,traveler,0
1,1,2025-02-25 18:43:51,0 days 00:21:32,legitimate,26000.955,Invest Money,True,-85.05083,25915.904,China,France,Linux PC,Public WiFi,0,0,traveler,0
2,2,2025-02-25 20:59:59,0 days 01:35:45,legitimate,27994.033,Apply for Loan,True,0.0,27994.033,Germany,UK,MacBook,Home WiFi,0,0,static,0
4,4,2025-02-26 06:17:42,0 days 00:50:17,legitimate,65798.73,Deposit Funds,True,74.65609,65873.38,USA,USA,iPhone,Public WiFi,0,0,static,0
6,6,2025-02-25 21:07:02,0 days 02:08:49,legitimate,13649.006,Apply for Credit Card,True,0.0,13649.006,France,France,Windows Laptop,Home WiFi,0,0,static,0
8,8,2025-02-26 00:43:21,0 days 02:21:44,legitimate,81791.6,Deposit Funds,True,49.472736,81841.07,UK,USA,Android,Mobile Network,0,0,traveler,0
9,9,2025-02-26 08:53:24,0 days 01:59:13,legitimate,89466.71,Make Purchase,True,-39.557957,89427.16,USA,USA,iPhone,Home WiFi,0,0,static,0
10,10,2025-02-26 07:44:16,0 days 01:26:03,legitimate,6598.4795,Pay Bills,True,-102.02205,6496.4575,USA,USA,iPhone,Public WiFi,0,0,static,0
11,11,2025-02-26 01:00:12,0 days 02:23:39,legitimate,62665.63,Make Purchase,True,-9.32161,62656.305,USA,USA,Linux PC,Home WiFi,0,1,static,0
12,12,2025-02-26 01:52:30,0 days 00:43:00,legitimate,9466.826,Pay Bills,True,-241.72792,9225.098,China,France,iPhone,Corporate Network,0,0,traveler,0
13,13,2025-02-26 00:25:35,0 days 00:29:07,legitimate,17447.02,Make Purchase,True,-128.15228,17318.867,Japan,Japan,iPhone,Corporate Network,0,0,static,0
14,14,2025-02-26 02:05:14,0 days 01:10:39,legitimate,26977.184,Make Purchase,True,-319.23712,26657.947,UK,UK,Android,Home WiFi,0,0,static,0
15,15,2025-02-26 04:08:21,0 days 00:17:02,legitimate,12616.956,Deposit Funds,True,173.45058,12790.406,USA,USA,iPhone,Mobile Network,0,0,traveler,0
18,18,2025-02-25 21:58:50,0 days 01:44:41,legitimate,60230.1,Transfer Funds,True,-122.88265,60107.22,UK,Germany,iPad,Home WiFi,0,0,traveler,0
19,19,2025-02-25 22:26:01,0 days 01:11:59,legitimate,10031.127,Pay Bills,True,-777.2359,9253.892,Japan,France,iPhone,Mobile Network,0,0,traveler,0
20,20,2025-02-26 00:58:41,0 days 01:57:40,legitimate,54977.188,Transfer Funds,True,-114.687065,54862.5,USA,USA,iPhone,Corporate Network,0,0,static,0
22,22,2025-02-26 02:16:59,0 days 01:10:26,legitimate,25909.299,Transfer Funds,True,-407.44046,25501.86,China,China,Android,Corporate Network,0,0,static,0
23,23,2025-02-26 04:49:17,0 days 01:59:51,legitimate,25637.506,Apply for Loan,True,0.0,25637.506,UK,UK,iPad,Mobile Network,0,0,static,0
24,24,2025-02-25 22:56:45,0 days 00:02:23,legitimate,78198.23,Deposit Funds,True,190.38846,78388.62,China,Japan,iPhone,Home WiFi,0,1,traveler,0
25,25,2025-02-25 23:05:37,0 days 02:47:12,legitimate,56659.742,Make Purchase,True,-127.51531,56532.23,UK,UK,MacBook,Public WiFi,0,0,static,0
26,26,2025-02-25 23:40:50,0 days 01:07:04,legitimate,5805.244,Make Purchase,True,-205.66006,5599.584,Japan,France,Windows Laptop,Home WiFi,0,0,traveler,0
27,27,2025-02-26 05:37:22,0 days 00:10:29,legitimate,56495.32,Deposit Funds,True,21.726044,56517.047,Japan,Japan,Linux PC,Home WiFi,0,0,traveler,0
28,28,2025-02-26 05:53:35,0 days 01:07:09,legitimate,64189.78,Transfer Funds,True,-459.9749,63729.805,Japan,France,Android,Home WiFi,0,0,traveler,0
29,29,2025-02-26 03:12:17,0 days 02:31:22,legitimate,48639.66,Transfer Funds,True,-69.71011,48569.953,France,France,Windows Laptop,Public WiFi,0,0,static,0
30,30,2025-02-26 00:32:12,0 days 02:42:34,legitimate,16581.582,Pay Bills,True,-121.52424,16460.059,France,France,Windows Laptop,Public WiFi,0,0,static,0
31,31,2025-02-25 18:46:31,0 days 00:18:57,legitimate,34682.77,Pay Bills,True,-152.08339,34530.688,USA,France,iPhone,Home WiFi,0,0,static,0
32,32,2025-02-26 04:35:52,0 days 02:49:53,legitimate,1750.6241,Make Purchase,True,-749.40765,1001.21643,France,USA,Windows Laptop,Home WiFi,0,0,traveler,0
33,33,2025-02-25 21:20:30,0 days 02:05:57,legitimate,54108.973,Make Purchase,True,-87.89003,54021.082,Germany,Germany,iPhone,Home WiFi,0,0,static,0
34,34,2025-02-26 02:25:51,0 days 02:17:16,legitimate,73119.94,Make Purchase,True,-918.9053,72201.03,Germany,France,iPhone,Home WiFi,1,0,static,0
35,35,2025-02-25 22:22:12,0 days 00:26:40,legitimate,7622.635,Apply for Loan,True,0.0,7622.635,Germany,Germany,iPhone,Mobile Network,0,0,static,0
36,36,2025-02-26 10:50:54,0 days 00:41:23,legitimate,18105.967,Transfer Funds,True,-688.30164,17417.666,UK,UK,iPhone,Public WiFi,0,0,static,0
37,37,2025-02-25 22:07:29,0 days 00:41:43,legitimate,15059.077,Make Purchase,True,-886.91455,14172.163,UK,UK,MacBook,Mobile Network,0,0,static,0
38,38,2025-02-26 02:13:49,0 days 01:17:11,legitimate,92321.625,Deposit Funds,True,185.09549,92506.72,China,Germany,MacBook,Public WiFi,0,0,traveler,0
39,39,2025-02-26 03:20:13,0 days 01:34:30,legitimate,28027.084,Make Purchase,True,-48.911354,27978.174,Japan,Japan,iPhone,Mobile Network,0,1,static,0
0,0,2025-02-25 18:46:51,0 days 02:10:20,legitimate,77201.88,Make Purchase,True,-132.96349,77068.92,UK,France,Windows Laptop,Public WiFi,0,0,traveler,0
1,1,2025-02-25 21:00:05,0 days 02:16:14,legitimate,25915.904,Review activityments,True,0.0,25915.904,China,France,Android,Public WiFi,0,0,traveler,0
2,2,2025-02-25 23:21:04,0 days 02:21:05,legitimate,27994.033,Apply for Loan,True,0.0,27994.033,Germany,Germany,iPhone,Mobile Network,0,0,static,0
4,4,2025-02-26 09:17:24,0 days 02:59:42,legitimate,65873.38,Deposit Funds,True,3.4069443,65876.79,USA,UK,MacBook,Home WiFi,0,0,static,0
6,6,2025-02-25 23:46:58,0 days 02:39:56,legitimate,13649.006,Apply for Credit Card,True,0.0,13649.006,France,France,iPhone,Mobile Network,0,0,static,0
8,8,2025-02-26 00:47:43,0 days 00:04:22,legitimate,81841.07,Deposit Funds,True,2437.0251,84278.1,UK,UK,Linux PC,Public WiFi,0,0,traveler,0
9,9,2025-02-26 09:57:28,0 days 01:04:04,legitimate,89427.16,Make Purchase,True,-80.01515,89347.14,USA,France,Linux PC,Home WiFi,0,0,static,0
10,10,2025-02-26 08:36:52,0 days 00:52:36,legitimate,6496.4575,Transfer Funds,True,-234.18158,6262.276,USA,USA,Windows Laptop,Public WiFi,0,0,static,0
11,11,2025-02-26 01:16:45,0 days 00:16:33,legitimate,62656.305,Pay Bills,True,-519.97815,62136.33,USA,UK,MacBook,Home WiFi,0,0,static,0
12,12,2025-02-26 04:15:53,0 days 02:23:23,legitimate,9225.098,Pay Bills,True,-178.17595,9046.922,China,USA,iPhone,Corporate Network,1,0,traveler,0
13,13,2025-02-26 03:19:05,0 days 02:53:30,legitimate,17318.867,Pay Bills,True,-111.34711,17207.521,Japan,Japan,MacBook,Public WiFi,0,0,static,0
14,14,2025-02-26 02:13:09,0 days 00:07:55,legitimate,26657.947,Make Purchase,True,-160.0321,26497.914,UK,UK,Windows Laptop,Corporate Network,0,0,static,0
15,15,2025-02-26 07:04:01,0 days 02:55:40,legitimate,12790.406,Make Purchase,True,-199.48343,12590.923,USA,UK,Windows Laptop,Mobile Network,0,0,traveler,0
18,18,2025-02-25 23:19:00,0 days 01:20:10,legitimate,60107.22,Make Purchase,True,-45.131714,60062.086,UK,Japan,Linux PC,Public WiFi,0,0,traveler,0
19,19,2025-02-26 01:01:57,0 days 02:35:56,legitimate,9253.892,Make Purchase,True,-744.79364,8509.098,Japan,USA,Windows Laptop,Home WiFi,0,0,traveler,0
20,20,2025-02-26 02:52:17,0 days 01:53:36,legitimate,54862.5,Make Purchase,True,-137.54262,54724.957,USA,USA,iPad,Home WiFi,0,0,static,0
22,22,2025-02-26 02:19:04,0 days 00:02:05,legitimate,25501.86,Make Purchase,True,-55.32218,25446.537,China,China,MacBook,Home WiFi,0,0,static,0
23,23,2025-02-26 06:15:13,0 days 01:25:56,legitimate,25637.506,Transfer Funds,True,-115.51732,25521.99,UK,UK,MacBook,Home WiFi,0,0,static,0
24,24,2025-02-26 00:04:23,0 days 01:07:38,legitimate,78388.62,Pay Bills,True,-243.43974,78145.17,China,Japan,iPhone,Home WiFi,0,0,traveler,0
25,25,2025-02-26 00:15:46,0 days 01:10:09,legitimate,56532.23,Pay Bills,True,-620.89685,55911.332,UK,UK,Linux PC,Public WiFi,0,0,static,0
26,26,2025-02-26 01:30:59,0 days 01:50:09,legitimate,5599.584,Apply for Credit Card,True,0.0,5599.584,Japan,Japan,Android,Public WiFi,0,0,traveler,0
27,27,2025-02-26 06:39:43,0 days 01:02:21,legitimate,56517.047,Pay Bills,True,-96.78092,56420.266,Japan,Germany,Android,Public WiFi,0,0,traveler,0
28,28,2025-02-26 06:56:39,0 days 01:03:04,legitimate,63729.805,Deposit Funds,True,83.48867,63813.293,Japan,France,Android,Corporate Network,0,0,traveler,0
29,29,2025-02-26 05:16:41,0 days 02:04:24,legitimate,48569.953,Deposit Funds,True,59.364937,48629.316,France,France,iPhone,Home WiFi,0,0,static,0
30,30,2025-02-26 03:30:48,0 days 02:58:36,legitimate,16460.059,Transfer Funds,True,-141.94402,16318.114,France,France,Windows Laptop,Mobile Network,0,0,static,0
31,31,2025-02-25 20:20:46,0 days 01:34:15,legitimate,34530.688,Pay Bills,True,-401.83673,34128.85,USA,USA,MacBook,Mobile Network,0,0,static,0
32,32,2025-02-26 04:56:42,0 days 00:20:50,legitimate,1001.21643,Make Purchase,True,-57.632652,943.58374,France,France,Windows Laptop,Mobile Network,1,0,traveler,0
33,33,2025-02-26 00:09:17,0 days 02:48:47,legitimate,54021.082,Make Purchase,True,-508.77374,53512.31,Germany,Germany,iPhone,Home WiFi,0,0,static,0
34,34,2025-02-26 02:31:27,0 days 00:05:36,legitimate,72201.03,Make Purchase,True,-101.07642,72099.95,Germany,Germany,Android,Public WiFi,0,1,static,0
35,35,2025-02-25 23:43:33,0 days 01:21:21,legitimate,7622.635,Transfer Funds,True,-120.68379,7501.9507,Germany,Germany,iPhone,Corporate Network,1,0,static,0
36,36,2025-02-26 11:09:59,0 days 00:19:05,legitimate,17417.666,Make Purchase,True,-78.23358,17339.432,UK,UK,Android,Public WiFi,0,0,static,0
37,37,2025-02-26 00:19:58,0 days 02:12:29,legitimate,14172.163,Make Purchase,True,-193.27284,13978.89,UK,UK,Android,Public WiFi,0,0,static,0
38,38,2025-02-26 04:39:22,0 days 02:25:33,legitimate,92506.72,Transfer Funds,True,-78.378296,92428.336,China,Germany,Android,Home WiFi,0,0,traveler,0
39,39,2025-02-26 04:25:09,0 days 01:04:56,legitimate,27978.174,Pay Bills,True,-160.13927,27818.033,Japan,USA,iPhone,Public WiFi,0,0,static,0
0,0,2025-02-25 19:12:52,0 days 00:26:01,legitimate,77068.92,Pay Bills,True,-133.00806,76935.914,UK,Germany,Android,Public WiFi,0,0,traveler,0
1,1,2025-02-25 22:56:58,0 days 01:56:53,legitimate,25915.904,Review activityments,True,0.0,25915.904,China,Germany,Windows Laptop,Home WiFi,0,0,traveler,0
2,2,2025-02-26 00:38:27,0 days 01:17:23,legitimate,27994.033,Invest Money,True,-205.66006,27788.373,Germany,Germany,iPhone,Home WiFi,1,1,static,0
4,4,2025-02-26 09:51:13,0 days 00:33:49,legitimate,65876.79,Make Purchase,True,-34.632973,65842.16,USA,UK,Android,Mobile Network,0,0,static,0
6,6,2025-02-26 02:09:47,0 days 02:22:49,legitimate,13649.006,Make Purchase,True,-152.48802,13496.519,France,France,iPhone,Corporate Network,0,0,static,0
8,8,2025-02-26 01:06:48,0 days 00:19:05,legitimate,84278.1,Deposit Funds,True,141.06602,84419.164,UK,Germany,Android,Mobile Network,0,0,traveler,0
9,9,2025-02-26 10:49:22,0 days 00:51:54,legitimate,89347.14,Make Purchase,True,-109.980415,89237.164,USA,UK,iPad,Home WiFi,0,0,static,0
10,10,2025-02-26 10:49:08,0 days 02:12:16,legitimate,6262.276,Transfer Funds,True,-198.90218,6063.3735,USA,USA,Windows Laptop,Home WiFi,0,0,static,0
11,11,2025-02-26 03:32:50,0 days 02:16:05,legitimate,62136.33,Pay Bills,True,-282.3062,61854.023,USA,France,iPhone,Public WiFi,0,0,static,0
12,12,2025-02-26 06:15:10,0 days 01:59:17,legitimate,9046.922,Pay Bills,True,-33.186813,9013.735,China,USA,Android,Home WiFi,0,0,traveler,0
13,13,2025-02-26 04:36:12,0 days 01:17:07,legitimate,17207.521,Pay Bills,True,-89.36303,17118.158,Japan,Japan,iPhone,Public WiFi,0,0,static,0
14,14,2025-02-26 03:06:41,0 days 00:53:32,legitimate,26497.914,Make Purchase,True,-189.32129,26308.594,UK,UK,MacBook,Home WiFi,0,0,static,0
15,15,2025-02-26 07:11:45,0 days 00:07:44,legitimate,12590.923,Make Purchase,True,-17.736382,12573.187,USA,France,iPhone,Mobile Network,0,0,traveler,0
18,18,2025-02-25 23:58:17,0 days 00:39:17,legitimate,60062.086,Apply for Credit Card,True,0.0,60062.086,UK,USA,Android,Home WiFi,0,0,traveler,0
19,19,2025-02-26 03:24:09,0 days 02:22:12,legitimate,8509.098,Transfer Funds,True,-209.58913,8299.509,Japan,France,Windows Laptop,Public WiFi,0,0,traveler,0
20,20,2025-02-26 05:02:55,0 days 02:10:38,legitimate,54724.957,Pay Bills,True,-197.61234,54527.344,USA,UK,Android,Home WiFi,0,0,static,0
22,22,2025-02-26 04:10:52,0 days 01:51:48,legitimate,25446.537,Make Purchase,True,-29.070072,25417.467,China,China,Windows Laptop,Home WiFi,0,1,static,0
23,23,2025-02-26 07:43:43,0 days 01:28:30,legitimate,25521.99,Transfer Funds,True,-56.100628,25465.889,UK,UK,Android,Home WiFi,0,0,static,0
24,24,2025-02-26 02:14:34,0 days 02:10:11,legitimate,78145.17,Transfer Funds,True,-304.09186,77841.086,China,USA,iPhone,Home WiFi,0,0,traveler,0
25,25,2025-02-26 03:09:22,0 days 02:53:36,legitimate,55911.332,Pay Bills,True,-388.4704,55522.863,UK,UK,MacBook,Home WiFi,0,0,static,0
26,26,2025-02-26 02:07:42,0 days 00:36:43,legitimate,5599.584,Apply for Credit Card,True,0.0,5599.584,Japan,USA,iPhone,Home WiFi,0,0,traveler,0
27,27,2025-02-26 06:52:54,0 days 00:13:11,legitimate,56420.266,Pay Bills,True,-64.918175,56355.348,Japan,France,Android,Corporate Network,0,0,traveler,0
28,28,2025-02-26 07:25:38,0 days 00:28:59,legitimate,63813.293,Deposit Funds,True,52.981,63866.273,Japan,Germany,MacBook,Home WiFi,0,0,traveler,0
29,29,2025-02-26 07:36:25,0 days 02:19:44,legitimate,48629.316,Make Purchase,True,-65.34572,48563.97,France,France,iPhone,Home WiFi,0,0,static,0
30,30,2025-02-26 03:30:59,0 days 00:00:11,legitimate,16318.114,Deposit Funds,True,114.93621,16433.05,France,USA,MacBook,Public WiFi,0,0,static,0
31,31,2025-02-25 21:30:29,0 days 01:09:43,legitimate,34128.85,Pay Bills,True,-112.81497,34016.035,USA,France,iPhone,Public WiFi,0,0,static,0
32,32,2025-02-26 06:05:30,0 days 01:08:48,legitimate,943.58374,Make Purchase,True,-557.58905,385.99472,France,Japan,Windows Laptop,Public WiFi,0,0,traveler,0
33,33,2025-02-26 01:15:19,0 days 01:06:02,legitimate,53512.31,Make Purchase,True,-522.5042,52989.805,Germany,Germany,MacBook,Home WiFi,0,0,static,0
34,34,2025-02-26 03:46:46,0 days 01:15:19,legitimate,72099.95,Pay Bills,True,-154.59561,71945.36,Germany,Germany,Android,Home WiFi,0,0,static,0
35,35,2025-02-25 23:43:56,0 days 00:00:23,legitimate,7501.9507,Transfer Funds,True,-263.93137,7238.0195,Germany,France,MacBook,Home WiFi,0,0,static,0
36,36,2025-02-26 13:16:16,0 days 02:06:17,legitimate,17339.432,Make Purchase,True,-716.6237,16622.809,UK,UK,Android,Home WiFi,0,0,static,0
37,37,2025-02-26 01:44:39,0 days 01:24:41,legitimate,13978.89,Make Purchase,True,-15.359612,13963.53,UK,UK,MacBook,Home WiFi,0,0,static,0
38,38,2025-02-26 06:51:45,0 days 02:12:23,legitimate,92428.336,Deposit Funds,True,178.0363,92606.375,China,Japan,Windows Laptop,Home WiFi,0,0,traveler,0
39,39,2025-02-26 05:23:38,0 days 00:58:29,legitimate,27818.033,Pay Bills,True,-193.7517,27624.283,Japan,USA,iPhone,Public WiFi,0,0,static,0
0,0,2025-02-25 20:27:57,0 days 01:15:05,legitimate,76935.914,Pay Bills,True,-513.95056,76421.96,UK,USA,Linux PC,Home WiFi,0,0,traveler,0
1,1,2025-02-26 00:02:55,0 days 01:05:57,legitimate,25915.904,Review activityments,True,0.0,25915.904,China,France,MacBook,Home WiFi,0,0,traveler,0
2,2,2025-02-26 01:20:16,0 days 00:41:49,legitimate,27788.373,Invest Money,True,-44.494644,27743.879,Germany,France,MacBook,Public WiFi,0,0,static,0
4,4,2025-02-26 10:05:43,0 days 00:14:30,legitimate,65842.16,Apply for Credit Card,True,0.0,65842.16,USA,USA,Android,Mobile Network,0,0,static,0
6,6,2025-02-26 04:45:13,0 days 02:35:26,legitimate,13496.519,Make Purchase,True,-197.30386,13299.214,France,France,Windows Laptop,Public WiFi,0,0,static,0
8,8,2025-02-26 02:35:46,0 days 01:28:58,legitimate,84419.164,Transfer Funds,True,-57.74117,84361.42,UK,UK,iPhone,Mobile Network,0,0,traveler,0
9,9,2025-02-26 12:45:45,0 days 01:56:23,legitimate,89237.164,Make Purchase,True,-182.09631,89055.06,USA,UK,Android,Home WiFi,0,0,static,0
10,10,2025-02-26 13:04:06,0 days 02:14:58,legitimate,6063.3735,Make Purchase,True,-63.834885,5999.5386,USA,USA,Android,Home WiFi,0,0,static,0
11,11,2025-02-26 05:20:51,0 days 01:48:01,legitimate,61854.023,Deposit Funds,True,51.225285,61905.246,USA,USA,iPhone,Public WiFi,0,0,static,0
12,12,2025-02-26 08:33:40,0 days 02:18:30,legitimate,9013.735,Pay Bills,True,-55.82768,8957.907,China,Germany,Android,Public WiFi,0,0,traveler,0
13,13,2025-02-26 07:35:30,0 days 02:59:18,legitimate,17118.158,Deposit Funds,True,47.376297,17165.535,Japan,Japan,MacBook,Home WiFi,0,0,static,0
14,14,2025-02-26 05:37:08,0 days 02:30:27,legitimate,26308.594,Pay Bills,True,-624.56537,25684.027,UK,UK,Windows Laptop,Public WiFi,0,0,static,0
15,15,2025-02-26 09:37:57,0 days 02:26:12,legitimate,12573.187,Transfer Funds,True,-95.7088,12477.478,USA,Germany,Windows Laptop,Home WiFi,0,0,traveler,0
18,18,2025-02-26 01:24:05,0 days 01:25:48,legitimate,60062.086,Pay Bills,True,-38.073772,60024.016,UK,Japan,iPhone,Mobile Network,0,0,traveler,0
19,19,2025-02-26 03:34:33,0 days 00:10:24,legitimate,8299.509,Make Purchase,True,-393.82614,7905.682,Japan,USA,Windows Laptop,Home WiFi,0,0,traveler,0
20,20,2025-02-26 06:50:16,0 days 01:47:21,legitimate,54527.344,Apply for Credit Card,True,0.0,54527.344,USA,USA,MacBook,Home WiFi,0,0,static,0
22,22,2025-02-26 05:25:26,0 days 01:14:34,legitimate,25417.467,Pay Bills,True,-347.7908,25069.676,China,China,iPhone,Home WiFi,1,0,static,0
23,23,2025-02-26 09:14:33,0 days 01:30:50,legitimate,25465.889,Make Purchase,True,-42.462803,25423.426,UK,France,MacBook,Home WiFi,0,0,static,0
24,24,2025-02-26 02:28:36,0 days 00:14:02,legitimate,77841.086,Transfer Funds,True,-158.08598,77683.0,China,Japan,Android,Home WiFi,0,0,traveler,0
25,25,2025-02-26 04:07:14,0 days 00:57:52,legitimate,55522.863,Make Purchase,True,-243.67815,55279.184,UK,UK,Linux PC,Public WiFi,0,0,static,0
26,26,2025-02-26 03:59:37,0 days 01:51:55,legitimate,5599.584,Make Purchase,True,-238.82568,5360.7583,Japan,UK,iPhone,Corporate Network,0,0,traveler,0
27,27,2025-02-26 09:42:31,0 days 02:49:37,legitimate,56355.348,Pay Bills,True,-115.17649,56240.17,Japan,USA,iPhone,Home WiFi,0,0,traveler,0
28,28,2025-02-26 08:43:52,0 days 01:18:14,legitimate,63866.273,Make Purchase,True,-948.3619,62917.914,Japan,Germany,Windows Laptop,Public WiFi,0,0,traveler,0
29,29,2025-02-26 09:57:23,0 days 02:20:58,legitimate,48563.97,Make Purchase,True,-192.73875,48371.23,France,France,MacBook,Home WiFi,0,0,static,0
30,30,2025-02-26 05:38:29,0 days 02:07:30,legitimate,16433.05,Deposit Funds,True,40.111107,16473.162,France,France,Android,Home WiFi,0,0,static,0
31,31,2025-02-25 23:08:59,0 days 01:38:30,legitimate,34016.035,Review activityments,True,0.0,34016.035,USA,France,iPhone,Mobile Network,0,0,static,0
32,32,2025-02-26 08:34:00,0 days 02:28:30,legitimate,385.99472,Pay Bills,True,-73.75134,312.24338,France,Germany,MacBook,Home WiFi,0,0,traveler,0
33,33,2025-02-26 03:45:59,0 days 02:30:40,legitimate,52989.805,Make Purchase,True,-190.7878,52799.016,Germany,Germany,iPhone,Home WiFi,0,0,static,0
34,34,2025-02-26 05:10:45,0 days 01:23:59,legitimate,71945.36,Pay Bills,True,-159.34782,71786.01,Germany,France,MacBook,Home WiFi,0,0,static,0
35,35,2025-02-26 01:24:05,0 days 01:40:09,legitimate,7238.0195,Transfer Funds,True,-110.180145,7127.8394,Germany,Germany,MacBook,Corporate Network,0,0,static,0
36,36,2025-02-26 14:44:34,0 days 01:28:18,legitimate,16622.809,Deposit Funds,True,65.03319,16687.842,UK,UK,iPhone,Home WiFi,0,0,static,0
37,37,2025-02-26 04:17:22,0 days 02:32:43,legitimate,13963.53,Deposit Funds,True,158.6474,14122.178,UK,UK,MacBook,Home WiFi,0,0,static,0
38,38,2025-02-26 07:44:23,0 days 00:52:38,legitimate,92606.375,Deposit Funds,True,198.92003,92805.3,China,UK,iPhone,Mobile Network,0,0,traveler,0
39,39,2025-02-26 06:59:19,0 days 01:35:41,legitimate,27624.283,Make Purchase,True,-168.34264,27455.94,Japan,USA,Linux PC,Public WiFi,0,0,static,0
0,0,2025-02-25 22:19:46,0 days 01:51:49,legitimate,76421.96,Pay Bills,True,-184.9587,76237.0,UK,Japan,iPhone,Home WiFi,0,0,traveler,0
1,1,2025-02-26 00:33:50,0 days 00:30:55,legitimate,25915.904,Review activityments,True,0.0,25915.904,China,Japan,Android,Home WiFi,0,0,traveler,0
2,2,2025-02-26 03:20:38,0 days 02:00:22,legitimate,27743.879,Close Account,True,0.0,27743.879,Germany,Germany,Android,Home WiFi,0,0,static,0
4,4,2025-02-26 10:17:43,0 days 00:12:00,legitimate,65842.16,Apply for Credit Card,True,0.0,65842.16,USA,UK,iPhone,Mobile Network,0,0,static,0
6,6,2025-02-26 04:58:02,0 days 00:12:49,legitimate,13299.214,Make Purchase,True,-98.79699,13200.417,France,USA,MacBook,Home WiFi,0,0,static,0
8,8,2025-02-26 03:57:34,0 days 01:21:48,legitimate,84361.42,Deposit Funds,True,377.4103,84738.836,UK,UK,iPhone,Mobile Network,0,0,traveler,0
9,9,2025-02-26 13:27:09,0 days 00:41:24,legitimate,89055.06,Pay Bills,True,-81.190414,88973.875,USA,France,iPad,Public WiFi,0,0,static,0
10,10,2025-02-26 15:16:07,0 days 02:12:01,legitimate,5999.5386,Transfer Funds,True,-93.699196,5905.8394,USA,USA,Android,Corporate Network,0,0,static,0
11,11,2025-02-26 06:37:59,0 days 01:17:08,legitimate,61905.246,Deposit Funds,True,354.246,62259.492,USA,UK,Android,Home WiFi,0,0,static,0
12,12,2025-02-26 11:22:44,0 days 02:49:04,legitimate,8957.907,Transfer Funds,True,-150.34837,8807.56,China,France,Windows Laptop,Corporate Network,0,0,traveler,0
13,13,2025-02-26 10:18:48,0 days 02:43:18,legitimate,17165.535,Deposit Funds,True,40.309696,17205.844,Japan,Japan,Linux PC,Home WiFi,0,0,static,0
14,14,2025-02-26 07:52:34,0 days 02:15:26,legitimate,25684.027,Make Purchase,True,-160.27687,25523.752,UK,UK,Android,Public WiFi,0,0,static,0
15,15,2025-02-26 11:17:32,0 days 01:39:35,legitimate,12477.478,Deposit Funds,True,76.04115,12553.519,USA,Japan,iPhone,Mobile Network,0,0,traveler,0
18,18,2025-02-26 03:21:54,0 days 01:57:49,legitimate,60024.016,Make Purchase,True,-786.19196,59237.82,UK,Germany,iPhone,Public WiFi,0,0,traveler,0
19,19,2025-02-26 04:58:37,0 days 01:24:04,legitimate,7905.682,Pay Bills,True,-299.35284,7606.3296,Japan,France,MacBook,Mobile Network,0,0,traveler,0
20,20,2025-02-26 07:06:23,0 days 00:16:07,legitimate,54527.344,Apply for Credit Card,True,0.0,54527.344,USA,UK,Windows Laptop,Home WiFi,0,0,static,0
22,22,2025-02-26 05:40:10,0 days 00:14:44,legitimate,25069.676,Transfer Funds,True,-190.91054,24878.766,China,China,Android,Home WiFi,0,0,static,0
23,23,2025-02-26 10:09:16,0 days 00:54:43,legitimate,25423.426,Make Purchase,True,-199.72913,25223.697,UK,UK,Android,Home WiFi,0,0,static,0
24,24,2025-02-26 04:14:41,0 days 01:46:05,legitimate,77683.0,Make Purchase,True,-105.30579,77577.695,China,France,Linux PC,Home WiFi,1,0,traveler,0
25,25,2025-02-26 04:42:14,0 days 00:35:00,legitimate,55279.184,Make Purchase,True,-115.23162,55163.953,UK,UK,Android,Public WiFi,0,0,static,0
26,26,2025-02-26 04:12:21,0 days 00:12:44,legitimate,5360.7583,Transfer Funds,True,-58.936874,5301.822,Japan,Germany,MacBook,Home WiFi,1,0,traveler,0
27,27,2025-02-26 12:05:35,0 days 02:23:04,legitimate,56240.17,Pay Bills,True,-88.98638,56151.188,Japan,France,iPad,Home WiFi,0,0,traveler,0
28,28,2025-02-26 08:59:24,0 days 00:15:32,legitimate,62917.914,Deposit Funds,True,142.74187,63060.652,Japan,Japan,iPhone,Home WiFi,0,0,traveler,0
29,29,2025-02-26 12:47:49,0 days 02:50:26,legitimate,48371.23,Pay Bills,True,-596.3816,47774.85,France,France,Windows Laptop,Home WiFi,0,0,static,0
30,30,2025-02-26 07:21:55,0 days 01:43:26,legitimate,16473.162,Pay Bills,True,-30.77288,16442.389,France,France,iPhone,Mobile Network,0,0,static,0
31,31,2025-02-26 01:44:37,0 days 02:35:38,legitimate,34016.035,Review activityments,True,0.0,34016.035,USA,France,Windows Laptop,Mobile Network,0,0,static,0
32,32,2025-02-26 10:39:11,0 days 02:05:11,legitimate,312.24338,Transfer Funds,False,-619.5601,312.24338,France,Germany,iPhone,Public WiFi,0,1,traveler,0
33,33,2025-02-26 05:41:59,0 days 01:56:00,legitimate,52799.016,Make Purchase,True,-221.86418,52577.152,Germany,Germany,iPhone,Corporate Network,0,0,static,0
34,34,2025-02-26 07:16:34,0 days 02:05:49,legitimate,71786.01,Make Purchase,True,-700.5643,71085.445,Germany,Germany,iPad,Home WiFi,0,0,static,0
35,35,2025-02-26 01:54:06,0 days 00:30:01,legitimate,7127.8394,Make Purchase,True,-93.97441,7033.8647,Germany,Germany,Linux PC,Mobile Network,0,0,static,0
36,36,2025-02-26 17:01:00,0 days 02:16:26,legitimate,16687.842,Transfer Funds,True,-168.66795,16519.174,UK,UK,Windows Laptop,Mobile Network,0,0,static,0
37,37,2025-02-26 05:07:49,0 days 00:50:27,legitimate,14122.178,Deposit Funds,True,40.481182,14162.659,UK,UK,Windows Laptop,Public WiFi,0,0,static,0
38,38,2025-02-26 08:51:59,0 days 01:07:36,legitimate,92805.3,Deposit Funds,True,242.89085,93048.19,China,Germany,iPhone,Home WiFi,0,0,traveler,0
39,39,2025-02-26 09:18:30,0 days 02:19:11,legitimate,27455.94,Pay Bills,True,-1056.9081,26399.031,Japan,USA,Android,Home WiFi,0,0,static,0
0,0,2025-02-26 00:30:26,0 days 02:10:40,legitimate,76237.0,Pay Bills,True,-174.9659,76062.04,UK,Japan,Android,Home WiFi,0,0,traveler,0
1,1,2025-02-26 01:44:51,0 days 01:11:01,legitimate,25915.904,Review activityments,True,0.0,25915.904,China,Japan,Windows Laptop,Home WiFi,0,0,traveler,0
4,4,2025-02-26 10:53:31,0 days 00:35:48,legitimate,65842.16,Pay Bills,True,-349.28412,65492.87,USA,USA,Windows Laptop,Public WiFi,0,0,static,0
6,6,2025-02-26 06:21:50,0 days 01:23:48,legitimate,13200.417,Make Purchase,True,-562.2812,12638.136,France,France,Windows Laptop,Public WiFi,0,0,static,0
8,8,2025-02-26 06:08:45,0 days 02:11:11,legitimate,84738.836,Make Purchase,True,-99.05892,84639.77,UK,Japan,MacBook,Home WiFi,0,0,traveler,0
9,9,2025-02-26 14:32:19,0 days 01:05:10,legitimate,88973.875,Pay Bills,True,-34.752228,88939.125,USA,USA,MacBook,Home WiFi,0,0,static,0
10,10,2025-02-26 17:14:02,0 days 01:57:55,legitimate,5905.8394,Make Purchase,True,-98.6538,5807.1855,USA,USA,iPhone,Public WiFi,0,0,static,0
11,11,2025-02-26 06:40:40,0 days 00:02:41,legitimate,62259.492,Transfer Funds,True,-491.79413,61767.7,USA,UK,iPhone,Mobile Network,0,0,static,0
12,12,2025-02-26 13:42:12,0 days 02:19:28,legitimate,8807.56,Make Purchase,True,-345.54718,8462.012,China,UK,iPad,Mobile Network,0,0,traveler,0
13,13,2025-02-26 11:21:39,0 days 01:02:51,legitimate,17205.844,Transfer Funds,True,-125.643654,17080.201,Japan,UK,MacBook,Public WiFi,0,0,static,0
14,14,2025-02-26 08:10:40,0 days 00:18:06,legitimate,25523.752,Make Purchase,True,-357.9581,25165.793,UK,UK,iPhone,Home WiFi,0,0,static,0
15,15,2025-02-26 11:56:27,0 days 00:38:55,legitimate,12553.519,Make Purchase,True,-41.855335,12511.663,USA,Japan,iPhone,Public WiFi,0,0,traveler,0
18,18,2025-02-26 04:55:03,0 days 01:33:09,legitimate,59237.82,Pay Bills,True,-432.94986,58804.87,UK,Japan,iPad,Mobile Network,0,0,traveler,0
19,19,2025-02-26 05:40:08,0 days 00:41:31,legitimate,7606.3296,Make Purchase,True,-127.65219,7478.6772,Japan,Germany,MacBook,Corporate Network,0,0,traveler,0
20,20,2025-02-26 08:30:56,0 days 01:24:33,legitimate,54527.344,Apply for Credit Card,True,0.0,54527.344,USA,UK,Android,Home WiFi,0,0,static,0
22,22,2025-02-26 07:14:58,0 days 01:34:48,legitimate,24878.766,Make Purchase,True,-339.05014,24539.715,China,UK,Android,Home WiFi,0,0,static,0
23,23,2025-02-26 10:32:56,0 days 00:23:40,legitimate,25223.697,Make Purchase,True,-338.97025,24884.727,UK,France,iPhone,Mobile Network,0,0,static,0
24,24,2025-02-26 05:19:01,0 days 01:04:20,legitimate,77577.695,Transfer Funds,True,-67.83989,77509.85,China,UK,iPhone,Mobile Network,0,0,traveler,0
25,25,2025-02-26 06:09:52,0 days 01:27:38,legitimate,55163.953,Deposit Funds,True,18.725737,55182.676,UK,UK,Android,Corporate Network,0,0,static,0
26,26,2025-02-26 05:42:43,0 days 01:30:22,legitimate,5301.822,Deposit Funds,True,198.92334,5500.745,Japan,Japan,iPhone,Home WiFi,0,0,traveler,0
27,27,2025-02-26 12:53:48,0 days 00:48:13,legitimate,56151.188,Make Purchase,True,-197.58392,55953.6,Japan,USA,MacBook,Home WiFi,0,0,traveler,0
28,28,2025-02-26 10:14:00,0 days 01:14:36,legitimate,63060.652,Invest Money,True,-93.3859,62967.27,Japan,USA,MacBook,Corporate Network,0,0,traveler,0
29,29,2025-02-26 14:58:30,0 days 02:10:41,legitimate,47774.85,Pay Bills,True,-136.49251,47638.36,France,France,Android,Public WiFi,0,0,static,0
30,30,2025-02-26 07:35:37,0 days 00:13:42,legitimate,16442.389,Pay Bills,True,-54.1601,16388.229,France,France,Android,Home WiFi,0,0,static,0
31,31,2025-02-26 03:32:21,0 days 01:47:44,legitimate,34016.035,Pay Bills,True,-4760.5107,29255.525,USA,USA,MacBook,Home WiFi,0,0,static,0
32,32,2025-02-26 13:17:22,0 days 02:38:11,legitimate,312.24338,Pay Bills,True,-61.136765,251.10663,France,UK,iPhone,Home WiFi,0,0,traveler,0
33,33,2025-02-26 05:45:36,0 days 00:03:37,legitimate,52577.152,Make Purchase,True,-67.025894,52510.13,Germany,Germany,Windows Laptop,Home WiFi,0,0,static,0
34,34,2025-02-26 07:54:11,0 days 00:37:37,legitimate,71085.445,Pay Bills,True,-98.93019,70986.516,Germany,Germany,Android,Corporate Network,0,0,static,0
35,35,2025-02-26 04:04:59,0 days 02:10:53,legitimate,7033.8647,Make Purchase,True,-88.38855,6945.4766,Germany,Germany,Windows Laptop,Mobile Network,0,0,static,0
36,36,2025-02-26 19:58:13,0 days 02:57:13,legitimate,16519.174,Transfer Funds,True,-327.4933,16191.681,UK,UK,Android,Mobile Network,0,0,static,0
37,37,2025-02-26 05:47:58,0 days 00:40:09,legitimate,14162.659,Transfer Funds,True,-389.88144,13772.777,UK,UK,iPad,Mobile Network,0,0,static,0
38,38,2025-02-26 11:27:39,0 days 02:35:40,legitimate,93048.19,Make Purchase,True,-65.93372,92982.25,China,Japan,MacBook,Mobile Network,1,0,traveler,0
39,39,2025-02-26 10:23:47,0 days 01:05:17,legitimate,26399.031,Pay Bills,True,-219.25407,26179.777,Japan,Japan,Android,Public WiFi,0,0,static,0
0,0,2025-02-26 02:41:50,0 days 02:11:24,legitimate,76062.04,Pay Bills,True,-76.27042,75985.766,UK,UK,Linux PC,Public WiFi,0,0,traveler,0
1,1,2025-02-26 04:08:27,0 days 02:23:36,legitimate,25915.904,Review activityments,True,0.0,25915.904,China,France,Windows Laptop,Mobile Network,0,0,traveler,0
