,agent_id,timestamp,initial_balance,activity_type,granted,amount,balance,location,device,network,compromised_device,compromised_network
0,0,2025-01-19 22:00:49,3726.3,Request New Card,True,0.0,3726.3,"New York, USA",Android,Public WiFi,0,0
1,1,2025-01-19 22:44:49,2552.17,Max Out Credit,False,-5652.0,2552.17,"Los Angeles, USA",iPhone,Home WiFi,0,0
2,2,2025-01-19 23:48:49,2730.26,Open Account,True,0.0,2730.26,"New York, USA",MacBook,Home WiFi,0,0
3,3,2025-01-20 01:28:49,3813.85,Deposit Funds,True,6082.0,9895.85,"Tokyo, Japan",Linux PC,Home WiFi,0,0
4,4,2025-01-20 01:41:49,4834.69,Online Purchase,True,-348.0,4486.69,"Paris, France",Windows Laptop,Mobile Network,0,0
5,5,2025-01-20 01:42:49,3603.61,Report Lost Card,True,0.0,3603.61,"Berlin, Germany",Android,Home WiFi,0,0
6,6,2025-01-20 03:07:49,1837.09,Invest Money,False,-29194.0,1837.09,"Berlin, Germany",MacBook,Home WiFi,0,0
7,7,2025-01-20 03:49:49,4520.16,Apply for Loan,True,0.0,4520.16,"Tokyo, Japan",Windows Laptop,Public WiFi,0,0
8,8,2025-01-20 06:06:49,2642.22,Apply for Credit Card,True,0.0,2642.22,"London, UK",iPhone,Mobile Network,0,0
9,9,2025-01-20 06:34:49,4427.55,Change Email,True,0.0,4427.55,"New York, USA",iPhone,Home WiFi,0,0
10,10,2025-01-20 07:18:49,2359.31,Apply for Credit Card,True,0.0,2359.31,"London, UK",Windows Laptop,Public WiFi,0,1
11,11,2025-01-20 07:41:49,2828.59,Purchase Luxury Goods,False,-52436.0,2828.59,"New York, USA",iPad,Corporate Network,0,0
12,12,2025-01-20 07:45:49,4895.93,ATM Withdrawal,True,-507.0,4388.93,"New York, USA",iPhone,Public WiFi,0,0
13,13,2025-01-20 10:18:49,3007.38,Invest Money,False,-41059.0,3007.38,"Los Angeles, USA",Windows Laptop,Home WiFi,0,0
14,14,2025-01-20 10:32:49,3066.55,Request New PIN,True,0.0,3066.55,"Paris, France",MacBook,Home WiFi,0,0
15,15,2025-01-20 10:54:49,1162.08,Failed Login,True,0.0,1162.08,"New York, USA",iPhone,Public WiFi,0,0
16,16,2025-01-20 11:49:49,2946.36,Wire Transfer,False,-19365.0,2946.36,"Tokyo, Japan",iPhone,Home WiFi,0,1
17,17,2025-01-20 12:04:49,4757.16,Change Email,True,0.0,4757.16,"London, UK",Windows Laptop,Home WiFi,0,0
18,18,2025-01-20 12:31:49,4047.69,Unauthorized Transfer,False,-7879.0,4047.69,"New York, USA",iPad,Corporate Network,0,0
19,19,2025-01-20 12:54:49,1164.14,Failed Login,True,0.0,1164.14,"Tokyo, Japan",Android,Public WiFi,0,0
20,20,2025-01-20 13:23:49,1352.82,Change Email,True,0.0,1352.82,"London, UK",Windows Laptop,Mobile Network,0,1
21,21,2025-01-20 14:07:49,4988.28,Make Purchase,True,-568.0,4420.28,"London, UK",iPhone,Home WiFi,0,0
22,22,2025-01-20 14:10:49,3525.27,Apply for Loan,True,0.0,3525.27,"Los Angeles, USA",Android,Home WiFi,0,1
23,23,2025-01-20 15:29:49,2375.37,Invest Money,False,-14754.0,2375.37,"New York, USA",Windows Laptop,Public WiFi,0,0
24,24,2025-01-20 15:38:49,2662.99,ATM Withdrawal,True,-199.0,2463.99,"New York, USA",Windows Laptop,Public WiFi,0,0
25,25,2025-01-20 15:51:49,1925.55,Withdraw Funds,True,-1220.0,705.55,"London, UK",Windows Laptop,Mobile Network,0,0
26,26,2025-01-20 16:50:49,4158.74,Invest in Assets,False,-47916.0,4158.74,"Berlin, Germany",Android,Public WiFi,1,0
27,27,2025-01-20 18:38:49,2674.24,Wire Transfer,False,-46664.0,2674.24,"New York, USA",Windows Laptop,Mobile Network,0,0
28,28,2025-01-20 18:38:49,2591.09,Online Purchase,True,-351.0,2240.09,"Berlin, Germany",Linux PC,Mobile Network,0,0
29,29,2025-01-20 18:48:49,3101.62,POS Purchase,True,-1.0,3100.62,"Paris, France",Linux PC,Public WiFi,0,0
30,30,2025-01-20 19:28:49,4361.09,Open Account,True,0.0,4361.09,"Los Angeles, USA",MacBook,Home WiFi,0,0
31,31,2025-01-20 20:17:49,4979.81,Deposit Funds,True,2276.0,7255.81,"Tokyo, Japan",Linux PC,Corporate Network,0,0
32,32,2025-01-20 20:56:49,4746.34,Make Purchase,False,-26494.0,4746.34,"New York, USA",MacBook,Public WiFi,0,0
33,33,2025-01-20 21:08:49,4003.88,Request New PIN,True,0.0,4003.88,"New York, USA",iPhone,Corporate Network,0,1
34,34,2025-01-20 21:22:49,1780.54,Apply for Credit Card,True,0.0,1780.54,"New York, USA",iPhone,Mobile Network,0,0
35,35,2025-01-20 21:27:49,3096.0,Invest in Assets,True,-1636.0,1460.0,"Berlin, Germany",Windows Laptop,Public WiFi,1,0
36,36,2025-01-20 23:27:49,3980.66,Purchase Luxury Goods,False,-78465.0,3980.66,"Berlin, Germany",Windows Laptop,Public WiFi,0,0
37,37,2025-01-20 23:36:49,3260.67,Withdraw Funds,True,-1389.0,1871.67,"Los Angeles, USA",iPhone,Home WiFi,0,0
38,38,2025-01-21 01:20:49,3142.93,Open Account,True,0.0,3142.93,"Los Angeles, USA",Android,Mobile Network,0,0
39,39,2025-01-21 01:30:49,1363.94,Unauthorized Transfer,False,-6269.0,1363.94,"London, UK",iPhone,Corporate Network,1,0
40,40,2025-01-21 02:00:49,4342.68,Change Password,True,0.0,4342.68,"New York, USA",iPad,Public WiFi,0,0
41,41,2025-01-21 02:28:49,2923.61,Unauthorized Transfer,False,-6442.0,2923.61,"New York, USA",iPhone,Home WiFi,0,0
42,42,2025-01-21 02:28:49,3083.38,Create Fake Identity,True,0.0,3083.38,"New York, USA",Windows Laptop,Mobile Network,0,0
43,43,2025-01-21 02:51:49,3889.25,Open Account,True,0.0,3889.25,"Paris, France",Linux PC,Public WiFi,0,0
44,44,2025-01-21 03:55:49,1614.61,Pay Bills,True,-800.0,814.61,"Tokyo, Japan",iPhone,Mobile Network,0,0
45,45,2025-01-21 04:40:49,2662.34,Cash Withdrawal,True,-1067.0,1595.34,"New York, USA",Linux PC,Corporate Network,0,0
46,46,2025-01-21 04:55:49,4052.66,POS Purchase,True,-418.0,3634.66,"Los Angeles, USA",Linux PC,Mobile Network,0,0
47,47,2025-01-21 06:40:49,1426.1,Cash Withdrawal,False,-4436.0,1426.1,"Tokyo, Japan",iPhone,Home WiFi,0,1
48,48,2025-01-21 07:04:49,2037.36,Change Password,True,0.0,2037.36,"London, UK",MacBook,Corporate Network,0,0
49,49,2025-01-21 07:57:49,3487.45,Make Purchase,True,-454.0,3033.45,"Los Angeles, USA",iPhone,Home WiFi,0,0
50,50,2025-01-21 07:57:49,4407.61,Suspicious Login,True,0.0,4407.61,"New York, USA",MacBook,Mobile Network,0,1
51,51,2025-01-21 08:04:49,2262.75,Deposit Funds,True,183.0,2445.75,"Tokyo, Japan",Windows Laptop,Home WiFi,1,0
52,52,2025-01-21 08:44:49,3751.6,Open Account,True,0.0,3751.6,"New York, USA",Android,Mobile Network,0,0
53,53,2025-01-21 09:24:49,2322.76,Open Account,True,0.0,2322.76,"London, UK",Android,Home WiFi,0,0
54,54,2025-01-21 09:41:49,3702.4,Request New Card,True,0.0,3702.4,"London, UK",Android,Mobile Network,0,1
55,55,2025-01-21 09:54:49,4773.24,Failed Login,True,0.0,4773.24,"Paris, France",Windows Laptop,Corporate Network,0,0
56,56,2025-01-21 09:57:49,3707.2,POS Purchase,True,-804.0,2903.2,"Berlin, Germany",Android,Mobile Network,0,0
57,57,2025-01-21 11:56:49,1922.82,Purchase Luxury Goods,False,-82036.0,1922.82,"London, UK",iPhone,Public WiFi,0,0
58,58,2025-01-21 12:04:49,1221.41,Failed Login,True,0.0,1221.41,"Berlin, Germany",iPhone,Home WiFi,0,0
59,59,2025-01-21 12:21:49,1577.37,Request New Card,True,0.0,1577.37,"Tokyo, Japan",iPad,Home WiFi,0,0
60,60,2025-01-21 12:35:49,4961.27,Change Password,True,0.0,4961.27,"New York, USA",iPhone,Public WiFi,0,0
61,61,2025-01-21 12:55:49,1233.79,Purchase Luxury Goods,False,-37026.0,1233.79,"Tokyo, Japan",iPhone,Public WiFi,0,0
62,62,2025-01-21 14:07:49,4132.8,Invest Money,False,-46197.0,4132.8,"New York, USA",iPhone,Public WiFi,0,0
63,63,2025-01-21 14:53:49,1650.35,Create Fake Identity,True,0.0,1650.35,"London, UK",Android,Corporate Network,0,0
64,64,2025-01-21 15:22:49,4923.24,Open Account,True,0.0,4923.24,"Tokyo, Japan",Windows Laptop,Home WiFi,0,0
65,65,2025-01-21 15:22:49,3707.88,ATM Withdrawal,True,-277.0,3430.88,"Tokyo, Japan",iPhone,Home WiFi,0,0
66,66,2025-01-21 16:36:49,1684.07,Open Account,True,0.0,1684.07,"New York, USA",Windows Laptop,Home WiFi,0,0
67,67,2025-01-21 16:49:49,3671.93,Request New Card,True,0.0,3671.93,"Paris, France",iPad,Mobile Network,0,1
68,68,2025-01-21 17:39:49,2137.28,Open Account,True,0.0,2137.28,"Tokyo, Japan",Android,Public WiFi,0,0
69,69,2025-01-21 17:40:49,3564.2,Online Purchase,True,-402.0,3162.2,"Paris, France",iPhone,Public WiFi,0,0
70,70,2025-01-21 18:06:49,2790.98,Max Out Credit,False,-6164.0,2790.98,"Berlin, Germany",iPhone,Mobile Network,0,0
71,71,2025-01-21 18:34:49,1805.01,Failed Login,True,0.0,1805.01,"Los Angeles, USA",Linux PC,Corporate Network,0,0
72,72,2025-01-21 18:55:49,1464.39,Apply for Credit Card,True,0.0,1464.39,"Tokyo, Japan",iPhone,Home WiFi,0,0
73,73,2025-01-21 18:55:49,3043.38,Online Purchase,True,-66.0,2977.38,"Los Angeles, USA",Android,Mobile Network,0,0
74,74,2025-01-21 19:01:49,3989.62,Online Purchase,True,-84.0,3905.62,"Los Angeles, USA",MacBook,Home WiFi,1,0
75,75,2025-01-21 19:04:49,1168.4,Change Phone,True,0.0,1168.4,"London, UK",Windows Laptop,Home WiFi,0,0
76,76,2025-01-21 20:41:49,1139.11,Purchase Luxury Goods,False,-23295.0,1139.11,"Tokyo, Japan",Android,Mobile Network,0,0
77,77,2025-01-21 22:09:49,3396.34,Pay Bills,False,-4522.0,3396.34,"New York, USA",MacBook,Mobile Network,0,0
78,78,2025-01-21 22:15:49,1427.13,Request New PIN,True,0.0,1427.13,"Tokyo, Japan",Windows Laptop,Home WiFi,0,1
79,79,2025-01-21 23:43:49,2546.3,Open Account,True,0.0,2546.3,"New York, USA",Android,Mobile Network,0,0
80,80,2025-01-22 00:41:49,2682.44,Apply for Loan,True,0.0,2682.44,"New York, USA",iPhone,Corporate Network,0,0
81,81,2025-01-22 00:46:49,4458.86,ATM Withdrawal,True,-745.0,3713.86,"Tokyo, Japan",iPhone,Mobile Network,0,0
82,82,2025-01-22 03:08:49,3069.22,Pay Bills,True,-1903.0,1166.22,"Los Angeles, USA",iPhone,Public WiFi,0,0
83,83,2025-01-22 03:43:49,1150.35,Deposit Funds,True,5786.0,6936.35,"New York, USA",Android,Corporate Network,0,0
84,84,2025-01-22 03:51:49,4953.31,Online Purchase,True,-453.0,4500.31,"Los Angeles, USA",Windows Laptop,Home WiFi,0,0
85,85,2025-01-22 04:07:49,2464.95,Max Out Credit,False,-6860.0,2464.95,"Berlin, Germany",Android,Home WiFi,0,0
86,86,2025-01-22 04:21:49,2632.85,Request New PIN,True,0.0,2632.85,"New York, USA",Windows Laptop,Public WiFi,0,0
87,87,2025-01-22 04:33:49,2297.42,Online Purchase,True,-43.0,2254.42,"London, UK",Android,Home WiFi,0,0
88,88,2025-01-22 05:38:49,1367.01,Purchase Luxury Goods,False,-86623.0,1367.01,"London, UK",Windows Laptop,Mobile Network,0,0
89,89,2025-01-22 05:39:49,4511.56,Request New Card,True,0.0,4511.56,"London, UK",MacBook,Public WiFi,0,0
90,90,2025-01-22 05:55:49,4781.97,Request New Card,True,0.0,4781.97,"Los Angeles, USA",Windows Laptop,Home WiFi,0,0
91,91,2025-01-22 06:01:49,2519.8,Invest in Assets,False,-49261.0,2519.8,"Los Angeles, USA",Windows Laptop,Home WiFi,0,0
92,92,2025-01-22 06:06:49,1519.59,Report Lost Card,True,0.0,1519.59,"Berlin, Germany",MacBook,Public WiFi,0,0
93,93,2025-01-22 06:07:49,2238.89,Change Password,True,0.0,2238.89,"Paris, France",Windows Laptop,Public WiFi,0,0
94,94,2025-01-22 06:15:49,2618.39,Request New PIN,True,0.0,2618.39,"Los Angeles, USA",Windows Laptop,Mobile Network,0,0
95,95,2025-01-22 08:49:49,2276.79,Invest Money,False,-21154.0,2276.79,"Paris, France",iPhone,Home WiFi,0,1
96,96,2025-01-22 09:05:49,4545.94,Open Account,True,0.0,4545.94,"New York, USA",iPhone,Home WiFi,0,0
97,97,2025-01-22 09:20:49,3093.25,Online Purchase,True,-390.0,2703.25,"Berlin, Germany",iPad,Public WiFi,0,0
98,98,2025-01-22 09:31:49,4254.14,Balance Check,True,0.0,4254.14,"Paris, France",iPhone,Corporate Network,0,0
99,99,2025-01-22 10:46:49,3200.52,Deposit Funds,True,8856.0,12056.52,"Los Angeles, USA",iPhone,Mobile Network,0,0
100,100,2025-01-22 11:31:49,2283.16,Invest in Assets,False,-12985.0,2283.16,"Los Angeles, USA",iPhone,Mobile Network,0,0
101,101,2025-01-22 11:46:49,2230.05,Online Purchase,True,-154.0,2076.05,"Tokyo, Japan",MacBook,Public WiFi,0,0
102,102,2025-01-22 11:51:49,2698.8,Suspicious Login,True,0.0,2698.8,"New York, USA",iPhone,Mobile Network,0,0
103,103,2025-01-22 13:41:49,4093.21,Deposit Funds,True,1608.0,5701.21,"Berlin, Germany",Android,Corporate Network,0,0
104,104,2025-01-22 13:55:49,3806.0,Unauthorized Transfer,False,-6546.0,3806.0,"New York, USA",Android,Mobile Network,0,0
105,105,2025-01-22 15:41:49,2051.67,Deposit Funds,True,2845.0,4896.67,"Los Angeles, USA",iPhone,Public WiFi,0,1
106,106,2025-01-22 15:55:49,3121.74,Balance Check,True,0.0,3121.74,"New York, USA",Windows Laptop,Home WiFi,0,0
107,107,2025-01-22 16:05:49,2717.34,Online Purchase,True,-443.0,2274.34,"London, UK",Windows Laptop,Mobile Network,0,0
108,108,2025-01-22 16:06:49,1161.4,Report Lost Card,True,0.0,1161.4,"New York, USA",Android,Corporate Network,0,0
109,109,2025-01-22 17:47:49,4232.8,Review activityments,True,0.0,4232.8,"New York, USA",Android,Home WiFi,0,0
110,0,2025-01-22 17:53:49,3726.3,Unauthorized Transfer,False,-8953.0,3726.3,"Los Angeles, USA",MacBook,Home WiFi,0,0
111,1,2025-01-22 18:52:49,2552.17,Apply for Credit Card,True,0.0,2552.17,"New York, USA",Windows Laptop,Corporate Network,0,0
112,2,2025-01-22 19:04:49,2730.26,Transfer Funds,True,-1221.0,1509.26,"New York, USA",Windows Laptop,Public WiFi,1,0
113,3,2025-01-22 19:08:49,9895.85,Make Purchase,True,-332.0,9563.85,"Tokyo, Japan",Android,Home WiFi,0,0
114,4,2025-01-22 19:22:49,4486.69,Balance Check,True,0.0,4486.69,"Berlin, Germany",MacBook,Mobile Network,0,0
115,5,2025-01-22 19:37:49,3603.61,Report Lost Card,True,0.0,3603.61,"Los Angeles, USA",iPhone,Home WiFi,0,0
116,6,2025-01-22 21:03:49,1837.09,Invest Money,False,-4482.0,1837.09,"New York, USA",Android,Home WiFi,0,0
117,7,2025-01-22 21:39:49,4520.16,Make Purchase,True,-2995.0,1525.16,"New York, USA",Linux PC,Public WiFi,1,0
118,8,2025-01-22 22:28:49,2642.22,Pay Bills,False,-2931.0,2642.22,"New York, USA",MacBook,Home WiFi,0,0
119,9,2025-01-22 22:55:49,4427.55,Change Email,True,0.0,4427.55,"Los Angeles, USA",Android,Public WiFi,0,1
120,10,2025-01-22 23:13:49,2359.31,Create Fake Identity,True,0.0,2359.31,"Tokyo, Japan",iPhone,Public WiFi,0,0
121,11,2025-01-23 00:22:49,2828.59,Purchase Luxury Goods,False,-9323.0,2828.59,"Berlin, Germany",MacBook,Mobile Network,0,0
122,12,2025-01-23 00:31:49,4388.93,Balance Check,True,0.0,4388.93,"London, UK",Linux PC,Home WiFi,0,0
123,13,2025-01-23 03:07:49,3007.38,Invest Money,False,-15985.0,3007.38,"London, UK",iPhone,Home WiFi,0,0
124,14,2025-01-23 03:21:49,3066.55,Request New PIN,True,0.0,3066.55,"New York, USA",iPhone,Home WiFi,0,0
125,15,2025-01-23 03:48:49,1162.08,Suspicious Login,True,0.0,1162.08,"Tokyo, Japan",Windows Laptop,Public WiFi,0,0
126,16,2025-01-23 05:28:49,2946.36,Deposit Funds,True,2255.0,5201.36,"New York, USA",Android,Corporate Network,0,0
127,17,2025-01-23 05:47:49,4757.16,Suspicious Login,True,0.0,4757.16,"Los Angeles, USA",Android,Home WiFi,0,0
128,18,2025-01-23 06:07:49,4047.69,Unauthorized Transfer,False,-5539.0,4047.69,"Los Angeles, USA",Windows Laptop,Home WiFi,0,0
129,19,2025-01-23 06:35:49,1164.14,Suspicious Login,True,0.0,1164.14,"New York, USA",iPhone,Home WiFi,0,0
130,20,2025-01-23 06:42:49,1352.82,Request New Card,True,0.0,1352.82,"Berlin, Germany",Android,Public WiFi,0,0
131,21,2025-01-23 07:57:49,4420.28,Pay Bills,True,-890.0,3530.28,"Tokyo, Japan",Windows Laptop,Home WiFi,0,0
132,22,2025-01-23 07:57:49,3525.27,Apply for Loan,True,0.0,3525.27,"Los Angeles, USA",Windows Laptop,Home WiFi,0,0
133,23,2025-01-23 08:55:49,2375.37,Transfer Funds,True,-559.0,1816.37,"Los Angeles, USA",Android,Home WiFi,0,0
134,24,2025-01-23 09:01:49,2463.99,Online Purchase,True,-184.0,2279.99,"New York, USA",iPad,Home WiFi,0,0
135,25,2025-01-23 09:33:49,705.55,Create Fake Identity,True,0.0,705.55,"New York, USA",MacBook,Home WiFi,0,0
136,26,2025-01-23 11:12:49,4158.74,Invest in Assets,False,-49559.0,4158.74,"Paris, France",iPhone,Public WiFi,0,0
137,27,2025-01-23 12:18:49,2674.24,Deposit Funds,True,6653.0,9327.24,"Tokyo, Japan",MacBook,Corporate Network,0,0
138,28,2025-01-23 12:25:49,2240.09,Online Purchase,True,-77.0,2163.09,"Berlin, Germany",Android,Corporate Network,0,0
139,29,2025-01-23 12:30:49,3100.62,Online Purchase,True,-467.0,2633.62,"New York, USA",Android,Mobile Network,1,0
140,30,2025-01-23 13:36:49,4361.09,Deposit Funds,True,6543.0,10904.09,"Berlin, Germany",Windows Laptop,Mobile Network,0,0
141,31,2025-01-23 15:08:49,7255.81,Deposit Funds,True,1932.0,9187.81,"Tokyo, Japan",MacBook,Public WiFi,0,0
142,32,2025-01-23 15:54:49,4746.34,Make Purchase,False,-32176.0,4746.34,"New York, USA",MacBook,Home WiFi,1,0
143,33,2025-01-23 15:55:49,4003.88,Request New PIN,True,0.0,4003.88,"New York, USA",iPhone,Corporate Network,0,0
144,34,2025-01-23 16:34:49,1780.54,Open Account,True,0.0,1780.54,"Tokyo, Japan",Android,Public WiFi,0,0
145,35,2025-01-23 17:38:49,1460.0,Purchase Luxury Goods,False,-2338.0,1460.0,"Tokyo, Japan",MacBook,Home WiFi,0,0
146,36,2025-01-23 17:47:49,3980.66,Deposit Funds,True,7359.0,11339.66,"New York, USA",iPad,Home WiFi,0,0
147,37,2025-01-23 18:14:49,1871.67,Withdraw Funds,True,-1837.0,34.67,"New York, USA",Windows Laptop,Home WiFi,0,0
148,38,2025-01-23 18:28:49,3142.93,Close Account,True,0.0,3142.93,"Los Angeles, USA",Linux PC,Home WiFi,0,0
149,39,2025-01-23 18:51:49,1363.94,Unauthorized Transfer,False,-5715.0,1363.94,"Los Angeles, USA",Android,Public WiFi,0,0
150,40,2025-01-23 19:19:49,4342.68,Change Email,True,0.0,4342.68,"Tokyo, Japan",Linux PC,Public WiFi,0,0
151,41,2025-01-23 19:23:49,2923.61,Unauthorized Transfer,False,-6293.0,2923.61,"Los Angeles, USA",iPad,Public WiFi,1,0
152,42,2025-01-23 20:12:49,3083.38,Create Fake Identity,True,0.0,3083.38,"Los Angeles, USA",iPhone,Home WiFi,0,0
153,43,2025-01-23 20:27:49,3889.25,Apply for Credit Card,True,0.0,3889.25,"New York, USA",Windows Laptop,Public WiFi,0,0
154,44,2025-01-23 21:53:49,814.61,Pay Bills,False,-1541.0,814.61,"London, UK",iPhone,Mobile Network,0,0
155,45,2025-01-23 23:19:49,1595.34,Deposit Funds,True,789.0,2384.34,"Tokyo, Japan",iPhone,Mobile Network,0,0
156,46,2025-01-23 23:33:49,3634.66,POS Purchase,True,-144.0,3490.66,"Paris, France",MacBook,Home WiFi,0,0
157,47,2025-01-24 00:42:49,1426.1,Cash Withdrawal,False,-3663.0,1426.1,"London, UK",iPhone,Public WiFi,0,0
158,48,2025-01-24 00:42:49,2037.36,Change Password,True,0.0,2037.36,"New York, USA",iPhone,Mobile Network,0,1
159,49,2025-01-24 03:14:49,3033.45,Transfer Funds,False,-4070.0,3033.45,"Tokyo, Japan",Windows Laptop,Home WiFi,0,0
160,50,2025-01-24 03:19:49,4407.61,Failed Login,True,0.0,4407.61,"Berlin, Germany",MacBook,Home WiFi,0,0
161,51,2025-01-24 04:07:49,2445.75,Cash Withdrawal,False,-2877.0,2445.75,"Paris, France",Windows Laptop,Home WiFi,0,0
162,52,2025-01-24 04:47:49,3751.6,Apply for Credit Card,True,0.0,3751.6,"Los Angeles, USA",iPhone,Home WiFi,0,0
163,53,2025-01-24 04:50:49,2322.76,Create Fake Identity,True,0.0,2322.76,"Paris, France",Android,Public WiFi,0,0
164,54,2025-01-24 05:13:49,3702.4,Request New Card,True,0.0,3702.4,"New York, USA",iPhone,Home WiFi,0,0
165,55,2025-01-24 05:39:49,4773.24,Suspicious Login,True,0.0,4773.24,"New York, USA",iPhone,Public WiFi,0,0
166,56,2025-01-24 05:41:49,2903.2,Online Purchase,True,-236.0,2667.2,"London, UK",Android,Home WiFi,0,0
167,57,2025-01-24 06:10:49,1922.82,Purchase Luxury Goods,False,-78364.0,1922.82,"Los Angeles, USA",Linux PC,Public WiFi,0,0
168,58,2025-01-24 06:26:49,1221.41,Change Password,True,0.0,1221.41,"Los Angeles, USA",Windows Laptop,Home WiFi,0,0
169,59,2025-01-24 06:45:49,1577.37,Unauthorized Transfer,False,-1950.0,1577.37,"Los Angeles, USA",MacBook,Home WiFi,0,0
170,60,2025-01-24 07:10:49,4961.27,Change Password,True,0.0,4961.27,"Tokyo, Japan",iPhone,Home WiFi,0,0
171,61,2025-01-24 09:08:49,1233.79,Cash Withdrawal,True,-921.0,312.79,"New York, USA",Android,Mobile Network,0,0
172,62,2025-01-24 10:54:49,4132.8,Invest Money,False,-19498.0,4132.8,"New York, USA",Linux PC,Public WiFi,1,0
173,63,2025-01-24 11:22:49,1650.35,Withdraw Funds,False,-2665.0,1650.35,"Paris, France",iPhone,Home WiFi,0,0
174,64,2025-01-24 12:50:49,4923.24,Wire Transfer,True,-1731.0,3192.24,"London, UK",iPhone,Corporate Network,0,0
175,65,2025-01-24 12:59:49,3430.88,Online Purchase,True,-130.0,3300.88,"New York, USA",Android,Mobile Network,0,0
176,66,2025-01-24 14:45:49,1684.07,Deposit Funds,True,993.0,2677.07,"New York, USA",Android,Home WiFi,0,0
177,67,2025-01-24 15:12:49,3671.93,Change Email,True,0.0,3671.93,"Los Angeles, USA",Windows Laptop,Mobile Network,0,0
178,68,2025-01-24 16:22:49,2137.28,Deposit Funds,True,1857.0,3994.28,"Berlin, Germany",MacBook,Mobile Network,0,0
179,69,2025-01-24 16:31:49,3162.2,Balance Check,True,0.0,3162.2,"Berlin, Germany",Android,Public WiFi,0,0
180,70,2025-01-24 17:02:49,2790.98,Make Purchase,False,-32401.0,2790.98,"Los Angeles, USA",Android,Home WiFi,0,0
181,71,2025-01-24 17:17:49,1805.01,Suspicious Login,True,0.0,1805.01,"Berlin, Germany",Windows Laptop,Public WiFi,0,0
182,72,2025-01-24 17:53:49,1464.39,Deposit Funds,True,6306.0,7770.39,"Paris, France",Windows Laptop,Public WiFi,0,0
183,73,2025-01-24 18:01:49,2977.38,Online Purchase,True,-274.0,2703.38,"Los Angeles, USA",iPhone,Public WiFi,0,0
184,74,2025-01-24 18:04:49,3905.62,POS Purchase,True,-919.0,2986.62,"New York, USA",Linux PC,Public WiFi,0,0
185,75,2025-01-24 18:28:49,1168.4,Change Password,True,0.0,1168.4,"Los Angeles, USA",iPhone,Home WiFi,0,0
186,76,2025-01-24 19:32:49,1139.11,Cash Withdrawal,False,-4809.0,1139.11,"London, UK",Linux PC,Mobile Network,0,0
187,77,2025-01-24 20:51:49,3396.34,Pay Bills,True,-1112.0,2284.34,"Paris, France",Android,Mobile Network,0,0
188,78,2025-01-24 21:03:49,1427.13,Online Purchase,True,-12.0,1415.13,"London, UK",MacBook,Corporate Network,0,0
189,79,2025-01-24 21:50:49,2546.3,Purchase Luxury Goods,False,-92028.0,2546.3,"Tokyo, Japan",iPhone,Public WiFi,0,0
190,80,2025-01-24 23:50:49,2682.44,Apply for Loan,True,0.0,2682.44,"New York, USA",iPhone,Home WiFi,0,0
191,81,2025-01-24 23:53:49,3713.86,POS Purchase,True,-313.0,3400.86,"New York, USA",iPhone,Home WiFi,0,0
192,82,2025-01-25 02:35:49,1166.22,Pay Bills,False,-3359.0,1166.22,"Tokyo, Japan",Android,Corporate Network,0,0
193,83,2025-01-25 04:35:49,6936.35,Wire Transfer,False,-23382.0,6936.35,"New York, USA",MacBook,Mobile Network,0,0
194,84,2025-01-25 04:45:49,4500.31,Online Purchase,True,-24.0,4476.31,"New York, USA",iPhone,Public WiFi,0,0
195,85,2025-01-25 04:47:49,2464.95,Withdraw Funds,True,-1974.0,490.95,"London, UK",Windows Laptop,Home WiFi,0,0
196,86,2025-01-25 04:56:49,2632.85,Online Purchase,True,-114.0,2518.85,"London, UK",Android,Home WiFi,0,0
197,87,2025-01-25 05:05:49,2254.42,Online Purchase,True,-13.0,2241.42,"New York, USA",Windows Laptop,Public WiFi,0,0
198,88,2025-01-25 06:38:49,1367.01,Cash Withdrawal,False,-4929.0,1367.01,"Los Angeles, USA",iPad,Home WiFi,0,0
199,89,2025-01-25 06:45:49,4511.56,Unauthorized Transfer,True,-2832.0,1679.56,"Tokyo, Japan",iPhone,Home WiFi,0,0
200,90,2025-01-25 06:52:49,4781.97,Change Email,True,0.0,4781.97,"Paris, France",iPhone,Home WiFi,0,0
201,91,2025-01-25 07:37:49,2519.8,Invest in Assets,False,-22437.0,2519.8,"Tokyo, Japan",Android,Home WiFi,0,0
202,92,2025-01-25 07:38:49,1519.59,Close Account,True,0.0,1519.59,"Los Angeles, USA",Android,Mobile Network,0,0
203,93,2025-01-25 08:07:49,2238.89,Change Password,True,0.0,2238.89,"Tokyo, Japan",Windows Laptop,Corporate Network,0,0
204,94,2025-01-25 08:17:49,2618.39,Request New PIN,True,0.0,2618.39,"Berlin, Germany",iPhone,Mobile Network,0,0
205,95,2025-01-25 08:22:49,2276.79,Review activityments,True,0.0,2276.79,"Tokyo, Japan",Windows Laptop,Public WiFi,0,0
206,96,2025-01-25 09:05:49,4545.94,Open Account,True,0.0,4545.94,"London, UK",Windows Laptop,Public WiFi,0,0
207,97,2025-01-25 09:10:49,2703.25,Online Purchase,True,-118.0,2585.25,"London, UK",Android,Corporate Network,0,0
208,98,2025-01-25 09:15:49,4254.14,POS Purchase,True,-949.0,3305.14,"New York, USA",MacBook,Mobile Network,0,0
209,99,2025-01-25 09:27:49,12056.52,Wire Transfer,False,-17035.0,12056.52,"New York, USA",Windows Laptop,Public WiFi,0,0
210,100,2025-01-25 10:04:49,2283.16,Purchase Luxury Goods,False,-52569.0,2283.16,"New York, USA",MacBook,Mobile Network,0,0
211,101,2025-01-25 10:10:49,2076.05,Online Purchase,True,-235.0,1841.05,"Los Angeles, USA",iPhone,Corporate Network,0,0
212,102,2025-01-25 10:19:49,2698.8,Suspicious Login,True,0.0,2698.8,"Tokyo, Japan",iPhone,Home WiFi,0,0
213,103,2025-01-25 11:21:49,5701.21,Wire Transfer,False,-47664.0,5701.21,"Berlin, Germany",MacBook,Mobile Network,0,1
214,104,2025-01-25 11:45:49,3806.0,Unauthorized Transfer,False,-6869.0,3806.0,"New York, USA",Android,Public WiFi,0,0
215,105,2025-01-25 12:54:49,4896.67,Deposit Funds,True,1495.0,6391.67,"New York, USA",iPhone,Mobile Network,0,0
216,106,2025-01-25 13:01:49,3121.74,Request New PIN,True,0.0,3121.74,"London, UK",Windows Laptop,Public WiFi,0,0
217,107,2025-01-25 13:16:49,2274.34,POS Purchase,True,-590.0,1684.34,"New York, USA",iPad,Home WiFi,0,1
218,108,2025-01-25 13:29:49,1161.4,POS Purchase,True,-533.0,628.4,"New York, USA",Windows Laptop,Corporate Network,0,0
219,109,2025-01-25 14:30:49,4232.8,Deposit Funds,True,9230.0,13462.8,"London, UK",iPhone,Home WiFi,0,1
220,0,2025-01-25 14:32:49,3726.3,Request New Card,True,0.0,3726.3,"Paris, France",iPhone,Mobile Network,0,0
221,1,2025-01-25 14:42:49,2552.17,Apply for Credit Card,True,0.0,2552.17,"New York, USA",iPhone,Home WiFi,0,0
222,2,2025-01-25 15:18:49,1509.26,Make Purchase,True,-562.0,947.26,"Tokyo, Japan",iPhone,Home WiFi,0,0
223,3,2025-01-25 15:42:49,9563.85,Make Purchase,True,-864.0,8699.85,"Tokyo, Japan",MacBook,Public WiFi,0,0
224,4,2025-01-25 15:57:49,4486.69,Balance Check,True,0.0,4486.69,"Los Angeles, USA",iPhone,Mobile Network,0,0
225,5,2025-01-25 16:11:49,3603.61,Close Account,True,0.0,3603.61,"New York, USA",MacBook,Home WiFi,0,0
226,6,2025-01-25 18:37:49,1837.09,Invest Money,False,-26563.0,1837.09,"Tokyo, Japan",MacBook,Public WiFi,0,0
227,7,2025-01-25 18:54:49,1525.16,Make Purchase,False,-26120.0,1525.16,"New York, USA",iPhone,Corporate Network,0,0
228,8,2025-01-25 20:03:49,2642.22,Pay Bills,True,-1113.0,1529.22,"London, UK",iPad,Public WiFi,0,0
229,9,2025-01-25 20:13:49,4427.55,Change Email,True,0.0,4427.55,"Los Angeles, USA",MacBook,Corporate Network,0,0
230,10,2025-01-25 20:56:49,2359.31,Close Account,True,0.0,2359.31,"Paris, France",MacBook,Public WiFi,0,0
231,11,2025-01-25 22:22:49,2828.59,Purchase Luxury Goods,False,-64769.0,2828.59,"New York, USA",iPhone,Corporate Network,0,0
232,12,2025-01-25 22:24:49,4388.93,Online Purchase,True,-401.0,3987.93,"New York, USA",iPhone,Home WiFi,0,0
233,13,2025-01-25 22:48:49,3007.38,Transfer Funds,True,-980.0,2027.38,"London, UK",MacBook,Public WiFi,0,1
234,14,2025-01-25 22:51:49,3066.55,Close Account,True,0.0,3066.55,"New York, USA",Android,Mobile Network,0,0
235,15,2025-01-25 23:08:49,1162.08,Suspicious Login,True,0.0,1162.08,"New York, USA",iPhone,Public WiFi,0,0
236,16,2025-01-26 01:08:49,5201.36,Deposit Funds,True,7726.0,12927.36,"New York, USA",MacBook,Corporate Network,0,0
237,17,2025-01-26 01:36:49,4757.16,Suspicious Login,True,0.0,4757.16,"New York, USA",MacBook,Mobile Network,0,0
238,18,2025-01-26 01:56:49,4047.69,Close Account,True,0.0,4047.69,"Paris, France",Android,Public WiFi,0,0
239,19,2025-01-26 02:07:49,1164.14,Change Password,True,0.0,1164.14,"New York, USA",Android,Public WiFi,0,0
240,20,2025-01-26 02:19:49,1352.82,Close Account,True,0.0,1352.82,"Berlin, Germany",Android,Mobile Network,0,1
241,21,2025-01-26 03:04:49,3530.28,Pay Bills,False,-4466.0,3530.28,"New York, USA",Windows Laptop,Corporate Network,0,0
242,22,2025-01-26 03:34:49,3525.27,Make Purchase,False,-11552.0,3525.27,"Los Angeles, USA",Android,Mobile Network,0,0
243,23,2025-01-26 05:37:49,1816.37,Transfer Funds,True,-1008.0,808.37,"Berlin, Germany",iPad,Home WiFi,0,0
244,24,2025-01-26 05:52:49,2279.99,Online Purchase,True,-88.0,2191.99,"London, UK",Android,Home WiFi,0,1
245,25,2025-01-26 06:32:49,705.55,Open Account,True,0.0,705.55,"New York, USA",iPhone,Public WiFi,0,0
246,26,2025-01-26 07:01:49,4158.74,Invest in Assets,True,-2914.0,1244.74,"Paris, France",Android,Public WiFi,0,0
247,27,2025-01-26 08:38:49,9327.24,Wire Transfer,False,-32495.0,9327.24,"Los Angeles, USA",MacBook,Public WiFi,0,1
248,28,2025-01-26 08:45:49,2163.09,Online Purchase,True,-373.0,1790.09,"Tokyo, Japan",iPhone,Public WiFi,0,0
249,29,2025-01-26 08:55:49,2633.62,Online Purchase,True,-390.0,2243.62,"Tokyo, Japan",Android,Home WiFi,0,0
250,30,2025-01-26 10:51:49,10904.09,Close Account,True,0.0,10904.09,"London, UK",iPhone,Mobile Network,1,0
251,31,2025-01-26 12:13:49,9187.81,Cash Withdrawal,True,-3155.0,6032.81,"Los Angeles, USA",iPhone,Home WiFi,1,0
252,32,2025-01-26 12:33:49,4746.34,Max Out Credit,False,-5883.0,4746.34,"Los Angeles, USA",Windows Laptop,Mobile Network,0,0
253,33,2025-01-26 12:39:49,4003.88,POS Purchase,True,-94.0,3909.88,"Los Angeles, USA",iPad,Public WiFi,0,0
254,34,2025-01-26 12:42:49,1780.54,Apply for Credit Card,True,0.0,1780.54,"Los Angeles, USA",MacBook,Public WiFi,0,0
255,35,2025-01-26 13:48:49,1460.0,Purchase Luxury Goods,False,-71576.0,1460.0,"New York, USA",MacBook,Home WiFi,0,0
256,36,2025-01-26 15:38:49,11339.66,Deposit Funds,True,9441.0,20780.66,"London, UK",Windows Laptop,Home WiFi,0,0
257,37,2025-01-26 16:34:49,34.67,Create Fake Identity,True,0.0,34.67,"Los Angeles, USA",iPhone,Home WiFi,0,0
258,39,2025-01-26 16:34:49,1363.94,Change Password,True,0.0,1363.94,"Paris, France",Android,Public WiFi,1,0
259,40,2025-01-26 16:34:49,4342.68,Change Password,True,0.0,4342.68,"Tokyo, Japan",Android,Corporate Network,0,0
260,41,2025-01-26 16:37:49,2923.61,Unauthorized Transfer,True,-655.0,2268.61,"Los Angeles, USA",Android,Home WiFi,0,0
261,42,2025-01-26 17:07:49,3083.38,Open Account,True,0.0,3083.38,"New York, USA",Android,Home WiFi,0,0
262,43,2025-01-26 17:59:49,3889.25,Apply for Credit Card,True,0.0,3889.25,"New York, USA",Windows Laptop,Home WiFi,0,0
263,44,2025-01-26 20:00:49,814.61,Pay Bills,True,-122.0,692.61,"New York, USA",Android,Public WiFi,0,0
264,45,2025-01-26 21:13:49,2384.34,Purchase Luxury Goods,False,-67555.0,2384.34,"Tokyo, Japan",Android,Home WiFi,0,0
265,46,2025-01-26 21:27:49,3490.66,Close Account,True,0.0,3490.66,"Berlin, Germany",Android,Home WiFi,0,0
266,47,2025-01-26 22:37:49,1426.1,Cash Withdrawal,False,-1428.0,1426.1,"New York, USA",Windows Laptop,Public WiFi,0,0
267,48,2025-01-26 22:44:49,2037.36,Change Password,True,0.0,2037.36,"New York, USA",Windows Laptop,Mobile Network,0,0
268,49,2025-01-27 00:01:49,3033.45,Make Purchase,True,-941.0,2092.45,"Paris, France",Windows Laptop,Home WiFi,0,0
269,50,2025-01-27 00:25:49,4407.61,Unauthorized Transfer,True,-3295.0,1112.61,"Los Angeles, USA",iPhone,Home WiFi,0,0
270,51,2025-01-27 02:17:49,2445.75,Invest in Assets,False,-38922.0,2445.75,"Tokyo, Japan",MacBook,Mobile Network,0,0
271,52,2025-01-27 02:45:49,3751.6,Close Account,True,0.0,3751.6,"Tokyo, Japan",Windows Laptop,Home WiFi,0,0
272,53,2025-01-27 03:41:49,2322.76,Open Account,True,0.0,2322.76,"Los Angeles, USA",MacBook,Public WiFi,0,0
273,54,2025-01-27 03:47:49,3702.4,Request New Card,True,0.0,3702.4,"Tokyo, Japan",iPhone,Home WiFi,0,0
274,55,2025-01-27 04:08:49,4773.24,Change Password,True,0.0,4773.24,"Los Angeles, USA",iPhone,Corporate Network,0,0
275,56,2025-01-27 04:16:49,2667.2,Online Purchase,True,-274.0,2393.2,"Los Angeles, USA",MacBook,Home WiFi,0,0
276,57,2025-01-27 04:24:49,1922.82,Purchase Luxury Goods,False,-93681.0,1922.82,"Tokyo, Japan",Windows Laptop,Home WiFi,0,0
277,58,2025-01-27 04:25:49,1221.41,Change Password,True,0.0,1221.41,"Los Angeles, USA",MacBook,Public WiFi,0,0
278,59,2025-01-27 04:46:49,1577.37,Change Phone,True,0.0,1577.37,"New York, USA",Android,Public WiFi,0,0
279,60,2025-01-27 05:11:49,4961.27,Suspicious Login,True,0.0,4961.27,"London, UK",iPhone,Mobile Network,0,0
280,61,2025-01-27 05:46:49,312.79,Deposit Funds,True,4313.0,4625.79,"Berlin, Germany",Android,Public WiFi,0,0
281,62,2025-01-27 08:01:49,4132.8,Transfer Funds,True,-1914.0,2218.8,"Los Angeles, USA",MacBook,Public WiFi,1,0
282,63,2025-01-27 08:31:49,1650.35,Max Out Credit,False,-8419.0,1650.35,"New York, USA",Windows Laptop,Corporate Network,0,0
283,64,2025-01-27 09:23:49,3192.24,Purchase Luxury Goods,False,-81481.0,3192.24,"Los Angeles, USA",iPhone,Home WiFi,0,0
284,65,2025-01-27 09:37:49,3300.88,Balance Check,True,0.0,3300.88,"Paris, France",MacBook,Public WiFi,0,0
285,66,2025-01-27 11:23:49,2677.07,Close Account,True,0.0,2677.07,"New York, USA",Android,Home WiFi,0,0
286,67,2025-01-27 11:24:49,3671.93,Change Email,True,0.0,3671.93,"London, UK",iPhone,Mobile Network,0,0
287,68,2025-01-27 12:03:49,3994.28,Wire Transfer,False,-10855.0,3994.28,"London, UK",iPhone,Public WiFi,0,0
288,69,2025-01-27 12:15:49,3162.2,POS Purchase,True,-369.0,2793.2,"New York, USA",Linux PC,Corporate Network,0,0
289,70,2025-01-27 12:58:49,2790.98,Apply for Credit Card,True,0.0,2790.98,"Los Angeles, USA",iPhone,Mobile Network,0,0
290,71,2025-01-27 13:02:49,1805.01,Suspicious Login,True,0.0,1805.01,"Los Angeles, USA",Windows Laptop,Corporate Network,1,0
291,72,2025-01-27 16:02:49,7770.39,Deposit Funds,True,8404.0,16174.39,"Paris, France",Windows Laptop,Public WiFi,0,0
292,73,2025-01-27 16:10:49,2703.38,POS Purchase,True,-523.0,2180.38,"Berlin, Germany",iPhone,Home WiFi,0,0
293,74,2025-01-27 16:15:49,2986.62,Online Purchase,True,-434.0,2552.62,"Los Angeles, USA",MacBook,Mobile Network,0,0
294,75,2025-01-27 16:35:49,1168.4,Change Email,True,0.0,1168.4,"Tokyo, Japan",Android,Public WiFi,0,0
295,76,2025-01-27 17:10:49,1139.11,Cash Withdrawal,False,-3003.0,1139.11,"London, UK",iPhone,Home WiFi,0,0
296,77,2025-01-27 18:12:49,2284.34,Make Purchase,True,-611.0,1673.34,"Los Angeles, USA",Android,Public WiFi,0,0
297,78,2025-01-27 18:13:49,1415.13,POS Purchase,True,-521.0,894.13,"Tokyo, Japan",MacBook,Public WiFi,1,1
298,79,2025-01-27 19:04:49,2546.3,Invest in Assets,False,-8372.0,2546.3,"New York, USA",MacBook,Public WiFi,0,1
299,80,2025-01-27 21:46:49,2682.44,Apply for Loan,True,0.0,2682.44,"Tokyo, Japan",iPad,Public WiFi,0,0
300,81,2025-01-27 21:48:49,3400.86,Online Purchase,True,-479.0,2921.86,"New York, USA",Android,Public WiFi,0,0
301,82,2025-01-27 23:11:49,1166.22,Deposit Funds,True,7057.0,8223.22,"New York, USA",iPhone,Mobile Network,0,0
302,83,2025-01-27 23:48:49,6936.35,Wire Transfer,False,-21240.0,6936.35,"Tokyo, Japan",Android,Public WiFi,0,0
303,84,2025-01-27 23:52:49,4476.31,Report Lost Card,True,0.0,4476.31,"Los Angeles, USA",Android,Home WiFi,0,0
304,85,2025-01-28 00:50:49,490.95,Apply for Loan,True,0.0,490.95,"London, UK",Android,Corporate Network,0,0
305,86,2025-01-28 01:02:49,2518.85,Online Purchase,True,-182.0,2336.85,"Berlin, Germany",iPhone,Corporate Network,1,0
306,87,2025-01-28 01:12:49,2241.42,Online Purchase,True,-412.0,1829.42,"New York, USA",Android,Public WiFi,0,0
307,88,2025-01-28 01:40:49,1367.01,Cash Withdrawal,False,-3735.0,1367.01,"London, UK",iPhone,Home WiFi,0,0
308,89,2025-01-28 01:55:49,1679.56,Change Phone,True,0.0,1679.56,"Berlin, Germany",Android,Mobile Network,0,0
309,90,2025-01-28 02:02:49,4781.97,Change Phone,True,0.0,4781.97,"Los Angeles, USA",iPhone,Mobile Network,0,0
310,91,2025-01-28 03:45:49,2519.8,Invest in Assets,False,-48596.0,2519.8,"Los Angeles, USA",iPhone,Mobile Network,0,0
311,93,2025-01-28 03:47:49,2238.89,Change Phone,True,0.0,2238.89,"Los Angeles, USA",Android,Public WiFi,0,0
312,94,2025-01-28 04:02:49,2618.39,Request New PIN,True,0.0,2618.39,"New York, USA",Android,Corporate Network,0,0
313,95,2025-01-28 04:25:49,2276.79,Review activityments,True,0.0,2276.79,"New York, USA",Android,Home WiFi,0,0
314,96,2025-01-28 05:04:49,4545.94,Close Account,True,0.0,4545.94,"Paris, France",iPhone,Public WiFi,0,0
315,97,2025-01-28 05:17:49,2585.25,Online Purchase,True,-383.0,2202.25,"London, UK",iPhone,Home WiFi,1,0
316,98,2025-01-28 05:24:49,3305.14,Online Purchase,True,-382.0,2923.14,"Tokyo, Japan",iPhone,Home WiFi,0,0
317,99,2025-01-28 06:46:49,12056.52,Purchase Luxury Goods,False,-88247.0,12056.52,"London, UK",Android,Home WiFi,0,0
318,100,2025-01-28 08:29:49,2283.16,Invest in Assets,False,-7789.0,2283.16,"London, UK",Android,Corporate Network,0,0
319,101,2025-01-28 08:41:49,1841.05,Online Purchase,True,-498.0,1343.05,"Paris, France",Android,Home WiFi,0,1
320,102,2025-01-28 08:42:49,2698.8,Suspicious Login,True,0.0,2698.8,"New York, USA",MacBook,Public WiFi,0,0
321,103,2025-01-28 08:46:49,5701.21,Purchase Luxury Goods,True,-1152.0,4549.21,"Los Angeles, USA",iPhone,Mobile Network,0,0
322,104,2025-01-28 09:00:49,3806.0,Unauthorized Transfer,False,-6099.0,3806.0,"London, UK",Android,Home WiFi,0,0
323,105,2025-01-28 10:57:49,6391.67,Purchase Luxury Goods,False,-56830.0,6391.67,"London, UK",Android,Home WiFi,0,0
324,106,2025-01-28 11:10:49,3121.74,Report Lost Card,True,0.0,3121.74,"Berlin, Germany",iPhone,Public WiFi,0,0
325,107,2025-01-28 11:21:49,1684.34,Online Purchase,True,-11.0,1673.34,"Los Angeles, USA",Windows Laptop,Mobile Network,0,1
326,108,2025-01-28 11:35:49,628.4,Online Purchase,True,-457.0,171.4,"Paris, France",iPhone,Mobile Network,0,0
327,109,2025-01-28 14:21:49,13462.8,Make Purchase,True,-751.0,12711.8,"Tokyo, Japan",Android,Mobile Network,0,0
328,0,2025-01-28 14:28:49,3726.3,Request New Card,True,0.0,3726.3,"Los Angeles, USA",Windows Laptop,Home WiFi,0,0
329,1,2025-01-28 15:24:49,2552.17,Open Account,True,0.0,2552.17,"London, UK",Windows Laptop,Home WiFi,0,0
330,2,2025-01-28 17:34:49,947.26,Make Purchase,True,-202.0,745.26,"New York, USA",iPhone,Public WiFi,0,0
331,3,2025-01-28 19:47:49,8699.85,Transfer Funds,True,-1313.0,7386.85,"Tokyo, Japan",iPhone,Corporate Network,0,0
332,4,2025-01-28 19:51:49,4486.69,Request New PIN,True,0.0,4486.69,"Tokyo, Japan",Android,Home WiFi,0,0
333,6,2025-01-28 20:27:49,1837.09,Invest Money,False,-26969.0,1837.09,"Paris, France",Windows Laptop,Home WiFi,0,0
334,7,2025-01-28 20:44:49,1525.16,Open Account,True,0.0,1525.16,"New York, USA",iPhone,Home WiFi,0,0
335,8,2025-01-28 23:41:49,1529.22,Pay Bills,False,-2495.0,1529.22,"New York, USA",Linux PC,Home WiFi,0,0
336,9,2025-01-29 00:00:49,4427.55,Change Email,True,0.0,4427.55,"Los Angeles, USA",MacBook,Mobile Network,0,0
337,11,2025-01-29 00:23:49,2828.59,Close Account,True,0.0,2828.59,"London, UK",Windows Laptop,Home WiFi,0,0
338,12,2025-01-29 00:31:49,3987.93,Balance Check,True,0.0,3987.93,"London, UK",iPhone,Corporate Network,0,0
339,13,2025-01-29 03:26:49,2027.38,Review activityments,True,0.0,2027.38,"New York, USA",MacBook,Public WiFi,0,0
340,15,2025-01-29 03:38:49,1162.08,Suspicious Login,True,0.0,1162.08,"New York, USA",Windows Laptop,Public WiFi,0,0
341,16,2025-01-29 04:30:49,12927.36,Wire Transfer,False,-30831.0,12927.36,"New York, USA",Windows Laptop,Public WiFi,0,0
342,17,2025-01-29 04:55:49,4757.16,Suspicious Login,True,0.0,4757.16,"Los Angeles, USA",iPad,Home WiFi,0,0
343,19,2025-01-29 05:12:49,1164.14,Change Phone,True,0.0,1164.14,"Paris, France",Windows Laptop,Public WiFi,0,0
344,21,2025-01-29 06:07:49,3530.28,Make Purchase,True,-125.0,3405.28,"Tokyo, Japan",MacBook,Home WiFi,0,0
345,22,2025-01-29 06:29:49,3525.27,Make Purchase,False,-9719.0,3525.27,"New York, USA",MacBook,Home WiFi,0,0
346,23,2025-01-29 07:21:49,808.37,Deposit Funds,True,7291.0,8099.37,"Berlin, Germany",iPad,Mobile Network,0,0
347,24,2025-01-29 07:36:49,2191.99,POS Purchase,True,-86.0,2105.99,"London, UK",MacBook,Public WiFi,0,0
348,25,2025-01-29 08:21:49,705.55,Create Fake Identity,True,0.0,705.55,"Los Angeles, USA",Android,Home WiFi,0,0
349,26,2025-01-29 08:59:49,1244.74,Invest in Assets,False,-7724.0,1244.74,"Los Angeles, USA",Linux PC,Corporate Network,0,0
350,27,2025-01-29 10:45:49,9327.24,Cash Withdrawal,True,-4658.0,4669.24,"Los Angeles, USA",MacBook,Mobile Network,0,0
351,28,2025-01-29 10:57:49,1790.09,Online Purchase,True,-261.0,1529.09,"Tokyo, Japan",Android,Home WiFi,0,0
352,29,2025-01-29 11:11:49,2243.62,POS Purchase,True,-723.0,1520.62,"Tokyo, Japan",Android,Home WiFi,0,0
353,31,2025-01-29 12:13:49,6032.81,Purchase Luxury Goods,False,-6778.0,6032.81,"New York, USA",Windows Laptop,Public WiFi,0,0
354,32,2025-01-29 12:51:49,4746.34,Max Out Credit,True,-2409.0,2337.34,"Berlin, Germany",iPhone,Home WiFi,0,0
355,33,2025-01-29 12:56:49,3909.88,POS Purchase,True,-197.0,3712.88,"New York, USA",Android,Home WiFi,0,0
356,34,2025-01-29 13:29:49,1780.54,Open Account,True,0.0,1780.54,"Los Angeles, USA",Windows Laptop,Public WiFi,0,0
357,35,2025-01-29 15:15:49,1460.0,Purchase Luxury Goods,False,-87822.0,1460.0,"London, UK",MacBook,Mobile Network,0,0
358,36,2025-01-29 16:16:49,20780.66,Purchase Luxury Goods,False,-27153.0,20780.66,"Berlin, Germany",Linux PC,Home WiFi,0,0
359,37,2025-01-29 17:01:49,34.67,Create Fake Identity,True,0.0,34.67,"Berlin, Germany",Windows Laptop,Home WiFi,0,0
360,39,2025-01-29 17:31:49,1363.94,Change Password,True,0.0,1363.94,"New York, USA",iPhone,Public WiFi,0,1
361,40,2025-01-29 17:47:49,4342.68,Change Email,True,0.0,4342.68,"Tokyo, Japan",iPhone,Home WiFi,1,0
362,41,2025-01-29 18:14:49,2268.61,Change Email,True,0.0,2268.61,"Paris, France",Android,Home WiFi,1,0
363,42,2025-01-29 18:36:49,3083.38,Apply for Credit Card,True,0.0,3083.38,"Tokyo, Japan",Windows Laptop,Public WiFi,0,1
364,43,2025-01-29 19:17:49,3889.25,Open Account,True,0.0,3889.25,"Los Angeles, USA",Android,Mobile Network,0,0
365,44,2025-01-29 22:04:49,692.61,Pay Bills,False,-917.0,692.61,"Tokyo, Japan",Android,Mobile Network,0,0
366,45,2025-01-29 23:21:49,2384.34,Close Account,True,0.0,2384.34,"Tokyo, Japan",MacBook,Home WiFi,0,0
367,47,2025-01-30 00:38:49,1426.1,Cash Withdrawal,False,-3786.0,1426.1,"Tokyo, Japan",iPhone,Home WiFi,0,0
368,48,2025-01-30 00:47:49,2037.36,Change Phone,True,0.0,2037.36,"Tokyo, Japan",Windows Laptop,Home WiFi,0,0
369,49,2025-01-30 03:08:49,2092.45,Transfer Funds,True,-1992.0,100.45,"Berlin, Germany",Android,Home WiFi,0,0
370,50,2025-01-30 03:34:49,1112.61,Unauthorized Transfer,False,-7078.0,1112.61,"New York, USA",MacBook,Home WiFi,0,0
371,51,2025-01-30 03:45:49,2445.75,Cash Withdrawal,False,-2809.0,2445.75,"Paris, France",Android,Corporate Network,0,0
372,53,2025-01-30 04:11:49,2322.76,Create Fake Identity,True,0.0,2322.76,"Paris, France",iPhone,Public WiFi,0,0
373,54,2025-01-30 04:11:49,3702.4,Unauthorized Transfer,False,-4338.0,3702.4,"New York, USA",Android,Home WiFi,0,0
374,55,2025-01-30 04:36:49,4773.24,Suspicious Login,True,0.0,4773.24,"Los Angeles, USA",iPhone,Public WiFi,0,1
375,56,2025-01-30 04:36:49,2393.2,Online Purchase,True,-304.0,2089.2,"Tokyo, Japan",Windows Laptop,Public WiFi,0,0
376,57,2025-01-30 05:13:49,1922.82,Cash Withdrawal,True,-839.0,1083.82,"Tokyo, Japan",Linux PC,Corporate Network,1,0
377,58,2025-01-30 05:28:49,1221.41,Change Email,True,0.0,1221.41,"Paris, France",iPhone,Mobile Network,0,0
378,59,2025-01-30 05:30:49,1577.37,Change Phone,True,0.0,1577.37,"New York, USA",iPhone,Public WiFi,0,0
379,60,2025-01-30 05:42:49,4961.27,Suspicious Login,True,0.0,4961.27,"Los Angeles, USA",iPhone,Home WiFi,0,0
380,61,2025-01-30 06:36:49,4625.79,Cash Withdrawal,True,-1061.0,3564.79,"Los Angeles, USA",iPad,Corporate Network,0,0
381,62,2025-01-30 06:37:49,2218.8,Transfer Funds,False,-4961.0,2218.8,"Los Angeles, USA",Linux PC,Mobile Network,0,0
382,63,2025-01-30 07:09:49,1650.35,Close Account,True,0.0,1650.35,"London, UK",Windows Laptop,Home WiFi,0,0
383,64,2025-01-30 07:26:49,3192.24,Close Account,True,0.0,3192.24,"Tokyo, Japan",MacBook,Home WiFi,0,0
384,65,2025-01-30 07:32:49,3300.88,Request New PIN,True,0.0,3300.88,"New York, USA",iPhone,Public WiFi,0,0
385,67,2025-01-30 07:36:49,3671.93,Unauthorized Transfer,False,-7927.0,3671.93,"Tokyo, Japan",Linux PC,Home WiFi,0,0
386,68,2025-01-30 07:47:49,3994.28,Deposit Funds,True,6520.0,10514.28,"Paris, France",Android,Mobile Network,0,0
387,69,2025-01-30 07:54:49,2793.2,POS Purchase,True,-364.0,2429.2,"Los Angeles, USA",Android,Home WiFi,0,0
388,70,2025-01-30 08:13:49,2790.98,Open Account,True,0.0,2790.98,"Tokyo, Japan",MacBook,Public WiFi,0,0
389,71,2025-01-30 08:23:49,1805.01,Failed Login,True,0.0,1805.01,"Los Angeles, USA",MacBook,Public WiFi,0,0
390,72,2025-01-30 11:10:49,16174.39,Transfer Funds,True,-4923.0,11251.39,"Tokyo, Japan",Linux PC,Home WiFi,0,0
391,73,2025-01-30 11:25:49,2180.38,POS Purchase,True,-688.0,1492.38,"London, UK",Linux PC,Public WiFi,0,0
392,74,2025-01-30 11:32:49,2552.62,POS Purchase,True,-804.0,1748.62,"Berlin, Germany",iPhone,Home WiFi,0,0
393,75,2025-01-30 11:56:49,1168.4,Change Email,True,0.0,1168.4,"Tokyo, Japan",MacBook,Home WiFi,0,0
394,76,2025-01-30 13:25:49,1139.11,Invest in Assets,False,-14138.0,1139.11,"London, UK",Android,Home WiFi,0,0
395,77,2025-01-30 16:22:49,1673.34,Pay Bills,False,-4956.0,1673.34,"London, UK",iPhone,Public WiFi,0,0
396,78,2025-01-30 16:35:49,894.13,Balance Check,True,0.0,894.13,"Tokyo, Japan",Windows Laptop,Public WiFi,0,0
397,79,2025-01-30 16:54:49,2546.3,Invest in Assets,False,-40351.0,2546.3,"Paris, France",Android,Corporate Network,0,0
398,80,2025-01-30 17:07:49,2682.44,Apply for Loan,True,0.0,2682.44,"New York, USA",Windows Laptop,Public WiFi,0,0
399,81,2025-01-30 17:14:49,2921.86,POS Purchase,True,-115.0,2806.86,"London, UK",MacBook,Public WiFi,0,0
400,82,2025-01-30 18:34:49,8223.22,Apply for Loan,True,0.0,8223.22,"New York, USA",iPhone,Corporate Network,0,0
401,83,2025-01-30 20:34:49,6936.35,Deposit Funds,True,8797.0,15733.35,"New York, USA",iPhone,Home WiFi,0,1
402,84,2025-01-30 20:39:49,4476.31,Online Purchase,True,-166.0,4310.31,"New York, USA",MacBook,Public WiFi,0,0
403,85,2025-01-30 20:57:49,490.95,Apply for Loan,True,0.0,490.95,"Paris, France",Android,Public WiFi,0,0
404,86,2025-01-30 21:07:49,2336.85,POS Purchase,True,-891.0,1445.85,"London, UK",Android,Home WiFi,0,0
405,87,2025-01-30 21:09:49,1829.42,Request New PIN,True,0.0,1829.42,"New York, USA",Windows Laptop,Public WiFi,0,0
406,88,2025-01-30 21:36:49,1367.01,Wire Transfer,False,-38525.0,1367.01,"London, UK",iPhone,Public WiFi,0,0
407,89,2025-01-30 21:50:49,1679.56,Change Phone,True,0.0,1679.56,"Paris, France",Windows Laptop,Public WiFi,0,0
408,90,2025-01-30 21:51:49,4781.97,Change Phone,True,0.0,4781.97,"New York, USA",iPhone,Corporate Network,0,0
409,91,2025-01-30 22:15:49,2519.8,Invest in Assets,False,-7384.0,2519.8,"Tokyo, Japan",iPhone,Mobile Network,0,0
410,93,2025-01-30 22:44:49,2238.89,Change Email,True,0.0,2238.89,"New York, USA",Android,Mobile Network,0,0
411,94,2025-01-30 22:44:49,2618.39,Request New PIN,True,0.0,2618.39,"Los Angeles, USA",MacBook,Home WiFi,0,0
412,95,2025-01-31 01:08:49,2276.79,Deposit Funds,True,907.0,3183.79,"Tokyo, Japan",iPad,Home WiFi,0,0
413,97,2025-01-31 01:17:49,2202.25,Online Purchase,True,-276.0,1926.25,"Berlin, Germany",Windows Laptop,Mobile Network,0,0
414,98,2025-01-31 01:20:49,2923.14,Report Lost Card,True,0.0,2923.14,"New York, USA",Windows Laptop,Corporate Network,0,0
415,99,2025-01-31 02:01:49,12056.52,Deposit Funds,True,749.0,12805.52,"New York, USA",iPhone,Public WiFi,0,0
416,100,2025-01-31 02:52:49,2283.16,Purchase Luxury Goods,False,-27291.0,2283.16,"New York, USA",Android,Mobile Network,0,0
417,101,2025-01-31 03:01:49,1343.05,POS Purchase,True,-199.0,1144.05,"Paris, France",Android,Home WiFi,0,0
418,102,2025-01-31 03:12:49,2698.8,Change Password,True,0.0,2698.8,"London, UK",Android,Public WiFi,0,0
419,103,2025-01-31 04:12:49,4549.21,Close Account,True,0.0,4549.21,"London, UK",Windows Laptop,Public WiFi,0,0
420,104,2025-01-31 04:41:49,3806.0,Change Password,True,0.0,3806.0,"Los Angeles, USA",Windows Laptop,Home WiFi,0,0
421,105,2025-01-31 05:41:49,6391.67,Close Account,True,0.0,6391.67,"New York, USA",Android,Home WiFi,0,0
422,106,2025-01-31 05:56:49,3121.74,Request New PIN,True,0.0,3121.74,"New York, USA",MacBook,Home WiFi,0,0
423,107,2025-01-31 06:03:49,1673.34,Online Purchase,True,-164.0,1509.34,"Paris, France",iPhone,Home WiFi,0,0
424,108,2025-01-31 06:12:49,171.4,Online Purchase,False,-495.0,171.4,"Tokyo, Japan",Windows Laptop,Public WiFi,0,0
425,109,2025-01-31 06:16:49,12711.8,Make Purchase,True,-388.0,12323.8,"New York, USA",iPhone,Public WiFi,0,0
426,0,2025-01-31 06:45:49,3726.3,Request New Card,True,0.0,3726.3,"London, UK",iPad,Home WiFi,0,0
427,1,2025-01-31 06:50:49,2552.17,Withdraw Funds,False,-3454.0,2552.17,"Paris, France",Linux PC,Mobile Network,0,0
428,2,2025-01-31 07:19:49,745.26,Make Purchase,True,-349.0,396.26,"London, UK",iPhone,Home WiFi,0,0
429,3,2025-01-31 08:11:49,7386.85,Invest Money,False,-16962.0,7386.85,"New York, USA",iPhone,Mobile Network,0,0
430,4,2025-01-31 08:19:49,4486.69,Request New PIN,True,0.0,4486.69,"New York, USA",Windows Laptop,Mobile Network,0,0
431,6,2025-01-31 10:50:49,1837.09,Invest Money,False,-7828.0,1837.09,"Tokyo, Japan",Windows Laptop,Home WiFi,0,0
432,7,2025-01-31 11:33:49,1525.16,Withdraw Funds,False,-1665.0,1525.16,"London, UK",iPhone,Public WiFi,0,0
433,8,2025-01-31 11:50:49,1529.22,Pay Bills,False,-4295.0,1529.22,"New York, USA",iPhone,Corporate Network,0,0
434,9,2025-01-31 12:00:49,4427.55,Suspicious Login,True,0.0,4427.55,"Tokyo, Japan",iPhone,Public WiFi,0,0
435,12,2025-01-31 12:00:49,3987.93,Close Account,True,0.0,3987.93,"New York, USA",MacBook,Corporate Network,1,0
436,13,2025-01-31 13:07:49,2027.38,Review activityments,True,0.0,2027.38,"New York, USA",Android,Public WiFi,0,0
437,15,2025-01-31 13:21:49,1162.08,Suspicious Login,True,0.0,1162.08,"New York, USA",iPhone,Mobile Network,0,0
438,16,2025-01-31 14:51:49,12927.36,Purchase Luxury Goods,False,-18154.0,12927.36,"New York, USA",MacBook,Mobile Network,0,0
439,17,2025-01-31 15:02:49,4757.16,Change Password,True,0.0,4757.16,"New York, USA",iPhone,Public WiFi,0,0
440,19,2025-01-31 15:30:49,1164.14,Request New Card,True,0.0,1164.14,"Paris, France",Windows Laptop,Public WiFi,0,0
441,21,2025-01-31 17:42:49,3405.28,Make Purchase,True,-383.0,3022.28,"Berlin, Germany",iPhone,Public WiFi,0,0
442,22,2025-01-31 18:23:49,3525.27,Make Purchase,False,-31800.0,3525.27,"London, UK",MacBook,Public WiFi,0,0
443,23,2025-01-31 20:12:49,8099.37,Make Purchase,True,-280.0,7819.37,"Paris, France",iPhone,Public WiFi,0,0
444,24,2025-01-31 20:17:49,2105.99,POS Purchase,True,-482.0,1623.99,"New York, USA",Android,Public WiFi,0,0
445,25,2025-01-31 20:40:49,705.55,Open Account,True,0.0,705.55,"New York, USA",iPhone,Home WiFi,0,0
446,26,2025-01-31 22:06:49,1244.74,Close Account,True,0.0,1244.74,"London, UK",Android,Public WiFi,0,0
447,27,2025-01-31 23:31:49,4669.24,Purchase Luxury Goods,False,-65337.0,4669.24,"London, UK",iPhone,Home WiFi,0,0
448,28,2025-01-31 23:38:49,1529.09,Online Purchase,True,-67.0,1462.09,"Berlin, Germany",iPhone,Corporate Network,0,1
449,29,2025-01-31 23:39:49,1520.62,Online Purchase,True,-416.0,1104.62,"Paris, France",MacBook,Home WiFi,1,0
450,31,2025-02-01 00:40:49,6032.81,Cash Withdrawal,True,-2600.0,3432.81,"Paris, France",iPhone,Public WiFi,0,0
451,32,2025-02-01 00:51:49,2337.34,Max Out Credit,False,-2347.0,2337.34,"Paris, France",Android,Public WiFi,0,0
452,33,2025-02-01 01:02:49,3712.88,POS Purchase,True,-207.0,3505.88,"London, UK",MacBook,Home WiFi,0,0
453,34,2025-02-01 01:11:49,1780.54,Open Account,True,0.0,1780.54,"Tokyo, Japan",iPhone,Mobile Network,0,0
454,35,2025-02-01 03:07:49,1460.0,Cash Withdrawal,False,-2314.0,1460.0,"Los Angeles, USA",Windows Laptop,Mobile Network,1,0
455,36,2025-02-01 03:31:49,20780.66,Deposit Funds,True,9570.0,30350.66,"New York, USA",Android,Public WiFi,0,0
456,37,2025-02-01 03:32:49,34.67,Create Fake Identity,True,0.0,34.67,"New York, USA",Windows Laptop,Home WiFi,0,0
457,39,2025-02-01 03:48:49,1363.94,Suspicious Login,True,0.0,1363.94,"Paris, France",Windows Laptop,Public WiFi,0,0
458,40,2025-02-01 03:54:49,4342.68,Change Phone,True,0.0,4342.68,"Tokyo, Japan",MacBook,Public WiFi,0,0
459,41,2025-02-01 04:09:49,2268.61,Change Email,True,0.0,2268.61,"New York, USA",iPhone,Corporate Network,0,0
460,42,2025-02-01 05:08:49,3083.38,Apply for Credit Card,True,0.0,3083.38,"London, UK",MacBook,Home WiFi,0,0
461,43,2025-02-01 05:52:49,3889.25,Apply for Loan,True,0.0,3889.25,"New York, USA",MacBook,Corporate Network,0,0
462,44,2025-02-01 06:57:49,692.61,Make Purchase,True,-1.0,691.61,"New York, USA",Android,Corporate Network,0,0
463,47,2025-02-01 08:39:49,1426.1,Cash Withdrawal,True,-334.0,1092.1,"Berlin, Germany",Android,Home WiFi,0,0
464,48,2025-02-01 09:00:49,2037.36,Change Phone,True,0.0,2037.36,"Los Angeles, USA",Android,Mobile Network,0,0
465,49,2025-02-01 10:41:49,100.45,Pay Bills,False,-4156.0,100.45,"New York, USA",iPhone,Home WiFi,0,0
466,50,2025-02-01 10:46:49,1112.61,Unauthorized Transfer,True,-418.0,694.61,"Tokyo, Japan",iPhone,Public WiFi,0,0
467,51,2025-02-01 11:46:49,2445.75,Wire Transfer,False,-23177.0,2445.75,"New York, USA",MacBook,Home WiFi,0,0
468,53,2025-02-01 12:25:49,2322.76,Create Fake Identity,True,0.0,2322.76,"Berlin, Germany",iPhone,Public WiFi,0,0
469,54,2025-02-01 12:54:49,3702.4,Request New Card,True,0.0,3702.4,"New York, USA",iPhone,Public WiFi,0,0
470,55,2025-02-01 13:13:49,4773.24,Suspicious Login,True,0.0,4773.24,"New York, USA",Android,Corporate Network,0,0
471,56,2025-02-01 13:24:49,2089.2,Request New PIN,True,0.0,2089.2,"London, UK",Android,Home WiFi,0,0
472,57,2025-02-01 14:06:49,1083.82,Close Account,True,0.0,1083.82,"New York, USA",iPhone,Mobile Network,0,0
473,58,2025-02-01 14:13:49,1221.41,Change Email,True,0.0,1221.41,"Tokyo, Japan",Windows Laptop,Home WiFi,0,0
474,59,2025-02-01 14:39:49,1577.37,Change Password,True,0.0,1577.37,"New York, USA",Windows Laptop,Home WiFi,0,0
475,60,2025-02-01 15:07:49,4961.27,Suspicious Login,True,0.0,4961.27,"Paris, France",MacBook,Home WiFi,0,0
476,61,2025-02-01 17:01:49,3564.79,Cash Withdrawal,True,-1900.0,1664.79,"London, UK",Windows Laptop,Mobile Network,1,0
477,62,2025-02-01 18:06:49,2218.8,Make Purchase,True,-228.0,1990.8,"London, UK",Windows Laptop,Home WiFi,0,0
478,65,2025-02-01 18:07:49,3300.88,Request New PIN,True,0.0,3300.88,"Paris, France",iPhone,Home WiFi,0,0
479,67,2025-02-01 18:26:49,3671.93,Request New Card,True,0.0,3671.93,"London, UK",iPhone,Public WiFi,0,0
480,68,2025-02-01 20:14:49,10514.28,Wire Transfer,True,-2721.0,7793.28,"Paris, France",Windows Laptop,Public WiFi,0,0
481,69,2025-02-01 20:14:49,2429.2,Online Purchase,True,-125.0,2304.2,"Berlin, Germany",Windows Laptop,Corporate Network,0,0
482,70,2025-02-01 20:56:49,2790.98,Apply for Credit Card,True,0.0,2790.98,"Tokyo, Japan",iPhone,Home WiFi,0,0
483,71,2025-02-01 21:10:49,1805.01,Suspicious Login,True,0.0,1805.01,"Los Angeles, USA",iPhone,Public WiFi,0,0
484,72,2025-02-01 23:01:49,11251.39,Deposit Funds,True,9595.0,20846.39,"Berlin, Germany",Android,Mobile Network,0,1
485,73,2025-02-01 23:01:49,1492.38,Close Account,True,0.0,1492.38,"Tokyo, Japan",Linux PC,Public WiFi,0,0
486,74,2025-02-01 23:07:49,1748.62,Online Purchase,True,-207.0,1541.62,"Paris, France",Windows Laptop,Public WiFi,0,0
487,75,2025-02-01 23:28:49,1168.4,Change Phone,True,0.0,1168.4,"Tokyo, Japan",Windows Laptop,Home WiFi,0,0
488,76,2025-02-01 23:31:49,1139.11,Invest in Assets,True,-538.0,601.11,"Los Angeles, USA",iPhone,Public WiFi,0,0
489,77,2025-02-01 23:34:49,1673.34,Make Purchase,True,-794.0,879.34,"New York, USA",Android,Public WiFi,0,0
490,78,2025-02-01 23:36:49,894.13,Request New PIN,True,0.0,894.13,"New York, USA",Android,Mobile Network,0,0
491,79,2025-02-02 01:02:49,2546.3,Invest in Assets,False,-6052.0,2546.3,"New York, USA",iPad,Public WiFi,0,0
492,80,2025-02-02 02:07:49,2682.44,Close Account,True,0.0,2682.44,"New York, USA",Android,Home WiFi,0,0
493,81,2025-02-02 02:19:49,2806.86,POS Purchase,True,-537.0,2269.86,"Los Angeles, USA",iPhone,Public WiFi,0,0
494,82,2025-02-02 02:29:49,8223.22,Invest Money,False,-12524.0,8223.22,"Los Angeles, USA",Android,Mobile Network,0,0
495,83,2025-02-02 03:07:49,15733.35,Wire Transfer,False,-43587.0,15733.35,"New York, USA",iPhone,Home WiFi,0,0
496,84,2025-02-02 03:19:49,4310.31,POS Purchase,True,-711.0,3599.31,"Los Angeles, USA",Windows Laptop,Public WiFi,0,1
497,85,2025-02-02 03:29:49,490.95,Create Fake Identity,True,0.0,490.95,"Los Angeles, USA",iPhone,Public WiFi,0,0
498,86,2025-02-02 03:39:49,1445.85,POS Purchase,True,-32.0,1413.85,"Los Angeles, USA",iPhone,Home WiFi,0,1
499,87,2025-02-02 03:41:49,1829.42,Request New PIN,True,0.0,1829.42,"Tokyo, Japan",Android,Home WiFi,0,0
500,88,2025-02-02 03:53:49,1367.01,Close Account,True,0.0,1367.01,"Tokyo, Japan",Android,Public WiFi,1,0
501,89,2025-02-02 04:13:49,1679.56,Change Phone,True,0.0,1679.56,"Los Angeles, USA",iPad,Corporate Network,0,0
502,90,2025-02-02 04:28:49,4781.97,Change Phone,True,0.0,4781.97,"New York, USA",iPhone,Home WiFi,0,0
503,91,2025-02-02 04:29:49,2519.8,Purchase Luxury Goods,False,-24784.0,2519.8,"London, UK",iPhone,Home WiFi,0,0
504,93,2025-02-02 04:29:49,2238.89,Suspicious Login,True,0.0,2238.89,"New York, USA",iPad,Corporate Network,0,0
505,94,2025-02-02 04:43:49,2618.39,Report Lost Card,True,0.0,2618.39,"Paris, France",iPad,Public WiFi,0,0
506,95,2025-02-02 07:12:49,3183.79,Deposit Funds,True,6424.0,9607.79,"Los Angeles, USA",Windows Laptop,Corporate Network,0,0
507,97,2025-02-02 07:17:49,1926.25,Request New PIN,True,0.0,1926.25,"Los Angeles, USA",iPhone,Public WiFi,0,0
508,98,2025-02-02 07:30:49,2923.14,Close Account,True,0.0,2923.14,"London, UK",Android,Public WiFi,0,0
509,99,2025-02-02 08:43:49,12805.52,Invest in Assets,True,-5106.0,7699.52,"Tokyo, Japan",MacBook,Home WiFi,0,0
510,100,2025-02-02 10:03:49,2283.16,Purchase Luxury Goods,False,-11821.0,2283.16,"Los Angeles, USA",iPhone,Mobile Network,0,0
511,101,2025-02-02 10:09:49,1144.05,Balance Check,True,0.0,1144.05,"New York, USA",Windows Laptop,Home WiFi,0,0
512,102,2025-02-02 10:24:49,2698.8,Change Password,True,0.0,2698.8,"Berlin, Germany",Android,Mobile Network,0,0
513,104,2025-02-02 10:33:49,3806.0,Change Password,True,0.0,3806.0,"Berlin, Germany",Windows Laptop,Mobile Network,0,0
514,106,2025-02-02 10:35:49,3121.74,Report Lost Card,True,0.0,3121.74,"London, UK",Android,Home WiFi,0,0
515,107,2025-02-02 10:45:49,1509.34,POS Purchase,True,-594.0,915.34,"Berlin, Germany",Android,Home WiFi,0,0
516,108,2025-02-02 10:56:49,171.4,POS Purchase,False,-412.0,171.4,"New York, USA",iPhone,Home WiFi,0,0
517,109,2025-02-02 11:41:49,12323.8,Transfer Funds,True,-3663.0,8660.8,"Paris, France",Windows Laptop,Home WiFi,0,0
518,0,2025-02-02 11:57:49,3726.3,Request New Card,True,0.0,3726.3,"New York, USA",Linux PC,Public WiFi,1,1
519,1,2025-02-02 12:04:49,2552.17,Max Out Credit,False,-3119.0,2552.17,"London, UK",Android,Home WiFi,0,0
520,2,2025-02-02 12:20:49,396.26,Apply for Credit Card,True,0.0,396.26,"Tokyo, Japan",iPhone,Home WiFi,0,0
521,3,2025-02-02 12:35:49,7386.85,Make Purchase,True,-370.0,7016.85,"New York, USA",MacBook,Corporate Network,0,0
522,4,2025-02-02 12:35:49,4486.69,Request New PIN,True,0.0,4486.69,"Berlin, Germany",MacBook,Public WiFi,0,0
523,6,2025-02-02 14:09:49,1837.09,Transfer Funds,True,-1153.0,684.09,"New York, USA",Windows Laptop,Public WiFi,0,0
524,7,2025-02-02 14:27:49,1525.16,Withdraw Funds,False,-3587.0,1525.16,"Berlin, Germany",Linux PC,Corporate Network,0,0
525,8,2025-02-02 15:04:49,1529.22,Pay Bills,False,-2587.0,1529.22,"New York, USA",Android,Public WiFi,0,0
526,9,2025-02-02 15:24:49,4427.55,Change Password,True,0.0,4427.55,"London, UK",iPhone,Public WiFi,0,0
527,13,2025-02-02 17:21:49,2027.38,Review activityments,True,0.0,2027.38,"Berlin, Germany",iPhone,Home WiFi,0,0
528,15,2025-02-02 17:49:49,1162.08,Suspicious Login,True,0.0,1162.08,"Paris, France",Android,Home WiFi,0,0
529,16,2025-02-02 18:08:49,12927.36,Wire Transfer,True,-9572.0,3355.36,"New York, USA",iPhone,Mobile Network,0,0
530,17,2025-02-02 18:32:49,4757.16,Suspicious Login,True,0.0,4757.16,"New York, USA",Android,Mobile Network,0,0
531,19,2025-02-02 18:34:49,1164.14,Request New Card,True,0.0,1164.14,"New York, USA",iPhone,Public WiFi,0,0
532,21,2025-02-02 21:24:49,3022.28,Make Purchase,True,-728.0,2294.28,"London, UK",Android,Mobile Network,0,0
533,22,2025-02-02 22:03:49,3525.27,Max Out Credit,True,-3015.0,510.27,"Los Angeles, USA",iPad,Mobile Network,0,0
534,23,2025-02-03 01:00:49,7819.37,Make Purchase,True,-485.0,7334.37,"New York, USA",iPhone,Public WiFi,0,0
535,24,2025-02-03 01:06:49,1623.99,Report Lost Card,True,0.0,1623.99,"New York, USA",Windows Laptop,Corporate Network,0,0
536,25,2025-02-03 01:48:49,705.55,Create Fake Identity,True,0.0,705.55,"Paris, France",iPhone,Mobile Network,0,0
537,27,2025-02-03 03:31:49,4669.24,Purchase Luxury Goods,False,-95357.0,4669.24,"Paris, France",Windows Laptop,Home WiFi,0,0
538,28,2025-02-03 03:37:49,1462.09,POS Purchase,True,-726.0,736.09,"Tokyo, Japan",iPhone,Home WiFi,0,0
539,29,2025-02-03 03:38:49,1104.62,Online Purchase,True,-419.0,685.62,"Paris, France",iPhone,Home WiFi,0,0
540,31,2025-02-03 04:58:49,3432.81,Wire Transfer,False,-39100.0,3432.81,"London, UK",iPhone,Public WiFi,0,0
541,32,2025-02-03 05:45:49,2337.34,Close Account,True,0.0,2337.34,"Berlin, Germany",iPhone,Home WiFi,0,0
542,33,2025-02-03 05:52:49,3505.88,Request New PIN,True,0.0,3505.88,"Los Angeles, USA",MacBook,Mobile Network,0,0
543,34,2025-02-03 06:36:49,1780.54,Apply for Credit Card,True,0.0,1780.54,"London, UK",MacBook,Home WiFi,0,1
544,35,2025-02-03 06:43:49,1460.0,Purchase Luxury Goods,False,-39748.0,1460.0,"New York, USA",iPhone,Mobile Network,0,0
545,36,2025-02-03 07:57:49,30350.66,Cash Withdrawal,True,-2924.0,27426.66,"New York, USA",Android,Home WiFi,0,0
546,37,2025-02-03 08:25:49,34.67,Create Fake Identity,True,0.0,34.67,"New York, USA",iPad,Mobile Network,0,0
547,39,2025-02-03 08:29:49,1363.94,Change Password,True,0.0,1363.94,"Los Angeles, USA",MacBook,Public WiFi,1,0
548,40,2025-02-03 08:46:49,4342.68,Unauthorized Transfer,False,-7916.0,4342.68,"New York, USA",Windows Laptop,Public WiFi,0,0
549,41,2025-02-03 08:49:49,2268.61,Change Email,True,0.0,2268.61,"Los Angeles, USA",iPhone,Mobile Network,0,0
550,42,2025-02-03 09:05:49,3083.38,Create Fake Identity,True,0.0,3083.38,"Los Angeles, USA",Linux PC,Home WiFi,0,0
551,43,2025-02-03 09:50:49,3889.25,Apply for Loan,True,0.0,3889.25,"London, UK",Android,Public WiFi,0,0
552,44,2025-02-03 12:46:49,691.61,Make Purchase,True,-69.0,622.61,"London, UK",iPhone,Home WiFi,0,0
553,47,2025-02-03 12:47:49,1092.1,Purchase Luxury Goods,False,-93154.0,1092.1,"Los Angeles, USA",iPhone,Mobile Network,0,0
554,48,2025-02-03 13:03:49,2037.36,Change Password,True,0.0,2037.36,"Tokyo, Japan",Android,Public WiFi,0,0
555,49,2025-02-03 14:39:49,100.45,Make Purchase,False,-906.0,100.45,"Berlin, Germany",MacBook,Public WiFi,1,0
556,50,2025-02-03 14:48:49,694.61,Close Account,True,0.0,694.61,"London, UK",iPhone,Home WiFi,0,0
557,51,2025-02-03 16:34:49,2445.75,Purchase Luxury Goods,False,-20532.0,2445.75,"Berlin, Germany",Windows Laptop,Public WiFi,0,0
558,53,2025-02-03 16:55:49,2322.76,Create Fake Identity,True,0.0,2322.76,"London, UK",iPad,Mobile Network,0,0
559,54,2025-02-03 17:24:49,3702.4,Change Email,True,0.0,3702.4,"Tokyo, Japan",Windows Laptop,Home WiFi,0,0
560,55,2025-02-03 17:24:49,4773.24,Failed Login,True,0.0,4773.24,"Los Angeles, USA",MacBook,Home WiFi,0,0
561,56,2025-02-03 17:36:49,2089.2,Request New PIN,True,0.0,2089.2,"Paris, France",Linux PC,Public WiFi,1,0
562,58,2025-02-03 17:45:49,1221.41,Change Email,True,0.0,1221.41,"New York, USA",iPhone,Public WiFi,0,0
563,59,2025-02-03 17:48:49,1577.37,Change Email,True,0.0,1577.37,"Berlin, Germany",Android,Public WiFi,0,0
564,60,2025-02-03 17:58:49,4961.27,Change Password,True,0.0,4961.27,"London, UK",Android,Home WiFi,0,1
565,61,2025-02-03 19:43:49,1664.79,Purchase Luxury Goods,False,-49985.0,1664.79,"New York, USA",Android,Home WiFi,0,0
566,62,2025-02-03 20:02:49,1990.8,Transfer Funds,True,-660.0,1330.8,"New York, USA",Android,Public WiFi,0,0
567,65,2025-02-03 20:14:49,3300.88,Report Lost Card,True,0.0,3300.88,"Berlin, Germany",iPhone,Public WiFi,0,0
568,67,2025-02-03 20:36:49,3671.93,Request New Card,True,0.0,3671.93,"Paris, France",Linux PC,Corporate Network,0,0
569,68,2025-02-03 20:56:49,7793.28,Cash Withdrawal,True,-2974.0,4819.28,"New York, USA",iPhone,Public WiFi,0,0
570,69,2025-02-03 21:10:49,2304.2,Online Purchase,True,-18.0,2286.2,"Tokyo, Japan",Windows Laptop,Public WiFi,0,0
571,70,2025-02-03 21:31:49,2790.98,Apply for Credit Card,True,0.0,2790.98,"New York, USA",Android,Corporate Network,0,0
572,71,2025-02-03 21:34:49,1805.01,Unauthorized Transfer,False,-2375.0,1805.01,"New York, USA",Android,Corporate Network,0,0
573,72,2025-02-03 21:34:49,20846.39,Deposit Funds,True,8401.0,29247.39,"New York, USA",Windows Laptop,Home WiFi,0,0
574,74,2025-02-03 21:45:49,1541.62,Online Purchase,True,-53.0,1488.62,"Berlin, Germany",Windows Laptop,Mobile Network,1,0
575,75,2025-02-03 22:04:49,1168.4,Change Phone,True,0.0,1168.4,"Tokyo, Japan",iPhone,Mobile Network,0,0
576,76,2025-02-03 23:06:49,601.11,Wire Transfer,False,-17643.0,601.11,"Paris, France",iPhone,Home WiFi,0,0
577,77,2025-02-03 23:50:49,879.34,Make Purchase,False,-961.0,879.34,"New York, USA",MacBook,Home WiFi,0,0
578,78,2025-02-04 00:01:49,894.13,POS Purchase,True,-431.0,463.13,"Berlin, Germany",Linux PC,Public WiFi,0,0
579,79,2025-02-04 00:16:49,2546.3,Invest in Assets,False,-24342.0,2546.3,"Paris, France",Android,Home WiFi,1,0
580,81,2025-02-04 00:16:49,2269.86,POS Purchase,True,-315.0,1954.86,"Los Angeles, USA",iPad,Public WiFi,0,0
581,82,2025-02-04 01:07:49,8223.22,Transfer Funds,True,-615.0,7608.22,"Tokyo, Japan",Windows Laptop,Mobile Network,0,0
582,83,2025-02-04 01:33:49,15733.35,Invest in Assets,False,-28459.0,15733.35,"Los Angeles, USA",MacBook,Mobile Network,0,0
583,84,2025-02-04 01:40:49,3599.31,Online Purchase,True,-252.0,3347.31,"Los Angeles, USA",Windows Laptop,Public WiFi,0,0
584,85,2025-02-04 02:00:49,490.95,Open Account,True,0.0,490.95,"New York, USA",iPhone,Public WiFi,0,0
585,86,2025-02-04 02:05:49,1413.85,Online Purchase,True,-392.0,1021.85,"New York, USA",MacBook,Public WiFi,0,0
586,87,2025-02-04 02:20:49,1829.42,Close Account,True,0.0,1829.42,"New York, USA",iPhone,Public WiFi,0,0
587,89,2025-02-04 02:47:49,1679.56,Change Password,True,0.0,1679.56,"Los Angeles, USA",Android,Mobile Network,1,0
588,90,2025-02-04 02:54:49,4781.97,Change Password,True,0.0,4781.97,"Los Angeles, USA",Android,Home WiFi,0,0
589,91,2025-02-04 04:37:49,2519.8,Purchase Luxury Goods,False,-96444.0,2519.8,"Berlin, Germany",Android,Public WiFi,0,0
590,93,2025-02-04 04:47:49,2238.89,Suspicious Login,True,0.0,2238.89,"London, UK",Windows Laptop,Mobile Network,1,0
591,94,2025-02-04 04:48:49,2618.39,Close Account,True,0.0,2618.39,"New York, USA",Android,Home WiFi,0,0
592,95,2025-02-04 07:05:49,9607.79,Deposit Funds,True,235.0,9842.79,"New York, USA",Android,Home WiFi,0,0
593,97,2025-02-04 07:08:49,1926.25,Close Account,True,0.0,1926.25,"New York, USA",iPhone,Home WiFi,0,0
594,99,2025-02-04 08:36:49,7699.52,Wire Transfer,False,-11046.0,7699.52,"London, UK",Android,Home WiFi,0,0
595,100,2025-02-04 08:43:49,2283.16,Deposit Funds,True,280.0,2563.16,"Paris, France",Android,Home WiFi,0,0
596,101,2025-02-04 08:46:49,1144.05,Online Purchase,True,-209.0,935.05,"Los Angeles, USA",MacBook,Public WiFi,0,0
597,102,2025-02-04 09:10:49,2698.8,Suspicious Login,True,0.0,2698.8,"Los Angeles, USA",iPhone,Mobile Network,0,0
598,104,2025-02-04 09:10:49,3806.0,Change Password,True,0.0,3806.0,"Paris, France",iPhone,Public WiFi,1,0
599,106,2025-02-04 09:11:49,3121.74,Request New PIN,True,0.0,3121.74,"London, UK",MacBook,Home WiFi,0,0
600,107,2025-02-04 09:19:49,915.34,Close Account,True,0.0,915.34,"New York, USA",iPhone,Corporate Network,0,0
601,108,2025-02-04 09:19:49,171.4,Close Account,True,0.0,171.4,"Tokyo, Japan",iPhone,Mobile Network,0,0
602,109,2025-02-04 10:39:49,8660.8,Make Purchase,True,-950.0,7710.8,"Los Angeles, USA",iPhone,Home WiFi,0,0
603,0,2025-02-04 10:49:49,3726.3,Change Email,True,0.0,3726.3,"Berlin, Germany",MacBook,Public WiFi,0,0
604,1,2025-02-04 11:39:49,2552.17,Close Account,True,0.0,2552.17,"New York, USA",Android,Public WiFi,0,0
605,2,2025-02-04 12:42:49,396.26,Pay Bills,False,-2490.0,396.26,"Los Angeles, USA",MacBook,Home WiFi,0,0
606,3,2025-02-04 13:04:49,7016.85,Make Purchase,True,-348.0,6668.85,"Berlin, Germany",MacBook,Home WiFi,0,0
607,4,2025-02-04 13:16:49,4486.69,Request New PIN,True,0.0,4486.69,"New York, USA",Windows Laptop,Public WiFi,0,0
608,6,2025-02-04 15:55:49,684.09,Review activityments,True,0.0,684.09,"London, UK",Windows Laptop,Mobile Network,0,0
609,7,2025-02-04 16:47:49,1525.16,Close Account,True,0.0,1525.16,"Los Angeles, USA",iPhone,Home WiFi,0,0
610,8,2025-02-04 18:43:49,1529.22,Make Purchase,True,-988.0,541.22,"London, UK",Windows Laptop,Home WiFi,0,0
611,9,2025-02-04 18:57:49,4427.55,Change Password,True,0.0,4427.55,"Tokyo, Japan",iPhone,Corporate Network,0,0
612,13,2025-02-04 19:07:49,2027.38,Review activityments,True,0.0,2027.38,"London, UK",iPhone,Mobile Network,0,0
613,15,2025-02-04 19:35:49,1162.08,Suspicious Login,True,0.0,1162.08,"New York, USA",MacBook,Public WiFi,0,0
614,16,2025-02-04 19:37:49,3355.36,Cash Withdrawal,True,-2187.0,1168.36,"Tokyo, Japan",iPad,Home WiFi,0,0
615,17,2025-02-04 19:52:49,4757.16,Suspicious Login,True,0.0,4757.16,"New York, USA",Windows Laptop,Home WiFi,0,0
616,19,2025-02-04 20:14:49,1164.14,Request New Card,True,0.0,1164.14,"New York, USA",Windows Laptop,Corporate Network,1,0
617,21,2025-02-04 23:09:49,2294.28,Pay Bills,False,-3179.0,2294.28,"New York, USA",Android,Home WiFi,0,0
618,22,2025-02-04 23:54:49,510.27,Max Out Credit,False,-4028.0,510.27,"Tokyo, Japan",MacBook,Corporate Network,0,0
619,23,2025-02-05 01:59:49,7334.37,Make Purchase,True,-436.0,6898.37,"New York, USA",iPhone,Mobile Network,0,0
620,24,2025-02-05 02:10:49,1623.99,Request New PIN,True,0.0,1623.99,"Berlin, Germany",MacBook,Public WiFi,0,0
621,25,2025-02-05 03:04:49,705.55,Make Purchase,False,-2312.0,705.55,"London, UK",iPad,Mobile Network,0,0
622,27,2025-02-05 03:52:49,4669.24,Wire Transfer,False,-19777.0,4669.24,"London, UK",iPhone,Home WiFi,0,0
623,28,2025-02-05 03:53:49,736.09,Online Purchase,True,-453.0,283.09,"New York, USA",Windows Laptop,Home WiFi,0,0
624,29,2025-02-05 03:53:49,685.62,Online Purchase,True,-82.0,603.62,"New York, USA",iPhone,Home WiFi,0,0
625,31,2025-02-05 04:39:49,3432.81,Invest in Assets,False,-43290.0,3432.81,"Tokyo, Japan",Linux PC,Public WiFi,0,0
626,33,2025-02-05 04:40:49,3505.88,Report Lost Card,True,0.0,3505.88,"Tokyo, Japan",Windows Laptop,Mobile Network,0,0
627,34,2025-02-05 05:08:49,1780.54,Open Account,True,0.0,1780.54,"Tokyo, Japan",MacBook,Home WiFi,0,0
628,35,2025-02-05 06:07:49,1460.0,Close Account,True,0.0,1460.0,"Paris, France",MacBook,Public WiFi,0,0
629,36,2025-02-05 07:49:49,27426.66,Cash Withdrawal,True,-3214.0,24212.66,"New York, USA",MacBook,Home WiFi,0,0
630,37,2025-02-05 07:53:49,34.67,Create Fake Identity,True,0.0,34.67,"Los Angeles, USA",Android,Mobile Network,0,0
631,39,2025-02-05 08:15:49,1363.94,Change Password,True,0.0,1363.94,"Los Angeles, USA",Windows Laptop,Home WiFi,0,0
632,40,2025-02-05 08:16:49,4342.68,Unauthorized Transfer,True,-2264.0,2078.68,"New York, USA",Windows Laptop,Home WiFi,0,1
633,41,2025-02-05 08:34:49,2268.61,Request New Card,True,0.0,2268.61,"New York, USA",MacBook,Public WiFi,0,0
634,42,2025-02-05 09:06:49,3083.38,Open Account,True,0.0,3083.38,"London, UK",Android,Home WiFi,0,0
635,43,2025-02-05 09:54:49,3889.25,Apply for Loan,True,0.0,3889.25,"Paris, France",Windows Laptop,Public WiFi,0,0
636,44,2025-02-05 10:32:49,622.61,Transfer Funds,False,-4369.0,622.61,"New York, USA",Android,Public WiFi,0,1
637,47,2025-02-05 12:20:49,1092.1,Wire Transfer,False,-36911.0,1092.1,"New York, USA",Windows Laptop,Home WiFi,0,0
638,48,2025-02-05 12:33:49,2037.36,Change Password,True,0.0,2037.36,"London, UK",Android,Home WiFi,0,0
639,49,2025-02-05 14:52:49,100.45,Pay Bills,False,-4607.0,100.45,"London, UK",Android,Public WiFi,0,0
640,51,2025-02-05 15:39:49,2445.75,Purchase Luxury Goods,False,-27893.0,2445.75,"Los Angeles, USA",iPhone,Mobile Network,0,0
641,53,2025-02-05 15:50:49,2322.76,Apply for Loan,True,0.0,2322.76,"Tokyo, Japan",Android,Public WiFi,0,0
642,54,2025-02-05 16:11:49,3702.4,Change Phone,True,0.0,3702.4,"Berlin, Germany",Windows Laptop,Mobile Network,0,0
643,55,2025-02-05 16:14:49,4773.24,Failed Login,True,0.0,4773.24,"Berlin, Germany",MacBook,Home WiFi,0,0
644,56,2025-02-05 16:26:49,2089.2,Close Account,True,0.0,2089.2,"London, UK",Windows Laptop,Public WiFi,0,1
645,58,2025-02-05 16:56:49,1221.41,Change Email,True,0.0,1221.41,"New York, USA",iPad,Public WiFi,0,0
646,59,2025-02-05 16:56:49,1577.37,Change Email,True,0.0,1577.37,"Los Angeles, USA",Android,Public WiFi,0,0
647,60,2025-02-05 17:07:49,4961.27,Change Password,True,0.0,4961.27,"New York, USA",Android,Corporate Network,0,0
648,61,2025-02-05 17:10:49,1664.79,Invest in Assets,False,-31125.0,1664.79,"Paris, France",Windows Laptop,Public WiFi,0,0
649,62,2025-02-05 19:49:49,1330.8,Make Purchase,True,-337.0,993.8,"London, UK",iPhone,Public WiFi,0,0
650,65,2025-02-05 19:59:49,3300.88,Report Lost Card,True,0.0,3300.88,"New York, USA",Windows Laptop,Mobile Network,0,0
651,67,2025-02-05 20:07:49,3671.93,Close Account,True,0.0,3671.93,"Los Angeles, USA",iPhone,Home WiFi,0,0
652,68,2025-02-05 20:10:49,4819.28,Cash Withdrawal,True,-2973.0,1846.28,"New York, USA",MacBook,Corporate Network,0,0
653,69,2025-02-05 20:13:49,2286.2,Online Purchase,True,-312.0,1974.2,"London, UK",Android,Home WiFi,0,0
654,70,2025-02-05 21:13:49,2790.98,Apply for Credit Card,True,0.0,2790.98,"Los Angeles, USA",Android,Public WiFi,0,0
655,71,2025-02-05 21:17:49,1805.01,Unauthorized Transfer,False,-9988.0,1805.01,"Tokyo, Japan",iPhone,Public WiFi,0,0
656,72,2025-02-05 23:25:49,29247.39,Review activityments,True,0.0,29247.39,"New York, USA",Android,Home WiFi,1,0
657,74,2025-02-05 23:40:49,1488.62,Online Purchase,True,-7.0,1481.62,"London, UK",iPhone,Public WiFi,1,0
658,75,2025-02-06 00:10:49,1168.4,Change Phone,True,0.0,1168.4,"New York, USA",iPhone,Home WiFi,0,0
659,76,2025-02-06 01:57:49,601.11,Deposit Funds,True,3607.0,4208.11,"New York, USA",MacBook,Home WiFi,0,0
660,77,2025-02-06 02:43:49,879.34,Deposit Funds,True,3479.0,4358.34,"Berlin, Germany",Windows Laptop,Home WiFi,0,0
661,78,2025-02-06 02:52:49,463.13,POS Purchase,False,-873.0,463.13,"Paris, France",MacBook,Corporate Network,0,0
662,79,2025-02-06 03:40:49,2546.3,Deposit Funds,True,5814.0,8360.3,"Los Angeles, USA",Linux PC,Home WiFi,1,0
663,81,2025-02-06 03:40:49,1954.86,Online Purchase,True,-182.0,1772.86,"Los Angeles, USA",Android,Home WiFi,0,0
664,82,2025-02-06 04:48:49,7608.22,Transfer Funds,True,-2006.0,5602.22,"New York, USA",iPhone,Corporate Network,0,0
665,83,2025-02-06 05:31:49,15733.35,Cash Withdrawal,True,-4817.0,10916.35,"Los Angeles, USA",iPhone,Mobile Network,1,0
666,84,2025-02-06 05:35:49,3347.31,POS Purchase,True,-739.0,2608.31,"Los Angeles, USA",Windows Laptop,Mobile Network,0,0
667,85,2025-02-06 06:11:49,490.95,Apply for Credit Card,True,0.0,490.95,"Berlin, Germany",MacBook,Home WiFi,0,0
668,86,2025-02-06 06:22:49,1021.85,Report Lost Card,True,0.0,1021.85,"Tokyo, Japan",iPhone,Home WiFi,0,0
669,89,2025-02-06 06:39:49,1679.56,Suspicious Login,True,0.0,1679.56,"Los Angeles, USA",iPhone,Home WiFi,0,0
670,90,2025-02-06 07:05:49,4781.97,Change Password,True,0.0,4781.97,"Tokyo, Japan",Linux PC,Home WiFi,1,0
671,91,2025-02-06 08:15:49,2519.8,Purchase Luxury Goods,False,-95360.0,2519.8,"Los Angeles, USA",Android,Home WiFi,1,0
672,93,2025-02-06 08:19:49,2238.89,Suspicious Login,True,0.0,2238.89,"New York, USA",Windows Laptop,Corporate Network,0,0
673,95,2025-02-06 09:11:49,9842.79,Deposit Funds,True,1011.0,10853.79,"New York, USA",iPhone,Public WiFi,0,0
674,99,2025-02-06 09:35:49,7699.52,Cash Withdrawal,True,-2514.0,5185.52,"Los Angeles, USA",Android,Home WiFi,1,0
675,100,2025-02-06 10:09:49,2563.16,Wire Transfer,False,-4503.0,2563.16,"Los Angeles, USA",Windows Laptop,Home WiFi,0,0
676,101,2025-02-06 10:21:49,935.05,Report Lost Card,True,0.0,935.05,"Berlin, Germany",MacBook,Public WiFi,0,0
677,102,2025-02-06 10:22:49,2698.8,Suspicious Login,True,0.0,2698.8,"Tokyo, Japan",Android,Home WiFi,0,0
678,104,2025-02-06 10:37:49,3806.0,Change Password,True,0.0,3806.0,"New York, USA",iPhone,Home WiFi,0,0
679,106,2025-02-06 10:51:49,3121.74,Online Purchase,True,-198.0,2923.74,"New York, USA",Android,Public WiFi,0,0
680,109,2025-02-06 12:56:49,7710.8,Make Purchase,True,-612.0,7098.8,"New York, USA",Android,Public WiFi,0,0
681,0,2025-02-06 13:24:49,3726.3,Unauthorized Transfer,False,-9107.0,3726.3,"Los Angeles, USA",Android,Corporate Network,0,0
682,2,2025-02-06 16:07:49,396.26,Pay Bills,False,-1964.0,396.26,"London, UK",Windows Laptop,Public WiFi,0,0
683,3,2025-02-06 18:44:49,6668.85,Make Purchase,True,-836.0,5832.85,"London, UK",Windows Laptop,Home WiFi,0,0
684,4,2025-02-06 18:57:49,4486.69,Request New PIN,True,0.0,4486.69,"Tokyo, Japan",MacBook,Mobile Network,0,0
685,6,2025-02-06 20:29:49,684.09,Make Purchase,False,-807.0,684.09,"Berlin, Germany",MacBook,Public WiFi,0,0
686,8,2025-02-06 22:04:49,541.22,Transfer Funds,False,-3525.0,541.22,"Paris, France",Windows Laptop,Home WiFi,0,0
687,9,2025-02-06 22:07:49,4427.55,Change Password,True,0.0,4427.55,"Los Angeles, USA",Windows Laptop,Home WiFi,0,0
688,13,2025-02-07 00:55:49,2027.38,Close Account,True,0.0,2027.38,"London, UK",iPad,Public WiFi,0,0
689,15,2025-02-07 01:21:49,1162.08,Suspicious Login,True,0.0,1162.08,"Paris, France",MacBook,Home WiFi,0,1
690,16,2025-02-07 02:01:49,1168.36,Deposit Funds,True,2849.0,4017.36,"Los Angeles, USA",iPhone,Mobile Network,0,0
691,17,2025-02-07 02:24:49,4757.16,Failed Login,True,0.0,4757.16,"Paris, France",iPad,Corporate Network,0,0
692,19,2025-02-07 02:50:49,1164.14,Close Account,True,0.0,1164.14,"Los Angeles, USA",iPhone,Mobile Network,0,0
693,21,2025-02-07 04:54:49,2294.28,Pay Bills,True,-2052.0,242.28,"Berlin, Germany",MacBook,Home WiFi,0,0
694,22,2025-02-07 04:58:49,510.27,Apply for Loan,True,0.0,510.27,"Paris, France",Android,Home WiFi,1,0
695,23,2025-02-07 07:08:49,6898.37,Apply for Credit Card,True,0.0,6898.37,"Los Angeles, USA",Windows Laptop,Home WiFi,1,0
696,24,2025-02-07 07:20:49,1623.99,Request New PIN,True,0.0,1623.99,"London, UK",Android,Home WiFi,0,0
697,25,2025-02-07 07:42:49,705.55,Make Purchase,False,-44717.0,705.55,"Los Angeles, USA",iPhone,Home WiFi,0,0
698,27,2025-02-07 09:11:49,4669.24,Wire Transfer,False,-32682.0,4669.24,"Tokyo, Japan",Windows Laptop,Mobile Network,1,0
699,28,2025-02-07 09:19:49,283.09,POS Purchase,True,-71.0,212.09,"Paris, France",iPhone,Public WiFi,0,0
700,29,2025-02-07 09:31:49,603.62,Online Purchase,True,-467.0,136.62,"Berlin, Germany",Android,Mobile Network,0,0
701,31,2025-02-07 10:26:49,3432.81,Purchase Luxury Goods,False,-14951.0,3432.81,"New York, USA",Windows Laptop,Public WiFi,0,0
702,33,2025-02-07 10:39:49,3505.88,Online Purchase,True,-57.0,3448.88,"Tokyo, Japan",Windows Laptop,Mobile Network,0,0
703,34,2025-02-07 11:05:49,1780.54,Apply for Credit Card,True,0.0,1780.54,"Los Angeles, USA",Windows Laptop,Home WiFi,0,0
704,36,2025-02-07 13:00:49,24212.66,Cash Withdrawal,True,-1089.0,23123.66,"Paris, France",Android,Public WiFi,0,0
705,37,2025-02-07 13:32:49,34.67,Close Account,True,0.0,34.67,"New York, USA",Linux PC,Mobile Network,0,0
706,39,2025-02-07 13:54:49,1363.94,Change Password,True,0.0,1363.94,"Berlin, Germany",Android,Public WiFi,0,0
707,40,2025-02-07 14:14:49,2078.68,Unauthorized Transfer,True,-1783.0,295.68,"New York, USA",iPhone,Mobile Network,0,0
708,41,2025-02-07 14:31:49,2268.61,Request New Card,True,0.0,2268.61,"Los Angeles, USA",iPhone,Public WiFi,0,0
709,42,2025-02-07 14:55:49,3083.38,Apply for Credit Card,True,0.0,3083.38,"London, UK",iPhone,Mobile Network,1,0
710,43,2025-02-07 15:42:49,3889.25,Apply for Loan,True,0.0,3889.25,"New York, USA",MacBook,Corporate Network,0,0
711,44,2025-02-07 17:14:49,622.61,Deposit Funds,True,7325.0,7947.61,"Berlin, Germany",Windows Laptop,Mobile Network,0,0
712,47,2025-02-07 17:14:49,1092.1,Close Account,True,0.0,1092.1,"New York, USA",iPhone,Mobile Network,0,0
713,48,2025-02-07 17:21:49,2037.36,Change Phone,True,0.0,2037.36,"London, UK",iPhone,Public WiFi,0,0
714,49,2025-02-07 20:17:49,100.45,Pay Bills,False,-3774.0,100.45,"Los Angeles, USA",iPad,Home WiFi,0,0
715,51,2025-02-07 21:02:49,2445.75,Invest in Assets,False,-34886.0,2445.75,"Los Angeles, USA",Android,Public WiFi,0,0
716,53,2025-02-07 21:10:49,2322.76,Open Account,True,0.0,2322.76,"Berlin, Germany",iPhone,Home WiFi,0,0
717,54,2025-02-07 21:18:49,3702.4,Change Phone,True,0.0,3702.4,"Tokyo, Japan",MacBook,Mobile Network,0,1
718,55,2025-02-07 21:45:49,4773.24,Failed Login,True,0.0,4773.24,"Tokyo, Japan",Windows Laptop,Mobile Network,0,0
719,58,2025-02-07 21:48:49,1221.41,Change Email,True,0.0,1221.41,"London, UK",iPhone,Public WiFi,0,0
720,59,2025-02-07 21:57:49,1577.37,Request New Card,True,0.0,1577.37,"New York, USA",MacBook,Home WiFi,0,0
721,60,2025-02-07 22:06:49,4961.27,Change Password,True,0.0,4961.27,"Los Angeles, USA",iPhone,Home WiFi,0,0
722,61,2025-02-07 22:16:49,1664.79,Close Account,True,0.0,1664.79,"Berlin, Germany",Android,Home WiFi,0,0
723,62,2025-02-07 23:19:49,993.8,Make Purchase,True,-604.0,389.8,"New York, USA",Android,Mobile Network,0,0
724,65,2025-02-07 23:30:49,3300.88,POS Purchase,True,-692.0,2608.88,"London, UK",Android,Home WiFi,1,0
725,68,2025-02-07 23:36:49,1846.28,Cash Withdrawal,False,-1878.0,1846.28,"London, UK",iPhone,Public WiFi,0,0
726,69,2025-02-07 23:41:49,1974.2,Online Purchase,True,-500.0,1474.2,"Berlin, Germany",iPhone,Home WiFi,0,0
727,70,2025-02-07 23:55:49,2790.98,Apply for Credit Card,True,0.0,2790.98,"Paris, France",Android,Mobile Network,0,0
728,71,2025-02-07 23:57:49,1805.01,Unauthorized Transfer,False,-5187.0,1805.01,"New York, USA",Android,Home WiFi,0,0
729,72,2025-02-08 02:06:49,29247.39,Review activityments,True,0.0,29247.39,"London, UK",iPhone,Home WiFi,0,0
730,74,2025-02-08 02:12:49,1481.62,Report Lost Card,True,0.0,1481.62,"Paris, France",Windows Laptop,Home WiFi,0,0
731,75,2025-02-08 02:34:49,1168.4,Change Phone,True,0.0,1168.4,"Tokyo, Japan",Android,Mobile Network,0,0
732,76,2025-02-08 04:13:49,4208.11,Purchase Luxury Goods,False,-21315.0,4208.11,"New York, USA",iPad,Public WiFi,1,0
733,77,2025-02-08 04:16:49,4358.34,Deposit Funds,True,5924.0,10282.34,"New York, USA",iPhone,Home WiFi,0,0
734,78,2025-02-08 04:19:49,463.13,POS Purchase,False,-615.0,463.13,"New York, USA",iPhone,Public WiFi,0,0
735,79,2025-02-08 05:17:49,8360.3,Wire Transfer,True,-7562.0,798.3,"Los Angeles, USA",Linux PC,Home WiFi,0,0
736,81,2025-02-08 05:21:49,1772.86,POS Purchase,True,-802.0,970.86,"London, UK",Windows Laptop,Home WiFi,0,0
737,82,2025-02-08 07:34:49,5602.22,Make Purchase,True,-395.0,5207.22,"Tokyo, Japan",Linux PC,Public WiFi,0,1
738,83,2025-02-08 08:19:49,10916.35,Deposit Funds,True,8123.0,19039.35,"London, UK",Windows Laptop,Public WiFi,0,0
739,84,2025-02-08 08:34:49,2608.31,Online Purchase,True,-444.0,2164.31,"Los Angeles, USA",iPhone,Public WiFi,0,0
740,85,2025-02-08 09:27:49,490.95,Open Account,True,0.0,490.95,"Tokyo, Japan",MacBook,Public WiFi,1,0
741,86,2025-02-08 09:41:49,1021.85,Report Lost Card,True,0.0,1021.85,"New York, USA",iPhone,Mobile Network,0,0
742,89,2025-02-08 09:59:49,1679.56,Change Email,True,0.0,1679.56,"New York, USA",MacBook,Home WiFi,0,0
743,90,2025-02-08 09:59:49,4781.97,Change Password,True,0.0,4781.97,"Tokyo, Japan",Android,Home WiFi,0,0
744,91,2025-02-08 10:30:49,2519.8,Deposit Funds,True,6856.0,9375.8,"London, UK",Android,Public WiFi,0,0
745,93,2025-02-08 10:44:49,2238.89,Change Password,True,0.0,2238.89,"Los Angeles, USA",Windows Laptop,Corporate Network,0,0
746,95,2025-02-08 11:31:49,10853.79,Make Purchase,True,-720.0,10133.79,"Los Angeles, USA",iPhone,Home WiFi,0,0
747,99,2025-02-08 11:31:49,5185.52,Close Account,True,0.0,5185.52,"Tokyo, Japan",Android,Public WiFi,0,0
748,100,2025-02-08 13:18:49,2563.16,Deposit Funds,True,6515.0,9078.16,"Paris, France",MacBook,Home WiFi,0,0
749,101,2025-02-08 13:23:49,935.05,Balance Check,True,0.0,935.05,"Los Angeles, USA",iPad,Home WiFi,0,0
750,102,2025-02-08 13:37:49,2698.8,Change Password,True,0.0,2698.8,"New York, USA",iPad,Home WiFi,0,0
751,104,2025-02-08 13:50:49,3806.0,Change Password,True,0.0,3806.0,"Los Angeles, USA",iPhone,Mobile Network,0,0
752,106,2025-02-08 14:03:49,2923.74,Close Account,True,0.0,2923.74,"Paris, France",iPad,Public WiFi,0,0
753,109,2025-02-08 15:11:49,7098.8,Make Purchase,True,-262.0,6836.8,"Los Angeles, USA",Windows Laptop,Public WiFi,0,0
754,0,2025-02-08 15:15:49,3726.3,Unauthorized Transfer,False,-7588.0,3726.3,"Paris, France",MacBook,Home WiFi,0,0
755,2,2025-02-08 17:29:49,396.26,Make Purchase,True,-107.0,289.26,"London, UK",Android,Corporate Network,0,0
756,3,2025-02-08 20:18:49,5832.85,Make Purchase,True,-929.0,4903.85,"Los Angeles, USA",iPad,Corporate Network,0,0
757,4,2025-02-08 20:20:49,4486.69,POS Purchase,True,-829.0,3657.69,"Paris, France",iPhone,Home WiFi,0,0
758,6,2025-02-08 22:58:49,684.09,Make Purchase,True,-379.0,305.09,"Berlin, Germany",Android,Home WiFi,0,0
759,8,2025-02-09 00:03:49,541.22,Make Purchase,False,-978.0,541.22,"New York, USA",Linux PC,Home WiFi,0,0
760,9,2025-02-09 00:13:49,4427.55,Change Password,True,0.0,4427.55,"Los Angeles, USA",iPhone,Home WiFi,0,0
761,15,2025-02-09 00:20:49,1162.08,Change Password,True,0.0,1162.08,"London, UK",Android,Home WiFi,0,0
762,16,2025-02-09 01:18:49,4017.36,Wire Transfer,False,-13398.0,4017.36,"New York, USA",iPhone,Mobile Network,0,0
763,17,2025-02-09 01:33:49,4757.16,Failed Login,True,0.0,4757.16,"Tokyo, Japan",iPhone,Public WiFi,0,0
764,21,2025-02-09 02:51:49,242.28,Deposit Funds,True,4174.0,4416.28,"London, UK",MacBook,Mobile Network,0,0
765,22,2025-02-09 03:31:49,510.27,Apply for Credit Card,True,0.0,510.27,"New York, USA",Windows Laptop,Public WiFi,0,0
766,23,2025-02-09 06:19:49,6898.37,Invest Money,False,-41344.0,6898.37,"London, UK",MacBook,Public WiFi,0,0
767,24,2025-02-09 06:25:49,1623.99,Report Lost Card,True,0.0,1623.99,"London, UK",iPhone,Mobile Network,0,0
768,25,2025-02-09 07:11:49,705.55,Create Fake Identity,True,0.0,705.55,"Los Angeles, USA",Android,Mobile Network,0,0
769,27,2025-02-09 07:54:49,4669.24,Wire Transfer,False,-20225.0,4669.24,"Berlin, Germany",iPhone,Corporate Network,0,0
770,28,2025-02-09 08:03:49,212.09,POS Purchase,False,-838.0,212.09,"New York, USA",Windows Laptop,Public WiFi,1,0
771,29,2025-02-09 08:05:49,136.62,POS Purchase,False,-888.0,136.62,"London, UK",Windows Laptop,Home WiFi,0,0
772,31,2025-02-09 09:02:49,3432.81,Purchase Luxury Goods,False,-76598.0,3432.81,"Berlin, Germany",Android,Home WiFi,0,0
773,33,2025-02-09 09:15:49,3448.88,Online Purchase,True,-12.0,3436.88,"London, UK",MacBook,Home WiFi,0,0
774,34,2025-02-09 09:17:49,1780.54,Open Account,True,0.0,1780.54,"Los Angeles, USA",MacBook,Public WiFi,0,0
775,36,2025-02-09 10:46:49,23123.66,Deposit Funds,True,9072.0,32195.66,"London, UK",Windows Laptop,Public WiFi,0,1
776,39,2025-02-09 11:09:49,1363.94,Request New Card,True,0.0,1363.94,"Paris, France",Windows Laptop,Public WiFi,0,0
777,40,2025-02-09 11:10:49,295.68,Unauthorized Transfer,False,-6848.0,295.68,"Berlin, Germany",Linux PC,Home WiFi,0,0
778,41,2025-02-09 11:23:49,2268.61,Unauthorized Transfer,False,-7144.0,2268.61,"Los Angeles, USA",iPhone,Home WiFi,0,0
779,42,2025-02-09 11:49:49,3083.38,Apply for Loan,True,0.0,3083.38,"London, UK",iPhone,Mobile Network,0,0
780,43,2025-02-09 12:32:49,3889.25,Apply for Credit Card,True,0.0,3889.25,"New York, USA",MacBook,Public WiFi,0,0
781,44,2025-02-09 13:00:49,7947.61,Deposit Funds,True,9296.0,17243.61,"London, UK",Windows Laptop,Corporate Network,0,0
782,48,2025-02-09 13:18:49,2037.36,Request New Card,True,0.0,2037.36,"London, UK",iPhone,Home WiFi,0,0
783,49,2025-02-09 15:28:49,100.45,Make Purchase,True,-2.0,98.45,"London, UK",Android,Home WiFi,0,0
784,51,2025-02-09 17:18:49,2445.75,Wire Transfer,True,-2057.0,388.75,"Berlin, Germany",Windows Laptop,Public WiFi,0,0
785,53,2025-02-09 17:26:49,2322.76,Create Fake Identity,True,0.0,2322.76,"Los Angeles, USA",Android,Home WiFi,0,0
786,54,2025-02-09 17:36:49,3702.4,Request New Card,True,0.0,3702.4,"Berlin, Germany",iPhone,Home WiFi,0,0
787,55,2025-02-09 17:48:49,4773.24,Failed Login,True,0.0,4773.24,"New York, USA",iPhone,Home WiFi,0,0
788,58,2025-02-09 18:07:49,1221.41,Change Phone,True,0.0,1221.41,"New York, USA",MacBook,Home WiFi,0,0
789,59,2025-02-09 18:10:49,1577.37,Change Email,True,0.0,1577.37,"New York, USA",iPhone,Public WiFi,0,0
790,60,2025-02-09 18:27:49,4961.27,Change Password,True,0.0,4961.27,"New York, USA",Android,Home WiFi,0,0
791,62,2025-02-09 18:49:49,389.8,Deposit Funds,True,98.0,487.8,"London, UK",iPhone,Public WiFi,0,0
792,65,2025-02-09 18:53:49,2608.88,Request New PIN,True,0.0,2608.88,"Paris, France",MacBook,Mobile Network,0,0
793,68,2025-02-09 19:36:49,1846.28,Close Account,True,0.0,1846.28,"Los Angeles, USA",iPhone,Home WiFi,0,0
794,69,2025-02-09 19:50:49,1474.2,Online Purchase,True,-52.0,1422.2,"Berlin, Germany",Windows Laptop,Home WiFi,0,0
795,70,2025-02-09 20:32:49,2790.98,Apply for Credit Card,True,0.0,2790.98,"Berlin, Germany",iPhone,Public WiFi,0,0
796,71,2025-02-09 20:35:49,1805.01,Close Account,True,0.0,1805.01,"Los Angeles, USA",iPhone,Public WiFi,0,0
797,72,2025-02-09 22:40:49,29247.39,Review activityments,True,0.0,29247.39,"Tokyo, Japan",Android,Home WiFi,0,0
798,74,2025-02-09 22:41:49,1481.62,Report Lost Card,True,0.0,1481.62,"Los Angeles, USA",Windows Laptop,Public WiFi,0,0
799,75,2025-02-09 23:01:49,1168.4,Change Phone,True,0.0,1168.4,"New York, USA",Android,Mobile Network,0,0
800,76,2025-02-09 23:23:49,4208.11,Deposit Funds,True,2996.0,7204.11,"New York, USA",Windows Laptop,Corporate Network,0,0
801,77,2025-02-10 01:50:49,10282.34,Deposit Funds,True,2678.0,12960.34,"Los Angeles, USA",Windows Laptop,Public WiFi,0,0
802,78,2025-02-10 01:57:49,463.13,Balance Check,True,0.0,463.13,"Paris, France",iPhone,Public WiFi,0,0
803,79,2025-02-10 03:23:49,798.3,Deposit Funds,True,8133.0,8931.3,"Paris, France",Android,Mobile Network,0,0
804,81,2025-02-10 03:34:49,970.86,Online Purchase,True,-277.0,693.86,"Los Angeles, USA",Android,Home WiFi,0,0
805,82,2025-02-10 06:30:49,5207.22,Make Purchase,True,-695.0,4512.22,"New York, USA",Windows Laptop,Public WiFi,1,0
806,83,2025-02-10 07:16:49,19039.35,Deposit Funds,True,3024.0,22063.35,"Tokyo, Japan",iPhone,Public WiFi,0,0
807,84,2025-02-10 07:17:49,2164.31,Online Purchase,True,-77.0,2087.31,"Tokyo, Japan",iPhone,Home WiFi,0,0
808,85,2025-02-10 07:34:49,490.95,Open Account,True,0.0,490.95,"Berlin, Germany",iPhone,Home WiFi,0,0
809,86,2025-02-10 07:39:49,1021.85,POS Purchase,True,-573.0,448.85,"New York, USA",iPhone,Home WiFi,0,0
810,89,2025-02-10 07:51:49,1679.56,Unauthorized Transfer,True,-1421.0,258.56,"Berlin, Germany",iPhone,Home WiFi,0,0
811,90,2025-02-10 08:14:49,4781.97,Change Phone,True,0.0,4781.97,"Los Angeles, USA",Android,Mobile Network,0,0
812,91,2025-02-10 08:18:49,9375.8,Deposit Funds,True,9811.0,19186.8,"Tokyo, Japan",iPhone,Mobile Network,0,0
813,93,2025-02-10 08:42:49,2238.89,Change Password,True,0.0,2238.89,"Berlin, Germany",iPhone,Mobile Network,0,0
814,95,2025-02-10 09:10:49,10133.79,Transfer Funds,True,-387.0,9746.79,"New York, USA",Windows Laptop,Corporate Network,0,0
815,100,2025-02-10 10:22:49,9078.16,Deposit Funds,True,933.0,10011.16,"Tokyo, Japan",Windows Laptop,Corporate Network,0,0
816,101,2025-02-10 10:35:49,935.05,Online Purchase,True,-386.0,549.05,"Paris, France",Android,Corporate Network,0,0
817,102,2025-02-10 10:55:49,2698.8,Change Password,True,0.0,2698.8,"Tokyo, Japan",iPhone,Public WiFi,0,0
818,104,2025-02-10 11:09:49,3806.0,Change Email,True,0.0,3806.0,"Tokyo, Japan",iPhone,Home WiFi,0,0
819,109,2025-02-10 11:18:49,6836.8,Apply for Credit Card,True,0.0,6836.8,"New York, USA",Android,Corporate Network,0,0
820,0,2025-02-10 11:20:49,3726.3,Unauthorized Transfer,True,-2562.0,1164.3,"New York, USA",iPhone,Public WiFi,0,0
821,2,2025-02-10 11:29:49,289.26,Make Purchase,False,-868.0,289.26,"London, UK",iPhone,Home WiFi,0,0
822,3,2025-02-10 12:49:49,4903.85,Deposit Funds,True,1111.0,6014.85,"London, UK",iPhone,Public WiFi,0,0
823,4,2025-02-10 12:59:49,3657.69,POS Purchase,True,-629.0,3028.69,"New York, USA",iPhone,Public WiFi,0,0
824,6,2025-02-10 13:03:49,305.09,Deposit Funds,True,1019.0,1324.09,"Berlin, Germany",Android,Mobile Network,0,0
825,8,2025-02-10 14:59:49,541.22,Make Purchase,True,-107.0,434.22,"London, UK",iPhone,Home WiFi,0,0
826,9,2025-02-10 15:13:49,4427.55,Change Password,True,0.0,4427.55,"Los Angeles, USA",Android,Home WiFi,0,0
827,15,2025-02-10 15:24:49,1162.08,Change Password,True,0.0,1162.08,"Berlin, Germany",Windows Laptop,Mobile Network,0,0
828,16,2025-02-10 16:43:49,4017.36,Invest in Assets,False,-24367.0,4017.36,"Los Angeles, USA",Windows Laptop,Home WiFi,0,0
829,17,2025-02-10 17:03:49,4757.16,Suspicious Login,True,0.0,4757.16,"Los Angeles, USA",Android,Mobile Network,0,0
830,21,2025-02-10 17:27:49,4416.28,Deposit Funds,True,4028.0,8444.28,"New York, USA",iPhone,Home WiFi,0,0
831,22,2025-02-10 18:13:49,510.27,Apply for Loan,True,0.0,510.27,"New York, USA",MacBook,Public WiFi,0,0
832,23,2025-02-10 19:27:49,6898.37,Invest Money,False,-46415.0,6898.37,"Tokyo, Japan",Android,Home WiFi,0,0
833,24,2025-02-10 19:38:49,1623.99,Close Account,True,0.0,1623.99,"Los Angeles, USA",MacBook,Home WiFi,0,0
834,25,2025-02-10 19:38:49,705.55,Create Fake Identity,True,0.0,705.55,"Tokyo, Japan",iPhone,Home WiFi,0,0
835,27,2025-02-10 20:11:49,4669.24,Deposit Funds,True,5241.0,9910.24,"New York, USA",iPhone,Home WiFi,1,0
836,28,2025-02-10 20:25:49,212.09,POS Purchase,False,-797.0,212.09,"Tokyo, Japan",Windows Laptop,Home WiFi,0,0
837,29,2025-02-10 20:25:49,136.62,Online Purchase,True,-51.0,85.62,"New York, USA",Windows Laptop,Public WiFi,0,0
838,31,2025-02-10 21:11:49,3432.81,Cash Withdrawal,True,-1583.0,1849.81,"New York, USA",iPhone,Home WiFi,0,0
839,33,2025-02-10 21:11:49,3436.88,Request New PIN,True,0.0,3436.88,"Paris, France",iPad,Mobile Network,0,0
840,34,2025-02-10 21:55:49,1780.54,Create Fake Identity,True,0.0,1780.54,"London, UK",iPad,Corporate Network,0,0
841,36,2025-02-10 23:18:49,32195.66,Wire Transfer,False,-45438.0,32195.66,"New York, USA",iPhone,Public WiFi,0,0
842,39,2025-02-10 23:36:49,1363.94,Suspicious Login,True,0.0,1363.94,"New York, USA",Android,Home WiFi,0,0
843,40,2025-02-11 00:02:49,295.68,Unauthorized Transfer,False,-5944.0,295.68,"Los Angeles, USA",Windows Laptop,Public WiFi,0,0
844,41,2025-02-11 00:03:49,2268.61,Unauthorized Transfer,False,-6130.0,2268.61,"New York, USA",Android,Public WiFi,0,0
845,42,2025-02-11 00:41:49,3083.38,Apply for Loan,True,0.0,3083.38,"Los Angeles, USA",MacBook,Home WiFi,0,0
846,43,2025-02-11 00:58:49,3889.25,Create Fake Identity,True,0.0,3889.25,"Berlin, Germany",MacBook,Mobile Network,0,0
847,44,2025-02-11 03:25:49,17243.61,Make Purchase,True,-433.0,16810.61,"Los Angeles, USA",Windows Laptop,Public WiFi,0,0
848,48,2025-02-11 03:48:49,2037.36,Request New Card,True,0.0,2037.36,"New York, USA",iPhone,Home WiFi,0,0
849,49,2025-02-11 04:41:49,98.45,Make Purchase,False,-596.0,98.45,"Berlin, Germany",iPad,Home WiFi,0,0
850,51,2025-02-11 05:49:49,388.75,Close Account,True,0.0,388.75,"Los Angeles, USA",iPhone,Public WiFi,0,0
851,53,2025-02-11 05:58:49,2322.76,Open Account,True,0.0,2322.76,"New York, USA",Android,Public WiFi,0,1
852,54,2025-02-11 06:09:49,3702.4,Suspicious Login,True,0.0,3702.4,"Los Angeles, USA",Android,Home WiFi,0,0
853,55,2025-02-11 06:30:49,4773.24,Failed Login,True,0.0,4773.24,"London, UK",Android,Public WiFi,0,0
854,58,2025-02-11 06:46:49,1221.41,Change Email,True,0.0,1221.41,"New York, USA",Android,Corporate Network,0,0
855,59,2025-02-11 06:46:49,1577.37,Change Email,True,0.0,1577.37,"New York, USA",Windows Laptop,Home WiFi,0,0
856,60,2025-02-11 06:57:49,4961.27,Change Password,True,0.0,4961.27,"Paris, France",iPhone,Public WiFi,0,0
857,62,2025-02-11 06:57:49,487.8,Transfer Funds,False,-4846.0,487.8,"Berlin, Germany",Android,Public WiFi,0,0
858,65,2025-02-11 07:02:49,2608.88,Request New PIN,True,0.0,2608.88,"New York, USA",Android,Home WiFi,0,0
859,69,2025-02-11 07:11:49,1422.2,POS Purchase,True,-894.0,528.2,"Tokyo, Japan",MacBook,Corporate Network,0,0
860,70,2025-02-11 07:47:49,2790.98,Create Fake Identity,True,0.0,2790.98,"Los Angeles, USA",Android,Home WiFi,0,0
861,72,2025-02-11 07:58:49,29247.39,Pay Bills,True,-4667.0,24580.39,"Berlin, Germany",Android,Home WiFi,0,0
862,74,2025-02-11 08:05:49,1481.62,Balance Check,True,0.0,1481.62,"Tokyo, Japan",iPhone,Public WiFi,0,0
863,75,2025-02-11 08:26:49,1168.4,Change Phone,True,0.0,1168.4,"London, UK",MacBook,Public WiFi,0,0
864,76,2025-02-11 08:40:49,7204.11,Wire Transfer,False,-45174.0,7204.11,"Los Angeles, USA",Windows Laptop,Public WiFi,0,0
865,77,2025-02-11 08:52:49,12960.34,Transfer Funds,True,-97.0,12863.34,"New York, USA",iPhone,Home WiFi,0,0
866,78,2025-02-11 09:02:49,463.13,POS Purchase,False,-738.0,463.13,"New York, USA",MacBook,Public WiFi,0,0
867,79,2025-02-11 10:59:49,8931.3,Wire Transfer,True,-6470.0,2461.3,"Berlin, Germany",iPhone,Home WiFi,0,0
868,81,2025-02-11 11:01:49,693.86,Request New PIN,True,0.0,693.86,"New York, USA",Windows Laptop,Public WiFi,0,0
869,82,2025-02-11 12:18:49,4512.22,Apply for Credit Card,True,0.0,4512.22,"Paris, France",Android,Home WiFi,0,0
870,83,2025-02-11 12:34:49,22063.35,Wire Transfer,False,-48390.0,22063.35,"Los Angeles, USA",Windows Laptop,Public WiFi,0,0
871,84,2025-02-11 12:39:49,2087.31,POS Purchase,True,-435.0,1652.31,"Paris, France",iPhone,Mobile Network,0,0
872,85,2025-02-11 12:51:49,490.95,Apply for Credit Card,True,0.0,490.95,"Tokyo, Japan",Android,Home WiFi,0,0
873,86,2025-02-11 13:05:49,448.85,Close Account,True,0.0,448.85,"Berlin, Germany",iPhone,Public WiFi,0,0
874,89,2025-02-11 13:24:49,258.56,Unauthorized Transfer,False,-9209.0,258.56,"Los Angeles, USA",Linux PC,Home WiFi,0,0
875,90,2025-02-11 13:48:49,4781.97,Change Email,True,0.0,4781.97,"Los Angeles, USA",MacBook,Public WiFi,0,0
876,91,2025-02-11 15:40:49,19186.8,Purchase Luxury Goods,False,-52544.0,19186.8,"Berlin, Germany",Android,Mobile Network,0,0
877,93,2025-02-11 16:04:49,2238.89,Change Phone,True,0.0,2238.89,"London, UK",Windows Laptop,Home WiFi,0,0
878,95,2025-02-11 17:37:49,9746.79,Pay Bills,True,-2958.0,6788.79,"Berlin, Germany",Android,Home WiFi,0,0
879,100,2025-02-11 19:37:49,10011.16,Cash Withdrawal,True,-2915.0,7096.16,"London, UK",iPad,Home WiFi,0,0
880,101,2025-02-11 19:45:49,549.05,POS Purchase,True,-150.0,399.05,"London, UK",Android,Mobile Network,0,0
881,102,2025-02-11 20:12:49,2698.8,Suspicious Login,True,0.0,2698.8,"New York, USA",Android,Mobile Network,0,0
882,104,2025-02-11 20:20:49,3806.0,Change Email,True,0.0,3806.0,"Los Angeles, USA",iPad,Mobile Network,0,0
883,109,2025-02-11 22:04:49,6836.8,Close Account,True,0.0,6836.8,"New York, USA",Windows Laptop,Public WiFi,0,0
884,0,2025-02-11 22:21:49,1164.3,Request New Card,True,0.0,1164.3,"New York, USA",MacBook,Corporate Network,0,0
885,2,2025-02-12 00:17:49,289.26,Make Purchase,False,-911.0,289.26,"Los Angeles, USA",Windows Laptop,Public WiFi,0,0
886,3,2025-02-12 02:44:49,6014.85,Make Purchase,True,-695.0,5319.85,"New York, USA",Windows Laptop,Home WiFi,0,0
887,4,2025-02-12 02:51:49,3028.69,POS Purchase,True,-452.0,2576.69,"Los Angeles, USA",Windows Laptop,Corporate Network,0,0
888,6,2025-02-12 03:24:49,1324.09,Deposit Funds,True,9389.0,10713.09,"New York, USA",Android,Public WiFi,0,0
889,8,2025-02-12 04:51:49,434.22,Pay Bills,False,-655.0,434.22,"Tokyo, Japan",Windows Laptop,Public WiFi,0,0
890,9,2025-02-12 05:19:49,4427.55,Change Password,True,0.0,4427.55,"Tokyo, Japan",Android,Public WiFi,0,0
891,15,2025-02-12 05:29:49,1162.08,Change Phone,True,0.0,1162.08,"New York, USA",iPad,Public WiFi,0,0
892,16,2025-02-12 06:13:49,4017.36,Purchase Luxury Goods,False,-43253.0,4017.36,"New York, USA",MacBook,Home WiFi,0,1
893,17,2025-02-12 06:29:49,4757.16,Suspicious Login,True,0.0,4757.16,"London, UK",MacBook,Corporate Network,0,0
894,21,2025-02-12 08:41:49,8444.28,Deposit Funds,True,6079.0,14523.28,"New York, USA",Android,Public WiFi,0,0
895,22,2025-02-12 09:18:49,510.27,Apply for Credit Card,True,0.0,510.27,"New York, USA",iPad,Corporate Network,0,0
896,23,2025-02-12 12:13:49,6898.37,Apply for Loan,True,0.0,6898.37,"Paris, France",Windows Laptop,Home WiFi,0,1
897,25,2025-02-12 12:51:49,705.55,Open Account,True,0.0,705.55,"Berlin, Germany",Windows Laptop,Corporate Network,0,0
898,27,2025-02-12 14:51:49,9910.24,Cash Withdrawal,True,-3839.0,6071.24,"Tokyo, Japan",Windows Laptop,Home WiFi,0,0
899,28,2025-02-12 14:58:49,212.09,Online Purchase,False,-271.0,212.09,"Tokyo, Japan",Android,Home WiFi,0,0
900,29,2025-02-12 15:10:49,85.62,Balance Check,True,0.0,85.62,"Paris, France",Android,Public WiFi,0,0
901,31,2025-02-12 17:07:49,1849.81,Cash Withdrawal,True,-1113.0,736.81,"Paris, France",iPhone,Mobile Network,0,0
902,33,2025-02-12 17:10:49,3436.88,Request New PIN,True,0.0,3436.88,"Los Angeles, USA",MacBook,Mobile Network,0,0
903,34,2025-02-12 17:41:49,1780.54,Open Account,True,0.0,1780.54,"London, UK",Windows Laptop,Home WiFi,0,0
904,36,2025-02-12 18:17:49,32195.66,Invest in Assets,False,-32768.0,32195.66,"Los Angeles, USA",MacBook,Home WiFi,0,0
905,39,2025-02-12 18:19:49,1363.94,Change Password,True,0.0,1363.94,"Los Angeles, USA",Windows Laptop,Corporate Network,0,0
906,40,2025-02-12 18:37:49,295.68,Request New Card,True,0.0,295.68,"New York, USA",iPhone,Mobile Network,0,0
907,41,2025-02-12 19:03:49,2268.61,Unauthorized Transfer,False,-6471.0,2268.61,"Tokyo, Japan",Android,Corporate Network,0,0
908,42,2025-02-12 19:16:49,3083.38,Apply for Loan,True,0.0,3083.38,"Los Angeles, USA",iPhone,Home WiFi,0,0
909,43,2025-02-12 19:21:49,3889.25,Create Fake Identity,True,0.0,3889.25,"London, UK",MacBook,Home WiFi,0,0
910,44,2025-02-12 19:56:49,16810.61,Make Purchase,True,-711.0,16099.61,"London, UK",Windows Laptop,Corporate Network,0,0
911,48,2025-02-12 20:26:49,2037.36,Unauthorized Transfer,False,-9780.0,2037.36,"London, UK",iPhone,Home WiFi,0,1
912,49,2025-02-12 22:49:49,98.45,Apply for Credit Card,True,0.0,98.45,"London, UK",Windows Laptop,Mobile Network,0,0
913,53,2025-02-12 23:04:49,2322.76,Close Account,True,0.0,2322.76,"Los Angeles, USA",iPhone,Home WiFi,0,0
914,54,2025-02-12 23:30:49,3702.4,Change Password,True,0.0,3702.4,"London, UK",Android,Mobile Network,0,0
915,55,2025-02-12 23:32:49,4773.24,Failed Login,True,0.0,4773.24,"New York, USA",Android,Public WiFi,0,0
916,58,2025-02-12 23:39:49,1221.41,Change Password,True,0.0,1221.41,"New York, USA",Android,Public WiFi,0,0
917,59,2025-02-12 23:45:49,1577.37,Change Email,True,0.0,1577.37,"Los Angeles, USA",iPhone,Corporate Network,0,0
918,60,2025-02-13 00:06:49,4961.27,Change Password,True,0.0,4961.27,"Tokyo, Japan",Android,Home WiFi,0,0
919,62,2025-02-13 01:10:49,487.8,Transfer Funds,True,-472.0,15.8,"Tokyo, Japan",iPhone,Home WiFi,0,0
920,65,2025-02-13 01:25:49,2608.88,Request New PIN,True,0.0,2608.88,"Los Angeles, USA",iPhone,Corporate Network,0,0
921,69,2025-02-13 01:32:49,528.2,Balance Check,True,0.0,528.2,"Los Angeles, USA",Android,Corporate Network,0,0
922,70,2025-02-13 02:11:49,2790.98,Create Fake Identity,True,0.0,2790.98,"Los Angeles, USA",Android,Public WiFi,0,0
923,72,2025-02-13 04:58:49,24580.39,Transfer Funds,True,-131.0,24449.39,"New York, USA",MacBook,Home WiFi,1,0
924,74,2025-02-13 05:11:49,1481.62,Online Purchase,True,-23.0,1458.62,"Paris, France",iPhone,Public WiFi,0,0
925,75,2025-02-13 05:35:49,1168.4,Change Phone,True,0.0,1168.4,"Los Angeles, USA",Linux PC,Home WiFi,1,0
926,76,2025-02-13 06:00:49,7204.11,Wire Transfer,True,-5583.0,1621.11,"New York, USA",Windows Laptop,Public WiFi,0,0
927,77,2025-02-13 06:36:49,12863.34,Transfer Funds,True,-1578.0,11285.34,"Los Angeles, USA",Android,Public WiFi,0,0
928,78,2025-02-13 06:39:49,463.13,Balance Check,True,0.0,463.13,"New York, USA",MacBook,Home WiFi,0,0
929,79,2025-02-13 07:41:49,2461.3,Cash Withdrawal,True,-1676.0,785.3,"Los Angeles, USA",MacBook,Home WiFi,1,0
930,81,2025-02-13 07:50:49,693.86,Request New PIN,True,0.0,693.86,"Los Angeles, USA",Windows Laptop,Home WiFi,0,0
931,82,2025-02-13 08:34:49,4512.22,Apply for Loan,True,0.0,4512.22,"Los Angeles, USA",Windows Laptop,Home WiFi,0,0
932,83,2025-02-13 08:56:49,22063.35,Purchase Luxury Goods,False,-75480.0,22063.35,"New York, USA",Android,Public WiFi,1,0
933,84,2025-02-13 09:06:49,1652.31,Balance Check,True,0.0,1652.31,"Tokyo, Japan",iPhone,Mobile Network,0,0
934,85,2025-02-13 09:33:49,490.95,Open Account,True,0.0,490.95,"New York, USA",Android,Corporate Network,0,0
935,89,2025-02-13 09:40:49,258.56,Unauthorized Transfer,False,-2299.0,258.56,"Paris, France",iPhone,Mobile Network,0,0
936,90,2025-02-13 09:51:49,4781.97,Change Email,True,0.0,4781.97,"Tokyo, Japan",MacBook,Corporate Network,1,0
937,91,2025-02-13 10:47:49,19186.8,Close Account,True,0.0,19186.8,"Tokyo, Japan",MacBook,Corporate Network,0,0
938,93,2025-02-13 11:17:49,2238.89,Suspicious Login,True,0.0,2238.89,"Los Angeles, USA",Android,Home WiFi,0,0
939,95,2025-02-13 11:43:49,6788.79,Pay Bills,True,-2748.0,4040.79,"Tokyo, Japan",iPad,Mobile Network,0,0
940,100,2025-02-13 13:10:49,7096.16,Cash Withdrawal,True,-3975.0,3121.16,"Tokyo, Japan",Android,Home WiFi,0,0
941,101,2025-02-13 13:16:49,399.05,POS Purchase,True,-262.0,137.05,"New York, USA",Windows Laptop,Public WiFi,0,0
942,102,2025-02-13 13:38:49,2698.8,Change Password,True,0.0,2698.8,"Los Angeles, USA",Android,Public WiFi,0,0
943,104,2025-02-13 13:38:49,3806.0,Unauthorized Transfer,False,-3871.0,3806.0,"New York, USA",iPhone,Home WiFi,0,0
944,0,2025-02-13 13:56:49,1164.3,Change Password,True,0.0,1164.3,"New York, USA",Android,Home WiFi,0,0
945,2,2025-02-13 16:53:49,289.26,Make Purchase,False,-543.0,289.26,"New York, USA",iPad,Mobile Network,0,0
946,3,2025-02-13 19:49:49,5319.85,Make Purchase,True,-371.0,4948.85,"New York, USA",MacBook,Corporate Network,0,1
947,4,2025-02-13 19:51:49,2576.69,Request New PIN,True,0.0,2576.69,"Berlin, Germany",iPhone,Home WiFi,0,1
948,6,2025-02-13 20:14:49,10713.09,Deposit Funds,True,4939.0,15652.09,"London, UK",Linux PC,Public WiFi,0,0
949,8,2025-02-13 20:57:49,434.22,Transfer Funds,False,-4427.0,434.22,"Berlin, Germany",Windows Laptop,Public WiFi,1,0
950,9,2025-02-13 21:21:49,4427.55,Suspicious Login,True,0.0,4427.55,"New York, USA",MacBook,Home WiFi,0,0
951,15,2025-02-13 21:38:49,1162.08,Change Email,True,0.0,1162.08,"New York, USA",Linux PC,Home WiFi,0,0
952,16,2025-02-13 23:15:49,4017.36,Invest in Assets,False,-38855.0,4017.36,"New York, USA",iPhone,Mobile Network,0,0
953,17,2025-02-13 23:37:49,4757.16,Change Password,True,0.0,4757.16,"London, UK",Android,Mobile Network,0,1
954,21,2025-02-13 23:49:49,14523.28,Transfer Funds,True,-4140.0,10383.28,"Los Angeles, USA",Windows Laptop,Corporate Network,0,1
955,22,2025-02-14 00:00:49,510.27,Create Fake Identity,True,0.0,510.27,"London, UK",iPhone,Public WiFi,0,0
956,23,2025-02-14 00:09:49,6898.37,Review activityments,True,0.0,6898.37,"New York, USA",iPhone,Corporate Network,0,0
957,25,2025-02-14 00:44:49,705.55,Apply for Credit Card,True,0.0,705.55,"Tokyo, Japan",Android,Public WiFi,0,0
958,27,2025-02-14 02:30:49,6071.24,Invest in Assets,False,-18891.0,6071.24,"Tokyo, Japan",Android,Home WiFi,0,0
959,28,2025-02-14 02:30:49,212.09,Online Purchase,False,-342.0,212.09,"New York, USA",Linux PC,Public WiFi,0,0
960,29,2025-02-14 02:35:49,85.62,POS Purchase,False,-339.0,85.62,"Berlin, Germany",Android,Home WiFi,0,0
961,31,2025-02-14 04:02:49,736.81,Close Account,True,0.0,736.81,"Tokyo, Japan",MacBook,Home WiFi,0,0
962,33,2025-02-14 04:15:49,3436.88,Balance Check,True,0.0,3436.88,"New York, USA",iPhone,Mobile Network,1,0
963,34,2025-02-14 04:23:49,1780.54,Apply for Credit Card,True,0.0,1780.54,"Tokyo, Japan",iPad,Mobile Network,0,0
964,36,2025-02-14 04:59:49,32195.66,Purchase Luxury Goods,False,-35690.0,32195.66,"London, UK",iPhone,Home WiFi,0,0
965,39,2025-02-14 05:00:49,1363.94,Change Password,True,0.0,1363.94,"Los Angeles, USA",iPhone,Mobile Network,0,0
966,40,2025-02-14 05:27:49,295.68,Change Email,True,0.0,295.68,"Tokyo, Japan",Android,Home WiFi,0,0
967,41,2025-02-14 05:53:49,2268.61,Change Password,True,0.0,2268.61,"Berlin, Germany",iPad,Mobile Network,0,0
968,42,2025-02-14 06:13:49,3083.38,Open Account,True,0.0,3083.38,"Paris, France",MacBook,Corporate Network,0,0
969,43,2025-02-14 07:11:49,3889.25,Apply for Loan,True,0.0,3889.25,"London, UK",MacBook,Mobile Network,0,0
970,44,2025-02-14 07:36:49,16099.61,Transfer Funds,True,-4164.0,11935.61,"New York, USA",MacBook,Corporate Network,0,0
971,48,2025-02-14 07:52:49,2037.36,Unauthorized Transfer,True,-1725.0,312.36,"Tokyo, Japan",iPhone,Corporate Network,0,0
972,49,2025-02-14 08:48:49,98.45,Apply for Credit Card,True,0.0,98.45,"Los Angeles, USA",Android,Home WiFi,0,0
973,54,2025-02-14 08:48:49,3702.4,Change Phone,True,0.0,3702.4,"Los Angeles, USA",iPhone,Home WiFi,0,0
974,55,2025-02-14 09:14:49,4773.24,Failed Login,True,0.0,4773.24,"London, UK",MacBook,Home WiFi,0,0
975,58,2025-02-14 09:20:49,1221.41,Change Email,True,0.0,1221.41,"Los Angeles, USA",Linux PC,Home WiFi,0,0
976,59,2025-02-14 09:49:49,1577.37,Change Password,True,0.0,1577.37,"New York, USA",Android,Corporate Network,0,0
977,60,2025-02-14 09:55:49,4961.27,Change Password,True,0.0,4961.27,"Tokyo, Japan",iPhone,Mobile Network,0,0
978,62,2025-02-14 10:33:49,15.8,Deposit Funds,True,2694.0,2709.8,"New York, USA",MacBook,Mobile Network,0,0
979,65,2025-02-14 10:45:49,2608.88,Request New PIN,True,0.0,2608.88,"Tokyo, Japan",Linux PC,Mobile Network,0,0
980,69,2025-02-14 10:49:49,528.2,Online Purchase,True,-206.0,322.2,"Los Angeles, USA",Android,Public WiFi,0,0
981,70,2025-02-14 10:55:49,2790.98,Max Out Credit,True,-1690.0,1100.98,"London, UK",Linux PC,Public WiFi,0,0
982,72,2025-02-14 13:14:49,24449.39,Pay Bills,True,-4395.0,20054.39,"New York, USA",Android,Corporate Network,0,0
983,74,2025-02-14 13:22:49,1458.62,Balance Check,True,0.0,1458.62,"Los Angeles, USA",MacBook,Home WiFi,0,0
984,75,2025-02-14 13:46:49,1168.4,Change Phone,True,0.0,1168.4,"Tokyo, Japan",Windows Laptop,Public WiFi,0,0
985,76,2025-02-14 14:09:49,1621.11,Purchase Luxury Goods,False,-85111.0,1621.11,"Tokyo, Japan",Android,Public WiFi,0,0
986,77,2025-02-14 16:50:49,11285.34,Make Purchase,True,-87.0,11198.34,"Los Angeles, USA",MacBook,Corporate Network,0,0
987,78,2025-02-14 16:56:49,463.13,POS Purchase,False,-860.0,463.13,"Tokyo, Japan",Android,Home WiFi,1,0
988,79,2025-02-14 18:39:49,785.3,Cash Withdrawal,False,-1381.0,785.3,"Tokyo, Japan",Android,Public WiFi,0,0
989,81,2025-02-14 18:44:49,693.86,Request New PIN,True,0.0,693.86,"Paris, France",Android,Mobile Network,0,0
990,82,2025-02-14 19:21:49,4512.22,Review activityments,True,0.0,4512.22,"Paris, France",iPhone,Home WiFi,0,0
991,83,2025-02-14 20:40:49,22063.35,Purchase Luxury Goods,False,-82641.0,22063.35,"New York, USA",iPhone,Public WiFi,0,0
992,84,2025-02-14 20:45:49,1652.31,Report Lost Card,True,0.0,1652.31,"Los Angeles, USA",iPhone,Home WiFi,0,0
993,85,2025-02-14 20:47:49,490.95,Open Account,True,0.0,490.95,"New York, USA",iPhone,Home WiFi,0,0
994,89,2025-02-14 21:07:49,258.56,Request New Card,True,0.0,258.56,"Los Angeles, USA",iPad,Public WiFi,0,0
995,90,2025-02-14 21:19:49,4781.97,Change Email,True,0.0,4781.97,"Berlin, Germany",MacBook,Corporate Network,0,0
996,93,2025-02-14 21:45:49,2238.89,Change Password,True,0.0,2238.89,"New York, USA",iPad,Home WiFi,0,0
997,95,2025-02-15 00:38:49,4040.79,Make Purchase,True,-997.0,3043.79,"Los Angeles, USA",iPhone,Mobile Network,0,0
998,100,2025-02-15 01:56:49,3121.16,Cash Withdrawal,True,-2240.0,881.16,"New York, USA",MacBook,Home WiFi,0,0
999,101,2025-02-15 01:57:49,137.05,Online Purchase,False,-145.0,137.05,"Los Angeles, USA",iPhone,Home WiFi,0,0
1000,102,2025-02-15 02:24:49,2698.8,Change Password,True,0.0,2698.8,"London, UK",MacBook,Home WiFi,0,0
1001,104,2025-02-15 02:45:49,3806.0,Change Email,True,0.0,3806.0,"London, UK",MacBook,Home WiFi,0,0
1002,0,2025-02-15 02:57:49,1164.3,Change Password,True,0.0,1164.3,"London, UK",Windows Laptop,Public WiFi,0,0
1003,2,2025-02-15 04:52:49,289.26,Make Purchase,True,-264.0,25.26,"Los Angeles, USA",MacBook,Public WiFi,0,0
1004,3,2025-02-15 07:16:49,4948.85,Make Purchase,True,-151.0,4797.85,"London, UK",MacBook,Home WiFi,0,0
1005,4,2025-02-15 07:18:49,2576.69,Request New PIN,True,0.0,2576.69,"New York, USA",Windows Laptop,Public WiFi,0,0
1006,6,2025-02-15 10:05:49,15652.09,Deposit Funds,True,2989.0,18641.09,"New York, USA",iPhone,Home WiFi,0,0
1007,8,2025-02-15 13:03:49,434.22,Make Purchase,False,-627.0,434.22,"New York, USA",Android,Corporate Network,0,0
1008,9,2025-02-15 13:19:49,4427.55,Suspicious Login,True,0.0,4427.55,"Berlin, Germany",iPhone,Mobile Network,0,0
1009,15,2025-02-15 13:38:49,1162.08,Unauthorized Transfer,False,-8602.0,1162.08,"Los Angeles, USA",Android,Home WiFi,0,0
1010,16,2025-02-15 14:16:49,4017.36,Wire Transfer,False,-14247.0,4017.36,"Tokyo, Japan",Android,Corporate Network,0,0
1011,17,2025-02-15 14:34:49,4757.16,Request New Card,True,0.0,4757.16,"New York, USA",iPhone,Mobile Network,0,0
1012,21,2025-02-15 17:21:49,10383.28,Make Purchase,True,-435.0,9948.28,"Paris, France",MacBook,Home WiFi,1,0
1013,22,2025-02-15 17:32:49,510.27,Create Fake Identity,True,0.0,510.27,"Berlin, Germany",Android,Home WiFi,0,0
1014,23,2025-02-15 18:42:49,6898.37,Review activityments,True,0.0,6898.37,"Los Angeles, USA",MacBook,Home WiFi,0,0
1015,25,2025-02-15 19:26:49,705.55,Apply for Credit Card,True,0.0,705.55,"New York, USA",iPhone,Home WiFi,1,0
1016,27,2025-02-15 19:54:49,6071.24,Close Account,True,0.0,6071.24,"Los Angeles, USA",Windows Laptop,Corporate Network,0,0
1017,28,2025-02-15 20:08:49,212.09,POS Purchase,False,-412.0,212.09,"Tokyo, Japan",iPhone,Corporate Network,0,0
1018,29,2025-02-15 20:22:49,85.62,Online Purchase,False,-388.0,85.62,"New York, USA",iPhone,Home WiFi,0,0
1019,33,2025-02-15 20:25:49,3436.88,Online Purchase,True,-486.0,2950.88,"London, UK",iPhone,Mobile Network,0,0
1020,34,2025-02-15 21:02:49,1780.54,Apply for Loan,True,0.0,1780.54,"Berlin, Germany",Android,Home WiFi,0,0
1021,36,2025-02-15 21:47:49,32195.66,Close Account,True,0.0,32195.66,"New York, USA",Android,Home WiFi,0,0
1022,39,2025-02-15 21:49:49,1363.94,Change Password,True,0.0,1363.94,"Los Angeles, USA",Windows Laptop,Home WiFi,0,0
1023,40,2025-02-15 22:14:49,295.68,Request New Card,True,0.0,295.68,"London, UK",iPhone,Home WiFi,0,0
1024,41,2025-02-15 22:18:49,2268.61,Change Email,True,0.0,2268.61,"Tokyo, Japan",iPhone,Home WiFi,0,0
1025,42,2025-02-15 23:02:49,3083.38,Create Fake Identity,True,0.0,3083.38,"Los Angeles, USA",MacBook,Mobile Network,0,0
1026,43,2025-02-15 23:02:49,3889.25,Make Purchase,True,-3143.0,746.25,"Berlin, Germany",iPhone,Mobile Network,1,1
1027,44,2025-02-16 01:38:49,11935.61,Transfer Funds,True,-3525.0,8410.61,"New York, USA",MacBook,Public WiFi,0,0
1028,48,2025-02-16 01:50:49,312.36,Close Account,True,0.0,312.36,"Los Angeles, USA",Windows Laptop,Home WiFi,0,0
1029,49,2025-02-16 04:40:49,98.45,Apply for Credit Card,True,0.0,98.45,"New York, USA",Android,Mobile Network,0,0
1030,54,2025-02-16 04:53:49,3702.4,Change Phone,True,0.0,3702.4,"Los Angeles, USA",Android,Home WiFi,0,0
1031,55,2025-02-16 05:12:49,4773.24,Failed Login,True,0.0,4773.24,"Paris, France",iPhone,Public WiFi,0,1
1032,58,2025-02-16 05:18:49,1221.41,Change Email,True,0.0,1221.41,"Los Angeles, USA",MacBook,Mobile Network,1,0
1033,59,2025-02-16 05:45:49,1577.37,Change Email,True,0.0,1577.37,"London, UK",Windows Laptop,Home WiFi,0,0
1034,60,2025-02-16 06:00:49,4961.27,Change Phone,True,0.0,4961.27,"Los Angeles, USA",Linux PC,Mobile Network,0,0
1035,62,2025-02-16 08:18:49,2709.8,Deposit Funds,True,5910.0,8619.8,"Berlin, Germany",iPhone,Home WiFi,0,0
1036,65,2025-02-16 08:27:49,2608.88,Request New PIN,True,0.0,2608.88,"Los Angeles, USA",Android,Mobile Network,0,0
1037,69,2025-02-16 08:42:49,322.2,Balance Check,True,0.0,322.2,"New York, USA",Windows Laptop,Public WiFi,0,0
1038,70,2025-02-16 08:43:49,1100.98,Create Fake Identity,True,0.0,1100.98,"New York, USA",iPhone,Mobile Network,0,0
1039,72,2025-02-16 09:38:49,20054.39,Pay Bills,True,-4579.0,15475.39,"New York, USA",Android,Corporate Network,0,1
1040,74,2025-02-16 09:47:49,1458.62,POS Purchase,True,-388.0,1070.62,"New York, USA",iPhone,Home WiFi,0,0
1041,75,2025-02-16 09:51:49,1168.4,Suspicious Login,True,0.0,1168.4,"Paris, France",iPhone,Home WiFi,0,0
1042,76,2025-02-16 10:31:49,1621.11,Wire Transfer,False,-6355.0,1621.11,"Los Angeles, USA",Android,Public WiFi,0,0
1043,77,2025-02-16 13:13:49,11198.34,Apply for Credit Card,True,0.0,11198.34,"Berlin, Germany",iPhone,Mobile Network,0,0
1044,78,2025-02-16 13:21:49,463.13,POS Purchase,True,-7.0,456.13,"London, UK",iPad,Mobile Network,0,0
1045,79,2025-02-16 14:11:49,785.3,Cash Withdrawal,False,-3113.0,785.3,"Los Angeles, USA",iPhone,Public WiFi,0,0
1046,81,2025-02-16 14:12:49,693.86,Request New PIN,True,0.0,693.86,"London, UK",Windows Laptop,Home WiFi,0,0
1047,82,2025-02-16 14:29:49,4512.22,Close Account,True,0.0,4512.22,"New York, USA",iPad,Home WiFi,0,0
1048,83,2025-02-16 15:28:49,22063.35,Cash Withdrawal,True,-1985.0,20078.35,"Tokyo, Japan",iPhone,Home WiFi,0,0
1049,84,2025-02-16 15:29:49,1652.31,Online Purchase,True,-312.0,1340.31,"Berlin, Germany",Android,Public WiFi,0,0
1050,85,2025-02-16 16:20:49,490.95,Apply for Credit Card,True,0.0,490.95,"Paris, France",iPhone,Public WiFi,0,1
1051,89,2025-02-16 16:46:49,258.56,Change Phone,True,0.0,258.56,"London, UK",Windows Laptop,Mobile Network,0,0
1052,90,2025-02-16 17:12:49,4781.97,Unauthorized Transfer,False,-5676.0,4781.97,"London, UK",iPhone,Home WiFi,0,0
1053,93,2025-02-16 17:36:49,2238.89,Change Password,True,0.0,2238.89,"New York, USA",Linux PC,Mobile Network,0,0
1054,95,2025-02-16 19:36:49,3043.79,Make Purchase,True,-603.0,2440.79,"Tokyo, Japan",iPad,Public WiFi,0,0
1055,100,2025-02-16 19:48:49,881.16,Cash Withdrawal,False,-3551.0,881.16,"Berlin, Germany",iPad,Public WiFi,0,0
1056,101,2025-02-16 20:01:49,137.05,Report Lost Card,True,0.0,137.05,"New York, USA",Android,Public WiFi,0,0
1057,102,2025-02-16 20:30:49,2698.8,Suspicious Login,True,0.0,2698.8,"London, UK",Windows Laptop,Mobile Network,0,0
1058,104,2025-02-16 20:52:49,3806.0,Change Email,True,0.0,3806.0,"London, UK",Android,Corporate Network,0,0
1059,0,2025-02-16 21:06:49,1164.3,Request New Card,True,0.0,1164.3,"Tokyo, Japan",Windows Laptop,Home WiFi,0,0
1060,2,2025-02-17 00:00:49,25.26,Make Purchase,False,-709.0,25.26,"New York, USA",iPhone,Mobile Network,0,0
1061,3,2025-02-17 02:45:49,4797.85,Deposit Funds,True,1472.0,6269.85,"Paris, France",Android,Home WiFi,0,0
1062,4,2025-02-17 02:46:49,2576.69,Online Purchase,True,-229.0,2347.69,"New York, USA",Android,Home WiFi,0,0
1063,6,2025-02-17 05:24:49,18641.09,Make Purchase,True,-663.0,17978.09,"London, UK",iPhone,Public WiFi,0,0
1064,8,2025-02-17 07:12:49,434.22,Deposit Funds,True,72.0,506.22,"New York, USA",iPhone,Public WiFi,0,0
1065,9,2025-02-17 07:19:49,4427.55,Failed Login,True,0.0,4427.55,"Los Angeles, USA",Windows Laptop,Home WiFi,0,0
1066,15,2025-02-17 07:39:49,1162.08,Unauthorized Transfer,False,-4083.0,1162.08,"Tokyo, Japan",Android,Mobile Network,0,0
1067,16,2025-02-17 07:58:49,4017.36,Deposit Funds,True,4072.0,8089.36,"New York, USA",Windows Laptop,Home WiFi,0,1
1068,17,2025-02-17 08:03:49,4757.16,Change Email,True,0.0,4757.16,"New York, USA",Windows Laptop,Public WiFi,0,0
1069,21,2025-02-17 10:20:49,9948.28,Apply for Loan,True,0.0,9948.28,"London, UK",iPhone,Mobile Network,0,0
1070,22,2025-02-17 10:56:49,510.27,Create Fake Identity,True,0.0,510.27,"Los Angeles, USA",iPhone,Corporate Network,0,0
1071,23,2025-02-17 13:43:49,6898.37,Close Account,True,0.0,6898.37,"New York, USA",Windows Laptop,Home WiFi,0,0
1072,25,2025-02-17 14:10:49,705.55,Open Account,True,0.0,705.55,"New York, USA",iPhone,Public WiFi,0,1
1073,28,2025-02-17 14:25:49,212.09,Close Account,True,0.0,212.09,"New York, USA",Windows Laptop,Mobile Network,0,0
1074,29,2025-02-17 14:39:49,85.62,Online Purchase,False,-201.0,85.62,"Berlin, Germany",Android,Public WiFi,0,0
1075,33,2025-02-17 14:50:49,2950.88,Online Purchase,True,-294.0,2656.88,"London, UK",MacBook,Home WiFi,0,0
1076,34,2025-02-17 15:27:49,1780.54,Apply for Credit Card,True,0.0,1780.54,"Los Angeles, USA",MacBook,Corporate Network,0,0
1077,39,2025-02-17 15:28:49,1363.94,Change Password,True,0.0,1363.94,"Berlin, Germany",Android,Mobile Network,1,0
1078,40,2025-02-17 15:56:49,295.68,Request New Card,True,0.0,295.68,"New York, USA",iPhone,Home WiFi,0,0
1079,41,2025-02-17 16:21:49,2268.61,Change Password,True,0.0,2268.61,"Los Angeles, USA",MacBook,Public WiFi,0,0
1080,42,2025-02-17 16:49:49,3083.38,Create Fake Identity,True,0.0,3083.38,"Tokyo, Japan",iPhone,Mobile Network,0,0
1081,43,2025-02-17 17:19:49,746.25,Open Account,True,0.0,746.25,"New York, USA",Windows Laptop,Mobile Network,0,0
1082,44,2025-02-17 19:24:49,8410.61,Deposit Funds,True,8755.0,17165.61,"London, UK",iPhone,Public WiFi,0,0
1083,49,2025-02-17 20:32:49,98.45,Pay Bills,False,-4034.0,98.45,"Los Angeles, USA",iPhone,Public WiFi,0,0
1084,54,2025-02-17 20:49:49,3702.4,Change Email,True,0.0,3702.4,"New York, USA",iPad,Mobile Network,1,0
1085,55,2025-02-17 21:08:49,4773.24,Failed Login,True,0.0,4773.24,"New York, USA",Android,Public WiFi,0,0
1086,58,2025-02-17 21:16:49,1221.41,Change Email,True,0.0,1221.41,"New York, USA",MacBook,Home WiFi,0,0
1087,59,2025-02-17 21:24:49,1577.37,Change Email,True,0.0,1577.37,"London, UK",Windows Laptop,Mobile Network,0,0
1088,60,2025-02-17 21:47:49,4961.27,Change Phone,True,0.0,4961.27,"Paris, France",Android,Home WiFi,0,0
1089,62,2025-02-18 00:27:49,8619.8,Make Purchase,True,-357.0,8262.8,"Tokyo, Japan",Android,Home WiFi,0,0
1090,65,2025-02-18 00:35:49,2608.88,Online Purchase,True,-138.0,2470.88,"New York, USA",Linux PC,Public WiFi,0,0
1091,69,2025-02-18 00:42:49,322.2,Online Purchase,True,-128.0,194.2,"Los Angeles, USA",Android,Mobile Network,0,0
1092,70,2025-02-18 00:44:49,1100.98,Make Purchase,False,-16041.0,1100.98,"Paris, France",Android,Corporate Network,0,0
1093,72,2025-02-18 02:40:49,15475.39,Transfer Funds,True,-1777.0,13698.39,"Tokyo, Japan",MacBook,Home WiFi,0,0
1094,74,2025-02-18 02:44:49,1070.62,POS Purchase,True,-504.0,566.62,"Los Angeles, USA",Windows Laptop,Home WiFi,0,0
1095,75,2025-02-18 03:00:49,1168.4,Suspicious Login,True,0.0,1168.4,"London, UK",iPad,Public WiFi,0,0
1096,76,2025-02-18 03:00:49,1621.11,Cash Withdrawal,True,-296.0,1325.11,"Los Angeles, USA",iPhone,Home WiFi,0,0
1097,77,2025-02-18 03:25:49,11198.34,Pay Bills,True,-1217.0,9981.34,"Paris, France",iPhone,Mobile Network,0,0
1098,78,2025-02-18 03:37:49,456.13,Request New PIN,True,0.0,456.13,"New York, USA",iPhone,Home WiFi,0,0
1099,79,2025-02-18 05:24:49,785.3,Deposit Funds,True,1333.0,2118.3,"New York, USA",Windows Laptop,Mobile Network,0,0
1100,81,2025-02-18 05:38:49,693.86,Request New PIN,True,0.0,693.86,"New York, USA",Windows Laptop,Public WiFi,1,0
1101,83,2025-02-18 07:36:49,20078.35,Cash Withdrawal,True,-2844.0,17234.35,"Tokyo, Japan",Android,Public WiFi,0,0
1102,84,2025-02-18 07:50:49,1340.31,POS Purchase,True,-579.0,761.31,"Berlin, Germany",Android,Public WiFi,0,1
1103,85,2025-02-18 08:10:49,490.95,Apply for Credit Card,True,0.0,490.95,"New York, USA",Android,Public WiFi,0,0
1104,89,2025-02-18 08:10:49,258.56,Change Phone,True,0.0,258.56,"Los Angeles, USA",MacBook,Home WiFi,0,0
1105,90,2025-02-18 08:22:49,4781.97,Unauthorized Transfer,False,-8212.0,4781.97,"New York, USA",Windows Laptop,Public WiFi,0,1
1106,93,2025-02-18 08:34:49,2238.89,Change Phone,True,0.0,2238.89,"Los Angeles, USA",Windows Laptop,Home WiFi,1,0
1107,95,2025-02-18 10:45:49,2440.79,Make Purchase,True,-636.0,1804.79,"Los Angeles, USA",Android,Public WiFi,0,0
1108,100,2025-02-18 10:51:49,881.16,Cash Withdrawal,False,-1088.0,881.16,"Paris, France",Android,Home WiFi,0,0
1109,101,2025-02-18 10:54:49,137.05,Close Account,True,0.0,137.05,"New York, USA",Windows Laptop,Public WiFi,0,0
1110,102,2025-02-18 11:14:49,2698.8,Unauthorized Transfer,False,-6128.0,2698.8,"New York, USA",iPhone,Corporate Network,0,0
1111,104,2025-02-18 11:42:49,3806.0,Change Email,True,0.0,3806.0,"New York, USA",Android,Mobile Network,0,0
1112,0,2025-02-18 12:00:49,1164.3,Request New Card,True,0.0,1164.3,"New York, USA",MacBook,Public WiFi,0,0
1113,2,2025-02-18 13:36:49,25.26,Make Purchase,False,-155.0,25.26,"Los Angeles, USA",iPhone,Mobile Network,0,0
1114,3,2025-02-18 16:17:49,6269.85,Deposit Funds,True,6568.0,12837.85,"New York, USA",iPhone,Corporate Network,0,0
1115,4,2025-02-18 16:17:49,2347.69,Online Purchase,True,-494.0,1853.69,"London, UK",MacBook,Public WiFi,0,0
1116,6,2025-02-18 17:08:49,17978.09,Make Purchase,True,-311.0,17667.09,"Tokyo, Japan",iPhone,Home WiFi,0,0
1117,8,2025-02-18 17:20:49,506.22,Make Purchase,False,-845.0,506.22,"Los Angeles, USA",iPhone,Public WiFi,0,0
1118,9,2025-02-18 17:32:49,4427.55,Change Password,True,0.0,4427.55,"New York, USA",Android,Corporate Network,0,0
1119,15,2025-02-18 17:53:49,1162.08,Change Phone,True,0.0,1162.08,"Tokyo, Japan",iPhone,Public WiFi,0,0
1120,16,2025-02-18 18:05:49,8089.36,Wire Transfer,False,-20108.0,8089.36,"Tokyo, Japan",MacBook,Home WiFi,0,0
1121,17,2025-02-18 18:21:49,4757.16,Request New Card,True,0.0,4757.16,"Los Angeles, USA",Android,Home WiFi,0,0
1122,21,2025-02-18 19:41:49,9948.28,Deposit Funds,True,9176.0,19124.28,"New York, USA",iPhone,Public WiFi,0,0
1123,22,2025-02-18 20:31:49,510.27,Apply for Loan,True,0.0,510.27,"New York, USA",iPhone,Home WiFi,0,0
1124,25,2025-02-18 21:27:49,705.55,Create Fake Identity,True,0.0,705.55,"Tokyo, Japan",Android,Corporate Network,1,0
1125,29,2025-02-18 21:42:49,85.62,POS Purchase,False,-658.0,85.62,"Berlin, Germany",MacBook,Home WiFi,0,0
1126,33,2025-02-18 21:47:49,2656.88,Online Purchase,True,-327.0,2329.88,"Tokyo, Japan",Windows Laptop,Public WiFi,0,0
1127,34,2025-02-18 22:37:49,1780.54,Apply for Credit Card,True,0.0,1780.54,"New York, USA",MacBook,Home WiFi,0,1
1128,39,2025-02-18 22:48:49,1363.94,Change Password,True,0.0,1363.94,"New York, USA",Android,Mobile Network,0,0
1129,40,2025-02-18 22:53:49,295.68,Unauthorized Transfer,False,-3874.0,295.68,"Paris, France",Android,Home WiFi,0,0
1130,41,2025-02-18 23:07:49,2268.61,Change Email,True,0.0,2268.61,"New York, USA",Windows Laptop,Public WiFi,0,0
1131,42,2025-02-18 23:07:49,3083.38,Apply for Credit Card,True,0.0,3083.38,"New York, USA",iPhone,Home WiFi,0,0
1132,43,2025-02-18 23:49:49,746.25,Make Purchase,False,-3937.0,746.25,"New York, USA",iPhone,Public WiFi,0,0
1133,44,2025-02-19 01:35:49,17165.61,Pay Bills,True,-1854.0,15311.61,"New York, USA",MacBook,Mobile Network,0,0
1134,49,2025-02-19 03:21:49,98.45,Transfer Funds,False,-3072.0,98.45,"Paris, France",iPhone,Home WiFi,0,0
1135,54,2025-02-19 03:36:49,3702.4,Change Email,True,0.0,3702.4,"New York, USA",MacBook,Public WiFi,0,0
1136,55,2025-02-19 03:44:49,4773.24,Suspicious Login,True,0.0,4773.24,"New York, USA",Windows Laptop,Home WiFi,0,0
1137,58,2025-02-19 03:54:49,1221.41,Change Email,True,0.0,1221.41,"New York, USA",Android,Home WiFi,0,0
1138,59,2025-02-19 04:22:49,1577.37,Change Email,True,0.0,1577.37,"New York, USA",MacBook,Corporate Network,0,0
1139,60,2025-02-19 04:40:49,4961.27,Change Phone,True,0.0,4961.27,"London, UK",Windows Laptop,Corporate Network,1,0
1140,62,2025-02-19 07:07:49,8262.8,Make Purchase,True,-232.0,8030.8,"Berlin, Germany",Android,Corporate Network,0,0
1141,65,2025-02-19 07:08:49,2470.88,POS Purchase,True,-623.0,1847.88,"London, UK",Windows Laptop,Corporate Network,0,0
1142,69,2025-02-19 07:12:49,194.2,Balance Check,True,0.0,194.2,"Los Angeles, USA",Android,Corporate Network,0,0
1143,70,2025-02-19 07:49:49,1100.98,Withdraw Funds,False,-4427.0,1100.98,"Tokyo, Japan",iPhone,Public WiFi,0,0
1144,72,2025-02-19 08:24:49,13698.39,Make Purchase,True,-623.0,13075.39,"London, UK",iPhone,Home WiFi,0,0
1145,74,2025-02-19 08:31:49,566.62,Online Purchase,True,-323.0,243.62,"New York, USA",MacBook,Corporate Network,0,0
1146,75,2025-02-19 08:49:49,1168.4,Suspicious Login,True,0.0,1168.4,"Los Angeles, USA",Android,Public WiFi,0,0
1147,76,2025-02-19 10:29:49,1325.11,Deposit Funds,True,6455.0,7780.11,"London, UK",iPad,Public WiFi,0,0
1148,77,2025-02-19 10:38:49,9981.34,Pay Bills,True,-561.0,9420.34,"New York, USA",iPhone,Mobile Network,1,0
1149,78,2025-02-19 10:50:49,456.13,Request New PIN,True,0.0,456.13,"Tokyo, Japan",Android,Home WiFi,0,1
1150,79,2025-02-19 11:34:49,2118.3,Wire Transfer,False,-8905.0,2118.3,"Paris, France",Windows Laptop,Mobile Network,0,0
1151,81,2025-02-19 11:36:49,693.86,Balance Check,True,0.0,693.86,"Tokyo, Japan",iPhone,Mobile Network,0,0
1152,83,2025-02-19 11:38:49,17234.35,Wire Transfer,True,-13914.0,3320.35,"Tokyo, Japan",Android,Home WiFi,0,0
1153,84,2025-02-19 11:52:49,761.31,Request New PIN,True,0.0,761.31,"New York, USA",MacBook,Home WiFi,0,0
1154,85,2025-02-19 12:10:49,490.95,Make Purchase,False,-30034.0,490.95,"Los Angeles, USA",Android,Public WiFi,0,0
1155,89,2025-02-19 12:17:49,258.56,Suspicious Login,True,0.0,258.56,"Berlin, Germany",iPad,Mobile Network,0,0
1156,90,2025-02-19 12:46:49,4781.97,Unauthorized Transfer,False,-7010.0,4781.97,"Tokyo, Japan",Windows Laptop,Home WiFi,0,0
1157,93,2025-02-19 13:03:49,2238.89,Change Phone,True,0.0,2238.89,"London, UK",Windows Laptop,Home WiFi,0,0
1158,95,2025-02-19 13:24:49,1804.79,Make Purchase,True,-460.0,1344.79,"New York, USA",iPhone,Home WiFi,0,0
1159,100,2025-02-19 15:04:49,881.16,Cash Withdrawal,False,-2589.0,881.16,"Berlin, Germany",Windows Laptop,Home WiFi,0,0
1160,102,2025-02-19 15:20:49,2698.8,Unauthorized Transfer,True,-663.0,2035.8,"Los Angeles, USA",Windows Laptop,Public WiFi,0,0
1161,104,2025-02-19 15:32:49,3806.0,Request New Card,True,0.0,3806.0,"New York, USA",iPhone,Home WiFi,0,0
1162,0,2025-02-19 15:53:49,1164.3,Request New Card,True,0.0,1164.3,"Berlin, Germany",iPhone,Mobile Network,0,0
1163,2,2025-02-19 17:21:49,25.26,Apply for Loan,True,0.0,25.26,"New York, USA",Android,Public WiFi,0,0
1164,3,2025-02-19 19:59:49,12837.85,Close Account,True,0.0,12837.85,"Los Angeles, USA",iPhone,Public WiFi,0,0
1165,4,2025-02-19 20:00:49,1853.69,Online Purchase,True,-257.0,1596.69,"Berlin, Germany",MacBook,Corporate Network,0,1
1166,6,2025-02-19 22:04:49,17667.09,Apply for Credit Card,True,0.0,17667.09,"Tokyo, Japan",iPhone,Mobile Network,0,0
1167,8,2025-02-19 23:12:49,506.22,Make Purchase,False,-844.0,506.22,"New York, USA",Android,Home WiFi,0,0
1168,9,2025-02-19 23:26:49,4427.55,Change Email,True,0.0,4427.55,"Paris, France",Android,Public WiFi,0,0
1169,15,2025-02-19 23:36:49,1162.08,Change Phone,True,0.0,1162.08,"Paris, France",Android,Mobile Network,0,0
1170,16,2025-02-19 23:55:49,8089.36,Wire Transfer,True,-2023.0,6066.36,"Tokyo, Japan",iPhone,Public WiFi,0,0
1171,17,2025-02-20 00:02:49,4757.16,Request New Card,True,0.0,4757.16,"Tokyo, Japan",Android,Mobile Network,0,0
1172,21,2025-02-20 02:08:49,19124.28,Deposit Funds,True,2832.0,21956.28,"Paris, France",Android,Mobile Network,0,0
1173,22,2025-02-20 02:14:49,510.27,Apply for Credit Card,True,0.0,510.27,"London, UK",Windows Laptop,Home WiFi,0,0
1174,25,2025-02-20 02:57:49,705.55,Withdraw Funds,False,-4691.0,705.55,"Los Angeles, USA",iPhone,Public WiFi,1,0
1175,29,2025-02-20 03:02:49,85.62,Online Purchase,False,-447.0,85.62,"Tokyo, Japan",iPhone,Public WiFi,0,0
1176,33,2025-02-20 03:06:49,2329.88,Online Purchase,True,-200.0,2129.88,"London, UK",iPhone,Mobile Network,0,0
1177,34,2025-02-20 03:24:49,1780.54,Close Account,True,0.0,1780.54,"Berlin, Germany",iPhone,Home WiFi,0,0
1178,39,2025-02-20 03:30:49,1363.94,Suspicious Login,True,0.0,1363.94,"Berlin, Germany",Windows Laptop,Public WiFi,0,0
1179,40,2025-02-20 03:51:49,295.68,Unauthorized Transfer,False,-6826.0,295.68,"London, UK",Android,Home WiFi,0,0
1180,41,2025-02-20 04:09:49,2268.61,Change Phone,True,0.0,2268.61,"Los Angeles, USA",Android,Mobile Network,0,0
1181,42,2025-02-20 04:28:49,3083.38,Create Fake Identity,True,0.0,3083.38,"New York, USA",Windows Laptop,Home WiFi,0,0
1182,43,2025-02-20 04:35:49,746.25,Max Out Credit,False,-3669.0,746.25,"London, UK",Android,Home WiFi,0,0
1183,44,2025-02-20 05:46:49,15311.61,Apply for Credit Card,True,0.0,15311.61,"Berlin, Germany",Android,Public WiFi,0,0
1184,49,2025-02-20 06:20:49,98.45,Make Purchase,False,-577.0,98.45,"London, UK",iPhone,Home WiFi,0,0
1185,54,2025-02-20 06:50:49,3702.4,Suspicious Login,True,0.0,3702.4,"New York, USA",Android,Home WiFi,0,1
1186,55,2025-02-20 06:56:49,4773.24,Change Password,True,0.0,4773.24,"Berlin, Germany",Android,Public WiFi,0,0
1187,58,2025-02-20 07:15:49,1221.41,Change Phone,True,0.0,1221.41,"New York, USA",Windows Laptop,Corporate Network,0,0
1188,59,2025-02-20 07:22:49,1577.37,Request New Card,True,0.0,1577.37,"New York, USA",iPhone,Mobile Network,1,0
1189,60,2025-02-20 07:22:49,4961.27,Change Email,True,0.0,4961.27,"Berlin, Germany",Android,Public WiFi,0,0
1190,62,2025-02-20 10:20:49,8030.8,Make Purchase,True,-444.0,7586.8,"Paris, France",MacBook,Home WiFi,0,0
1191,65,2025-02-20 10:25:49,1847.88,Balance Check,True,0.0,1847.88,"London, UK",iPhone,Public WiFi,0,0
1192,69,2025-02-20 10:33:49,194.2,ATM Withdrawal,False,-584.0,194.2,"New York, USA",iPhone,Home WiFi,0,0
1193,70,2025-02-20 10:56:49,1100.98,Open Account,True,0.0,1100.98,"Paris, France",iPhone,Mobile Network,0,0
1194,72,2025-02-20 12:47:49,13075.39,Transfer Funds,True,-3608.0,9467.39,"Berlin, Germany",Android,Home WiFi,0,0
1195,74,2025-02-20 12:51:49,243.62,Request New PIN,True,0.0,243.62,"Los Angeles, USA",iPhone,Public WiFi,0,0
1196,75,2025-02-20 13:01:49,1168.4,Suspicious Login,True,0.0,1168.4,"Tokyo, Japan",Android,Public WiFi,0,0
1197,76,2025-02-20 14:30:49,7780.11,Wire Transfer,False,-43662.0,7780.11,"New York, USA",MacBook,Public WiFi,0,0
1198,77,2025-02-20 15:59:49,9420.34,Pay Bills,True,-4451.0,4969.34,"New York, USA",iPhone,Public WiFi,0,0
1199,78,2025-02-20 16:02:49,456.13,Balance Check,True,0.0,456.13,"Berlin, Germany",iPad,Corporate Network,1,0
1200,79,2025-02-20 16:18:49,2118.3,Wire Transfer,False,-29286.0,2118.3,"Paris, France",Android,Home WiFi,0,0
1201,81,2025-02-20 16:19:49,693.86,Request New PIN,True,0.0,693.86,"New York, USA",iPhone,Mobile Network,0,0
1202,83,2025-02-20 16:29:49,3320.35,Wire Transfer,True,-2094.0,1226.35,"Tokyo, Japan",iPhone,Corporate Network,0,0
1203,84,2025-02-20 16:29:49,761.31,Close Account,True,0.0,761.31,"Tokyo, Japan",iPhone,Home WiFi,0,0
1204,85,2025-02-20 16:31:49,490.95,Apply for Credit Card,True,0.0,490.95,"New York, USA",Android,Mobile Network,0,0
1205,89,2025-02-20 16:58:49,258.56,Suspicious Login,True,0.0,258.56,"New York, USA",MacBook,Corporate Network,0,0
1206,90,2025-02-20 17:04:49,4781.97,Unauthorized Transfer,False,-7516.0,4781.97,"New York, USA",Windows Laptop,Home WiFi,0,0
1207,93,2025-02-20 17:13:49,2238.89,Change Email,True,0.0,2238.89,"Los Angeles, USA",iPhone,Home WiFi,0,0
1208,95,2025-02-20 19:04:49,1344.79,Transfer Funds,False,-3873.0,1344.79,"Tokyo, Japan",iPhone,Home WiFi,0,0
1209,100,2025-02-20 19:41:49,881.16,Close Account,True,0.0,881.16,"Tokyo, Japan",iPhone,Mobile Network,0,0
1210,102,2025-02-20 19:48:49,2035.8,Close Account,True,0.0,2035.8,"Los Angeles, USA",Android,Home WiFi,0,1
1211,104,2025-02-20 19:50:49,3806.0,Change Password,True,0.0,3806.0,"New York, USA",Windows Laptop,Public WiFi,1,0
1212,0,2025-02-20 19:51:49,1164.3,Request New Card,True,0.0,1164.3,"Tokyo, Japan",MacBook,Public WiFi,0,0
1213,2,2025-02-20 21:43:49,25.26,Invest Money,False,-7108.0,25.26,"Los Angeles, USA",iPhone,Home WiFi,0,0
1214,4,2025-02-20 21:55:49,1596.69,Online Purchase,True,-458.0,1138.69,"London, UK",iPhone,Home WiFi,0,0
1215,6,2025-02-20 22:33:49,17667.09,Make Purchase,True,-660.0,17007.09,"London, UK",Windows Laptop,Mobile Network,0,0
1216,8,2025-02-20 23:35:49,506.22,Make Purchase,False,-783.0,506.22,"New York, USA",Android,Home WiFi,0,0
1217,9,2025-02-20 23:44:49,4427.55,Change Email,True,0.0,4427.55,"Los Angeles, USA",MacBook,Home WiFi,0,0
1218,15,2025-02-21 00:12:49,1162.08,Change Password,True,0.0,1162.08,"Los Angeles, USA",Windows Laptop,Mobile Network,0,0
1219,16,2025-02-21 01:10:49,6066.36,Invest in Assets,False,-41416.0,6066.36,"Los Angeles, USA",Android,Public WiFi,0,0
1220,17,2025-02-21 01:14:49,4757.16,Request New Card,True,0.0,4757.16,"Los Angeles, USA",Windows Laptop,Home WiFi,0,0
1221,21,2025-02-21 02:57:49,21956.28,Make Purchase,True,-140.0,21816.28,"New York, USA",Android,Public WiFi,0,0
1222,22,2025-02-21 03:14:49,510.27,Apply for Loan,True,0.0,510.27,"Los Angeles, USA",iPad,Home WiFi,0,0
1223,25,2025-02-21 04:03:49,705.55,Max Out Credit,False,-5259.0,705.55,"Tokyo, Japan",iPad,Mobile Network,0,0
1224,29,2025-02-21 04:05:49,85.62,Report Lost Card,True,0.0,85.62,"Tokyo, Japan",Windows Laptop,Public WiFi,0,0
1225,33,2025-02-21 04:05:49,2129.88,POS Purchase,True,-814.0,1315.88,"New York, USA",iPhone,Public WiFi,0,0
1226,39,2025-02-21 04:17:49,1363.94,Change Password,True,0.0,1363.94,"Tokyo, Japan",iPhone,Mobile Network,1,0
1227,40,2025-02-21 04:28:49,295.68,Unauthorized Transfer,False,-9775.0,295.68,"New York, USA",iPhone,Mobile Network,0,0
1228,41,2025-02-21 04:42:49,2268.61,Change Phone,True,0.0,2268.61,"London, UK",iPhone,Mobile Network,0,0
1229,42,2025-02-21 05:13:49,3083.38,Open Account,True,0.0,3083.38,"Paris, France",Windows Laptop,Home WiFi,0,0
1230,43,2025-02-21 05:41:49,746.25,Make Purchase,False,-3542.0,746.25,"New York, USA",iPhone,Home WiFi,0,0
1231,44,2025-02-21 05:55:49,15311.61,Apply for Credit Card,True,0.0,15311.61,"Los Angeles, USA",Windows Laptop,Mobile Network,1,0
1232,49,2025-02-21 07:25:49,98.45,Transfer Funds,False,-2317.0,98.45,"New York, USA",iPhone,Public WiFi,0,0
1233,54,2025-02-21 07:47:49,3702.4,Change Password,True,0.0,3702.4,"New York, USA",Android,Public WiFi,0,1
1234,55,2025-02-21 07:53:49,4773.24,Change Email,True,0.0,4773.24,"Tokyo, Japan",iPhone,Corporate Network,0,0
1235,58,2025-02-21 08:01:49,1221.41,Change Password,True,0.0,1221.41,"New York, USA",iPhone,Public WiFi,0,1
1236,59,2025-02-21 08:16:49,1577.37,Request New Card,True,0.0,1577.37,"London, UK",iPhone,Home WiFi,0,0
1237,60,2025-02-21 08:18:49,4961.27,Change Password,True,0.0,4961.27,"Berlin, Germany",MacBook,Home WiFi,0,0
1238,62,2025-02-21 08:39:49,7586.8,Make Purchase,True,-499.0,7087.8,"New York, USA",iPhone,Home WiFi,0,0
1239,65,2025-02-21 08:51:49,1847.88,ATM Withdrawal,True,-381.0,1466.88,"Tokyo, Japan",iPhone,Mobile Network,0,0
1240,69,2025-02-21 08:59:49,194.2,Balance Check,True,0.0,194.2,"New York, USA",iPhone,Mobile Network,0,0
1241,70,2025-02-21 09:04:49,1100.98,Open Account,True,0.0,1100.98,"Los Angeles, USA",Android,Home WiFi,0,0
1242,72,2025-02-21 11:21:49,9467.39,Deposit Funds,True,5354.0,14821.39,"London, UK",Android,Home WiFi,0,0
1243,74,2025-02-21 11:25:49,243.62,POS Purchase,True,-8.0,235.62,"Tokyo, Japan",Android,Public WiFi,0,0
1244,75,2025-02-21 11:47:49,1168.4,Change Password,True,0.0,1168.4,"Los Angeles, USA",iPhone,Corporate Network,0,0
1245,76,2025-02-21 13:36:49,7780.11,Purchase Luxury Goods,False,-76834.0,7780.11,"London, UK",Android,Corporate Network,0,0
1246,77,2025-02-21 13:44:49,4969.34,Pay Bills,True,-3568.0,1401.34,"New York, USA",iPhone,Home WiFi,0,0
1247,78,2025-02-21 13:50:49,456.13,Request New PIN,True,0.0,456.13,"Paris, France",iPhone,Mobile Network,0,0
1248,79,2025-02-21 14:08:49,2118.3,Deposit Funds,True,844.0,2962.3,"New York, USA",Windows Laptop,Mobile Network,0,0
1249,81,2025-02-21 14:23:49,693.86,Request New PIN,True,0.0,693.86,"Los Angeles, USA",iPhone,Public WiFi,0,0
1250,83,2025-02-21 15:39:49,1226.35,Deposit Funds,True,4702.0,5928.35,"Los Angeles, USA",Windows Laptop,Mobile Network,0,0
1251,85,2025-02-21 16:29:49,490.95,Close Account,True,0.0,490.95,"Tokyo, Japan",Android,Home WiFi,0,0
1252,89,2025-02-21 16:30:49,258.56,Change Phone,True,0.0,258.56,"Berlin, Germany",Android,Mobile Network,0,0
1253,90,2025-02-21 17:00:49,4781.97,Unauthorized Transfer,False,-6695.0,4781.97,"Tokyo, Japan",MacBook,Corporate Network,0,0
1254,93,2025-02-21 17:08:49,2238.89,Change Phone,True,0.0,2238.89,"London, UK",MacBook,Public WiFi,0,0
1255,95,2025-02-21 19:08:49,1344.79,Transfer Funds,False,-1976.0,1344.79,"Los Angeles, USA",Linux PC,Mobile Network,0,0
1256,104,2025-02-21 19:15:49,3806.0,Change Password,True,0.0,3806.0,"New York, USA",Windows Laptop,Public WiFi,0,1
1257,0,2025-02-21 19:31:49,1164.3,Change Phone,True,0.0,1164.3,"London, UK",iPhone,Mobile Network,0,0
1258,2,2025-02-21 21:43:49,25.26,Review activityments,True,0.0,25.26,"New York, USA",Windows Laptop,Home WiFi,0,0
1259,4,2025-02-21 21:53:49,1138.69,Online Purchase,True,-239.0,899.69,"London, UK",iPhone,Public WiFi,0,0
1260,6,2025-02-21 22:26:49,17007.09,Make Purchase,True,-500.0,16507.09,"Los Angeles, USA",Android,Home WiFi,0,0
1261,8,2025-02-21 23:39:49,506.22,Make Purchase,True,-165.0,341.22,"Los Angeles, USA",MacBook,Mobile Network,0,0
1262,9,2025-02-21 23:48:49,4427.55,Suspicious Login,True,0.0,4427.55,"New York, USA",Android,Home WiFi,0,0
1263,15,2025-02-22 00:09:49,1162.08,Suspicious Login,True,0.0,1162.08,"Paris, France",iPhone,Home WiFi,0,0
1264,16,2025-02-22 01:01:49,6066.36,Purchase Luxury Goods,False,-54215.0,6066.36,"Los Angeles, USA",iPhone,Mobile Network,0,0
1265,17,2025-02-22 01:11:49,4757.16,Request New Card,True,0.0,4757.16,"Berlin, Germany",iPad,Public WiFi,0,0
1266,21,2025-02-22 01:27:49,21816.28,Pay Bills,True,-3009.0,18807.28,"New York, USA",Windows Laptop,Home WiFi,0,0
1267,22,2025-02-22 02:20:49,510.27,Apply for Loan,True,0.0,510.27,"New York, USA",MacBook,Public WiFi,0,0
1268,25,2025-02-22 02:30:49,705.55,Close Account,True,0.0,705.55,"Berlin, Germany",Linux PC,Public WiFi,0,0
1269,29,2025-02-22 02:37:49,85.62,Report Lost Card,True,0.0,85.62,"New York, USA",iPhone,Mobile Network,0,0
1270,33,2025-02-22 02:51:49,1315.88,Online Purchase,True,-391.0,924.88,"Los Angeles, USA",MacBook,Mobile Network,0,0
1271,39,2025-02-22 03:11:49,1363.94,Change Password,True,0.0,1363.94,"New York, USA",Android,Public WiFi,0,1
1272,40,2025-02-22 03:14:49,295.68,Unauthorized Transfer,False,-7519.0,295.68,"London, UK",iPhone,Home WiFi,0,0
1273,41,2025-02-22 03:30:49,2268.61,Change Email,True,0.0,2268.61,"New York, USA",iPhone,Mobile Network,0,0
1274,42,2025-02-22 03:41:49,3083.38,Open Account,True,0.0,3083.38,"New York, USA",iPhone,Home WiFi,0,0
1275,43,2025-02-22 04:08:49,746.25,Open Account,True,0.0,746.25,"Los Angeles, USA",Android,Public WiFi,1,1
1276,44,2025-02-22 04:12:49,15311.61,Pay Bills,True,-511.0,14800.61,"Tokyo, Japan",iPad,Home WiFi,0,0
1277,49,2025-02-22 05:04:49,98.45,Make Purchase,False,-128.0,98.45,"Paris, France",iPhone,Public WiFi,0,0
1278,54,2025-02-22 05:14:49,3702.4,Change Phone,True,0.0,3702.4,"Los Angeles, USA",Android,Public WiFi,0,0
1279,55,2025-02-22 05:35:49,4773.24,Unauthorized Transfer,True,-4542.0,231.24,"Los Angeles, USA",iPhone,Home WiFi,0,0
1280,58,2025-02-22 05:49:49,1221.41,Change Email,True,0.0,1221.41,"New York, USA",iPad,Home WiFi,0,0
1281,59,2025-02-22 05:55:49,1577.37,Unauthorized Transfer,False,-7228.0,1577.37,"London, UK",iPhone,Home WiFi,0,0
1282,60,2025-02-22 06:01:49,4961.27,Change Password,True,0.0,4961.27,"New York, USA",iPhone,Public WiFi,0,0
1283,62,2025-02-22 06:29:49,7087.8,Make Purchase,True,-492.0,6595.8,"Tokyo, Japan",iPhone,Mobile Network,0,0
1284,65,2025-02-22 06:43:49,1466.88,POS Purchase,True,-997.0,469.88,"Tokyo, Japan",Windows Laptop,Mobile Network,0,0
1285,69,2025-02-22 06:47:49,194.2,Report Lost Card,True,0.0,194.2,"Berlin, Germany",Android,Public WiFi,1,0
1286,70,2025-02-22 07:46:49,1100.98,Open Account,True,0.0,1100.98,"London, UK",iPhone,Corporate Network,0,1
1287,72,2025-02-22 09:32:49,14821.39,Make Purchase,True,-954.0,13867.39,"Los Angeles, USA",iPhone,Public WiFi,0,0
1288,74,2025-02-22 09:45:49,235.62,Balance Check,True,0.0,235.62,"New York, USA",Windows Laptop,Public WiFi,0,0
1289,75,2025-02-22 10:00:49,1168.4,Change Password,True,0.0,1168.4,"London, UK",Android,Home WiFi,0,0
1290,76,2025-02-22 11:07:49,7780.11,Close Account,True,0.0,7780.11,"Tokyo, Japan",Windows Laptop,Public WiFi,0,0
1291,77,2025-02-22 13:01:49,1401.34,Make Purchase,True,-116.0,1285.34,"Berlin, Germany",Android,Mobile Network,0,0
1292,78,2025-02-22 13:16:49,456.13,Close Account,True,0.0,456.13,"New York, USA",Linux PC,Mobile Network,0,0
1293,79,2025-02-22 13:31:49,2962.3,Invest in Assets,False,-37891.0,2962.3,"Los Angeles, USA",MacBook,Corporate Network,0,1
1294,81,2025-02-22 13:34:49,693.86,Request New PIN,True,0.0,693.86,"Paris, France",Android,Public WiFi,0,0
1295,83,2025-02-22 13:57:49,5928.35,Wire Transfer,False,-34785.0,5928.35,"Paris, France",MacBook,Public WiFi,0,0
1296,89,2025-02-22 14:25:49,258.56,Change Password,True,0.0,258.56,"Berlin, Germany",Android,Mobile Network,0,0
1297,90,2025-02-22 14:42:49,4781.97,Unauthorized Transfer,True,-2665.0,2116.97,"New York, USA",Windows Laptop,Home WiFi,0,0
1298,93,2025-02-22 15:12:49,2238.89,Change Phone,True,0.0,2238.89,"New York, USA",iPhone,Public WiFi,0,0
1299,95,2025-02-22 15:29:49,1344.79,Make Purchase,True,-26.0,1318.79,"London, UK",iPhone,Public WiFi,0,0
1300,104,2025-02-22 15:33:49,3806.0,Change Password,True,0.0,3806.0,"New York, USA",iPhone,Home WiFi,0,0
1301,0,2025-02-22 15:57:49,1164.3,Request New Card,True,0.0,1164.3,"London, UK",Linux PC,Home WiFi,0,0
1302,2,2025-02-22 18:02:49,25.26,Close Account,True,0.0,25.26,"Los Angeles, USA",iPhone,Public WiFi,0,1
1303,4,2025-02-22 18:09:49,899.69,POS Purchase,True,-563.0,336.69,"Berlin, Germany",MacBook,Public WiFi,0,0
1304,6,2025-02-22 19:40:49,16507.09,Transfer Funds,True,-542.0,15965.09,"Berlin, Germany",iPhone,Public WiFi,0,0
1305,8,2025-02-22 20:34:49,341.22,Make Purchase,False,-634.0,341.22,"New York, USA",Windows Laptop,Home WiFi,0,0
1306,9,2025-02-22 21:01:49,4427.55,Unauthorized Transfer,False,-8173.0,4427.55,"London, UK",Android,Home WiFi,0,0
1307,15,2025-02-22 21:06:49,1162.08,Change Password,True,0.0,1162.08,"New York, USA",iPhone,Public WiFi,0,0
1308,16,2025-02-22 22:04:49,6066.36,Cash Withdrawal,True,-494.0,5572.36,"Tokyo, Japan",iPad,Mobile Network,0,0
1309,17,2025-02-22 22:05:49,4757.16,Request New Card,True,0.0,4757.16,"Los Angeles, USA",Android,Home WiFi,0,1
1310,21,2025-02-22 23:37:49,18807.28,Pay Bills,True,-2527.0,16280.28,"Tokyo, Japan",iPad,Public WiFi,0,0
1311,22,2025-02-23 00:03:49,510.27,Open Account,True,0.0,510.27,"Tokyo, Japan",Windows Laptop,Home WiFi,0,0
1312,29,2025-02-23 00:09:49,85.62,Report Lost Card,True,0.0,85.62,"Los Angeles, USA",iPhone,Public WiFi,0,0
1313,33,2025-02-23 00:11:49,924.88,POS Purchase,True,-906.0,18.88,"Los Angeles, USA",iPhone,Public WiFi,0,0
1314,39,2025-02-23 00:26:49,1363.94,Request New Card,True,0.0,1363.94,"Paris, France",Windows Laptop,Home WiFi,0,0
1315,40,2025-02-23 00:32:49,295.68,Close Account,True,0.0,295.68,"Paris, France",iPhone,Corporate Network,0,0
1316,41,2025-02-23 00:37:49,2268.61,Change Email,True,0.0,2268.61,"Paris, France",Android,Mobile Network,0,0
1317,42,2025-02-23 01:15:49,3083.38,Create Fake Identity,True,0.0,3083.38,"New York, USA",MacBook,Public WiFi,0,0
1318,43,2025-02-23 01:33:49,746.25,Create Fake Identity,True,0.0,746.25,"Los Angeles, USA",iPhone,Public WiFi,0,0
1319,44,2025-02-23 03:11:49,14800.61,Deposit Funds,True,2773.0,17573.61,"New York, USA",Windows Laptop,Public WiFi,0,0
1320,49,2025-02-23 04:38:49,98.45,Make Purchase,False,-709.0,98.45,"London, UK",MacBook,Home WiFi,0,0
1321,54,2025-02-23 04:39:49,3702.4,Request New Card,True,0.0,3702.4,"Paris, France",iPhone,Public WiFi,0,0
1322,55,2025-02-23 04:44:49,231.24,Unauthorized Transfer,False,-9647.0,231.24,"New York, USA",Android,Public WiFi,0,0
1323,58,2025-02-23 04:49:49,1221.41,Change Email,True,0.0,1221.41,"New York, USA",iPhone,Public WiFi,0,1
1324,59,2025-02-23 04:57:49,1577.37,Close Account,True,0.0,1577.37,"Berlin, Germany",Android,Home WiFi,1,0
1325,60,2025-02-23 05:00:49,4961.27,Suspicious Login,True,0.0,4961.27,"Tokyo, Japan",Android,Home WiFi,0,0
1326,62,2025-02-23 06:12:49,6595.8,Deposit Funds,True,7740.0,14335.8,"New York, USA",MacBook,Home WiFi,0,0
1327,65,2025-02-23 06:20:49,469.88,Online Purchase,True,-311.0,158.88,"London, UK",MacBook,Public WiFi,0,0
1328,69,2025-02-23 06:32:49,194.2,Report Lost Card,True,0.0,194.2,"Berlin, Germany",Android,Mobile Network,0,0
1329,70,2025-02-23 07:28:49,1100.98,Close Account,True,0.0,1100.98,"Berlin, Germany",iPhone,Home WiFi,1,0
1330,72,2025-02-23 09:36:49,13867.39,Deposit Funds,True,4498.0,18365.39,"Paris, France",iPad,Corporate Network,0,0
1331,74,2025-02-23 09:39:49,235.62,Close Account,True,0.0,235.62,"Tokyo, Japan",Android,Public WiFi,0,0
1332,75,2025-02-23 09:57:49,1168.4,Change Password,True,0.0,1168.4,"Tokyo, Japan",Windows Laptop,Public WiFi,0,0
1333,77,2025-02-23 12:10:49,1285.34,Deposit Funds,True,8746.0,10031.34,"New York, USA",Android,Public WiFi,0,0
1334,79,2025-02-23 12:34:49,2962.3,Purchase Luxury Goods,False,-57576.0,2962.3,"Los Angeles, USA",iPhone,Mobile Network,0,0
1335,81,2025-02-23 12:42:49,693.86,Close Account,True,0.0,693.86,"Tokyo, Japan",iPhone,Mobile Network,0,0
1336,83,2025-02-23 12:56:49,5928.35,Close Account,True,0.0,5928.35,"London, UK",MacBook,Home WiFi,0,0
1337,89,2025-02-23 12:58:49,258.56,Change Password,True,0.0,258.56,"New York, USA",iPhone,Home WiFi,0,0
1338,90,2025-02-23 13:15:49,2116.97,Unauthorized Transfer,True,-1394.0,722.97,"Tokyo, Japan",Linux PC,Home WiFi,0,0
1339,93,2025-02-23 13:33:49,2238.89,Change Phone,True,0.0,2238.89,"Paris, France",Windows Laptop,Mobile Network,0,0
1340,95,2025-02-23 16:17:49,1318.79,Transfer Funds,False,-2754.0,1318.79,"Paris, France",iPhone,Public WiFi,0,0
1341,104,2025-02-23 16:47:49,3806.0,Change Password,True,0.0,3806.0,"New York, USA",MacBook,Corporate Network,0,0
1342,0,2025-02-23 17:06:49,1164.3,Change Password,True,0.0,1164.3,"London, UK",Linux PC,Public WiFi,0,0
1343,4,2025-02-23 17:20:49,336.69,POS Purchase,True,-328.0,8.69,"London, UK",MacBook,Home WiFi,0,0
1344,6,2025-02-23 19:46:49,15965.09,Make Purchase,True,-703.0,15262.09,"Tokyo, Japan",iPhone,Home WiFi,0,0
1345,8,2025-02-23 21:54:49,341.22,Make Purchase,False,-739.0,341.22,"Berlin, Germany",Windows Laptop,Corporate Network,0,0
1346,9,2025-02-23 21:57:49,4427.55,Unauthorized Transfer,False,-7961.0,4427.55,"Los Angeles, USA",iPhone,Mobile Network,0,0
1347,15,2025-02-23 22:26:49,1162.08,Unauthorized Transfer,False,-9012.0,1162.08,"London, UK",iPhone,Public WiFi,0,0
1348,16,2025-02-23 23:22:49,5572.36,Cash Withdrawal,True,-1067.0,4505.36,"New York, USA",Android,Public WiFi,0,0
1349,17,2025-02-23 23:49:49,4757.16,Request New Card,True,0.0,4757.16,"New York, USA",iPhone,Corporate Network,0,0
1350,21,2025-02-24 00:21:49,16280.28,Make Purchase,True,-189.0,16091.28,"New York, USA",Android,Mobile Network,0,0
1351,22,2025-02-24 01:16:49,510.27,Open Account,True,0.0,510.27,"Los Angeles, USA",iPhone,Home WiFi,1,0
1352,29,2025-02-24 01:31:49,85.62,Close Account,True,0.0,85.62,"New York, USA",MacBook,Public WiFi,0,0
1353,33,2025-02-24 01:31:49,18.88,Online Purchase,False,-116.0,18.88,"London, UK",iPhone,Mobile Network,0,0
1354,39,2025-02-24 01:34:49,1363.94,Unauthorized Transfer,False,-4503.0,1363.94,"Berlin, Germany",Windows Laptop,Mobile Network,0,0
1355,41,2025-02-24 01:38:49,2268.61,Change Phone,True,0.0,2268.61,"Tokyo, Japan",Windows Laptop,Home WiFi,0,0
1356,42,2025-02-24 02:02:49,3083.38,Create Fake Identity,True,0.0,3083.38,"New York, USA",iPad,Mobile Network,0,0
1357,43,2025-02-24 02:22:49,746.25,Withdraw Funds,True,-104.0,642.25,"Berlin, Germany",iPhone,Home WiFi,0,0
1358,44,2025-02-24 03:41:49,17573.61,Transfer Funds,True,-3570.0,14003.61,"New York, USA",iPhone,Home WiFi,1,0
1359,49,2025-02-24 03:43:49,98.45,Deposit Funds,True,8516.0,8614.45,"London, UK",Windows Laptop,Mobile Network,0,0
1360,54,2025-02-24 04:01:49,3702.4,Unauthorized Transfer,False,-8938.0,3702.4,"New York, USA",Linux PC,Mobile Network,0,0
1361,55,2025-02-24 04:05:49,231.24,Close Account,True,0.0,231.24,"Berlin, Germany",Android,Public WiFi,0,0
1362,58,2025-02-24 04:20:49,1221.41,Change Email,True,0.0,1221.41,"London, UK",MacBook,Public WiFi,0,0
1363,60,2025-02-24 04:22:49,4961.27,Suspicious Login,True,0.0,4961.27,"New York, USA",iPad,Mobile Network,0,0
1364,62,2025-02-24 04:56:49,14335.8,Deposit Funds,True,6531.0,20866.8,"Los Angeles, USA",Windows Laptop,Public WiFi,0,0
1365,65,2025-02-24 05:07:49,158.88,Balance Check,True,0.0,158.88,"London, UK",Windows Laptop,Public WiFi,0,0
1366,69,2025-02-24 05:20:49,194.2,Request New PIN,True,0.0,194.2,"Paris, France",Android,Public WiFi,0,0
1367,72,2025-02-24 05:38:49,18365.39,Make Purchase,True,-932.0,17433.39,"Paris, France",Windows Laptop,Corporate Network,0,0
1368,75,2025-02-24 05:42:49,1168.4,Change Password,True,0.0,1168.4,"New York, USA",Linux PC,Public WiFi,0,0
1369,77,2025-02-24 08:08:49,10031.34,Deposit Funds,True,1397.0,11428.34,"New York, USA",Android,Corporate Network,0,0
1370,79,2025-02-24 08:52:49,2962.3,Deposit Funds,True,7383.0,10345.3,"London, UK",Linux PC,Public WiFi,0,0
1371,89,2025-02-24 08:57:49,258.56,Change Password,True,0.0,258.56,"New York, USA",iPhone,Mobile Network,0,0
1372,90,2025-02-24 09:05:49,722.97,Request New Card,True,0.0,722.97,"Paris, France",Windows Laptop,Home WiFi,0,0
1373,93,2025-02-24 09:32:49,2238.89,Change Phone,True,0.0,2238.89,"Los Angeles, USA",Android,Corporate Network,0,0
1374,95,2025-02-24 09:48:49,1318.79,Transfer Funds,False,-3948.0,1318.79,"Los Angeles, USA",Linux PC,Mobile Network,0,0
1375,104,2025-02-24 10:09:49,3806.0,Suspicious Login,True,0.0,3806.0,"Tokyo, Japan",Android,Mobile Network,0,0
1376,0,2025-02-24 10:34:49,1164.3,Change Password,True,0.0,1164.3,"Tokyo, Japan",iPhone,Mobile Network,0,0
1377,4,2025-02-24 10:47:49,8.69,Online Purchase,False,-433.0,8.69,"London, UK",Android,Public WiFi,0,0
1378,6,2025-02-24 11:44:49,15262.09,Pay Bills,True,-271.0,14991.09,"New York, USA",Linux PC,Home WiFi,1,0
1379,8,2025-02-24 13:16:49,341.22,Make Purchase,False,-349.0,341.22,"Paris, France",Android,Mobile Network,0,0
1380,9,2025-02-24 13:37:49,4427.55,Request New Card,True,0.0,4427.55,"New York, USA",MacBook,Public WiFi,0,1
1381,15,2025-02-24 13:43:49,1162.08,Unauthorized Transfer,True,-1034.0,128.08,"Tokyo, Japan",Windows Laptop,Public WiFi,0,0
1382,16,2025-02-24 14:24:49,4505.36,Purchase Luxury Goods,False,-55691.0,4505.36,"Los Angeles, USA",Android,Home WiFi,0,0
1383,17,2025-02-24 14:43:49,4757.16,Unauthorized Transfer,True,-3099.0,1658.16,"New York, USA",Windows Laptop,Mobile Network,0,0
1384,21,2025-02-24 15:13:49,16091.28,Make Purchase,True,-360.0,15731.28,"Paris, France",iPhone,Public WiFi,0,0
1385,22,2025-02-24 16:06:49,510.27,Apply for Loan,True,0.0,510.27,"New York, USA",Android,Home WiFi,1,0
1386,33,2025-02-24 16:09:49,18.88,POS Purchase,False,-817.0,18.88,"London, UK",Android,Home WiFi,0,0
1387,39,2025-02-24 16:29:49,1363.94,Unauthorized Transfer,False,-1573.0,1363.94,"New York, USA",Windows Laptop,Home WiFi,0,0
1388,41,2025-02-24 16:54:49,2268.61,Change Phone,True,0.0,2268.61,"Los Angeles, USA",MacBook,Mobile Network,0,0
1389,42,2025-02-24 17:37:49,3083.38,Create Fake Identity,True,0.0,3083.38,"Los Angeles, USA",Android,Home WiFi,1,0
1390,43,2025-02-24 18:36:49,642.25,Create Fake Identity,True,0.0,642.25,"London, UK",Android,Corporate Network,0,0
1391,44,2025-02-24 20:27:49,14003.61,Make Purchase,True,-116.0,13887.61,"Tokyo, Japan",Windows Laptop,Corporate Network,0,0
1392,49,2025-02-24 20:51:49,8614.45,Deposit Funds,True,773.0,9387.45,"New York, USA",Android,Public WiFi,0,0
1393,54,2025-02-24 20:55:49,3702.4,Unauthorized Transfer,False,-5263.0,3702.4,"New York, USA",iPhone,Mobile Network,0,0
1394,58,2025-02-24 21:03:49,1221.41,Change Email,True,0.0,1221.41,"Los Angeles, USA",iPhone,Mobile Network,0,0
1395,60,2025-02-24 21:22:49,4961.27,Failed Login,True,0.0,4961.27,"New York, USA",iPhone,Public WiFi,0,0
1396,62,2025-02-25 00:13:49,20866.8,Deposit Funds,True,554.0,21420.8,"Los Angeles, USA",Android,Public WiFi,0,0
1397,65,2025-02-25 00:20:49,158.88,Online Purchase,False,-198.0,158.88,"Tokyo, Japan",iPhone,Public WiFi,0,0
1398,69,2025-02-25 00:26:49,194.2,Report Lost Card,True,0.0,194.2,"New York, USA",Android,Public WiFi,0,0
1399,72,2025-02-25 01:40:49,17433.39,Make Purchase,True,-728.0,16705.39,"Paris, France",iPhone,Home WiFi,0,0
1400,75,2025-02-25 01:40:49,1168.4,Change Password,True,0.0,1168.4,"Paris, France",Linux PC,Home WiFi,0,0
1401,77,2025-02-25 03:41:49,11428.34,Review activityments,True,0.0,11428.34,"New York, USA",Android,Mobile Network,0,0
1402,79,2025-02-25 04:41:49,10345.3,Purchase Luxury Goods,False,-70006.0,10345.3,"New York, USA",iPhone,Home WiFi,0,0
1403,89,2025-02-25 04:45:49,258.56,Suspicious Login,True,0.0,258.56,"Tokyo, Japan",Windows Laptop,Home WiFi,0,0
1404,90,2025-02-25 04:55:49,722.97,Change Email,True,0.0,722.97,"New York, USA",iPhone,Mobile Network,0,1
1405,93,2025-02-25 05:12:49,2238.89,Unauthorized Transfer,False,-7094.0,2238.89,"London, UK",MacBook,Home WiFi,0,0
1406,95,2025-02-25 06:35:49,1318.79,Pay Bills,False,-1562.0,1318.79,"New York, USA",iPhone,Home WiFi,0,0
1407,104,2025-02-25 06:49:49,3806.0,Failed Login,True,0.0,3806.0,"Paris, France",iPhone,Public WiFi,0,1
1408,0,2025-02-25 07:07:49,1164.3,Suspicious Login,True,0.0,1164.3,"Los Angeles, USA",MacBook,Home WiFi,0,0
1409,4,2025-02-25 07:22:49,8.69,POS Purchase,False,-263.0,8.69,"New York, USA",iPhone,Home WiFi,0,0
1410,6,2025-02-25 08:05:49,14991.09,Deposit Funds,True,1593.0,16584.09,"Tokyo, Japan",iPhone,Home WiFi,0,0
1411,8,2025-02-25 09:23:49,341.22,Pay Bills,False,-482.0,341.22,"London, UK",Windows Laptop,Home WiFi,0,0
1412,9,2025-02-25 09:28:49,4427.55,Request New Card,True,0.0,4427.55,"Los Angeles, USA",Android,Home WiFi,0,0
1413,15,2025-02-25 09:37:49,128.08,Unauthorized Transfer,False,-1114.0,128.08,"Berlin, Germany",Windows Laptop,Home WiFi,0,0
1414,16,2025-02-25 11:27:49,4505.36,Cash Withdrawal,True,-1202.0,3303.36,"Tokyo, Japan",Linux PC,Corporate Network,0,0
1415,17,2025-02-25 11:46:49,1658.16,Unauthorized Transfer,False,-2565.0,1658.16,"New York, USA",Windows Laptop,Home WiFi,1,0
1416,21,2025-02-25 12:31:49,15731.28,Pay Bills,True,-1213.0,14518.28,"Los Angeles, USA",Android,Home WiFi,0,0
1417,22,2025-02-25 13:07:49,510.27,Create Fake Identity,True,0.0,510.27,"Los Angeles, USA",Linux PC,Corporate Network,0,0
1418,33,2025-02-25 13:11:49,18.88,POS Purchase,False,-474.0,18.88,"Paris, France",Android,Home WiFi,0,0
1419,39,2025-02-25 13:29:49,1363.94,Unauthorized Transfer,False,-8392.0,1363.94,"Tokyo, Japan",Windows Laptop,Home WiFi,0,0
1420,41,2025-02-25 13:59:49,2268.61,Change Phone,True,0.0,2268.61,"Los Angeles, USA",Windows Laptop,Public WiFi,0,0
1421,42,2025-02-25 14:26:49,3083.38,Apply for Loan,True,0.0,3083.38,"London, UK",iPhone,Mobile Network,0,0
1422,43,2025-02-25 14:28:49,642.25,Create Fake Identity,True,0.0,642.25,"Paris, France",MacBook,Home WiFi,0,0
1423,44,2025-02-25 14:47:49,13887.61,Pay Bills,True,-4931.0,8956.61,"New York, USA",Android,Home WiFi,0,0
1424,49,2025-02-25 15:24:49,9387.45,Transfer Funds,True,-3063.0,6324.45,"Tokyo, Japan",Android,Mobile Network,0,0
1425,54,2025-02-25 15:27:49,3702.4,Close Account,True,0.0,3702.4,"New York, USA",Android,Public WiFi,0,0
1426,58,2025-02-25 15:48:49,1221.41,Change Phone,True,0.0,1221.41,"Los Angeles, USA",Windows Laptop,Home WiFi,0,0
1427,60,2025-02-25 16:02:49,4961.27,Failed Login,True,0.0,4961.27,"New York, USA",Linux PC,Home WiFi,0,1
1428,62,2025-02-25 16:55:49,21420.8,Close Account,True,0.0,21420.8,"Paris, France",Windows Laptop,Public WiFi,0,0
1429,65,2025-02-25 17:07:49,158.88,Online Purchase,False,-278.0,158.88,"Berlin, Germany",MacBook,Home WiFi,0,0
1430,69,2025-02-25 17:19:49,194.2,Report Lost Card,True,0.0,194.2,"London, UK",Linux PC,Home WiFi,0,0
1431,72,2025-02-25 17:52:49,16705.39,Make Purchase,True,-828.0,15877.39,"Tokyo, Japan",Android,Public WiFi,0,0
1432,75,2025-02-25 18:16:49,1168.4,Change Password,True,0.0,1168.4,"New York, USA",Linux PC,Home WiFi,0,0
1433,77,2025-02-25 20:27:49,11428.34,Apply for Loan,True,0.0,11428.34,"Los Angeles, USA",iPhone,Home WiFi,0,0
1434,79,2025-02-25 21:27:49,10345.3,Purchase Luxury Goods,False,-55616.0,10345.3,"Tokyo, Japan",Android,Public WiFi,0,1
1435,89,2025-02-25 21:37:49,258.56,Unauthorized Transfer,False,-6117.0,258.56,"Los Angeles, USA",Android,Public WiFi,0,0
1436,90,2025-02-25 22:00:49,722.97,Change Phone,True,0.0,722.97,"Los Angeles, USA",Android,Corporate Network,0,0
1437,93,2025-02-25 22:04:49,2238.89,Change Email,True,0.0,2238.89,"Los Angeles, USA",Android,Public WiFi,0,0
1438,95,2025-02-26 00:21:49,1318.79,Deposit Funds,True,8831.0,10149.79,"London, UK",iPad,Home WiFi,0,0
1439,104,2025-02-26 00:46:49,3806.0,Failed Login,True,0.0,3806.0,"New York, USA",Android,Public WiFi,0,0
1440,0,2025-02-26 01:11:49,1164.3,Change Password,True,0.0,1164.3,"Tokyo, Japan",MacBook,Public WiFi,0,0
1441,4,2025-02-26 01:26:49,8.69,POS Purchase,False,-717.0,8.69,"Los Angeles, USA",iPhone,Corporate Network,0,0
1442,6,2025-02-26 02:00:49,16584.09,Pay Bills,True,-497.0,16087.09,"Paris, France",iPad,Home WiFi,0,0
1443,8,2025-02-26 02:09:49,341.22,Pay Bills,False,-3503.0,341.22,"Los Angeles, USA",Android,Mobile Network,0,0
1444,9,2025-02-26 02:22:49,4427.55,Request New Card,True,0.0,4427.55,"New York, USA",MacBook,Home WiFi,0,0
1445,15,2025-02-26 02:45:49,128.08,Unauthorized Transfer,False,-3235.0,128.08,"Tokyo, Japan",iPhone,Mobile Network,0,0
1446,16,2025-02-26 04:41:49,3303.36,Close Account,True,0.0,3303.36,"Paris, France",MacBook,Public WiFi,0,0
1447,17,2025-02-26 04:43:49,1658.16,Change Password,True,0.0,1658.16,"London, UK",iPhone,Corporate Network,0,0
1448,21,2025-02-26 05:57:49,14518.28,Apply for Loan,True,0.0,14518.28,"Tokyo, Japan",iPhone,Home WiFi,0,0
1449,22,2025-02-26 06:26:49,510.27,Open Account,True,0.0,510.27,"London, UK",Windows Laptop,Mobile Network,0,1
1450,33,2025-02-26 06:28:49,18.88,Online Purchase,False,-451.0,18.88,"London, UK",Android,Mobile Network,0,0
1451,39,2025-02-26 06:55:49,1363.94,Change Phone,True,0.0,1363.94,"London, UK",iPhone,Public WiFi,0,0
1452,41,2025-02-26 07:01:49,2268.61,Change Phone,True,0.0,2268.61,"London, UK",MacBook,Public WiFi,0,0
1453,42,2025-02-26 07:08:49,3083.38,Apply for Loan,True,0.0,3083.38,"New York, USA",Windows Laptop,Corporate Network,0,0
1454,43,2025-02-26 07:17:49,642.25,Open Account,True,0.0,642.25,"New York, USA",Android,Home WiFi,0,0
1455,44,2025-02-26 08:20:49,8956.61,Pay Bills,True,-1306.0,7650.61,"New York, USA",Linux PC,Public WiFi,0,0
1456,49,2025-02-26 10:21:49,6324.45,Make Purchase,True,-243.0,6081.45,"Berlin, Germany",Android,Public WiFi,0,0
1457,58,2025-02-26 10:42:49,1221.41,Unauthorized Transfer,False,-4691.0,1221.41,"New York, USA",Windows Laptop,Mobile Network,0,0
1458,60,2025-02-26 10:48:49,4961.27,Suspicious Login,True,0.0,4961.27,"New York, USA",Linux PC,Corporate Network,1,0
1459,65,2025-02-26 11:03:49,158.88,Online Purchase,True,-123.0,35.88,"New York, USA",iPhone,Public WiFi,0,0
1460,69,2025-02-26 11:05:49,194.2,Report Lost Card,True,0.0,194.2,"New York, USA",Windows Laptop,Mobile Network,0,0
1461,72,2025-02-26 12:14:49,15877.39,Deposit Funds,True,1034.0,16911.39,"New York, USA",Android,Mobile Network,1,0
1462,75,2025-02-26 12:42:49,1168.4,Unauthorized Transfer,False,-7647.0,1168.4,"Tokyo, Japan",Windows Laptop,Home WiFi,0,0
1463,77,2025-02-26 15:19:49,11428.34,Review activityments,True,0.0,11428.34,"London, UK",iPhone,Home WiFi,0,0
1464,79,2025-02-26 16:19:49,10345.3,Wire Transfer,False,-19462.0,10345.3,"New York, USA",Android,Home WiFi,0,0
1465,89,2025-02-26 16:26:49,258.56,Unauthorized Transfer,False,-3364.0,258.56,"Berlin, Germany",Linux PC,Mobile Network,0,0
1466,90,2025-02-26 16:51:49,722.97,Change Phone,True,0.0,722.97,"New York, USA",iPhone,Home WiFi,0,0
1467,93,2025-02-26 17:17:49,2238.89,Change Email,True,0.0,2238.89,"New York, USA",MacBook,Mobile Network,0,0
1468,95,2025-02-26 18:17:49,10149.79,Make Purchase,True,-451.0,9698.79,"New York, USA",Windows Laptop,Home WiFi,1,0
1469,104,2025-02-26 18:44:49,3806.0,Failed Login,True,0.0,3806.0,"Paris, France",iPad,Public WiFi,1,0
1470,0,2025-02-26 19:11:49,1164.3,Change Password,True,0.0,1164.3,"Tokyo, Japan",iPhone,Public WiFi,0,0
1471,4,2025-02-26 19:22:49,8.69,POS Purchase,False,-59.0,8.69,"Los Angeles, USA",iPhone,Public WiFi,0,1
1472,6,2025-02-26 21:29:49,16087.09,Pay Bills,True,-4857.0,11230.09,"Tokyo, Japan",MacBook,Public WiFi,0,0
1473,8,2025-02-27 00:04:49,341.22,Make Purchase,False,-806.0,341.22,"London, UK",Windows Laptop,Corporate Network,0,0
1474,9,2025-02-27 00:16:49,4427.55,Change Email,True,0.0,4427.55,"Tokyo, Japan",Windows Laptop,Public WiFi,0,0
1475,15,2025-02-27 00:37:49,128.08,Unauthorized Transfer,False,-5378.0,128.08,"New York, USA",Linux PC,Corporate Network,0,0
1476,17,2025-02-27 00:50:49,1658.16,Change Password,True,0.0,1658.16,"New York, USA",iPad,Public WiFi,0,0
1477,21,2025-02-27 03:19:49,14518.28,Apply for Loan,True,0.0,14518.28,"New York, USA",MacBook,Mobile Network,0,0
1478,22,2025-02-27 03:25:49,510.27,Apply for Credit Card,True,0.0,510.27,"London, UK",MacBook,Public WiFi,0,0
1479,33,2025-02-27 03:33:49,18.88,POS Purchase,False,-480.0,18.88,"New York, USA",iPhone,Public WiFi,0,0
1480,39,2025-02-27 04:00:49,1363.94,Change Password,True,0.0,1363.94,"New York, USA",Linux PC,Mobile Network,0,0
1481,41,2025-02-27 04:30:49,2268.61,Change Phone,True,0.0,2268.61,"Berlin, Germany",iPhone,Mobile Network,0,0
1482,42,2025-02-27 05:11:49,3083.38,Create Fake Identity,True,0.0,3083.38,"London, UK",Linux PC,Public WiFi,1,0
1483,43,2025-02-27 05:43:49,642.25,Apply for Credit Card,True,0.0,642.25,"Berlin, Germany",iPhone,Home WiFi,0,0
1484,44,2025-02-27 06:24:49,7650.61,Deposit Funds,True,4624.0,12274.61,"Los Angeles, USA",MacBook,Public WiFi,0,0
1485,49,2025-02-27 09:10:49,6081.45,Make Purchase,True,-570.0,5511.45,"Tokyo, Japan",iPhone,Corporate Network,0,1
1486,58,2025-02-27 09:35:49,1221.41,Unauthorized Transfer,False,-5697.0,1221.41,"New York, USA",Linux PC,Home WiFi,0,0
1487,60,2025-02-27 10:01:49,4961.27,Suspicious Login,True,0.0,4961.27,"Los Angeles, USA",Windows Laptop,Public WiFi,1,0
1488,65,2025-02-27 10:15:49,35.88,POS Purchase,False,-496.0,35.88,"New York, USA",Windows Laptop,Home WiFi,0,0
1489,69,2025-02-27 10:28:49,194.2,Report Lost Card,True,0.0,194.2,"London, UK",iPhone,Mobile Network,1,0
1490,72,2025-02-27 10:48:49,16911.39,Make Purchase,True,-530.0,16381.39,"Tokyo, Japan",Android,Mobile Network,0,0
1491,75,2025-02-27 11:16:49,1168.4,Unauthorized Transfer,False,-1171.0,1168.4,"Los Angeles, USA",Windows Laptop,Public WiFi,0,0
1492,77,2025-02-27 11:36:49,11428.34,Review activityments,True,0.0,11428.34,"New York, USA",Android,Public WiFi,0,0
1493,79,2025-02-27 12:10:49,10345.3,Purchase Luxury Goods,False,-79769.0,10345.3,"London, UK",Android,Public WiFi,0,0
1494,89,2025-02-27 12:32:49,258.56,Change Email,True,0.0,258.56,"New York, USA",Windows Laptop,Home WiFi,0,0
1495,90,2025-02-27 12:45:49,722.97,Close Account,True,0.0,722.97,"New York, USA",iPhone,Home WiFi,0,0
1496,93,2025-02-27 12:52:49,2238.89,Request New Card,True,0.0,2238.89,"New York, USA",Android,Home WiFi,1,0
1497,95,2025-02-27 14:20:49,9698.79,Make Purchase,True,-886.0,8812.79,"Los Angeles, USA",Android,Public WiFi,0,0
1498,104,2025-02-27 14:47:49,3806.0,Failed Login,True,0.0,3806.0,"New York, USA",iPhone,Mobile Network,0,0
1499,0,2025-02-27 15:05:49,1164.3,Change Email,True,0.0,1164.3,"Tokyo, Japan",Linux PC,Public WiFi,0,0
1500,4,2025-02-27 15:14:49,8.69,Balance Check,True,0.0,8.69,"Los Angeles, USA",iPhone,Corporate Network,0,0
1501,6,2025-02-27 16:27:49,11230.09,Make Purchase,True,-110.0,11120.09,"London, UK",MacBook,Mobile Network,0,0
1502,8,2025-02-27 19:01:49,341.22,Make Purchase,False,-524.0,341.22,"New York, USA",Android,Home WiFi,0,0
1503,9,2025-02-27 19:05:49,4427.55,Change Email,True,0.0,4427.55,"London, UK",Android,Mobile Network,0,1
1504,15,2025-02-27 19:28:49,128.08,Unauthorized Transfer,False,-6719.0,128.08,"New York, USA",Linux PC,Public WiFi,0,0
1505,17,2025-02-27 19:45:49,1658.16,Suspicious Login,True,0.0,1658.16,"Los Angeles, USA",MacBook,Mobile Network,0,0
1506,21,2025-02-27 20:54:49,14518.28,Transfer Funds,True,-2159.0,12359.28,"New York, USA",iPhone,Home WiFi,0,0
1507,22,2025-02-27 21:41:49,510.27,Apply for Credit Card,True,0.0,510.27,"London, UK",MacBook,Public WiFi,0,0
1508,33,2025-02-27 21:41:49,18.88,POS Purchase,False,-120.0,18.88,"New York, USA",Linux PC,Mobile Network,0,0
1509,39,2025-02-27 21:49:49,1363.94,Change Password,True,0.0,1363.94,"Los Angeles, USA",iPhone,Home WiFi,0,0
1510,41,2025-02-27 22:05:49,2268.61,Request New Card,True,0.0,2268.61,"New York, USA",Android,Mobile Network,0,0
1511,42,2025-02-27 22:17:49,3083.38,Create Fake Identity,True,0.0,3083.38,"London, UK",Android,Public WiFi,0,1
1512,43,2025-02-27 23:12:49,642.25,Open Account,True,0.0,642.25,"Los Angeles, USA",iPhone,Mobile Network,0,0
1513,44,2025-02-28 01:42:49,12274.61,Deposit Funds,True,8378.0,20652.61,"New York, USA",Windows Laptop,Corporate Network,0,0
1514,49,2025-02-28 03:23:49,5511.45,Make Purchase,True,-991.0,4520.45,"Tokyo, Japan",iPad,Public WiFi,0,0
1515,58,2025-02-28 03:29:49,1221.41,Close Account,True,0.0,1221.41,"Tokyo, Japan",iPad,Public WiFi,0,0
1516,60,2025-02-28 03:56:49,4961.27,Suspicious Login,True,0.0,4961.27,"Paris, France",Windows Laptop,Corporate Network,0,0
1517,65,2025-02-28 04:00:49,35.88,Online Purchase,False,-133.0,35.88,"Los Angeles, USA",iPhone,Mobile Network,0,1
1518,69,2025-02-28 04:05:49,194.2,Report Lost Card,True,0.0,194.2,"Los Angeles, USA",Windows Laptop,Corporate Network,0,0
1519,72,2025-02-28 06:10:49,16381.39,Pay Bills,True,-791.0,15590.39,"Los Angeles, USA",iPhone,Home WiFi,0,0
1520,75,2025-02-28 06:12:49,1168.4,Unauthorized Transfer,False,-3997.0,1168.4,"London, UK",Linux PC,Public WiFi,1,0
1521,77,2025-02-28 08:41:49,11428.34,Deposit Funds,True,3556.0,14984.34,"London, UK",Android,Corporate Network,0,0
1522,79,2025-02-28 09:48:49,10345.3,Deposit Funds,True,814.0,11159.3,"New York, USA",Linux PC,Home WiFi,0,0
1523,89,2025-02-28 10:03:49,258.56,Change Email,True,0.0,258.56,"Los Angeles, USA",Android,Public WiFi,0,0
1524,93,2025-02-28 10:15:49,2238.89,Unauthorized Transfer,False,-2945.0,2238.89,"New York, USA",iPhone,Corporate Network,0,0
1525,95,2025-02-28 12:19:49,8812.79,Make Purchase,True,-864.0,7948.79,"Berlin, Germany",iPhone,Mobile Network,0,0
1526,104,2025-02-28 12:40:49,3806.0,Change Phone,True,0.0,3806.0,"New York, USA",Android,Public WiFi,0,0
1527,0,2025-02-28 12:51:49,1164.3,Change Phone,True,0.0,1164.3,"Berlin, Germany",iPhone,Public WiFi,1,0
1528,4,2025-02-28 13:01:49,8.69,POS Purchase,False,-530.0,8.69,"Tokyo, Japan",Linux PC,Public WiFi,0,0
1529,6,2025-02-28 15:00:49,11120.09,Apply for Loan,True,0.0,11120.09,"Tokyo, Japan",Windows Laptop,Corporate Network,0,0
1530,8,2025-02-28 15:53:49,341.22,Transfer Funds,False,-2265.0,341.22,"Tokyo, Japan",iPhone,Public WiFi,0,0
1531,9,2025-02-28 16:17:49,4427.55,Change Email,True,0.0,4427.55,"Los Angeles, USA",iPad,Public WiFi,0,0
1532,15,2025-02-28 16:34:49,128.08,Unauthorized Transfer,False,-959.0,128.08,"Los Angeles, USA",iPhone,Mobile Network,0,0
1533,17,2025-02-28 16:58:49,1658.16,Suspicious Login,True,0.0,1658.16,"Los Angeles, USA",Windows Laptop,Public WiFi,0,0
1534,21,2025-02-28 17:48:49,12359.28,Make Purchase,True,-53.0,12306.28,"London, UK",Android,Home WiFi,1,0
1535,22,2025-02-28 17:55:49,510.27,Apply for Credit Card,True,0.0,510.27,"New York, USA",Windows Laptop,Home WiFi,0,1
1536,33,2025-02-28 18:10:49,18.88,POS Purchase,False,-587.0,18.88,"Los Angeles, USA",Windows Laptop,Corporate Network,0,0
1537,39,2025-02-28 18:28:49,1363.94,Change Password,True,0.0,1363.94,"Tokyo, Japan",Windows Laptop,Home WiFi,0,0
1538,41,2025-02-28 18:50:49,2268.61,Request New Card,True,0.0,2268.61,"New York, USA",MacBook,Mobile Network,0,0
1539,42,2025-02-28 19:34:49,3083.38,Apply for Credit Card,True,0.0,3083.38,"Tokyo, Japan",Linux PC,Corporate Network,1,0
1540,43,2025-02-28 20:32:49,642.25,Create Fake Identity,True,0.0,642.25,"New York, USA",iPhone,Mobile Network,0,0
1541,44,2025-02-28 21:17:49,20652.61,Transfer Funds,True,-2102.0,18550.61,"London, UK",iPad,Public WiFi,0,0
1542,49,2025-02-28 22:22:49,4520.45,Pay Bills,True,-452.0,4068.45,"New York, USA",MacBook,Public WiFi,0,0
1543,60,2025-02-28 22:24:49,4961.27,Failed Login,True,0.0,4961.27,"Los Angeles, USA",iPhone,Public WiFi,0,0
1544,65,2025-02-28 22:34:49,35.88,POS Purchase,False,-868.0,35.88,"Los Angeles, USA",iPhone,Home WiFi,0,0
1545,69,2025-02-28 22:35:49,194.2,Report Lost Card,True,0.0,194.2,"Los Angeles, USA",iPad,Home WiFi,0,0
1546,72,2025-03-01 01:02:49,15590.39,Deposit Funds,True,3657.0,19247.39,"Los Angeles, USA",MacBook,Mobile Network,0,0
1547,75,2025-03-01 01:08:49,1168.4,Unauthorized Transfer,False,-2462.0,1168.4,"London, UK",Windows Laptop,Home WiFi,0,0
1548,77,2025-03-01 01:35:49,14984.34,Make Purchase,True,-363.0,14621.34,"New York, USA",iPhone,Public WiFi,0,0
1549,79,2025-03-01 01:56:49,11159.3,Deposit Funds,True,4077.0,15236.3,"Los Angeles, USA",MacBook,Public WiFi,0,0
1550,89,2025-03-01 02:02:49,258.56,Change Phone,True,0.0,258.56,"Los Angeles, USA",iPad,Home WiFi,0,0
1551,93,2025-03-01 02:26:49,2238.89,Unauthorized Transfer,False,-4306.0,2238.89,"New York, USA",Android,Home WiFi,0,0
1552,95,2025-03-01 05:06:49,7948.79,Make Purchase,True,-404.0,7544.79,"Los Angeles, USA",MacBook,Public WiFi,0,0
1553,104,2025-03-01 05:36:49,3806.0,Change Phone,True,0.0,3806.0,"New York, USA",iPhone,Public WiFi,0,0
1554,0,2025-03-01 05:53:49,1164.3,Change Phone,True,0.0,1164.3,"New York, USA",Windows Laptop,Mobile Network,0,0
1555,4,2025-03-01 06:05:49,8.69,Online Purchase,False,-76.0,8.69,"Los Angeles, USA",iPhone,Public WiFi,0,0
1556,6,2025-03-01 09:05:49,11120.09,Review activityments,True,0.0,11120.09,"London, UK",MacBook,Mobile Network,0,0
1557,8,2025-03-01 10:36:49,341.22,Review activityments,True,0.0,341.22,"Paris, France",iPhone,Mobile Network,0,0
1558,9,2025-03-01 10:40:49,4427.55,Change Phone,True,0.0,4427.55,"New York, USA",iPhone,Home WiFi,0,0
1559,15,2025-03-01 10:42:49,128.08,Unauthorized Transfer,False,-7818.0,128.08,"Tokyo, Japan",MacBook,Home WiFi,0,0
1560,17,2025-03-01 11:06:49,1658.16,Unauthorized Transfer,False,-3204.0,1658.16,"London, UK",Android,Home WiFi,0,0
1561,21,2025-03-01 12:40:49,12306.28,Transfer Funds,True,-3008.0,9298.28,"Berlin, Germany",iPhone,Home WiFi,0,0
1562,22,2025-03-01 13:04:49,510.27,Apply for Loan,True,0.0,510.27,"Berlin, Germany",iPhone,Corporate Network,0,0
1563,33,2025-03-01 13:11:49,18.88,POS Purchase,False,-748.0,18.88,"Los Angeles, USA",MacBook,Mobile Network,0,0
1564,39,2025-03-01 13:18:49,1363.94,Unauthorized Transfer,False,-2241.0,1363.94,"New York, USA",Android,Home WiFi,0,0
1565,41,2025-03-01 13:18:49,2268.61,Request New Card,True,0.0,2268.61,"Paris, France",MacBook,Home WiFi,0,0
1566,42,2025-03-01 13:28:49,3083.38,Apply for Credit Card,True,0.0,3083.38,"New York, USA",Linux PC,Mobile Network,0,0
1567,43,2025-03-01 14:10:49,642.25,Create Fake Identity,True,0.0,642.25,"Los Angeles, USA",iPhone,Corporate Network,0,0
1568,44,2025-03-01 14:32:49,18550.61,Deposit Funds,True,5473.0,24023.61,"London, UK",Windows Laptop,Home WiFi,0,0
1569,49,2025-03-01 15:18:49,4068.45,Deposit Funds,True,4520.0,8588.45,"London, UK",MacBook,Public WiFi,0,0
1570,60,2025-03-01 15:44:49,4961.27,Failed Login,True,0.0,4961.27,"Tokyo, Japan",iPhone,Corporate Network,0,0
1571,65,2025-03-01 15:49:49,35.88,POS Purchase,False,-97.0,35.88,"Berlin, Germany",iPhone,Public WiFi,0,0
1572,69,2025-03-01 16:01:49,194.2,Close Account,True,0.0,194.2,"New York, USA",iPad,Corporate Network,0,0
1573,72,2025-03-01 16:26:49,19247.39,Deposit Funds,True,4597.0,23844.39,"London, UK",iPhone,Public WiFi,0,0
1574,75,2025-03-01 16:50:49,1168.4,Close Account,True,0.0,1168.4,"New York, USA",Android,Public WiFi,0,1
1575,77,2025-03-01 19:35:49,14621.34,Pay Bills,True,-140.0,14481.34,"London, UK",Windows Laptop,Home WiFi,0,0
1576,79,2025-03-01 20:12:49,15236.3,Wire Transfer,True,-4520.0,10716.3,"Paris, France",MacBook,Public WiFi,0,0
1577,89,2025-03-01 20:12:49,258.56,Change Email,True,0.0,258.56,"Tokyo, Japan",MacBook,Corporate Network,0,0
1578,93,2025-03-01 20:34:49,2238.89,Unauthorized Transfer,True,-1773.0,465.89,"Tokyo, Japan",iPhone,Corporate Network,0,0
1579,95,2025-03-01 21:39:49,7544.79,Make Purchase,True,-889.0,6655.79,"Berlin, Germany",Linux PC,Home WiFi,0,0
1580,104,2025-03-01 22:09:49,3806.0,Change Email,True,0.0,3806.0,"Los Angeles, USA",Windows Laptop,Mobile Network,0,0
1581,0,2025-03-01 22:38:49,1164.3,Change Email,True,0.0,1164.3,"New York, USA",iPhone,Corporate Network,0,0
1582,4,2025-03-01 22:48:49,8.69,POS Purchase,True,-7.0,1.69,"Los Angeles, USA",iPhone,Home WiFi,0,1
1583,6,2025-03-02 00:39:49,11120.09,Review activityments,True,0.0,11120.09,"Paris, France",MacBook,Public WiFi,0,0
1584,8,2025-03-02 01:38:49,341.22,Review activityments,True,0.0,341.22,"Tokyo, Japan",iPhone,Home WiFi,0,0
1585,9,2025-03-02 01:51:49,4427.55,Change Password,True,0.0,4427.55,"Tokyo, Japan",iPhone,Home WiFi,0,0
1586,15,2025-03-02 01:57:49,128.08,Unauthorized Transfer,False,-5338.0,128.08,"New York, USA",Windows Laptop,Mobile Network,0,1
1587,17,2025-03-02 02:16:49,1658.16,Change Phone,True,0.0,1658.16,"New York, USA",iPhone,Public WiFi,0,0
1588,21,2025-03-02 03:39:49,9298.28,Review activityments,True,0.0,9298.28,"London, UK",Android,Home WiFi,0,0
1589,22,2025-03-02 04:34:49,510.27,Apply for Loan,True,0.0,510.27,"London, UK",Windows Laptop,Public WiFi,0,0
1590,33,2025-03-02 04:40:49,18.88,POS Purchase,False,-930.0,18.88,"London, UK",Linux PC,Home WiFi,0,0
1591,39,2025-03-02 04:54:49,1363.94,Unauthorized Transfer,False,-5341.0,1363.94,"London, UK",Windows Laptop,Mobile Network,1,0
1592,41,2025-03-02 05:10:49,2268.61,Request New Card,True,0.0,2268.61,"London, UK",Android,Home WiFi,0,0
1593,42,2025-03-02 05:49:49,3083.38,Apply for Loan,True,0.0,3083.38,"New York, USA",Linux PC,Public WiFi,0,0
1594,43,2025-03-02 06:47:49,642.25,Apply for Credit Card,True,0.0,642.25,"Berlin, Germany",iPhone,Public WiFi,0,0
1595,44,2025-03-02 08:46:49,24023.61,Deposit Funds,True,649.0,24672.61,"New York, USA",Windows Laptop,Home WiFi,0,0
1596,49,2025-03-02 08:52:49,8588.45,Pay Bills,True,-2087.0,6501.45,"Tokyo, Japan",Windows Laptop,Public WiFi,0,0
1597,60,2025-03-02 08:58:49,4961.27,Change Password,True,0.0,4961.27,"Tokyo, Japan",iPhone,Public WiFi,0,0
1598,65,2025-03-02 09:05:49,35.88,POS Purchase,False,-542.0,35.88,"Paris, France",iPhone,Home WiFi,0,0
1599,72,2025-03-02 10:35:49,23844.39,Make Purchase,True,-781.0,23063.39,"New York, USA",Windows Laptop,Mobile Network,0,0
1600,77,2025-03-02 11:31:49,14481.34,Make Purchase,True,-219.0,14262.34,"New York, USA",iPhone,Mobile Network,0,0
1601,79,2025-03-02 12:31:49,10716.3,Deposit Funds,True,5094.0,15810.3,"London, UK",Linux PC,Public WiFi,0,0
1602,89,2025-03-02 12:45:49,258.56,Change Email,True,0.0,258.56,"New York, USA",Windows Laptop,Mobile Network,0,0
1603,93,2025-03-02 13:04:49,465.89,Change Phone,True,0.0,465.89,"Berlin, Germany",Linux PC,Public WiFi,0,0
1604,95,2025-03-02 13:11:49,6655.79,Make Purchase,True,-312.0,6343.79,"New York, USA",Android,Mobile Network,0,0
1605,104,2025-03-02 13:35:49,3806.0,Change Phone,True,0.0,3806.0,"Los Angeles, USA",MacBook,Public WiFi,0,0
1606,0,2025-03-02 13:35:49,1164.3,Change Email,True,0.0,1164.3,"Paris, France",iPad,Public WiFi,0,0
1607,4,2025-03-02 13:36:49,1.69,Online Purchase,False,-470.0,1.69,"New York, USA",Windows Laptop,Mobile Network,0,0
1608,6,2025-03-02 15:47:49,11120.09,Invest Money,False,-45474.0,11120.09,"Berlin, Germany",Android,Corporate Network,0,0
1609,8,2025-03-02 17:22:49,341.22,Transfer Funds,False,-4372.0,341.22,"New York, USA",Android,Corporate Network,0,0
1610,9,2025-03-02 17:22:49,4427.55,Change Password,True,0.0,4427.55,"Los Angeles, USA",Android,Home WiFi,0,0
1611,15,2025-03-02 17:37:49,128.08,Unauthorized Transfer,False,-6639.0,128.08,"Tokyo, Japan",Windows Laptop,Corporate Network,0,0
1612,17,2025-03-02 18:07:49,1658.16,Change Phone,True,0.0,1658.16,"New York, USA",MacBook,Mobile Network,0,0
1613,21,2025-03-02 19:31:49,9298.28,Review activityments,True,0.0,9298.28,"Berlin, Germany",MacBook,Home WiFi,0,0
1614,22,2025-03-02 19:55:49,510.27,Open Account,True,0.0,510.27,"Tokyo, Japan",iPhone,Public WiFi,1,0
1615,33,2025-03-02 20:02:49,18.88,POS Purchase,False,-885.0,18.88,"Berlin, Germany",Android,Home WiFi,0,0
1616,39,2025-03-02 20:31:49,1363.94,Unauthorized Transfer,False,-3973.0,1363.94,"Los Angeles, USA",Android,Home WiFi,1,0
1617,41,2025-03-02 20:49:49,2268.61,Request New Card,True,0.0,2268.61,"London, UK",Android,Home WiFi,0,0
1618,42,2025-03-02 20:53:49,3083.38,Apply for Credit Card,True,0.0,3083.38,"New York, USA",Linux PC,Public WiFi,0,0
1619,43,2025-03-02 21:25:49,642.25,Apply for Loan,True,0.0,642.25,"Tokyo, Japan",iPhone,Home WiFi,0,0
1620,44,2025-03-02 23:45:49,24672.61,Apply for Credit Card,True,0.0,24672.61,"Berlin, Germany",MacBook,Home WiFi,0,0
1621,49,2025-03-03 02:14:49,6501.45,Make Purchase,True,-175.0,6326.45,"Berlin, Germany",Android,Mobile Network,0,0
1622,60,2025-03-03 02:25:49,4961.27,Suspicious Login,True,0.0,4961.27,"Berlin, Germany",Windows Laptop,Public WiFi,0,0
1623,65,2025-03-03 02:35:49,35.88,POS Purchase,False,-584.0,35.88,"London, UK",iPhone,Home WiFi,0,0
1624,72,2025-03-03 03:55:49,23063.39,Make Purchase,True,-113.0,22950.39,"London, UK",iPhone,Home WiFi,0,0
1625,77,2025-03-03 05:03:49,14262.34,Make Purchase,True,-712.0,13550.34,"London, UK",iPhone,Public WiFi,0,0
1626,79,2025-03-03 05:12:49,15810.3,Deposit Funds,True,9407.0,25217.3,"Los Angeles, USA",MacBook,Home WiFi,0,0
1627,89,2025-03-03 05:12:49,258.56,Change Email,True,0.0,258.56,"Berlin, Germany",MacBook,Home WiFi,0,0
1628,93,2025-03-03 05:22:49,465.89,Change Phone,True,0.0,465.89,"London, UK",Windows Laptop,Public WiFi,0,0
1629,95,2025-03-03 07:34:49,6343.79,Make Purchase,True,-127.0,6216.79,"Los Angeles, USA",Android,Mobile Network,0,0
1630,104,2025-03-03 07:55:49,3806.0,Change Email,True,0.0,3806.0,"Berlin, Germany",iPhone,Home WiFi,0,0
1631,0,2025-03-03 08:16:49,1164.3,Change Phone,True,0.0,1164.3,"Tokyo, Japan",Android,Home WiFi,0,0
1632,4,2025-03-03 08:22:49,1.69,Online Purchase,False,-473.0,1.69,"Tokyo, Japan",Windows Laptop,Home WiFi,0,1
1633,6,2025-03-03 11:17:49,11120.09,Invest Money,False,-35526.0,11120.09,"Berlin, Germany",iPhone,Mobile Network,0,0
1634,8,2025-03-03 13:38:49,341.22,Make Purchase,False,-623.0,341.22,"New York, USA",iPhone,Mobile Network,0,0
1635,9,2025-03-03 13:42:49,4427.55,Request New Card,True,0.0,4427.55,"Paris, France",Android,Public WiFi,0,0
1636,15,2025-03-03 13:58:49,128.08,Unauthorized Transfer,False,-1901.0,128.08,"Paris, France",Android,Corporate Network,0,0
1637,17,2025-03-03 14:27:49,1658.16,Change Phone,True,0.0,1658.16,"Berlin, Germany",iPad,Mobile Network,0,0
1638,21,2025-03-03 14:59:49,9298.28,Review activityments,True,0.0,9298.28,"London, UK",iPhone,Public WiFi,0,0
1639,22,2025-03-03 15:32:49,510.27,Create Fake Identity,True,0.0,510.27,"New York, USA",iPhone,Home WiFi,0,0
1640,33,2025-03-03 15:39:49,18.88,Online Purchase,False,-279.0,18.88,"Los Angeles, USA",iPhone,Corporate Network,0,0
1641,39,2025-03-03 16:05:49,1363.94,Unauthorized Transfer,False,-6701.0,1363.94,"Berlin, Germany",Linux PC,Home WiFi,0,0
1642,41,2025-03-03 16:33:49,2268.61,Change Phone,True,0.0,2268.61,"London, UK",MacBook,Home WiFi,0,0
1643,42,2025-03-03 16:57:49,3083.38,Close Account,True,0.0,3083.38,"Los Angeles, USA",Android,Corporate Network,0,0
1644,43,2025-03-03 17:24:49,642.25,Apply for Loan,True,0.0,642.25,"Los Angeles, USA",Android,Corporate Network,0,0
1645,44,2025-03-03 18:34:49,24672.61,Apply for Credit Card,True,0.0,24672.61,"New York, USA",Linux PC,Home WiFi,0,0
1646,49,2025-03-03 19:57:49,6326.45,Pay Bills,True,-3660.0,2666.45,"Tokyo, Japan",iPhone,Home WiFi,0,0
1647,60,2025-03-03 20:14:49,4961.27,Unauthorized Transfer,True,-1348.0,3613.27,"New York, USA",Android,Home WiFi,0,0
1648,65,2025-03-03 20:21:49,35.88,POS Purchase,False,-444.0,35.88,"Tokyo, Japan",Android,Home WiFi,0,0
1649,72,2025-03-03 22:34:49,22950.39,Transfer Funds,True,-213.0,22737.39,"London, UK",iPhone,Mobile Network,0,0
1650,77,2025-03-03 22:55:49,13550.34,Make Purchase,True,-415.0,13135.34,"Paris, France",iPhone,Home WiFi,0,0
1651,79,2025-03-04 00:19:49,25217.3,Purchase Luxury Goods,False,-64064.0,25217.3,"Los Angeles, USA",Android,Mobile Network,0,0
1652,89,2025-03-04 00:34:49,258.56,Change Email,True,0.0,258.56,"Tokyo, Japan",Android,Mobile Network,1,0
1653,93,2025-03-04 00:54:49,465.89,Change Phone,True,0.0,465.89,"Tokyo, Japan",MacBook,Home WiFi,0,0
1654,95,2025-03-04 01:15:49,6216.79,Pay Bills,True,-897.0,5319.79,"Berlin, Germany",Android,Public WiFi,0,0
1655,104,2025-03-04 01:19:49,3806.0,Change Password,True,0.0,3806.0,"New York, USA",Windows Laptop,Corporate Network,0,0
1656,0,2025-03-04 01:42:49,1164.3,Change Phone,True,0.0,1164.3,"Paris, France",iPhone,Home WiFi,0,0
1657,4,2025-03-04 01:49:49,1.69,Balance Check,True,0.0,1.69,"New York, USA",MacBook,Home WiFi,0,0
1658,6,2025-03-04 04:10:49,11120.09,Invest Money,False,-14158.0,11120.09,"Los Angeles, USA",MacBook,Public WiFi,0,0
1659,8,2025-03-04 06:03:49,341.22,Pay Bills,False,-3628.0,341.22,"Berlin, Germany",iPad,Home WiFi,0,0
1660,9,2025-03-04 06:19:49,4427.55,Change Phone,True,0.0,4427.55,"London, UK",Android,Home WiFi,0,0
1661,15,2025-03-04 06:49:49,128.08,Unauthorized Transfer,False,-6815.0,128.08,"New York, USA",iPhone,Home WiFi,0,0
1662,17,2025-03-04 07:18:49,1658.16,Change Email,True,0.0,1658.16,"Tokyo, Japan",iPhone,Mobile Network,0,0
1663,21,2025-03-04 07:49:49,9298.28,Pay Bills,True,-1741.0,7557.28,"London, UK",iPhone,Public WiFi,0,0
1664,22,2025-03-04 08:06:49,510.27,Open Account,True,0.0,510.27,"Berlin, Germany",Windows Laptop,Home WiFi,0,0
1665,33,2025-03-04 08:18:49,18.88,Request New PIN,True,0.0,18.88,"Los Angeles, USA",Android,Public WiFi,0,0
1666,39,2025-03-04 08:28:49,1363.94,Unauthorized Transfer,False,-8283.0,1363.94,"Tokyo, Japan",iPhone,Home WiFi,1,0
1667,41,2025-03-04 08:58:49,2268.61,Change Password,True,0.0,2268.61,"London, UK",MacBook,Home WiFi,0,0
1668,43,2025-03-04 09:18:49,642.25,Apply for Loan,True,0.0,642.25,"Los Angeles, USA",Windows Laptop,Public WiFi,0,0
1669,44,2025-03-04 11:27:49,24672.61,Make Purchase,True,-568.0,24104.61,"Los Angeles, USA",iPhone,Public WiFi,0,0
1670,49,2025-03-04 13:08:49,2666.45,Pay Bills,False,-4654.0,2666.45,"Paris, France",Windows Laptop,Home WiFi,0,0
1671,60,2025-03-04 13:27:49,3613.27,Unauthorized Transfer,False,-8170.0,3613.27,"Los Angeles, USA",Android,Corporate Network,0,0
1672,65,2025-03-04 13:36:49,35.88,Online Purchase,False,-480.0,35.88,"Tokyo, Japan",Android,Public WiFi,0,0
1673,72,2025-03-04 13:52:49,22737.39,Apply for Loan,True,0.0,22737.39,"Tokyo, Japan",MacBook,Mobile Network,0,0
1674,77,2025-03-04 16:28:49,13135.34,Transfer Funds,True,-3339.0,9796.34,"Tokyo, Japan",iPhone,Public WiFi,0,0
1675,79,2025-03-04 17:36:49,25217.3,Invest in Assets,False,-46997.0,25217.3,"New York, USA",iPhone,Public WiFi,0,0
1676,89,2025-03-04 18:03:49,258.56,Change Phone,True,0.0,258.56,"Los Angeles, USA",Android,Mobile Network,0,0
1677,93,2025-03-04 18:18:49,465.89,Change Password,True,0.0,465.89,"Tokyo, Japan",Linux PC,Home WiFi,0,0
1678,95,2025-03-04 21:14:49,5319.79,Pay Bills,True,-3832.0,1487.79,"New York, USA",iPhone,Public WiFi,0,0
1679,104,2025-03-04 21:24:49,3806.0,Change Phone,True,0.0,3806.0,"Los Angeles, USA",Android,Home WiFi,0,0
1680,0,2025-03-04 21:51:49,1164.3,Change Email,True,0.0,1164.3,"New York, USA",Windows Laptop,Public WiFi,0,0
1681,4,2025-03-04 21:57:49,1.69,Online Purchase,False,-48.0,1.69,"New York, USA",iPhone,Home WiFi,0,0
1682,6,2025-03-05 00:17:49,11120.09,Invest Money,False,-19968.0,11120.09,"Los Angeles, USA",Android,Mobile Network,0,0
1683,8,2025-03-05 02:00:49,341.22,Pay Bills,False,-4261.0,341.22,"New York, USA",MacBook,Public WiFi,0,0
1684,9,2025-03-05 02:22:49,4427.55,Change Email,True,0.0,4427.55,"New York, USA",Windows Laptop,Corporate Network,0,1
1685,15,2025-03-05 02:24:49,128.08,Unauthorized Transfer,False,-9885.0,128.08,"Paris, France",MacBook,Home WiFi,0,0
1686,17,2025-03-05 02:45:49,1658.16,Unauthorized Transfer,True,-1607.0,51.16,"New York, USA",Windows Laptop,Public WiFi,0,0
1687,21,2025-03-05 03:43:49,7557.28,Transfer Funds,True,-2375.0,5182.28,"New York, USA",Windows Laptop,Corporate Network,0,0
1688,22,2025-03-05 04:32:49,510.27,Apply for Credit Card,True,0.0,510.27,"New York, USA",iPhone,Home WiFi,0,0
1689,33,2025-03-05 04:46:49,18.88,Request New PIN,True,0.0,18.88,"New York, USA",Windows Laptop,Mobile Network,0,0
1690,39,2025-03-05 04:46:49,1363.94,Request New Card,True,0.0,1363.94,"New York, USA",MacBook,Mobile Network,0,0
1691,41,2025-03-05 04:52:49,2268.61,Change Phone,True,0.0,2268.61,"Berlin, Germany",iPhone,Public WiFi,0,0
1692,43,2025-03-05 05:45:49,642.25,Max Out Credit,False,-4389.0,642.25,"London, UK",iPhone,Home WiFi,0,0
1693,44,2025-03-05 08:04:49,24104.61,Make Purchase,True,-854.0,23250.61,"Los Angeles, USA",Windows Laptop,Public WiFi,0,1
1694,49,2025-03-05 11:04:49,2666.45,Pay Bills,True,-1394.0,1272.45,"London, UK",Android,Public WiFi,0,0
1695,60,2025-03-05 11:25:49,3613.27,Unauthorized Transfer,False,-6256.0,3613.27,"New York, USA",Windows Laptop,Public WiFi,0,0
1696,65,2025-03-05 11:33:49,35.88,Online Purchase,False,-117.0,35.88,"London, UK",iPhone,Home WiFi,0,0
1697,72,2025-03-05 11:43:49,22737.39,Pay Bills,True,-3362.0,19375.39,"New York, USA",MacBook,Home WiFi,1,0
1698,77,2025-03-05 12:58:49,9796.34,Make Purchase,True,-889.0,8907.34,"New York, USA",Android,Home WiFi,0,0
1699,79,2025-03-05 14:10:49,25217.3,Invest in Assets,True,-7866.0,17351.3,"London, UK",iPhone,Public WiFi,0,0
1700,89,2025-03-05 14:35:49,258.56,Change Phone,True,0.0,258.56,"Los Angeles, USA",Android,Public WiFi,0,0
1701,93,2025-03-05 14:37:49,465.89,Change Phone,True,0.0,465.89,"New York, USA",Android,Home WiFi,0,0
1702,95,2025-03-05 15:56:49,1487.79,Pay Bills,False,-1680.0,1487.79,"Paris, France",Android,Mobile Network,0,0
1703,104,2025-03-05 16:10:49,3806.0,Change Phone,True,0.0,3806.0,"New York, USA",Android,Public WiFi,0,0
1704,0,2025-03-05 16:37:49,1164.3,Request New Card,True,0.0,1164.3,"Berlin, Germany",iPhone,Mobile Network,0,0
1705,4,2025-03-05 16:46:49,1.69,POS Purchase,False,-322.0,1.69,"New York, USA",iPhone,Home WiFi,0,0
1706,6,2025-03-05 18:22:49,11120.09,Invest Money,False,-25662.0,11120.09,"London, UK",Android,Public WiFi,0,0
1707,8,2025-03-05 18:25:49,341.22,Transfer Funds,False,-4863.0,341.22,"Tokyo, Japan",iPhone,Public WiFi,0,0
1708,9,2025-03-05 18:29:49,4427.55,Change Email,True,0.0,4427.55,"Berlin, Germany",iPhone,Home WiFi,0,0
1709,15,2025-03-05 18:30:49,128.08,Unauthorized Transfer,False,-9907.0,128.08,"Berlin, Germany",iPhone,Public WiFi,0,0
1710,17,2025-03-05 18:46:49,51.16,Unauthorized Transfer,False,-4566.0,51.16,"Los Angeles, USA",MacBook,Home WiFi,0,0
1711,21,2025-03-05 21:10:49,5182.28,Transfer Funds,True,-69.0,5113.28,"New York, USA",iPhone,Public WiFi,0,0
1712,22,2025-03-05 21:19:49,510.27,Apply for Credit Card,True,0.0,510.27,"New York, USA",Android,Corporate Network,0,0
1713,33,2025-03-05 21:21:49,18.88,Request New PIN,True,0.0,18.88,"Tokyo, Japan",Android,Home WiFi,0,0
1714,39,2025-03-05 21:31:49,1363.94,Request New Card,True,0.0,1363.94,"New York, USA",MacBook,Public WiFi,0,0
1715,41,2025-03-05 22:00:49,2268.61,Change Email,True,0.0,2268.61,"Los Angeles, USA",MacBook,Public WiFi,0,0
1716,43,2025-03-05 22:14:49,642.25,Max Out Credit,False,-6995.0,642.25,"Berlin, Germany",Android,Public WiFi,0,0
1717,44,2025-03-06 01:06:49,23250.61,Pay Bills,True,-3175.0,20075.61,"Paris, France",Windows Laptop,Home WiFi,1,0
1718,49,2025-03-06 03:18:49,1272.45,Pay Bills,False,-1534.0,1272.45,"Paris, France",iPhone,Mobile Network,0,0
1719,60,2025-03-06 03:26:49,3613.27,Unauthorized Transfer,False,-5475.0,3613.27,"Paris, France",iPhone,Corporate Network,0,0
1720,65,2025-03-06 03:30:49,35.88,POS Purchase,False,-898.0,35.88,"Los Angeles, USA",Windows Laptop,Public WiFi,0,0
1721,72,2025-03-06 05:00:49,19375.39,Make Purchase,True,-831.0,18544.39,"London, UK",iPhone,Public WiFi,0,0
1722,77,2025-03-06 06:06:49,8907.34,Make Purchase,True,-179.0,8728.34,"Los Angeles, USA",Android,Public WiFi,0,0
1723,79,2025-03-06 08:00:49,17351.3,Cash Withdrawal,True,-1216.0,16135.3,"New York, USA",MacBook,Public WiFi,0,0
1724,89,2025-03-06 08:12:49,258.56,Change Phone,True,0.0,258.56,"Tokyo, Japan",Android,Mobile Network,0,0
1725,93,2025-03-06 08:42:49,465.89,Change Phone,True,0.0,465.89,"Los Angeles, USA",Android,Home WiFi,0,0
1726,95,2025-03-06 11:17:49,1487.79,Pay Bills,False,-3160.0,1487.79,"New York, USA",iPhone,Mobile Network,0,0
1727,104,2025-03-06 11:36:49,3806.0,Change Phone,True,0.0,3806.0,"New York, USA",MacBook,Mobile Network,0,0
1728,0,2025-03-06 12:02:49,1164.3,Unauthorized Transfer,False,-1394.0,1164.3,"Los Angeles, USA",iPad,Public WiFi,0,0
1729,4,2025-03-06 12:05:49,1.69,Close Account,True,0.0,1.69,"New York, USA",MacBook,Mobile Network,0,0
1730,6,2025-03-06 13:20:49,11120.09,Invest Money,False,-46711.0,11120.09,"New York, USA",Android,Public WiFi,0,1
1731,8,2025-03-06 13:36:49,341.22,Make Purchase,False,-358.0,341.22,"New York, USA",Android,Public WiFi,1,0
1732,9,2025-03-06 13:40:49,4427.55,Change Phone,True,0.0,4427.55,"New York, USA",Android,Public WiFi,0,0
1733,15,2025-03-06 13:43:49,128.08,Unauthorized Transfer,False,-2994.0,128.08,"Berlin, Germany",Android,Home WiFi,0,0
1734,17,2025-03-06 13:47:49,51.16,Close Account,True,0.0,51.16,"New York, USA",iPhone,Public WiFi,1,0
1735,21,2025-03-06 16:34:49,5113.28,Make Purchase,True,-654.0,4459.28,"Los Angeles, USA",iPhone,Public WiFi,0,0
1736,22,2025-03-06 17:20:49,510.27,Apply for Credit Card,True,0.0,510.27,"Los Angeles, USA",iPhone,Public WiFi,0,0
1737,33,2025-03-06 17:29:49,18.88,Online Purchase,False,-62.0,18.88,"Los Angeles, USA",MacBook,Home WiFi,0,0
1738,39,2025-03-06 17:40:49,1363.94,Request New Card,True,0.0,1363.94,"Los Angeles, USA",MacBook,Home WiFi,0,0
1739,41,2025-03-06 17:44:49,2268.61,Unauthorized Transfer,False,-8972.0,2268.61,"Los Angeles, USA",iPhone,Home WiFi,0,0
1740,43,2025-03-06 17:55:49,642.25,Withdraw Funds,False,-1841.0,642.25,"New York, USA",Android,Mobile Network,0,0
1741,44,2025-03-06 20:09:49,20075.61,Make Purchase,True,-268.0,19807.61,"Berlin, Germany",Android,Public WiFi,0,0
1742,49,2025-03-06 20:53:49,1272.45,Transfer Funds,False,-3263.0,1272.45,"Paris, France",Android,Public WiFi,0,0
1743,60,2025-03-06 21:08:49,3613.27,Unauthorized Transfer,False,-8995.0,3613.27,"New York, USA",Windows Laptop,Home WiFi,0,0
1744,65,2025-03-06 21:19:49,35.88,POS Purchase,False,-747.0,35.88,"New York, USA",Linux PC,Public WiFi,0,0
1745,72,2025-03-06 22:01:49,18544.39,Make Purchase,True,-211.0,18333.39,"New York, USA",MacBook,Mobile Network,0,0
1746,77,2025-03-07 00:32:49,8728.34,Deposit Funds,True,5904.0,14632.34,"New York, USA",Windows Laptop,Public WiFi,0,0
1747,79,2025-03-07 02:09:49,16135.3,Cash Withdrawal,True,-717.0,15418.3,"New York, USA",Android,Corporate Network,0,0
1748,89,2025-03-07 02:37:49,258.56,Change Email,True,0.0,258.56,"New York, USA",iPhone,Mobile Network,0,0
1749,93,2025-03-07 02:49:49,465.89,Change Phone,True,0.0,465.89,"London, UK",Windows Laptop,Public WiFi,0,0
1750,95,2025-03-07 03:32:49,1487.79,Pay Bills,False,-2860.0,1487.79,"New York, USA",Windows Laptop,Public WiFi,0,0
1751,104,2025-03-07 03:43:49,3806.0,Change Email,True,0.0,3806.0,"Paris, France",iPhone,Public WiFi,0,1
1752,0,2025-03-07 04:01:49,1164.3,Unauthorized Transfer,False,-4778.0,1164.3,"Los Angeles, USA",Android,Public WiFi,0,0
1753,6,2025-03-07 04:27:49,11120.09,Pay Bills,True,-1608.0,9512.09,"Tokyo, Japan",iPhone,Home WiFi,0,0
1754,8,2025-03-07 06:42:49,341.22,Deposit Funds,True,8877.0,9218.22,"London, UK",iPad,Mobile Network,0,0
1755,9,2025-03-07 06:58:49,4427.55,Change Phone,True,0.0,4427.55,"Tokyo, Japan",Android,Mobile Network,0,0
1756,15,2025-03-07 07:04:49,128.08,Unauthorized Transfer,False,-4710.0,128.08,"New York, USA",Android,Mobile Network,0,0
1757,21,2025-03-07 09:42:49,4459.28,Make Purchase,True,-214.0,4245.28,"Tokyo, Japan",iPad,Home WiFi,0,1
1758,22,2025-03-07 10:32:49,510.27,Apply for Loan,True,0.0,510.27,"New York, USA",Android,Mobile Network,0,0
1759,33,2025-03-07 10:43:49,18.88,Online Purchase,False,-291.0,18.88,"Tokyo, Japan",iPad,Public WiFi,0,0
1760,39,2025-03-07 10:50:49,1363.94,Request New Card,True,0.0,1363.94,"New York, USA",Windows Laptop,Corporate Network,0,0
1761,41,2025-03-07 10:52:49,2268.61,Change Phone,True,0.0,2268.61,"New York, USA",iPad,Home WiFi,0,0
1762,43,2025-03-07 11:42:49,642.25,Max Out Credit,False,-1827.0,642.25,"Tokyo, Japan",Windows Laptop,Home WiFi,0,1
1763,44,2025-03-07 13:38:49,19807.61,Make Purchase,True,-82.0,19725.61,"Tokyo, Japan",iPhone,Mobile Network,0,0
1764,49,2025-03-07 14:41:49,1272.45,Make Purchase,True,-435.0,837.45,"Los Angeles, USA",iPhone,Public WiFi,0,0
1765,60,2025-03-07 15:02:49,3613.27,Unauthorized Transfer,True,-429.0,3184.27,"Berlin, Germany",MacBook,Home WiFi,1,0
1766,65,2025-03-07 15:12:49,35.88,POS Purchase,False,-162.0,35.88,"New York, USA",MacBook,Mobile Network,0,0
1767,72,2025-03-07 15:42:49,18333.39,Pay Bills,True,-2645.0,15688.39,"Los Angeles, USA",Windows Laptop,Public WiFi,0,0
1768,77,2025-03-07 16:08:49,14632.34,Pay Bills,True,-3171.0,11461.34,"Los Angeles, USA",Android,Public WiFi,0,0
1769,79,2025-03-07 17:43:49,15418.3,Deposit Funds,True,7986.0,23404.3,"New York, USA",Android,Home WiFi,0,0
1770,89,2025-03-07 17:46:49,258.56,Change Email,True,0.0,258.56,"New York, USA",Windows Laptop,Home WiFi,0,0
1771,93,2025-03-07 17:54:49,465.89,Change Phone,True,0.0,465.89,"New York, USA",MacBook,Home WiFi,0,0
1772,95,2025-03-07 18:50:49,1487.79,Pay Bills,False,-2178.0,1487.79,"Tokyo, Japan",Android,Corporate Network,0,0
1773,104,2025-03-07 19:09:49,3806.0,Change Phone,True,0.0,3806.0,"New York, USA",Android,Home WiFi,0,0
1774,0,2025-03-07 19:20:49,1164.3,Unauthorized Transfer,False,-4207.0,1164.3,"Tokyo, Japan",iPhone,Home WiFi,0,0
1775,6,2025-03-07 19:55:49,9512.09,Pay Bills,True,-2649.0,6863.09,"Tokyo, Japan",iPhone,Home WiFi,0,0
1776,8,2025-03-07 19:59:49,9218.22,Deposit Funds,True,8558.0,17776.22,"Los Angeles, USA",MacBook,Mobile Network,0,0
1777,9,2025-03-07 20:24:49,4427.55,Change Phone,True,0.0,4427.55,"Los Angeles, USA",Windows Laptop,Public WiFi,0,0
1778,15,2025-03-07 20:43:49,128.08,Unauthorized Transfer,False,-5495.0,128.08,"New York, USA",MacBook,Home WiFi,0,0
1779,21,2025-03-07 22:25:49,4245.28,Make Purchase,True,-172.0,4073.28,"Los Angeles, USA",MacBook,Home WiFi,0,0
1780,22,2025-03-07 22:42:49,510.27,Open Account,True,0.0,510.27,"Paris, France",iPhone,Public WiFi,0,0
1781,33,2025-03-07 22:56:49,18.88,POS Purchase,False,-563.0,18.88,"Tokyo, Japan",Android,Home WiFi,0,1
1782,39,2025-03-07 23:24:49,1363.94,Unauthorized Transfer,False,-4778.0,1363.94,"Berlin, Germany",Windows Laptop,Public WiFi,0,0
1783,41,2025-03-07 23:29:49,2268.61,Suspicious Login,True,0.0,2268.61,"Los Angeles, USA",iPad,Corporate Network,0,0
1784,43,2025-03-08 00:09:49,642.25,Make Purchase,False,-30308.0,642.25,"New York, USA",iPhone,Home WiFi,0,0
1785,44,2025-03-08 01:17:49,19725.61,Make Purchase,True,-357.0,19368.61,"Los Angeles, USA",iPhone,Home WiFi,0,0
1786,49,2025-03-08 03:09:49,837.45,Make Purchase,True,-285.0,552.45,"Berlin, Germany",iPhone,Home WiFi,0,0
1787,60,2025-03-08 03:38:49,3184.27,Unauthorized Transfer,False,-6544.0,3184.27,"Los Angeles, USA",Android,Home WiFi,0,0
1788,65,2025-03-08 03:40:49,35.88,Report Lost Card,True,0.0,35.88,"Berlin, Germany",iPhone,Mobile Network,0,0
1789,72,2025-03-08 05:42:49,15688.39,Pay Bills,True,-823.0,14865.39,"Los Angeles, USA",iPhone,Home WiFi,0,0
1790,77,2025-03-08 06:28:49,11461.34,Pay Bills,True,-1894.0,9567.34,"Berlin, Germany",Android,Home WiFi,0,0
1791,79,2025-03-08 07:19:49,23404.3,Purchase Luxury Goods,False,-30401.0,23404.3,"Berlin, Germany",Linux PC,Home WiFi,0,0
1792,89,2025-03-08 07:19:49,258.56,Change Email,True,0.0,258.56,"Tokyo, Japan",iPhone,Home WiFi,0,0
1793,93,2025-03-08 07:32:49,465.89,Change Password,True,0.0,465.89,"Los Angeles, USA",Windows Laptop,Corporate Network,0,0
1794,95,2025-03-08 08:05:49,1487.79,Pay Bills,False,-3091.0,1487.79,"Tokyo, Japan",Windows Laptop,Home WiFi,0,0
1795,104,2025-03-08 08:10:49,3806.0,Change Phone,True,0.0,3806.0,"Los Angeles, USA",iPad,Public WiFi,0,1
1796,0,2025-03-08 08:40:49,1164.3,Unauthorized Transfer,False,-8383.0,1164.3,"New York, USA",MacBook,Home WiFi,0,0
1797,6,2025-03-08 09:24:49,6863.09,Transfer Funds,True,-2034.0,4829.09,"New York, USA",iPad,Mobile Network,0,0
1798,8,2025-03-08 10:43:49,17776.22,Deposit Funds,True,4913.0,22689.22,"Paris, France",Windows Laptop,Public WiFi,1,0
1799,9,2025-03-08 11:04:49,4427.55,Change Phone,True,0.0,4427.55,"Los Angeles, USA",Android,Home WiFi,0,0
1800,15,2025-03-08 11:11:49,128.08,Unauthorized Transfer,False,-1425.0,128.08,"New York, USA",iPhone,Public WiFi,0,0
1801,21,2025-03-08 11:47:49,4073.28,Pay Bills,False,-4197.0,4073.28,"London, UK",Android,Home WiFi,0,0
1802,22,2025-03-08 12:20:49,510.27,Apply for Credit Card,True,0.0,510.27,"New York, USA",iPhone,Public WiFi,0,0
1803,33,2025-03-08 12:21:49,18.88,Online Purchase,False,-472.0,18.88,"New York, USA",Windows Laptop,Public WiFi,1,0
1804,39,2025-03-08 12:50:49,1363.94,Unauthorized Transfer,False,-7476.0,1363.94,"Los Angeles, USA",iPhone,Home WiFi,1,0
1805,41,2025-03-08 13:20:49,2268.61,Failed Login,True,0.0,2268.61,"Los Angeles, USA",iPhone,Corporate Network,0,0
1806,43,2025-03-08 13:36:49,642.25,Max Out Credit,True,-458.0,184.25,"London, UK",Android,Home WiFi,0,0
1807,44,2025-03-08 14:11:49,19368.61,Deposit Funds,True,1681.0,21049.61,"Los Angeles, USA",Linux PC,Home WiFi,0,0
1808,49,2025-03-08 16:10:49,552.45,Pay Bills,False,-2654.0,552.45,"Tokyo, Japan",Windows Laptop,Public WiFi,0,0
1809,60,2025-03-08 16:34:49,3184.27,Unauthorized Transfer,False,-5577.0,3184.27,"Tokyo, Japan",Android,Corporate Network,0,0
1810,65,2025-03-08 16:47:49,35.88,Report Lost Card,True,0.0,35.88,"Tokyo, Japan",Android,Public WiFi,0,0
1811,72,2025-03-08 18:55:49,14865.39,Make Purchase,True,-513.0,14352.39,"Los Angeles, USA",MacBook,Home WiFi,0,0
1812,77,2025-03-08 21:14:49,9567.34,Pay Bills,True,-2995.0,6572.34,"Berlin, Germany",iPhone,Home WiFi,0,0
1813,79,2025-03-08 21:22:49,23404.3,Cash Withdrawal,True,-3554.0,19850.3,"Berlin, Germany",iPhone,Public WiFi,0,0
1814,89,2025-03-08 21:22:49,258.56,Change Password,True,0.0,258.56,"New York, USA",iPhone,Home WiFi,0,0
1815,93,2025-03-08 21:32:49,465.89,Unauthorized Transfer,False,-7183.0,465.89,"Tokyo, Japan",iPhone,Corporate Network,1,0
1816,95,2025-03-08 23:41:49,1487.79,Transfer Funds,False,-1596.0,1487.79,"Paris, France",iPhone,Home WiFi,0,0
1817,104,2025-03-09 00:10:49,3806.0,Change Phone,True,0.0,3806.0,"Los Angeles, USA",MacBook,Public WiFi,0,0
1818,0,2025-03-09 00:22:49,1164.3,Unauthorized Transfer,True,-602.0,562.3,"Los Angeles, USA",Android,Public WiFi,0,0
1819,6,2025-03-09 01:25:49,4829.09,Deposit Funds,True,4273.0,9102.09,"Los Angeles, USA",Windows Laptop,Home WiFi,0,0
1820,8,2025-03-09 03:17:49,22689.22,Deposit Funds,True,5089.0,27778.22,"Los Angeles, USA",Android,Mobile Network,0,0
1821,9,2025-03-09 03:42:49,4427.55,Change Phone,True,0.0,4427.55,"Tokyo, Japan",iPad,Home WiFi,0,0
1822,15,2025-03-09 03:53:49,128.08,Unauthorized Transfer,False,-2904.0,128.08,"London, UK",iPhone,Mobile Network,0,0
1823,21,2025-03-09 05:01:49,4073.28,Make Purchase,True,-131.0,3942.28,"Berlin, Germany",Windows Laptop,Public WiFi,0,0
1824,22,2025-03-09 06:01:49,510.27,Open Account,True,0.0,510.27,"Paris, France",MacBook,Home WiFi,0,0
1825,33,2025-03-09 06:07:49,18.88,POS Purchase,False,-517.0,18.88,"Berlin, Germany",iPhone,Public WiFi,0,0
1826,39,2025-03-09 06:26:49,1363.94,Unauthorized Transfer,False,-7759.0,1363.94,"London, UK",Windows Laptop,Corporate Network,0,0
1827,41,2025-03-09 06:51:49,2268.61,Suspicious Login,True,0.0,2268.61,"New York, USA",Android,Public WiFi,0,0
1828,43,2025-03-09 07:23:49,184.25,Close Account,True,0.0,184.25,"Tokyo, Japan",Android,Home WiFi,0,0
1829,44,2025-03-09 07:51:49,21049.61,Deposit Funds,True,9782.0,30831.61,"Tokyo, Japan",iPhone,Home WiFi,0,0
1830,49,2025-03-09 10:12:49,552.45,Make Purchase,True,-7.0,545.45,"Berlin, Germany",Linux PC,Home WiFi,0,0
1831,60,2025-03-09 10:17:49,3184.27,Change Phone,True,0.0,3184.27,"Tokyo, Japan",Android,Public WiFi,0,0
1832,65,2025-03-09 10:18:49,35.88,Report Lost Card,True,0.0,35.88,"New York, USA",Android,Public WiFi,0,0
1833,72,2025-03-09 12:15:49,14352.39,Make Purchase,True,-411.0,13941.39,"New York, USA",iPhone,Public WiFi,0,0
1834,77,2025-03-09 13:45:49,6572.34,Make Purchase,True,-129.0,6443.34,"New York, USA",Windows Laptop,Mobile Network,0,0
1835,79,2025-03-09 13:49:49,19850.3,Deposit Funds,True,2936.0,22786.3,"New York, USA",Linux PC,Public WiFi,0,0
1836,89,2025-03-09 14:17:49,258.56,Suspicious Login,True,0.0,258.56,"Tokyo, Japan",iPhone,Home WiFi,0,0
1837,93,2025-03-09 14:30:49,465.89,Unauthorized Transfer,False,-2670.0,465.89,"New York, USA",Windows Laptop,Public WiFi,0,0
1838,95,2025-03-09 16:06:49,1487.79,Transfer Funds,False,-2660.0,1487.79,"London, UK",iPhone,Public WiFi,0,0
1839,104,2025-03-09 16:15:49,3806.0,Change Phone,True,0.0,3806.0,"Los Angeles, USA",Android,Mobile Network,0,0
1840,0,2025-03-09 16:41:49,562.3,Request New Card,True,0.0,562.3,"New York, USA",MacBook,Home WiFi,0,0
1841,6,2025-03-09 17:30:49,9102.09,Make Purchase,True,-375.0,8727.09,"London, UK",iPhone,Home WiFi,0,0
1842,8,2025-03-09 19:59:49,27778.22,Make Purchase,True,-673.0,27105.22,"Los Angeles, USA",Android,Corporate Network,0,0
1843,9,2025-03-09 20:08:49,4427.55,Unauthorized Transfer,False,-7439.0,4427.55,"Tokyo, Japan",iPhone,Public WiFi,0,0
1844,15,2025-03-09 20:19:49,128.08,Unauthorized Transfer,False,-8248.0,128.08,"London, UK",Android,Public WiFi,0,0
1845,21,2025-03-09 20:23:49,3942.28,Make Purchase,True,-275.0,3667.28,"Tokyo, Japan",Windows Laptop,Public WiFi,0,0
1846,22,2025-03-09 20:57:49,510.27,Open Account,True,0.0,510.27,"Los Angeles, USA",Android,Home WiFi,0,0
1847,33,2025-03-09 21:10:49,18.88,Balance Check,True,0.0,18.88,"London, UK",Android,Home WiFi,0,0
1848,39,2025-03-09 21:11:49,1363.94,Close Account,True,0.0,1363.94,"Los Angeles, USA",iPhone,Mobile Network,0,0
1849,41,2025-03-09 21:40:49,2268.61,Unauthorized Transfer,True,-1465.0,803.61,"London, UK",Windows Laptop,Home WiFi,0,0
1850,44,2025-03-09 23:09:49,30831.61,Make Purchase,True,-54.0,30777.61,"Los Angeles, USA",iPad,Home WiFi,0,0
1851,49,2025-03-10 00:49:49,545.45,Make Purchase,True,-435.0,110.45,"London, UK",iPhone,Public WiFi,0,0
1852,60,2025-03-10 01:00:49,3184.27,Suspicious Login,True,0.0,3184.27,"Los Angeles, USA",iPhone,Home WiFi,0,1
1853,65,2025-03-10 01:05:49,35.88,Report Lost Card,True,0.0,35.88,"New York, USA",MacBook,Mobile Network,0,0
1854,72,2025-03-10 02:38:49,13941.39,Pay Bills,True,-4565.0,9376.39,"London, UK",iPhone,Mobile Network,0,0
1855,77,2025-03-10 03:58:49,6443.34,Apply for Credit Card,True,0.0,6443.34,"Berlin, Germany",MacBook,Public WiFi,0,0
1856,79,2025-03-10 04:52:49,22786.3,Purchase Luxury Goods,False,-93701.0,22786.3,"New York, USA",Windows Laptop,Home WiFi,0,0
1857,89,2025-03-10 05:08:49,258.56,Change Password,True,0.0,258.56,"New York, USA",MacBook,Public WiFi,0,0
1858,93,2025-03-10 05:31:49,465.89,Change Phone,True,0.0,465.89,"New York, USA",iPhone,Home WiFi,0,0
1859,95,2025-03-10 08:12:49,1487.79,Transfer Funds,True,-530.0,957.79,"New York, USA",Android,Public WiFi,0,0
1860,104,2025-03-10 08:30:49,3806.0,Change Password,True,0.0,3806.0,"Paris, France",MacBook,Public WiFi,0,1
1861,0,2025-03-10 08:57:49,562.3,Request New Card,True,0.0,562.3,"Paris, France",iPhone,Home WiFi,0,0
1862,6,2025-03-10 10:40:49,8727.09,Make Purchase,True,-779.0,7948.09,"London, UK",iPhone,Mobile Network,0,0
1863,8,2025-03-10 12:41:49,27105.22,Deposit Funds,True,3329.0,30434.22,"Tokyo, Japan",MacBook,Public WiFi,0,0
1864,9,2025-03-10 12:42:49,4427.55,Change Phone,True,0.0,4427.55,"Paris, France",MacBook,Public WiFi,0,0
1865,15,2025-03-10 13:11:49,128.08,Unauthorized Transfer,False,-5355.0,128.08,"New York, USA",Android,Home WiFi,0,0
1866,21,2025-03-10 14:27:49,3667.28,Make Purchase,True,-231.0,3436.28,"New York, USA",iPhone,Public WiFi,0,0
1867,22,2025-03-10 14:35:49,510.27,Apply for Credit Card,True,0.0,510.27,"Berlin, Germany",Windows Laptop,Mobile Network,0,0
1868,33,2025-03-10 14:49:49,18.88,Balance Check,True,0.0,18.88,"London, UK",Android,Public WiFi,0,0
1869,41,2025-03-10 15:17:49,803.61,Close Account,True,0.0,803.61,"Tokyo, Japan",iPhone,Mobile Network,0,0
1870,44,2025-03-10 15:34:49,30777.61,Transfer Funds,True,-3454.0,27323.61,"Los Angeles, USA",MacBook,Mobile Network,0,0
1871,49,2025-03-10 18:22:49,110.45,Make Purchase,False,-157.0,110.45,"Berlin, Germany",Windows Laptop,Public WiFi,0,0
1872,60,2025-03-10 18:27:49,3184.27,Unauthorized Transfer,False,-6077.0,3184.27,"New York, USA",iPhone,Mobile Network,0,0
1873,65,2025-03-10 18:33:49,35.88,Report Lost Card,True,0.0,35.88,"London, UK",iPhone,Public WiFi,0,0
1874,72,2025-03-10 20:20:49,9376.39,Make Purchase,True,-669.0,8707.39,"Los Angeles, USA",MacBook,Public WiFi,0,0
1875,77,2025-03-10 21:02:49,6443.34,Apply for Credit Card,True,0.0,6443.34,"New York, USA",iPhone,Home WiFi,0,0
1876,79,2025-03-10 22:29:49,22786.3,Deposit Funds,True,2595.0,25381.3,"Tokyo, Japan",Android,Corporate Network,0,0
1877,89,2025-03-10 22:52:49,258.56,Change Password,True,0.0,258.56,"Berlin, Germany",iPhone,Public WiFi,0,0
1878,93,2025-03-10 22:57:49,465.89,Change Phone,True,0.0,465.89,"Tokyo, Japan",iPhone,Corporate Network,0,0
1879,95,2025-03-10 23:51:49,957.79,Deposit Funds,True,4124.0,5081.79,"Los Angeles, USA",iPad,Mobile Network,0,0
1880,104,2025-03-11 00:15:49,3806.0,Unauthorized Transfer,False,-9182.0,3806.0,"Paris, France",MacBook,Public WiFi,0,0
1881,0,2025-03-11 00:34:49,562.3,Request New Card,True,0.0,562.3,"New York, USA",iPhone,Home WiFi,0,0
1882,6,2025-03-11 00:59:49,7948.09,Pay Bills,True,-1928.0,6020.09,"Los Angeles, USA",Windows Laptop,Public WiFi,0,0
1883,8,2025-03-11 01:08:49,30434.22,Deposit Funds,True,2895.0,33329.22,"Paris, France",iPhone,Home WiFi,0,0
1884,9,2025-03-11 01:17:49,4427.55,Change Phone,True,0.0,4427.55,"London, UK",Windows Laptop,Corporate Network,0,0
1885,15,2025-03-11 01:25:49,128.08,Unauthorized Transfer,False,-9480.0,128.08,"Tokyo, Japan",Windows Laptop,Public WiFi,0,0
1886,21,2025-03-11 03:47:49,3436.28,Make Purchase,True,-681.0,2755.28,"Los Angeles, USA",iPhone,Public WiFi,0,0
1887,22,2025-03-11 04:05:49,510.27,Open Account,True,0.0,510.27,"London, UK",Linux PC,Home WiFi,1,0
1888,33,2025-03-11 04:10:49,18.88,ATM Withdrawal,False,-457.0,18.88,"Paris, France",iPhone,Corporate Network,0,0
1889,44,2025-03-11 06:19:49,27323.61,Apply for Loan,True,0.0,27323.61,"Paris, France",Android,Corporate Network,0,0
1890,49,2025-03-11 07:47:49,110.45,Pay Bills,False,-3589.0,110.45,"Los Angeles, USA",MacBook,Mobile Network,0,0
1891,60,2025-03-11 08:05:49,3184.27,Unauthorized Transfer,False,-4493.0,3184.27,"London, UK",MacBook,Mobile Network,0,0
1892,65,2025-03-11 08:20:49,35.88,Close Account,True,0.0,35.88,"Tokyo, Japan",Android,Home WiFi,0,0
1893,72,2025-03-11 10:56:49,8707.39,Transfer Funds,True,-3000.0,5707.39,"New York, USA",Android,Public WiFi,0,0
1894,77,2025-03-11 12:23:49,6443.34,Pay Bills,True,-3108.0,3335.34,"Paris, France",iPhone,Home WiFi,0,0
1895,79,2025-03-11 13:57:49,25381.3,Purchase Luxury Goods,True,-3706.0,21675.3,"Tokyo, Japan",iPhone,Mobile Network,1,0
1896,89,2025-03-11 14:27:49,258.56,Change Email,True,0.0,258.56,"New York, USA",iPhone,Corporate Network,0,0
1897,93,2025-03-11 14:38:49,465.89,Change Phone,True,0.0,465.89,"Los Angeles, USA",Android,Public WiFi,0,1
1898,95,2025-03-11 14:39:49,5081.79,Deposit Funds,True,9320.0,14401.79,"New York, USA",iPhone,Public WiFi,0,0
1899,104,2025-03-11 15:06:49,3806.0,Change Password,True,0.0,3806.0,"Paris, France",Windows Laptop,Mobile Network,0,0
1900,0,2025-03-11 15:25:49,562.3,Request New Card,True,0.0,562.3,"London, UK",Android,Public WiFi,0,0
1901,6,2025-03-11 18:08:49,6020.09,Deposit Funds,True,8061.0,14081.09,"Los Angeles, USA",MacBook,Mobile Network,1,0
1902,8,2025-03-11 21:00:49,33329.22,Transfer Funds,True,-4447.0,28882.22,"Berlin, Germany",Android,Home WiFi,0,1
1903,9,2025-03-11 21:25:49,4427.55,Change Phone,True,0.0,4427.55,"Los Angeles, USA",Android,Corporate Network,0,0
1904,15,2025-03-11 21:51:49,128.08,Close Account,True,0.0,128.08,"New York, USA",iPhone,Home WiFi,0,0
1905,21,2025-03-12 00:01:49,2755.28,Make Purchase,True,-758.0,1997.28,"London, UK",iPhone,Public WiFi,0,0
1906,22,2025-03-12 00:48:49,510.27,Create Fake Identity,True,0.0,510.27,"New York, USA",iPad,Corporate Network,1,0
1907,33,2025-03-12 00:51:49,18.88,Online Purchase,False,-474.0,18.88,"London, UK",Android,Public WiFi,0,0
1908,44,2025-03-12 02:46:49,27323.61,Invest Money,True,-22592.0,4731.61,"Berlin, Germany",iPhone,Public WiFi,0,0
1909,49,2025-03-12 05:02:49,110.45,Pay Bills,False,-1690.0,110.45,"Berlin, Germany",iPhone,Mobile Network,0,0
1910,60,2025-03-12 05:13:49,3184.27,Change Phone,True,0.0,3184.27,"Tokyo, Japan",Android,Mobile Network,0,0
1911,72,2025-03-12 07:59:49,5707.39,Transfer Funds,True,-294.0,5413.39,"Los Angeles, USA",iPhone,Mobile Network,0,0
1912,77,2025-03-12 09:21:49,3335.34,Pay Bills,True,-497.0,2838.34,"Tokyo, Japan",iPhone,Mobile Network,0,1
1913,79,2025-03-12 09:28:49,21675.3,Cash Withdrawal,True,-4194.0,17481.3,"Tokyo, Japan",Windows Laptop,Home WiFi,0,0
1914,89,2025-03-12 09:51:49,258.56,Request New Card,True,0.0,258.56,"Los Angeles, USA",iPhone,Public WiFi,1,0
1915,93,2025-03-12 09:53:49,465.89,Change Password,True,0.0,465.89,"Tokyo, Japan",Android,Corporate Network,0,1
1916,95,2025-03-12 12:49:49,14401.79,Transfer Funds,True,-259.0,14142.79,"New York, USA",Android,Home WiFi,0,0
1917,104,2025-03-12 12:50:49,3806.0,Change Password,True,0.0,3806.0,"Los Angeles, USA",iPhone,Home WiFi,0,0
1918,0,2025-03-12 13:04:49,562.3,Unauthorized Transfer,False,-6889.0,562.3,"Los Angeles, USA",Android,Public WiFi,0,0
1919,6,2025-03-12 13:43:49,14081.09,Deposit Funds,True,8778.0,22859.09,"Berlin, Germany",MacBook,Home WiFi,0,0
1920,8,2025-03-12 14:16:49,28882.22,Make Purchase,True,-160.0,28722.22,"London, UK",iPad,Public WiFi,0,0
1921,9,2025-03-12 14:43:49,4427.55,Change Email,True,0.0,4427.55,"New York, USA",Android,Public WiFi,0,0
1922,21,2025-03-12 15:51:49,1997.28,Make Purchase,True,-411.0,1586.28,"London, UK",iPhone,Home WiFi,0,0
1923,22,2025-03-12 16:28:49,510.27,Apply for Credit Card,True,0.0,510.27,"New York, USA",MacBook,Public WiFi,0,0
1924,33,2025-03-12 16:43:49,18.88,Balance Check,True,0.0,18.88,"New York, USA",Android,Public WiFi,1,0
1925,44,2025-03-12 19:18:49,4731.61,Review activityments,True,0.0,4731.61,"New York, USA",Android,Home WiFi,1,0
1926,49,2025-03-12 20:31:49,110.45,Pay Bills,False,-849.0,110.45,"New York, USA",MacBook,Home WiFi,0,0
1927,60,2025-03-12 20:35:49,3184.27,Unauthorized Transfer,False,-5186.0,3184.27,"New York, USA",iPhone,Home WiFi,0,0
1928,72,2025-03-12 21:36:49,5413.39,Transfer Funds,True,-1310.0,4103.39,"Tokyo, Japan",Android,Public WiFi,0,0
1929,77,2025-03-12 22:06:49,2838.34,Pay Bills,True,-606.0,2232.34,"New York, USA",Linux PC,Corporate Network,0,0
1930,79,2025-03-12 23:35:49,17481.3,Deposit Funds,True,3986.0,21467.3,"Los Angeles, USA",iPhone,Home WiFi,0,0
1931,89,2025-03-13 00:05:49,258.56,Request New Card,True,0.0,258.56,"Tokyo, Japan",iPhone,Mobile Network,0,0
1932,93,2025-03-13 00:24:49,465.89,Change Password,True,0.0,465.89,"New York, USA",iPhone,Home WiFi,0,0
1933,95,2025-03-13 02:46:49,14142.79,Make Purchase,True,-920.0,13222.79,"Paris, France",iPhone,Public WiFi,0,0
1934,104,2025-03-13 03:12:49,3806.0,Suspicious Login,True,0.0,3806.0,"London, UK",iPad,Mobile Network,0,1
1935,0,2025-03-13 03:29:49,562.3,Unauthorized Transfer,False,-5614.0,562.3,"London, UK",iPhone,Home WiFi,0,0
1936,6,2025-03-13 03:39:49,22859.09,Make Purchase,True,-925.0,21934.09,"Tokyo, Japan",iPhone,Home WiFi,0,0
1937,8,2025-03-13 05:16:49,28722.22,Pay Bills,True,-1231.0,27491.22,"Paris, France",iPhone,Home WiFi,0,0
1938,9,2025-03-13 05:31:49,4427.55,Change Email,True,0.0,4427.55,"Berlin, Germany",iPhone,Public WiFi,0,0
1939,21,2025-03-13 08:12:49,1586.28,Make Purchase,True,-864.0,722.28,"Los Angeles, USA",iPad,Corporate Network,0,0
1940,22,2025-03-13 08:45:49,510.27,Apply for Credit Card,True,0.0,510.27,"Los Angeles, USA",Android,Home WiFi,0,0
1941,33,2025-03-13 08:54:49,18.88,Request New PIN,True,0.0,18.88,"New York, USA",Android,Mobile Network,0,0
1942,44,2025-03-13 11:15:49,4731.61,Transfer Funds,True,-3921.0,810.61,"London, UK",MacBook,Public WiFi,0,1
1943,49,2025-03-13 11:44:49,110.45,Deposit Funds,True,5862.0,5972.45,"New York, USA",MacBook,Public WiFi,0,0
1944,60,2025-03-13 11:44:49,3184.27,Unauthorized Transfer,True,-442.0,2742.27,"Los Angeles, USA",Windows Laptop,Public WiFi,0,0
1945,72,2025-03-13 13:31:49,4103.39,Deposit Funds,True,5469.0,9572.39,"New York, USA",Android,Home WiFi,0,0
1946,77,2025-03-13 16:15:49,2232.34,Pay Bills,True,-1579.0,653.34,"London, UK",MacBook,Public WiFi,0,0
1947,79,2025-03-13 17:48:49,21467.3,Wire Transfer,False,-22459.0,21467.3,"New York, USA",Android,Home WiFi,0,0
1948,89,2025-03-13 17:52:49,258.56,Request New Card,True,0.0,258.56,"New York, USA",Android,Mobile Network,0,0
1949,93,2025-03-13 18:06:49,465.89,Change Email,True,0.0,465.89,"London, UK",iPhone,Home WiFi,0,0
1950,95,2025-03-13 20:38:49,13222.79,Pay Bills,True,-2667.0,10555.79,"Los Angeles, USA",Linux PC,Mobile Network,0,0
1951,104,2025-03-13 21:02:49,3806.0,Suspicious Login,True,0.0,3806.0,"Los Angeles, USA",iPhone,Home WiFi,0,0
1952,0,2025-03-13 21:09:49,562.3,Request New Card,True,0.0,562.3,"New York, USA",Android,Mobile Network,0,0
1953,6,2025-03-13 21:18:49,21934.09,Invest Money,False,-44758.0,21934.09,"London, UK",Windows Laptop,Mobile Network,0,0
1954,8,2025-03-13 22:03:49,27491.22,Apply for Credit Card,True,0.0,27491.22,"London, UK",Android,Home WiFi,0,0
1955,9,2025-03-13 22:31:49,4427.55,Change Email,True,0.0,4427.55,"New York, USA",iPhone,Home WiFi,0,1
1956,21,2025-03-14 00:00:49,722.28,Apply for Credit Card,True,0.0,722.28,"London, UK",MacBook,Home WiFi,0,0
1957,22,2025-03-14 00:10:49,510.27,Create Fake Identity,True,0.0,510.27,"Los Angeles, USA",MacBook,Home WiFi,0,0
1958,33,2025-03-14 00:23:49,18.88,Request New PIN,True,0.0,18.88,"Los Angeles, USA",iPhone,Home WiFi,0,0
1959,44,2025-03-14 00:23:49,810.61,Transfer Funds,False,-2955.0,810.61,"New York, USA",Windows Laptop,Public WiFi,0,0
1960,49,2025-03-14 01:38:49,5972.45,Review activityments,True,0.0,5972.45,"Los Angeles, USA",Windows Laptop,Public WiFi,0,1
1961,60,2025-03-14 01:58:49,2742.27,Suspicious Login,True,0.0,2742.27,"Los Angeles, USA",Windows Laptop,Mobile Network,0,0
1962,72,2025-03-14 04:33:49,9572.39,Pay Bills,True,-1167.0,8405.39,"Los Angeles, USA",iPhone,Public WiFi,0,0
1963,77,2025-03-14 07:10:49,653.34,Pay Bills,False,-3710.0,653.34,"Berlin, Germany",MacBook,Public WiFi,0,0
1964,79,2025-03-14 07:15:49,21467.3,Deposit Funds,True,5590.0,27057.3,"New York, USA",iPhone,Public WiFi,0,0
1965,89,2025-03-14 07:31:49,258.56,Request New Card,True,0.0,258.56,"Berlin, Germany",Android,Home WiFi,0,0
1966,93,2025-03-14 07:58:49,465.89,Change Email,True,0.0,465.89,"Los Angeles, USA",iPhone,Home WiFi,0,0
1967,95,2025-03-14 08:01:49,10555.79,Apply for Credit Card,True,0.0,10555.79,"New York, USA",iPhone,Public WiFi,0,0
1968,104,2025-03-14 08:17:49,3806.0,Failed Login,True,0.0,3806.0,"Los Angeles, USA",Android,Home WiFi,0,0
1969,0,2025-03-14 08:37:49,562.3,Request New Card,True,0.0,562.3,"London, UK",MacBook,Mobile Network,0,0
1970,6,2025-03-14 10:47:49,21934.09,Invest Money,False,-37008.0,21934.09,"Tokyo, Japan",iPhone,Public WiFi,0,0
1971,8,2025-03-14 12:44:49,27491.22,Make Purchase,True,-448.0,27043.22,"New York, USA",Windows Laptop,Public WiFi,0,0
1972,9,2025-03-14 13:09:49,4427.55,Change Email,True,0.0,4427.55,"New York, USA",Android,Public WiFi,0,0
1973,21,2025-03-14 15:43:49,722.28,Apply for Credit Card,True,0.0,722.28,"Los Angeles, USA",Windows Laptop,Corporate Network,0,0
1974,22,2025-03-14 15:54:49,510.27,Apply for Loan,True,0.0,510.27,"Berlin, Germany",MacBook,Public WiFi,0,0
1975,33,2025-03-14 15:58:49,18.88,Report Lost Card,True,0.0,18.88,"Tokyo, Japan",Windows Laptop,Home WiFi,0,0
1976,44,2025-03-14 16:44:49,810.61,Transfer Funds,False,-2341.0,810.61,"New York, USA",iPad,Corporate Network,0,0
1977,49,2025-03-14 18:37:49,5972.45,Review activityments,True,0.0,5972.45,"New York, USA",Windows Laptop,Home WiFi,0,0
1978,60,2025-03-14 19:02:49,2742.27,Change Password,True,0.0,2742.27,"Tokyo, Japan",Android,Public WiFi,0,0
1979,72,2025-03-14 21:47:49,8405.39,Pay Bills,True,-2633.0,5772.39,"Berlin, Germany",Linux PC,Public WiFi,0,0
1980,77,2025-03-14 22:16:49,653.34,Pay Bills,False,-1651.0,653.34,"New York, USA",Windows Laptop,Mobile Network,0,0
1981,79,2025-03-14 22:42:49,27057.3,Wire Transfer,False,-42003.0,27057.3,"London, UK",Windows Laptop,Home WiFi,0,0
1982,89,2025-03-14 22:50:49,258.56,Unauthorized Transfer,False,-9612.0,258.56,"New York, USA",MacBook,Home WiFi,0,0
1983,93,2025-03-14 22:53:49,465.89,Change Email,True,0.0,465.89,"London, UK",Android,Home WiFi,0,0
1984,95,2025-03-14 23:51:49,10555.79,Deposit Funds,True,3394.0,13949.79,"Los Angeles, USA",Windows Laptop,Home WiFi,0,0
1985,104,2025-03-15 00:12:49,3806.0,Failed Login,True,0.0,3806.0,"London, UK",MacBook,Home WiFi,0,0
1986,0,2025-03-15 00:29:49,562.3,Change Phone,True,0.0,562.3,"New York, USA",iPhone,Corporate Network,0,0
1987,6,2025-03-15 03:22:49,21934.09,Transfer Funds,True,-2761.0,19173.09,"Los Angeles, USA",MacBook,Public WiFi,0,0
1988,8,2025-03-15 03:26:49,27043.22,Deposit Funds,True,4238.0,31281.22,"New York, USA",Android,Home WiFi,0,0
1989,9,2025-03-15 03:33:49,4427.55,Change Email,True,0.0,4427.55,"Berlin, Germany",Windows Laptop,Mobile Network,0,0
1990,21,2025-03-15 05:50:49,722.28,Transfer Funds,True,-597.0,125.28,"Los Angeles, USA",Android,Corporate Network,0,0
1991,22,2025-03-15 06:26:49,510.27,Create Fake Identity,True,0.0,510.27,"Paris, France",iPhone,Public WiFi,0,0
1992,33,2025-03-15 06:35:49,18.88,Request New PIN,True,0.0,18.88,"Berlin, Germany",iPad,Public WiFi,0,0
1993,44,2025-03-15 09:29:49,810.61,Deposit Funds,True,4229.0,5039.61,"Paris, France",MacBook,Mobile Network,0,0
1994,49,2025-03-15 09:46:49,5972.45,Review activityments,True,0.0,5972.45,"Berlin, Germany",iPad,Public WiFi,0,0
1995,60,2025-03-15 10:06:49,2742.27,Change Password,True,0.0,2742.27,"Los Angeles, USA",iPhone,Home WiFi,0,0
1996,72,2025-03-15 10:49:49,5772.39,Make Purchase,True,-676.0,5096.39,"Tokyo, Japan",Windows Laptop,Mobile Network,0,0
1997,77,2025-03-15 12:46:49,653.34,Deposit Funds,True,1910.0,2563.34,"London, UK",iPhone,Home WiFi,0,0
1998,79,2025-03-15 12:57:49,27057.3,Invest in Assets,False,-47463.0,27057.3,"Berlin, Germany",Android,Home WiFi,0,1
1999,89,2025-03-15 13:07:49,258.56,Unauthorized Transfer,False,-4364.0,258.56,"Los Angeles, USA",Android,Home WiFi,0,0
2000,93,2025-03-15 13:24:49,465.89,Change Password,True,0.0,465.89,"New York, USA",Windows Laptop,Public WiFi,0,0
2001,95,2025-03-15 15:13:49,13949.79,Pay Bills,True,-3595.0,10354.79,"New York, USA",iPhone,Corporate Network,0,1
2002,104,2025-03-15 15:32:49,3806.0,Failed Login,True,0.0,3806.0,"Berlin, Germany",Linux PC,Home WiFi,0,0
2003,0,2025-03-15 15:48:49,562.3,Change Password,True,0.0,562.3,"London, UK",Windows Laptop,Public WiFi,0,0
2004,6,2025-03-15 17:58:49,19173.09,Transfer Funds,True,-4239.0,14934.09,"New York, USA",Windows Laptop,Public WiFi,0,0
2005,8,2025-03-15 18:29:49,31281.22,Deposit Funds,True,3112.0,34393.22,"Tokyo, Japan",iPhone,Public WiFi,1,0
2006,9,2025-03-15 18:56:49,4427.55,Change Email,True,0.0,4427.55,"New York, USA",iPhone,Home WiFi,0,0
2007,21,2025-03-15 19:25:49,125.28,Make Purchase,False,-829.0,125.28,"Tokyo, Japan",iPhone,Home WiFi,0,0
2008,22,2025-03-15 19:33:49,510.27,Open Account,True,0.0,510.27,"New York, USA",iPhone,Home WiFi,0,0
2009,33,2025-03-15 19:34:49,18.88,POS Purchase,False,-461.0,18.88,"Paris, France",iPhone,Mobile Network,0,0
2010,44,2025-03-15 20:30:49,5039.61,Review activityments,True,0.0,5039.61,"Los Angeles, USA",iPhone,Public WiFi,0,0
2011,49,2025-03-15 22:05:49,5972.45,Review activityments,True,0.0,5972.45,"New York, USA",Android,Home WiFi,0,0
2012,60,2025-03-15 22:22:49,2742.27,Change Password,True,0.0,2742.27,"Los Angeles, USA",iPad,Public WiFi,0,0
2013,72,2025-03-16 01:01:49,5096.39,Make Purchase,True,-245.0,4851.39,"Paris, France",Windows Laptop,Home WiFi,0,0
2014,77,2025-03-16 01:24:49,2563.34,Review activityments,True,0.0,2563.34,"London, UK",Windows Laptop,Mobile Network,0,0
2015,79,2025-03-16 03:02:49,27057.3,Invest in Assets,False,-42672.0,27057.3,"London, UK",iPad,Public WiFi,0,0
2016,89,2025-03-16 03:02:49,258.56,Unauthorized Transfer,False,-4587.0,258.56,"Paris, France",iPhone,Public WiFi,0,0
2017,93,2025-03-16 03:24:49,465.89,Unauthorized Transfer,False,-6466.0,465.89,"New York, USA",iPhone,Mobile Network,0,0
2018,95,2025-03-16 05:33:49,10354.79,Deposit Funds,True,9962.0,20316.79,"Tokyo, Japan",Linux PC,Home WiFi,0,0
2019,104,2025-03-16 05:55:49,3806.0,Failed Login,True,0.0,3806.0,"Paris, France",Windows Laptop,Home WiFi,0,0
2020,0,2025-03-16 06:22:49,562.3,Change Password,True,0.0,562.3,"New York, USA",Linux PC,Corporate Network,0,1
2021,6,2025-03-16 08:00:49,14934.09,Transfer Funds,True,-2970.0,11964.09,"Tokyo, Japan",iPhone,Home WiFi,0,0
2022,8,2025-03-16 08:25:49,34393.22,Pay Bills,True,-1949.0,32444.22,"New York, USA",iPad,Home WiFi,0,0
2023,9,2025-03-16 08:25:49,4427.55,Change Phone,True,0.0,4427.55,"Paris, France",Android,Corporate Network,0,1
2024,21,2025-03-16 08:40:49,125.28,Make Purchase,False,-721.0,125.28,"New York, USA",iPhone,Home WiFi,0,0
2025,22,2025-03-16 09:15:49,510.27,Create Fake Identity,True,0.0,510.27,"New York, USA",iPhone,Home WiFi,0,0
2026,33,2025-03-16 09:23:49,18.88,POS Purchase,False,-340.0,18.88,"New York, USA",iPhone,Corporate Network,0,0
2027,44,2025-03-16 11:14:49,5039.61,Review activityments,True,0.0,5039.61,"Tokyo, Japan",MacBook,Mobile Network,0,0
2028,49,2025-03-16 11:39:49,5972.45,Review activityments,True,0.0,5972.45,"Tokyo, Japan",iPad,Public WiFi,0,0
2029,60,2025-03-16 11:44:49,2742.27,Change Password,True,0.0,2742.27,"Los Angeles, USA",Android,Home WiFi,0,1
2030,72,2025-03-16 12:28:49,4851.39,Apply for Credit Card,True,0.0,4851.39,"Los Angeles, USA",Android,Home WiFi,0,0
2031,77,2025-03-16 15:02:49,2563.34,Review activityments,True,0.0,2563.34,"New York, USA",iPad,Public WiFi,0,0
2032,79,2025-03-16 16:40:49,27057.3,Invest in Assets,False,-28508.0,27057.3,"New York, USA",iPhone,Home WiFi,0,0
2033,89,2025-03-16 16:43:49,258.56,Unauthorized Transfer,False,-2829.0,258.56,"New York, USA",Android,Public WiFi,0,0
2034,93,2025-03-16 17:04:49,465.89,Unauthorized Transfer,False,-9255.0,465.89,"Berlin, Germany",Windows Laptop,Mobile Network,0,0
2035,95,2025-03-16 17:13:49,20316.79,Deposit Funds,True,8896.0,29212.79,"Berlin, Germany",Android,Public WiFi,0,0
2036,104,2025-03-16 17:25:49,3806.0,Failed Login,True,0.0,3806.0,"New York, USA",iPad,Home WiFi,0,0
2037,0,2025-03-16 17:54:49,562.3,Change Password,True,0.0,562.3,"Berlin, Germany",Android,Home WiFi,0,0
2038,6,2025-03-16 20:14:49,11964.09,Invest Money,False,-28394.0,11964.09,"Tokyo, Japan",Windows Laptop,Home WiFi,0,0
2039,8,2025-03-16 22:21:49,32444.22,Pay Bills,True,-4443.0,28001.22,"London, UK",Android,Home WiFi,0,0
2040,9,2025-03-16 22:44:49,4427.55,Change Phone,True,0.0,4427.55,"London, UK",Windows Laptop,Public WiFi,0,0
2041,21,2025-03-16 23:25:49,125.28,Make Purchase,False,-766.0,125.28,"London, UK",Windows Laptop,Home WiFi,0,0
2042,22,2025-03-16 23:57:49,510.27,Apply for Loan,True,0.0,510.27,"Tokyo, Japan",iPhone,Home WiFi,0,0
2043,33,2025-03-16 23:58:49,18.88,POS Purchase,False,-748.0,18.88,"New York, USA",Android,Mobile Network,0,0
2044,44,2025-03-17 00:43:49,5039.61,Close Account,True,0.0,5039.61,"Los Angeles, USA",MacBook,Home WiFi,0,0
2045,49,2025-03-17 02:49:49,5972.45,Review activityments,True,0.0,5972.45,"Tokyo, Japan",MacBook,Corporate Network,0,0
2046,60,2025-03-17 03:03:49,2742.27,Suspicious Login,True,0.0,2742.27,"New York, USA",MacBook,Corporate Network,0,0
2047,72,2025-03-17 05:36:49,4851.39,Make Purchase,True,-98.0,4753.39,"Berlin, Germany",MacBook,Home WiFi,0,0
2048,77,2025-03-17 05:49:49,2563.34,Review activityments,True,0.0,2563.34,"New York, USA",Android,Corporate Network,0,0
2049,79,2025-03-17 06:13:49,27057.3,Wire Transfer,True,-13154.0,13903.3,"London, UK",iPhone,Public WiFi,0,0
2050,89,2025-03-17 06:13:49,258.56,Change Password,True,0.0,258.56,"Los Angeles, USA",iPhone,Corporate Network,0,0
2051,93,2025-03-17 06:41:49,465.89,Unauthorized Transfer,False,-2844.0,465.89,"Los Angeles, USA",iPhone,Public WiFi,0,1
2052,95,2025-03-17 08:50:49,29212.79,Pay Bills,True,-3362.0,25850.79,"Tokyo, Japan",Android,Home WiFi,0,0
2053,104,2025-03-17 09:19:49,3806.0,Failed Login,True,0.0,3806.0,"New York, USA",iPhone,Home WiFi,0,0
2054,0,2025-03-17 09:45:49,562.3,Change Email,True,0.0,562.3,"London, UK",Windows Laptop,Mobile Network,0,1
2055,6,2025-03-17 10:21:49,11964.09,Invest Money,False,-35515.0,11964.09,"Los Angeles, USA",Android,Public WiFi,0,0
2056,8,2025-03-17 11:50:49,28001.22,Pay Bills,True,-3879.0,24122.22,"London, UK",Android,Mobile Network,0,0
2057,9,2025-03-17 12:07:49,4427.55,Change Phone,True,0.0,4427.55,"London, UK",Android,Home WiFi,0,0
2058,21,2025-03-17 12:24:49,125.28,Pay Bills,False,-2132.0,125.28,"Paris, France",Android,Mobile Network,0,0
2059,22,2025-03-17 13:01:49,510.27,Make Purchase,False,-38322.0,510.27,"Los Angeles, USA",iPhone,Home WiFi,0,0
2060,33,2025-03-17 13:08:49,18.88,POS Purchase,False,-89.0,18.88,"Tokyo, Japan",Android,Mobile Network,0,0
2061,49,2025-03-17 14:02:49,5972.45,Close Account,True,0.0,5972.45,"London, UK",MacBook,Mobile Network,0,0
2062,60,2025-03-17 14:26:49,2742.27,Change Password,True,0.0,2742.27,"Paris, France",iPad,Public WiFi,0,0
2063,72,2025-03-17 16:48:49,4753.39,Make Purchase,True,-472.0,4281.39,"London, UK",Android,Mobile Network,0,0
2064,77,2025-03-17 17:42:49,2563.34,Review activityments,True,0.0,2563.34,"Berlin, Germany",Android,Public WiFi,0,0
2065,79,2025-03-17 19:21:49,13903.3,Wire Transfer,False,-34563.0,13903.3,"Berlin, Germany",iPhone,Home WiFi,0,0
2066,89,2025-03-17 19:47:49,258.56,Change Password,True,0.0,258.56,"Los Angeles, USA",Windows Laptop,Mobile Network,0,1
2067,93,2025-03-17 19:50:49,465.89,Unauthorized Transfer,True,-393.0,72.89,"Tokyo, Japan",Android,Public WiFi,0,0
2068,95,2025-03-17 21:49:49,25850.79,Deposit Funds,True,5129.0,30979.79,"Paris, France",Windows Laptop,Home WiFi,0,0
2069,104,2025-03-17 22:05:49,3806.0,Suspicious Login,True,0.0,3806.0,"New York, USA",Android,Public WiFi,0,0
2070,0,2025-03-17 22:10:49,562.3,Change Password,True,0.0,562.3,"Tokyo, Japan",Android,Public WiFi,0,0
2071,6,2025-03-17 22:18:49,11964.09,Invest Money,False,-15673.0,11964.09,"Los Angeles, USA",Windows Laptop,Public WiFi,0,0
2072,8,2025-03-17 22:55:49,24122.22,Pay Bills,True,-2842.0,21280.22,"London, UK",Windows Laptop,Home WiFi,0,0
2073,9,2025-03-17 23:07:49,4427.55,Change Password,True,0.0,4427.55,"New York, USA",iPhone,Home WiFi,0,0
2074,21,2025-03-17 23:38:49,125.28,Pay Bills,False,-4133.0,125.28,"London, UK",Android,Home WiFi,0,0
2075,22,2025-03-18 00:37:49,510.27,Withdraw Funds,False,-4447.0,510.27,"Paris, France",MacBook,Mobile Network,0,0
2076,33,2025-03-18 00:52:49,18.88,POS Purchase,False,-488.0,18.88,"New York, USA",Windows Laptop,Public WiFi,1,0
2077,60,2025-03-18 01:14:49,2742.27,Change Phone,True,0.0,2742.27,"Tokyo, Japan",Android,Home WiFi,0,0
2078,72,2025-03-18 04:07:49,4281.39,Make Purchase,True,-799.0,3482.39,"Tokyo, Japan",MacBook,Home WiFi,0,0
2079,77,2025-03-18 07:04:49,2563.34,Review activityments,True,0.0,2563.34,"Tokyo, Japan",Windows Laptop,Mobile Network,0,0
2080,79,2025-03-18 07:31:49,13903.3,Close Account,True,0.0,13903.3,"London, UK",iPad,Public WiFi,0,1
2081,89,2025-03-18 07:40:49,258.56,Change Password,True,0.0,258.56,"New York, USA",Android,Public WiFi,0,0
2082,93,2025-03-18 08:07:49,72.89,Unauthorized Transfer,False,-8337.0,72.89,"New York, USA",iPhone,Home WiFi,0,0
2083,95,2025-03-18 08:35:49,30979.79,Deposit Funds,True,5966.0,36945.79,"New York, USA",iPhone,Home WiFi,0,0
2084,104,2025-03-18 08:53:49,3806.0,Suspicious Login,True,0.0,3806.0,"Tokyo, Japan",iPad,Public WiFi,0,0
2085,0,2025-03-18 09:11:49,562.3,Change Password,True,0.0,562.3,"Los Angeles, USA",Windows Laptop,Corporate Network,0,0
2086,6,2025-03-18 09:19:49,11964.09,Invest Money,False,-29341.0,11964.09,"Paris, France",Android,Public WiFi,0,0
2087,8,2025-03-18 09:19:49,21280.22,Pay Bills,True,-1727.0,19553.22,"Tokyo, Japan",iPhone,Public WiFi,0,0
2088,9,2025-03-18 09:39:49,4427.55,Change Password,True,0.0,4427.55,"Los Angeles, USA",Linux PC,Public WiFi,0,0
2089,21,2025-03-18 09:53:49,125.28,Pay Bills,False,-1074.0,125.28,"New York, USA",iPhone,Home WiFi,0,0
2090,22,2025-03-18 10:19:49,510.27,Withdraw Funds,False,-3986.0,510.27,"Tokyo, Japan",iPhone,Mobile Network,0,0
2091,33,2025-03-18 10:31:49,18.88,Online Purchase,False,-451.0,18.88,"New York, USA",MacBook,Mobile Network,0,0
2092,60,2025-03-18 10:43:49,2742.27,Request New Card,True,0.0,2742.27,"London, UK",iPad,Public WiFi,0,0
2093,72,2025-03-18 13:35:49,3482.39,Make Purchase,True,-135.0,3347.39,"London, UK",MacBook,Home WiFi,0,1
2094,77,2025-03-18 16:12:49,2563.34,Pay Bills,True,-1839.0,724.34,"Tokyo, Japan",Windows Laptop,Home WiFi,0,0
2095,89,2025-03-18 16:30:49,258.56,Change Password,True,0.0,258.56,"Los Angeles, USA",Android,Mobile Network,0,0
2096,93,2025-03-18 17:00:49,72.89,Change Phone,True,0.0,72.89,"New York, USA",iPhone,Public WiFi,0,0
2097,95,2025-03-18 17:48:49,36945.79,Deposit Funds,True,3996.0,40941.79,"London, UK",Linux PC,Public WiFi,0,0
2098,104,2025-03-18 17:52:49,3806.0,Change Password,True,0.0,3806.0,"Los Angeles, USA",Android,Home WiFi,0,0
2099,0,2025-03-18 18:17:49,562.3,Change Password,True,0.0,562.3,"Los Angeles, USA",Android,Home WiFi,0,0
2100,6,2025-03-18 20:35:49,11964.09,Pay Bills,True,-1136.0,10828.09,"London, UK",MacBook,Public WiFi,0,0
2101,8,2025-03-18 23:03:49,19553.22,Invest Money,False,-32452.0,19553.22,"New York, USA",Android,Mobile Network,0,0
2102,9,2025-03-18 23:08:49,4427.55,Change Password,True,0.0,4427.55,"Tokyo, Japan",Windows Laptop,Home WiFi,0,0
2103,21,2025-03-19 00:05:49,125.28,Transfer Funds,False,-2521.0,125.28,"Berlin, Germany",MacBook,Home WiFi,0,0
2104,22,2025-03-19 00:30:49,510.27,Make Purchase,False,-16301.0,510.27,"Los Angeles, USA",Windows Laptop,Home WiFi,0,0
2105,33,2025-03-19 00:45:49,18.88,POS Purchase,False,-79.0,18.88,"Los Angeles, USA",MacBook,Home WiFi,0,0
2106,60,2025-03-19 01:15:49,2742.27,Unauthorized Transfer,False,-8887.0,2742.27,"Los Angeles, USA",iPhone,Public WiFi,0,0
2107,72,2025-03-19 02:03:49,3347.39,Review activityments,True,0.0,3347.39,"New York, USA",Windows Laptop,Mobile Network,0,0
2108,77,2025-03-19 03:18:49,724.34,Pay Bills,False,-4294.0,724.34,"Tokyo, Japan",Windows Laptop,Home WiFi,0,0
2109,89,2025-03-19 03:21:49,258.56,Change Password,True,0.0,258.56,"New York, USA",Windows Laptop,Mobile Network,0,0
2110,93,2025-03-19 03:33:49,72.89,Change Phone,True,0.0,72.89,"Los Angeles, USA",MacBook,Mobile Network,0,0
2111,95,2025-03-19 04:35:49,40941.79,Make Purchase,True,-539.0,40402.79,"Paris, France",Linux PC,Mobile Network,0,0
2112,104,2025-03-19 04:47:49,3806.0,Change Password,True,0.0,3806.0,"New York, USA",iPhone,Home WiFi,0,0
2113,0,2025-03-19 05:16:49,562.3,Change Email,True,0.0,562.3,"Los Angeles, USA",Android,Mobile Network,0,0
2114,6,2025-03-19 06:37:49,10828.09,Make Purchase,True,-978.0,9850.09,"New York, USA",Windows Laptop,Mobile Network,0,0
2115,8,2025-03-19 08:32:49,19553.22,Invest Money,False,-28534.0,19553.22,"London, UK",iPhone,Public WiFi,0,0
2116,9,2025-03-19 08:39:49,4427.55,Change Email,True,0.0,4427.55,"Tokyo, Japan",iPad,Public WiFi,0,0
2117,21,2025-03-19 11:32:49,125.28,Invest Money,False,-10006.0,125.28,"New York, USA",Android,Mobile Network,0,0
2118,22,2025-03-19 12:08:49,510.27,Apply for Credit Card,True,0.0,510.27,"New York, USA",iPhone,Mobile Network,0,0
2119,33,2025-03-19 12:17:49,18.88,POS Purchase,False,-731.0,18.88,"New York, USA",Windows Laptop,Home WiFi,0,0
2120,60,2025-03-19 12:31:49,2742.27,Request New Card,True,0.0,2742.27,"Tokyo, Japan",Windows Laptop,Home WiFi,0,0
2121,72,2025-03-19 14:38:49,3347.39,Review activityments,True,0.0,3347.39,"Los Angeles, USA",MacBook,Home WiFi,0,0
2122,77,2025-03-19 16:06:49,724.34,Make Purchase,True,-142.0,582.34,"Los Angeles, USA",Android,Home WiFi,0,0
2123,89,2025-03-19 16:13:49,258.56,Change Email,True,0.0,258.56,"New York, USA",iPhone,Corporate Network,0,0
2124,93,2025-03-19 16:25:49,72.89,Change Password,True,0.0,72.89,"New York, USA",MacBook,Home WiFi,0,0
2125,95,2025-03-19 17:45:49,40402.79,Pay Bills,True,-196.0,40206.79,"New York, USA",iPhone,Corporate Network,0,0
2126,104,2025-03-19 17:57:49,3806.0,Change Password,True,0.0,3806.0,"New York, USA",iPhone,Home WiFi,0,0
2127,0,2025-03-19 18:22:49,562.3,Change Email,True,0.0,562.3,"New York, USA",iPhone,Home WiFi,0,0
2128,6,2025-03-19 21:21:49,9850.09,Make Purchase,True,-23.0,9827.09,"Tokyo, Japan",iPad,Home WiFi,0,0
2129,8,2025-03-19 21:56:49,19553.22,Deposit Funds,True,3508.0,23061.22,"Los Angeles, USA",Android,Public WiFi,0,0
2130,9,2025-03-19 22:04:49,4427.55,Change Phone,True,0.0,4427.55,"Los Angeles, USA",Android,Public WiFi,0,1
2131,21,2025-03-19 23:53:49,125.28,Review activityments,True,0.0,125.28,"New York, USA",Windows Laptop,Home WiFi,0,0
2132,22,2025-03-20 00:24:49,510.27,Close Account,True,0.0,510.27,"Los Angeles, USA",MacBook,Mobile Network,0,0
2133,33,2025-03-20 00:35:49,18.88,POS Purchase,False,-654.0,18.88,"Tokyo, Japan",Windows Laptop,Public WiFi,0,0
2134,60,2025-03-20 00:52:49,2742.27,Change Email,True,0.0,2742.27,"London, UK",Windows Laptop,Mobile Network,0,0
2135,72,2025-03-20 03:47:49,3347.39,Deposit Funds,True,7041.0,10388.39,"New York, USA",Windows Laptop,Home WiFi,0,0
2136,77,2025-03-20 05:35:49,582.34,Transfer Funds,False,-4419.0,582.34,"Tokyo, Japan",MacBook,Home WiFi,0,1
2137,89,2025-03-20 05:46:49,258.56,Suspicious Login,True,0.0,258.56,"Los Angeles, USA",iPhone,Public WiFi,0,0
2138,93,2025-03-20 05:49:49,72.89,Change Password,True,0.0,72.89,"Paris, France",Windows Laptop,Home WiFi,0,0
2139,95,2025-03-20 06:46:49,40206.79,Apply for Credit Card,True,0.0,40206.79,"London, UK",Linux PC,Public WiFi,0,0
2140,104,2025-03-20 06:47:49,3806.0,Change Email,True,0.0,3806.0,"Tokyo, Japan",Windows Laptop,Mobile Network,0,0
2141,0,2025-03-20 06:50:49,562.3,Change Email,True,0.0,562.3,"New York, USA",Android,Public WiFi,0,1
2142,6,2025-03-20 07:07:49,9827.09,Deposit Funds,True,1496.0,11323.09,"Los Angeles, USA",Android,Home WiFi,0,0
2143,8,2025-03-20 07:24:49,23061.22,Deposit Funds,True,7450.0,30511.22,"Paris, France",iPhone,Home WiFi,0,0
2144,9,2025-03-20 07:38:49,4427.55,Change Phone,True,0.0,4427.55,"New York, USA",Android,Public WiFi,0,0
2145,21,2025-03-20 10:22:49,125.28,Review activityments,True,0.0,125.28,"New York, USA",Android,Public WiFi,0,0
2146,33,2025-03-20 10:35:49,18.88,POS Purchase,False,-798.0,18.88,"London, UK",iPhone,Mobile Network,0,0
2147,60,2025-03-20 10:37:49,2742.27,Change Phone,True,0.0,2742.27,"New York, USA",Windows Laptop,Home WiFi,0,0
2148,72,2025-03-20 12:31:49,10388.39,Review activityments,True,0.0,10388.39,"Paris, France",Windows Laptop,Mobile Network,0,0
2149,77,2025-03-20 14:54:49,582.34,Make Purchase,False,-977.0,582.34,"Tokyo, Japan",Windows Laptop,Public WiFi,0,1
2150,89,2025-03-20 15:09:49,258.56,Change Password,True,0.0,258.56,"Berlin, Germany",Android,Public WiFi,0,0
2151,93,2025-03-20 15:11:49,72.89,Change Email,True,0.0,72.89,"Los Angeles, USA",MacBook,Home WiFi,0,0
2152,95,2025-03-20 15:43:49,40206.79,Apply for Loan,True,0.0,40206.79,"London, UK",Windows Laptop,Home WiFi,0,0
2153,104,2025-03-20 15:47:49,3806.0,Change Password,True,0.0,3806.0,"New York, USA",Android,Public WiFi,0,0
2154,0,2025-03-20 16:14:49,562.3,Change Email,True,0.0,562.3,"New York, USA",iPhone,Home WiFi,0,0
2155,6,2025-03-20 18:01:49,11323.09,Apply for Credit Card,True,0.0,11323.09,"New York, USA",Android,Public WiFi,0,0
2156,8,2025-03-20 18:13:49,30511.22,Make Purchase,True,-721.0,29790.22,"Tokyo, Japan",iPhone,Mobile Network,0,0
2157,9,2025-03-20 18:32:49,4427.55,Request New Card,True,0.0,4427.55,"Los Angeles, USA",Windows Laptop,Public WiFi,0,0
2158,21,2025-03-20 20:03:49,125.28,Invest Money,False,-4000.0,125.28,"Los Angeles, USA",Windows Laptop,Home WiFi,0,0
2159,33,2025-03-20 20:08:49,18.88,POS Purchase,False,-901.0,18.88,"Los Angeles, USA",Windows Laptop,Public WiFi,0,0
2160,60,2025-03-20 20:18:49,2742.27,Change Email,True,0.0,2742.27,"Los Angeles, USA",Android,Corporate Network,0,0
2161,72,2025-03-20 23:11:49,10388.39,Pay Bills,True,-4954.0,5434.39,"Berlin, Germany",iPhone,Corporate Network,0,1
2162,77,2025-03-21 01:27:49,582.34,Make Purchase,False,-901.0,582.34,"Tokyo, Japan",Android,Mobile Network,0,0
2163,89,2025-03-21 01:41:49,258.56,Change Phone,True,0.0,258.56,"New York, USA",Linux PC,Corporate Network,1,0
2164,93,2025-03-21 02:10:49,72.89,Unauthorized Transfer,False,-1015.0,72.89,"New York, USA",iPhone,Public WiFi,0,0
2165,95,2025-03-21 03:11:49,40206.79,Transfer Funds,True,-2196.0,38010.79,"Paris, France",iPhone,Mobile Network,0,0
2166,104,2025-03-21 03:41:49,3806.0,Change Password,True,0.0,3806.0,"London, UK",Windows Laptop,Home WiFi,0,0
2167,0,2025-03-21 03:46:49,562.3,Change Email,True,0.0,562.3,"New York, USA",iPhone,Home WiFi,0,0
2168,6,2025-03-21 05:08:49,11323.09,Deposit Funds,True,9422.0,20745.09,"New York, USA",Windows Laptop,Mobile Network,0,0
2169,8,2025-03-21 05:18:49,29790.22,Make Purchase,True,-120.0,29670.22,"Tokyo, Japan",Windows Laptop,Home WiFi,0,0
2170,9,2025-03-21 05:41:49,4427.55,Change Phone,True,0.0,4427.55,"Los Angeles, USA",Android,Home WiFi,0,0
2171,21,2025-03-21 08:37:49,125.28,Review activityments,True,0.0,125.28,"Los Angeles, USA",iPhone,Home WiFi,0,0
2172,33,2025-03-21 08:52:49,18.88,POS Purchase,False,-28.0,18.88,"Berlin, Germany",MacBook,Home WiFi,0,0
2173,60,2025-03-21 09:15:49,2742.27,Change Password,True,0.0,2742.27,"New York, USA",Windows Laptop,Home WiFi,0,0
2174,72,2025-03-21 10:35:49,5434.39,Transfer Funds,True,-4044.0,1390.39,"New York, USA",Android,Public WiFi,0,0
2175,77,2025-03-21 11:27:49,582.34,Make Purchase,False,-963.0,582.34,"Los Angeles, USA",Windows Laptop,Home WiFi,0,0
2176,89,2025-03-21 11:48:49,258.56,Change Email,True,0.0,258.56,"Tokyo, Japan",iPhone,Public WiFi,0,0
2177,93,2025-03-21 12:02:49,72.89,Unauthorized Transfer,False,-3968.0,72.89,"New York, USA",Android,Home WiFi,0,1
2178,95,2025-03-21 13:00:49,38010.79,Pay Bills,True,-1868.0,36142.79,"Los Angeles, USA",iPhone,Home WiFi,0,0
2179,104,2025-03-21 13:02:49,3806.0,Change Phone,True,0.0,3806.0,"New York, USA",Android,Corporate Network,0,0
2180,0,2025-03-21 13:02:49,562.3,Unauthorized Transfer,False,-9893.0,562.3,"Los Angeles, USA",Windows Laptop,Mobile Network,0,0
2181,6,2025-03-21 15:34:49,20745.09,Make Purchase,True,-892.0,19853.09,"Berlin, Germany",Android,Mobile Network,0,0
2182,8,2025-03-21 17:43:49,29670.22,Pay Bills,True,-3776.0,25894.22,"New York, USA",iPad,Corporate Network,0,0
2183,9,2025-03-21 18:02:49,4427.55,Change Email,True,0.0,4427.55,"New York, USA",MacBook,Corporate Network,0,0
2184,21,2025-03-21 20:20:49,125.28,Transfer Funds,False,-1556.0,125.28,"Paris, France",iPhone,Public WiFi,0,0
2185,33,2025-03-21 20:21:49,18.88,POS Purchase,False,-153.0,18.88,"Paris, France",Android,Public WiFi,0,0
2186,60,2025-03-21 20:33:49,2742.27,Change Password,True,0.0,2742.27,"New York, USA",iPhone,Mobile Network,0,0
2187,72,2025-03-21 22:29:49,1390.39,Make Purchase,True,-88.0,1302.39,"Los Angeles, USA",iPhone,Public WiFi,0,0
2188,77,2025-03-22 01:23:49,582.34,Make Purchase,False,-749.0,582.34,"New York, USA",Windows Laptop,Home WiFi,0,0
2189,89,2025-03-22 01:33:49,258.56,Change Email,True,0.0,258.56,"Paris, France",Windows Laptop,Public WiFi,0,0
2190,93,2025-03-22 01:46:49,72.89,Change Email,True,0.0,72.89,"Tokyo, Japan",Android,Public WiFi,0,0
2191,95,2025-03-22 03:12:49,36142.79,Pay Bills,True,-2941.0,33201.79,"Los Angeles, USA",Android,Home WiFi,0,0
2192,104,2025-03-22 03:12:49,3806.0,Suspicious Login,True,0.0,3806.0,"New York, USA",Android,Public WiFi,0,0
2193,0,2025-03-22 03:36:49,562.3,Request New Card,True,0.0,562.3,"New York, USA",iPad,Corporate Network,0,0
2194,6,2025-03-22 05:41:49,19853.09,Make Purchase,True,-38.0,19815.09,"New York, USA",Android,Home WiFi,0,0
2195,8,2025-03-22 05:54:49,25894.22,Review activityments,True,0.0,25894.22,"New York, USA",Android,Home WiFi,0,0
2196,9,2025-03-22 06:13:49,4427.55,Request New Card,True,0.0,4427.55,"Berlin, Germany",Windows Laptop,Home WiFi,0,0
2197,21,2025-03-22 07:36:49,125.28,Deposit Funds,True,5362.0,5487.28,"Tokyo, Japan",Linux PC,Public WiFi,0,0
2198,33,2025-03-22 07:49:49,18.88,Online Purchase,False,-103.0,18.88,"Los Angeles, USA",iPhone,Corporate Network,0,0
2199,60,2025-03-22 08:11:49,2742.27,Change Password,True,0.0,2742.27,"New York, USA",Android,Public WiFi,0,0
2200,72,2025-03-22 09:16:49,1302.39,Transfer Funds,False,-1310.0,1302.39,"New York, USA",iPhone,Mobile Network,0,0
2201,77,2025-03-22 09:22:49,582.34,Make Purchase,False,-705.0,582.34,"New York, USA",MacBook,Public WiFi,0,0
2202,89,2025-03-22 09:24:49,258.56,Unauthorized Transfer,False,-1220.0,258.56,"Paris, France",Windows Laptop,Mobile Network,1,0
2203,93,2025-03-22 09:53:49,72.89,Suspicious Login,True,0.0,72.89,"Paris, France",Windows Laptop,Public WiFi,0,0
2204,95,2025-03-22 12:46:49,33201.79,Pay Bills,True,-1903.0,31298.79,"New York, USA",Windows Laptop,Public WiFi,0,0
2205,104,2025-03-22 13:00:49,3806.0,Suspicious Login,True,0.0,3806.0,"Los Angeles, USA",Windows Laptop,Public WiFi,0,0
2206,0,2025-03-22 13:25:49,562.3,Request New Card,True,0.0,562.3,"Los Angeles, USA",Android,Public WiFi,0,0
2207,6,2025-03-22 16:15:49,19815.09,Make Purchase,True,-667.0,19148.09,"New York, USA",Windows Laptop,Public WiFi,0,0
2208,8,2025-03-22 17:09:49,25894.22,Review activityments,True,0.0,25894.22,"New York, USA",Windows Laptop,Mobile Network,0,0
2209,9,2025-03-22 17:27:49,4427.55,Change Email,True,0.0,4427.55,"Los Angeles, USA",Android,Home WiFi,0,0
2210,21,2025-03-22 18:33:49,5487.28,Make Purchase,True,-411.0,5076.28,"New York, USA",iPhone,Mobile Network,0,1
2211,33,2025-03-22 18:47:49,18.88,POS Purchase,False,-807.0,18.88,"London, UK",iPhone,Mobile Network,0,0
2212,60,2025-03-22 18:53:49,2742.27,Change Email,True,0.0,2742.27,"New York, USA",Android,Home WiFi,0,0
2213,72,2025-03-22 21:31:49,1302.39,Transfer Funds,False,-2448.0,1302.39,"Los Angeles, USA",MacBook,Mobile Network,0,0
2214,77,2025-03-23 00:12:49,582.34,Pay Bills,False,-588.0,582.34,"Los Angeles, USA",MacBook,Public WiFi,0,0
2215,89,2025-03-23 00:35:49,258.56,Change Email,True,0.0,258.56,"Paris, France",MacBook,Mobile Network,0,0
2216,93,2025-03-23 00:43:49,72.89,Suspicious Login,True,0.0,72.89,"New York, USA",Windows Laptop,Home WiFi,0,0
2217,95,2025-03-23 02:56:49,31298.79,Make Purchase,True,-162.0,31136.79,"Los Angeles, USA",Linux PC,Home WiFi,0,0
2218,104,2025-03-23 03:26:49,3806.0,Request New Card,True,0.0,3806.0,"New York, USA",Windows Laptop,Home WiFi,0,0
2219,0,2025-03-23 03:46:49,562.3,Change Phone,True,0.0,562.3,"New York, USA",iPhone,Public WiFi,0,0
2220,6,2025-03-23 04:20:49,19148.09,Make Purchase,True,-377.0,18771.09,"Berlin, Germany",MacBook,Mobile Network,0,0
2221,8,2025-03-23 04:30:49,25894.22,Review activityments,True,0.0,25894.22,"New York, USA",Windows Laptop,Public WiFi,0,0
2222,9,2025-03-23 04:32:49,4427.55,Change Phone,True,0.0,4427.55,"Los Angeles, USA",Windows Laptop,Public WiFi,0,0
2223,21,2025-03-23 07:17:49,5076.28,Make Purchase,True,-307.0,4769.28,"Paris, France",Windows Laptop,Public WiFi,0,0
2224,33,2025-03-23 07:20:49,18.88,POS Purchase,False,-653.0,18.88,"London, UK",Linux PC,Home WiFi,0,0
2225,60,2025-03-23 07:33:49,2742.27,Change Email,True,0.0,2742.27,"Berlin, Germany",Windows Laptop,Public WiFi,0,0
2226,72,2025-03-23 09:16:49,1302.39,Make Purchase,True,-222.0,1080.39,"Tokyo, Japan",iPhone,Home WiFi,0,0
2227,77,2025-03-23 11:12:49,582.34,Deposit Funds,True,210.0,792.34,"Berlin, Germany",iPhone,Corporate Network,0,0
2228,89,2025-03-23 11:42:49,258.56,Request New Card,True,0.0,258.56,"Berlin, Germany",iPhone,Public WiFi,0,0
2229,93,2025-03-23 12:00:49,72.89,Suspicious Login,True,0.0,72.89,"Paris, France",MacBook,Home WiFi,0,0
2230,95,2025-03-23 12:14:49,31136.79,Pay Bills,True,-858.0,30278.79,"Tokyo, Japan",Linux PC,Public WiFi,0,0
2231,104,2025-03-23 12:20:49,3806.0,Change Phone,True,0.0,3806.0,"Los Angeles, USA",Android,Home WiFi,0,0
2232,0,2025-03-23 12:42:49,562.3,Change Email,True,0.0,562.3,"Tokyo, Japan",iPhone,Public WiFi,0,0
2233,6,2025-03-23 13:48:49,18771.09,Pay Bills,True,-565.0,18206.09,"New York, USA",Android,Mobile Network,0,0
2234,8,2025-03-23 13:48:49,25894.22,Review activityments,True,0.0,25894.22,"Tokyo, Japan",iPhone,Home WiFi,0,0
2235,9,2025-03-23 14:14:49,4427.55,Change Phone,True,0.0,4427.55,"Tokyo, Japan",Windows Laptop,Home WiFi,0,0
2236,21,2025-03-23 16:46:49,4769.28,Pay Bills,True,-3937.0,832.28,"Los Angeles, USA",iPhone,Home WiFi,0,0
2237,33,2025-03-23 16:55:49,18.88,POS Purchase,False,-568.0,18.88,"London, UK",Windows Laptop,Home WiFi,0,0
2238,60,2025-03-23 17:13:49,2742.27,Change Email,True,0.0,2742.27,"London, UK",MacBook,Home WiFi,0,0
2239,72,2025-03-23 18:56:49,1080.39,Make Purchase,True,-660.0,420.39,"Tokyo, Japan",iPhone,Public WiFi,0,0
2240,77,2025-03-23 20:31:49,792.34,Transfer Funds,False,-3010.0,792.34,"Berlin, Germany",iPhone,Public WiFi,0,0
2241,89,2025-03-23 20:44:49,258.56,Close Account,True,0.0,258.56,"Los Angeles, USA",MacBook,Home WiFi,0,0
2242,93,2025-03-23 20:48:49,72.89,Suspicious Login,True,0.0,72.89,"Tokyo, Japan",Linux PC,Home WiFi,0,0
2243,95,2025-03-23 22:20:49,30278.79,Pay Bills,True,-1038.0,29240.79,"New York, USA",Windows Laptop,Mobile Network,0,0
2244,104,2025-03-23 22:28:49,3806.0,Change Phone,True,0.0,3806.0,"London, UK",Android,Public WiFi,0,0
2245,0,2025-03-23 22:34:49,562.3,Change Email,True,0.0,562.3,"Paris, France",MacBook,Corporate Network,0,0
2246,6,2025-03-24 00:34:49,18206.09,Transfer Funds,True,-3776.0,14430.09,"Los Angeles, USA",iPhone,Public WiFi,0,0
2247,8,2025-03-24 01:58:49,25894.22,Review activityments,True,0.0,25894.22,"Berlin, Germany",MacBook,Mobile Network,0,0
2248,9,2025-03-24 02:06:49,4427.55,Change Phone,True,0.0,4427.55,"New York, USA",Windows Laptop,Home WiFi,1,0
2249,21,2025-03-24 02:31:49,832.28,Make Purchase,True,-300.0,532.28,"Berlin, Germany",iPad,Mobile Network,0,0
2250,33,2025-03-24 02:34:49,18.88,Request New PIN,True,0.0,18.88,"New York, USA",Android,Home WiFi,0,0
2251,60,2025-03-24 03:03:49,2742.27,Change Phone,True,0.0,2742.27,"New York, USA",Android,Public WiFi,0,0
2252,72,2025-03-24 05:25:49,420.39,Make Purchase,False,-717.0,420.39,"Paris, France",Windows Laptop,Public WiFi,0,0
2253,77,2025-03-24 05:44:49,792.34,Transfer Funds,False,-2970.0,792.34,"New York, USA",Android,Public WiFi,0,0
2254,93,2025-03-24 05:46:49,72.89,Suspicious Login,True,0.0,72.89,"London, UK",Windows Laptop,Mobile Network,0,0
2255,95,2025-03-24 07:54:49,29240.79,Pay Bills,True,-3033.0,26207.79,"New York, USA",Windows Laptop,Public WiFi,0,0
2256,104,2025-03-24 07:56:49,3806.0,Change Phone,True,0.0,3806.0,"New York, USA",iPhone,Home WiFi,0,0
2257,0,2025-03-24 08:15:49,562.3,Change Email,True,0.0,562.3,"New York, USA",iPhone,Mobile Network,0,0
2258,6,2025-03-24 09:33:49,14430.09,Deposit Funds,True,8183.0,22613.09,"New York, USA",iPhone,Home WiFi,0,0
2259,8,2025-03-24 10:05:49,25894.22,Transfer Funds,True,-4751.0,21143.22,"Los Angeles, USA",Android,Home WiFi,0,0
2260,9,2025-03-24 10:24:49,4427.55,Change Email,True,0.0,4427.55,"Los Angeles, USA",iPhone,Public WiFi,0,0
2261,21,2025-03-24 11:03:49,532.28,Make Purchase,False,-751.0,532.28,"Los Angeles, USA",Windows Laptop,Corporate Network,0,0
2262,33,2025-03-24 11:10:49,18.88,Close Account,True,0.0,18.88,"Paris, France",iPhone,Home WiFi,1,0
2263,60,2025-03-24 11:15:49,2742.27,Change Email,True,0.0,2742.27,"Tokyo, Japan",MacBook,Home WiFi,0,0
2264,72,2025-03-24 13:14:49,420.39,Deposit Funds,True,2232.0,2652.39,"Berlin, Germany",Android,Home WiFi,0,0
2265,77,2025-03-24 14:23:49,792.34,Deposit Funds,True,9727.0,10519.34,"New York, USA",iPhone,Mobile Network,0,0
2266,93,2025-03-24 14:28:49,72.89,Change Email,True,0.0,72.89,"Tokyo, Japan",MacBook,Home WiFi,0,1
2267,95,2025-03-24 17:20:49,26207.79,Deposit Funds,True,7737.0,33944.79,"New York, USA",Windows Laptop,Home WiFi,0,0
2268,104,2025-03-24 17:41:49,3806.0,Change Email,True,0.0,3806.0,"New York, USA",MacBook,Home WiFi,0,0
2269,0,2025-03-24 17:54:49,562.3,Change Phone,True,0.0,562.3,"London, UK",iPhone,Public WiFi,0,0
2270,6,2025-03-24 19:24:49,22613.09,Make Purchase,True,-470.0,22143.09,"New York, USA",Android,Mobile Network,0,0
2271,8,2025-03-24 22:12:49,21143.22,Deposit Funds,True,3481.0,24624.22,"Los Angeles, USA",MacBook,Home WiFi,0,0
2272,9,2025-03-24 22:12:49,4427.55,Change Email,True,0.0,4427.55,"New York, USA",Windows Laptop,Public WiFi,0,0
2273,21,2025-03-24 23:07:49,532.28,Apply for Loan,True,0.0,532.28,"New York, USA",Linux PC,Home WiFi,0,0
2274,60,2025-03-24 23:10:49,2742.27,Change Email,True,0.0,2742.27,"New York, USA",Windows Laptop,Public WiFi,1,0
2275,72,2025-03-25 01:00:49,2652.39,Deposit Funds,True,5858.0,8510.39,"Paris, France",Windows Laptop,Public WiFi,1,0
2276,77,2025-03-25 01:34:49,10519.34,Transfer Funds,True,-2865.0,7654.34,"Tokyo, Japan",Android,Public WiFi,0,0
2277,93,2025-03-25 01:57:49,72.89,Suspicious Login,True,0.0,72.89,"Tokyo, Japan",Windows Laptop,Public WiFi,0,0
2278,95,2025-03-25 02:37:49,33944.79,Pay Bills,True,-3131.0,30813.79,"Los Angeles, USA",MacBook,Corporate Network,0,0
2279,104,2025-03-25 03:06:49,3806.0,Change Email,True,0.0,3806.0,"London, UK",iPhone,Corporate Network,0,0
2280,0,2025-03-25 03:22:49,562.3,Change Email,True,0.0,562.3,"Los Angeles, USA",Windows Laptop,Mobile Network,0,0
2281,6,2025-03-25 04:19:49,22143.09,Pay Bills,True,-2910.0,19233.09,"Berlin, Germany",Linux PC,Mobile Network,0,0
2282,8,2025-03-25 07:15:49,24624.22,Make Purchase,True,-520.0,24104.22,"Los Angeles, USA",MacBook,Corporate Network,0,0
2283,9,2025-03-25 07:34:49,4427.55,Suspicious Login,True,0.0,4427.55,"New York, USA",Android,Public WiFi,0,0
2284,21,2025-03-25 09:48:49,532.28,Apply for Loan,True,0.0,532.28,"London, UK",iPhone,Mobile Network,0,0
2285,60,2025-03-25 09:51:49,2742.27,Change Email,True,0.0,2742.27,"New York, USA",MacBook,Home WiFi,0,0
2286,72,2025-03-25 11:50:49,8510.39,Deposit Funds,True,6647.0,15157.39,"New York, USA",iPhone,Public WiFi,0,0
2287,77,2025-03-25 14:42:49,7654.34,Make Purchase,True,-185.0,7469.34,"New York, USA",iPhone,Public WiFi,0,0
2288,93,2025-03-25 14:52:49,72.89,Suspicious Login,True,0.0,72.89,"New York, USA",Android,Home WiFi,0,0
2289,95,2025-03-25 16:08:49,30813.79,Deposit Funds,True,9123.0,39936.79,"New York, USA",iPhone,Corporate Network,0,0
2290,104,2025-03-25 16:31:49,3806.0,Change Password,True,0.0,3806.0,"Tokyo, Japan",iPhone,Home WiFi,0,0
2291,0,2025-03-25 16:45:49,562.3,Change Email,True,0.0,562.3,"Los Angeles, USA",iPhone,Home WiFi,0,0
2292,6,2025-03-25 18:48:49,19233.09,Pay Bills,True,-562.0,18671.09,"New York, USA",iPhone,Public WiFi,0,0
2293,8,2025-03-25 19:51:49,24104.22,Transfer Funds,True,-1073.0,23031.22,"Berlin, Germany",Linux PC,Public WiFi,0,0
2294,9,2025-03-25 20:08:49,4427.55,Change Password,True,0.0,4427.55,"Tokyo, Japan",Windows Laptop,Public WiFi,0,0
2295,21,2025-03-25 20:55:49,532.28,Deposit Funds,True,5930.0,6462.28,"Los Angeles, USA",iPad,Home WiFi,0,0
2296,60,2025-03-25 21:07:49,2742.27,Request New Card,True,0.0,2742.27,"Los Angeles, USA",Android,Home WiFi,1,0
2297,72,2025-03-25 21:47:49,15157.39,Make Purchase,True,-135.0,15022.39,"New York, USA",Windows Laptop,Home WiFi,0,1
2298,77,2025-03-25 23:40:49,7469.34,Transfer Funds,True,-3335.0,4134.34,"London, UK",Windows Laptop,Home WiFi,0,0
2299,93,2025-03-25 23:59:49,72.89,Unauthorized Transfer,False,-1344.0,72.89,"Los Angeles, USA",iPad,Home WiFi,0,0
2300,95,2025-03-26 00:35:49,39936.79,Deposit Funds,True,4418.0,44354.79,"Paris, France",Android,Home WiFi,0,0
2301,104,2025-03-26 00:49:49,3806.0,Change Password,True,0.0,3806.0,"Paris, France",Android,Home WiFi,0,1
2302,0,2025-03-26 01:15:49,562.3,Change Phone,True,0.0,562.3,"Berlin, Germany",MacBook,Public WiFi,0,0
2303,6,2025-03-26 03:32:49,18671.09,Apply for Credit Card,True,0.0,18671.09,"Tokyo, Japan",Android,Home WiFi,0,0
2304,8,2025-03-26 06:20:49,23031.22,Transfer Funds,True,-3320.0,19711.22,"Los Angeles, USA",iPad,Home WiFi,0,0
2305,9,2025-03-26 06:43:49,4427.55,Unauthorized Transfer,False,-8807.0,4427.55,"London, UK",Linux PC,Home WiFi,0,0
2306,21,2025-03-26 08:27:49,6462.28,Pay Bills,True,-4050.0,2412.28,"London, UK",Android,Mobile Network,0,0
2307,60,2025-03-26 08:55:49,2742.27,Change Email,True,0.0,2742.27,"Los Angeles, USA",iPhone,Home WiFi,0,0
2308,72,2025-03-26 11:49:49,15022.39,Make Purchase,True,-894.0,14128.39,"Tokyo, Japan",Windows Laptop,Public WiFi,0,0
2309,77,2025-03-26 14:25:49,4134.34,Make Purchase,True,-683.0,3451.34,"Tokyo, Japan",iPhone,Home WiFi,0,0
2310,93,2025-03-26 14:34:49,72.89,Unauthorized Transfer,False,-5480.0,72.89,"Tokyo, Japan",Windows Laptop,Mobile Network,0,0
2311,95,2025-03-26 17:26:49,44354.79,Deposit Funds,True,26.0,44380.79,"Tokyo, Japan",Android,Home WiFi,0,0
2312,104,2025-03-26 17:48:49,3806.0,Change Password,True,0.0,3806.0,"Los Angeles, USA",iPhone,Public WiFi,0,0
2313,0,2025-03-26 18:18:49,562.3,Change Phone,True,0.0,562.3,"Los Angeles, USA",Android,Home WiFi,0,0
2314,6,2025-03-26 20:28:49,18671.09,Transfer Funds,True,-2490.0,16181.09,"Tokyo, Japan",Android,Home WiFi,0,0
2315,8,2025-03-26 20:57:49,19711.22,Review activityments,True,0.0,19711.22,"New York, USA",Windows Laptop,Public WiFi,0,0
2316,9,2025-03-26 21:05:49,4427.55,Unauthorized Transfer,True,-457.0,3970.55,"London, UK",iPhone,Public WiFi,0,0
2317,21,2025-03-26 21:31:49,2412.28,Make Purchase,True,-101.0,2311.28,"Berlin, Germany",MacBook,Mobile Network,0,0
2318,60,2025-03-26 21:34:49,2742.27,Change Email,True,0.0,2742.27,"London, UK",Android,Home WiFi,0,0
2319,72,2025-03-26 23:10:49,14128.39,Pay Bills,True,-4281.0,9847.39,"Los Angeles, USA",Windows Laptop,Public WiFi,0,1
2320,77,2025-03-26 23:39:49,3451.34,Make Purchase,True,-404.0,3047.34,"Los Angeles, USA",MacBook,Mobile Network,0,0
2321,93,2025-03-26 23:46:49,72.89,Unauthorized Transfer,False,-4149.0,72.89,"Los Angeles, USA",iPad,Corporate Network,0,0
2322,95,2025-03-27 02:18:49,44380.79,Deposit Funds,True,6689.0,51069.79,"Tokyo, Japan",iPhone,Home WiFi,0,0
2323,104,2025-03-27 02:31:49,3806.0,Request New Card,True,0.0,3806.0,"Los Angeles, USA",MacBook,Corporate Network,0,0
2324,0,2025-03-27 03:01:49,562.3,Change Phone,True,0.0,562.3,"Tokyo, Japan",Android,Public WiFi,0,0
2325,6,2025-03-27 05:58:49,16181.09,Make Purchase,True,-85.0,16096.09,"Tokyo, Japan",iPhone,Mobile Network,0,1
2326,8,2025-03-27 06:30:49,19711.22,Transfer Funds,True,-1484.0,18227.22,"Los Angeles, USA",iPhone,Home WiFi,0,0
2327,9,2025-03-27 06:30:49,3970.55,Unauthorized Transfer,False,-9222.0,3970.55,"New York, USA",iPhone,Public WiFi,0,0
2328,21,2025-03-27 09:24:49,2311.28,Make Purchase,True,-125.0,2186.28,"Los Angeles, USA",Windows Laptop,Home WiFi,0,0
2329,60,2025-03-27 09:44:49,2742.27,Unauthorized Transfer,False,-3207.0,2742.27,"New York, USA",Android,Public WiFi,0,0
2330,72,2025-03-27 11:03:49,9847.39,Pay Bills,True,-2516.0,7331.39,"New York, USA",Linux PC,Mobile Network,0,0
2331,77,2025-03-27 13:16:49,3047.34,Make Purchase,True,-337.0,2710.34,"Los Angeles, USA",Android,Public WiFi,0,0
2332,93,2025-03-27 13:25:49,72.89,Change Phone,True,0.0,72.89,"Berlin, Germany",iPhone,Public WiFi,0,0
2333,95,2025-03-27 15:02:49,51069.79,Deposit Funds,True,7761.0,58830.79,"London, UK",Windows Laptop,Mobile Network,0,1
2334,104,2025-03-27 15:20:49,3806.0,Change Phone,True,0.0,3806.0,"New York, USA",iPad,Public WiFi,0,0
2335,0,2025-03-27 15:21:49,562.3,Change Phone,True,0.0,562.3,"London, UK",iPad,Mobile Network,0,0
2336,6,2025-03-27 16:56:49,16096.09,Make Purchase,True,-858.0,15238.09,"Los Angeles, USA",Android,Home WiFi,0,0
2337,8,2025-03-27 17:03:49,18227.22,Deposit Funds,True,4817.0,23044.22,"Berlin, Germany",iPhone,Public WiFi,0,0
2338,9,2025-03-27 17:28:49,3970.55,Unauthorized Transfer,False,-9236.0,3970.55,"Berlin, Germany",Windows Laptop,Public WiFi,0,0
2339,21,2025-03-27 17:35:49,2186.28,Make Purchase,True,-782.0,1404.28,"New York, USA",Windows Laptop,Public WiFi,0,0
2340,60,2025-03-27 17:35:49,2742.27,Unauthorized Transfer,False,-8369.0,2742.27,"London, UK",Android,Public WiFi,0,0
2341,72,2025-03-27 20:18:49,7331.39,Invest Money,False,-28454.0,7331.39,"New York, USA",Linux PC,Home WiFi,0,0
2342,77,2025-03-27 20:26:49,2710.34,Make Purchase,True,-54.0,2656.34,"London, UK",iPhone,Public WiFi,0,0
2343,93,2025-03-27 20:36:49,72.89,Change Email,True,0.0,72.89,"New York, USA",Linux PC,Mobile Network,0,0
2344,95,2025-03-27 22:09:49,58830.79,Review activityments,True,0.0,58830.79,"Berlin, Germany",iPhone,Public WiFi,0,0
2345,104,2025-03-27 22:37:49,3806.0,Request New Card,True,0.0,3806.0,"London, UK",iPad,Home WiFi,0,0
2346,0,2025-03-27 23:01:49,562.3,Change Password,True,0.0,562.3,"New York, USA",Linux PC,Public WiFi,0,0
2347,6,2025-03-28 00:28:49,15238.09,Deposit Funds,True,9214.0,24452.09,"Paris, France",Windows Laptop,Home WiFi,0,0
2348,8,2025-03-28 01:49:49,23044.22,Pay Bills,True,-876.0,22168.22,"New York, USA",iPhone,Mobile Network,0,0
2349,9,2025-03-28 02:12:49,3970.55,Change Password,True,0.0,3970.55,"Tokyo, Japan",iPhone,Home WiFi,0,0
2350,21,2025-03-28 05:06:49,1404.28,Apply for Credit Card,True,0.0,1404.28,"Los Angeles, USA",iPhone,Home WiFi,0,0
2351,60,2025-03-28 05:07:49,2742.27,Unauthorized Transfer,False,-9345.0,2742.27,"Los Angeles, USA",iPhone,Home WiFi,0,0
2352,72,2025-03-28 05:42:49,7331.39,Invest Money,False,-32601.0,7331.39,"London, UK",iPad,Home WiFi,0,0
2353,77,2025-03-28 07:39:49,2656.34,Make Purchase,True,-978.0,1678.34,"London, UK",iPhone,Home WiFi,0,0
2354,93,2025-03-28 07:49:49,72.89,Change Email,True,0.0,72.89,"New York, USA",iPhone,Public WiFi,0,0
2355,95,2025-03-28 07:55:49,58830.79,Close Account,True,0.0,58830.79,"New York, USA",Android,Mobile Network,0,0
2356,104,2025-03-28 08:08:49,3806.0,Change Phone,True,0.0,3806.0,"New York, USA",Android,Mobile Network,0,0
2357,0,2025-03-28 08:36:49,562.3,Change Password,True,0.0,562.3,"Los Angeles, USA",Windows Laptop,Home WiFi,0,0
2358,6,2025-03-28 10:33:49,24452.09,Deposit Funds,True,7476.0,31928.09,"London, UK",Android,Mobile Network,0,0
2359,8,2025-03-28 11:42:49,22168.22,Make Purchase,True,-722.0,21446.22,"Los Angeles, USA",Windows Laptop,Home WiFi,0,0
2360,9,2025-03-28 11:52:49,3970.55,Change Password,True,0.0,3970.55,"Berlin, Germany",iPhone,Public WiFi,0,0
2361,21,2025-03-28 13:43:49,1404.28,Transfer Funds,False,-3277.0,1404.28,"New York, USA",Android,Mobile Network,0,0
2362,60,2025-03-28 13:53:49,2742.27,Unauthorized Transfer,False,-9462.0,2742.27,"New York, USA",Windows Laptop,Mobile Network,0,0
2363,72,2025-03-28 16:30:49,7331.39,Pay Bills,True,-3934.0,3397.39,"New York, USA",MacBook,Home WiFi,0,0
2364,77,2025-03-28 18:38:49,1678.34,Deposit Funds,True,2091.0,3769.34,"Paris, France",MacBook,Mobile Network,0,0
2365,93,2025-03-28 19:05:49,72.89,Change Email,True,0.0,72.89,"New York, USA",iPhone,Home WiFi,0,0
2366,104,2025-03-28 19:26:49,3806.0,Close Account,True,0.0,3806.0,"London, UK",Windows Laptop,Home WiFi,0,0
2367,0,2025-03-28 19:56:49,562.3,Change Phone,True,0.0,562.3,"Los Angeles, USA",Android,Home WiFi,0,0
2368,6,2025-03-28 22:06:49,31928.09,Transfer Funds,True,-4917.0,27011.09,"New York, USA",iPhone,Home WiFi,0,0
2369,8,2025-03-28 23:48:49,21446.22,Transfer Funds,True,-4305.0,17141.22,"New York, USA",MacBook,Corporate Network,0,0
2370,9,2025-03-28 23:59:49,3970.55,Change Password,True,0.0,3970.55,"Los Angeles, USA",iPhone,Public WiFi,0,1
2371,21,2025-03-29 00:27:49,1404.28,Deposit Funds,True,3166.0,4570.28,"New York, USA",iPhone,Public WiFi,0,0
2372,60,2025-03-29 00:37:49,2742.27,Unauthorized Transfer,False,-8356.0,2742.27,"New York, USA",iPhone,Corporate Network,0,0
2373,72,2025-03-29 01:52:49,3397.39,Pay Bills,False,-3964.0,3397.39,"London, UK",iPhone,Mobile Network,0,0
2374,77,2025-03-29 04:02:49,3769.34,Apply for Loan,True,0.0,3769.34,"London, UK",iPhone,Home WiFi,0,1
2375,93,2025-03-29 04:06:49,72.89,Request New Card,True,0.0,72.89,"Los Angeles, USA",iPad,Corporate Network,0,0
2376,0,2025-03-29 04:28:49,562.3,Change Email,True,0.0,562.3,"Tokyo, Japan",Android,Public WiFi,0,0
2377,6,2025-03-29 06:20:49,27011.09,Transfer Funds,True,-852.0,26159.09,"Los Angeles, USA",Android,Home WiFi,1,0
2378,8,2025-03-29 08:07:49,17141.22,Make Purchase,True,-409.0,16732.22,"Tokyo, Japan",iPhone,Home WiFi,0,0
2379,9,2025-03-29 08:32:49,3970.55,Suspicious Login,True,0.0,3970.55,"New York, USA",iPhone,Mobile Network,0,0
2380,21,2025-03-29 10:56:49,4570.28,Make Purchase,True,-951.0,3619.28,"Los Angeles, USA",Android,Public WiFi,0,0
2381,60,2025-03-29 11:03:49,2742.27,Unauthorized Transfer,True,-2324.0,418.27,"Los Angeles, USA",Linux PC,Home WiFi,0,0
2382,72,2025-03-29 12:39:49,3397.39,Make Purchase,True,-994.0,2403.39,"London, UK",Windows Laptop,Home WiFi,0,0
2383,77,2025-03-29 14:44:49,3769.34,Review activityments,True,0.0,3769.34,"Tokyo, Japan",Linux PC,Public WiFi,0,0
2384,93,2025-03-29 14:44:49,72.89,Change Phone,True,0.0,72.89,"Berlin, Germany",Windows Laptop,Public WiFi,0,0
2385,0,2025-03-29 15:05:49,562.3,Change Email,True,0.0,562.3,"Los Angeles, USA",iPhone,Public WiFi,0,0
2386,6,2025-03-29 15:30:49,26159.09,Transfer Funds,True,-4879.0,21280.09,"Paris, France",MacBook,Corporate Network,0,0
2387,8,2025-03-29 16:33:49,16732.22,Pay Bills,True,-1979.0,14753.22,"London, UK",Android,Mobile Network,0,0
2388,9,2025-03-29 17:01:49,3970.55,Change Password,True,0.0,3970.55,"Paris, France",iPhone,Public WiFi,0,0
2389,21,2025-03-29 17:25:49,3619.28,Pay Bills,True,-351.0,3268.28,"New York, USA",Android,Home WiFi,0,0
2390,60,2025-03-29 17:49:49,418.27,Unauthorized Transfer,False,-5554.0,418.27,"New York, USA",iPhone,Public WiFi,1,0
2391,72,2025-03-29 19:26:49,2403.39,Make Purchase,True,-631.0,1772.39,"Paris, France",iPad,Public WiFi,0,0
2392,77,2025-03-29 20:49:49,3769.34,Review activityments,True,0.0,3769.34,"London, UK",iPhone,Home WiFi,0,0
2393,93,2025-03-29 21:06:49,72.89,Change Phone,True,0.0,72.89,"Tokyo, Japan",iPad,Public WiFi,0,0
2394,0,2025-03-29 21:25:49,562.3,Change Phone,True,0.0,562.3,"Tokyo, Japan",Windows Laptop,Public WiFi,0,0
2395,6,2025-03-30 00:14:49,21280.09,Deposit Funds,True,8217.0,29497.09,"Berlin, Germany",MacBook,Home WiFi,0,0
2396,8,2025-03-30 02:57:49,14753.22,Pay Bills,True,-2187.0,12566.22,"Los Angeles, USA",Linux PC,Public WiFi,0,0
2397,9,2025-03-30 03:18:49,3970.55,Change Password,True,0.0,3970.55,"Paris, France",Windows Laptop,Mobile Network,0,0
2398,21,2025-03-30 05:03:49,3268.28,Make Purchase,True,-13.0,3255.28,"Los Angeles, USA",MacBook,Home WiFi,0,0
2399,60,2025-03-30 05:33:49,418.27,Unauthorized Transfer,False,-7321.0,418.27,"Paris, France",iPhone,Public WiFi,0,0
2400,72,2025-03-30 08:18:49,1772.39,Make Purchase,True,-409.0,1363.39,"Tokyo, Japan",iPhone,Mobile Network,0,0
2401,77,2025-03-30 08:19:49,3769.34,Review activityments,True,0.0,3769.34,"Tokyo, Japan",iPhone,Home WiFi,0,0
2402,93,2025-03-30 08:39:49,72.89,Change Phone,True,0.0,72.89,"Los Angeles, USA",iPhone,Public WiFi,0,0
2403,0,2025-03-30 08:53:49,562.3,Change Phone,True,0.0,562.3,"New York, USA",Android,Home WiFi,0,0
2404,6,2025-03-30 09:44:49,29497.09,Make Purchase,True,-119.0,29378.09,"Paris, France",Windows Laptop,Corporate Network,0,0
2405,8,2025-03-30 12:20:49,12566.22,Pay Bills,True,-2734.0,9832.22,"New York, USA",Linux PC,Home WiFi,0,0
2406,9,2025-03-30 12:39:49,3970.55,Change Email,True,0.0,3970.55,"Tokyo, Japan",iPhone,Public WiFi,0,0
2407,21,2025-03-30 14:14:49,3255.28,Apply for Credit Card,True,0.0,3255.28,"New York, USA",Windows Laptop,Public WiFi,1,0
2408,60,2025-03-30 14:25:49,418.27,Unauthorized Transfer,False,-3261.0,418.27,"Berlin, Germany",Android,Mobile Network,0,0
2409,72,2025-03-30 17:25:49,1363.39,Make Purchase,True,-814.0,549.39,"Los Angeles, USA",iPhone,Home WiFi,0,0
2410,77,2025-03-30 18:11:49,3769.34,Review activityments,True,0.0,3769.34,"Paris, France",Android,Home WiFi,0,0
2411,93,2025-03-30 18:27:49,72.89,Change Password,True,0.0,72.89,"London, UK",Windows Laptop,Public WiFi,0,0
2412,0,2025-03-30 18:44:49,562.3,Change Phone,True,0.0,562.3,"Tokyo, Japan",Linux PC,Mobile Network,0,0
2413,6,2025-03-30 20:37:49,29378.09,Transfer Funds,True,-1307.0,28071.09,"Paris, France",iPad,Public WiFi,0,0
2414,8,2025-03-30 22:47:49,9832.22,Deposit Funds,True,4423.0,14255.22,"Tokyo, Japan",Windows Laptop,Public WiFi,0,0
2415,9,2025-03-30 22:56:49,3970.55,Change Phone,True,0.0,3970.55,"Berlin, Germany",iPhone,Home WiFi,1,0
2416,21,2025-03-31 01:29:49,3255.28,Apply for Loan,True,0.0,3255.28,"Los Angeles, USA",Android,Corporate Network,0,0
2417,60,2025-03-31 01:33:49,418.27,Unauthorized Transfer,False,-1277.0,418.27,"London, UK",iPhone,Mobile Network,0,0
2418,72,2025-03-31 03:19:49,549.39,Pay Bills,False,-4409.0,549.39,"London, UK",Windows Laptop,Public WiFi,0,0
2419,77,2025-03-31 05:05:49,3769.34,Invest Money,False,-45641.0,3769.34,"Berlin, Germany",Android,Home WiFi,0,0
2420,93,2025-03-31 05:26:49,72.89,Change Password,True,0.0,72.89,"New York, USA",Windows Laptop,Public WiFi,0,0
2421,0,2025-03-31 05:47:49,562.3,Change Phone,True,0.0,562.3,"New York, USA",iPhone,Home WiFi,0,0
2422,6,2025-03-31 06:50:49,28071.09,Transfer Funds,True,-4693.0,23378.09,"New York, USA",iPhone,Public WiFi,0,0
2423,8,2025-03-31 07:14:49,14255.22,Deposit Funds,True,210.0,14465.22,"Paris, France",iPhone,Mobile Network,0,0
2424,9,2025-03-31 07:16:49,3970.55,Suspicious Login,True,0.0,3970.55,"New York, USA",Linux PC,Public WiFi,0,0
2425,21,2025-03-31 09:37:49,3255.28,Make Purchase,True,-506.0,2749.28,"Paris, France",Android,Corporate Network,0,0
2426,60,2025-03-31 09:57:49,418.27,Unauthorized Transfer,False,-8981.0,418.27,"Berlin, Germany",iPhone,Home WiFi,0,0
2427,72,2025-03-31 12:20:49,549.39,Make Purchase,False,-893.0,549.39,"Tokyo, Japan",iPhone,Home WiFi,0,0
2428,77,2025-03-31 14:20:49,3769.34,Transfer Funds,False,-4313.0,3769.34,"New York, USA",Linux PC,Home WiFi,0,0
2429,93,2025-03-31 14:49:49,72.89,Unauthorized Transfer,False,-5246.0,72.89,"Los Angeles, USA",Android,Corporate Network,0,0
2430,0,2025-03-31 15:09:49,562.3,Change Phone,True,0.0,562.3,"London, UK",MacBook,Mobile Network,0,0
2431,6,2025-03-31 17:12:49,23378.09,Make Purchase,True,-177.0,23201.09,"New York, USA",iPhone,Home WiFi,0,0
2432,8,2025-03-31 17:59:49,14465.22,Deposit Funds,True,3715.0,18180.22,"London, UK",Android,Public WiFi,0,0
2433,9,2025-03-31 17:59:49,3970.55,Change Password,True,0.0,3970.55,"Tokyo, Japan",Android,Public WiFi,0,0
2434,21,2025-03-31 20:41:49,2749.28,Make Purchase,True,-143.0,2606.28,"London, UK",iPhone,Public WiFi,0,0
2435,60,2025-03-31 20:59:49,418.27,Unauthorized Transfer,False,-7529.0,418.27,"London, UK",Android,Public WiFi,0,0
2436,72,2025-03-31 23:03:49,549.39,Apply for Credit Card,True,0.0,549.39,"London, UK",MacBook,Home WiFi,0,0
2437,77,2025-04-01 01:39:49,3769.34,Make Purchase,True,-627.0,3142.34,"London, UK",iPhone,Public WiFi,0,0
2438,93,2025-04-01 01:53:49,72.89,Change Phone,True,0.0,72.89,"Tokyo, Japan",Android,Home WiFi,0,1
2439,0,2025-04-01 01:53:49,562.3,Change Phone,True,0.0,562.3,"Berlin, Germany",Android,Home WiFi,0,0
2440,6,2025-04-01 02:42:49,23201.09,Make Purchase,True,-821.0,22380.09,"Los Angeles, USA",Windows Laptop,Home WiFi,0,0
2441,8,2025-04-01 03:26:49,18180.22,Deposit Funds,True,4302.0,22482.22,"London, UK",iPhone,Home WiFi,0,0
2442,9,2025-04-01 03:28:49,3970.55,Unauthorized Transfer,True,-171.0,3799.55,"Tokyo, Japan",iPhone,Public WiFi,0,0
2443,21,2025-04-01 03:39:49,2606.28,Make Purchase,True,-300.0,2306.28,"Paris, France",Android,Public WiFi,0,0
2444,60,2025-04-01 03:57:49,418.27,Suspicious Login,True,0.0,418.27,"Tokyo, Japan",iPhone,Mobile Network,0,0
2445,72,2025-04-01 06:31:49,549.39,Apply for Credit Card,True,0.0,549.39,"Los Angeles, USA",iPhone,Home WiFi,0,0
2446,77,2025-04-01 08:21:49,3142.34,Transfer Funds,True,-400.0,2742.34,"London, UK",iPhone,Home WiFi,0,0
2447,93,2025-04-01 08:24:49,72.89,Change Email,True,0.0,72.89,"Berlin, Germany",Windows Laptop,Public WiFi,0,0
2448,0,2025-04-01 08:36:49,562.3,Change Email,True,0.0,562.3,"Tokyo, Japan",iPad,Home WiFi,0,0
2449,6,2025-04-01 08:54:49,22380.09,Transfer Funds,True,-4579.0,17801.09,"Paris, France",iPhone,Mobile Network,0,0
2450,8,2025-04-01 11:21:49,22482.22,Make Purchase,True,-47.0,22435.22,"Berlin, Germany",MacBook,Public WiFi,0,0
2451,9,2025-04-01 11:33:49,3799.55,Change Email,True,0.0,3799.55,"Berlin, Germany",Android,Home WiFi,0,0
2452,21,2025-04-01 12:34:49,2306.28,Pay Bills,True,-186.0,2120.28,"Tokyo, Japan",iPhone,Mobile Network,0,0
2453,60,2025-04-01 12:57:49,418.27,Change Password,True,0.0,418.27,"Tokyo, Japan",iPhone,Public WiFi,0,0
2454,72,2025-04-01 14:51:49,549.39,Apply for Loan,True,0.0,549.39,"Berlin, Germany",Linux PC,Mobile Network,0,0
2455,77,2025-04-01 15:03:49,2742.34,Pay Bills,True,-365.0,2377.34,"London, UK",iPad,Public WiFi,1,0
2456,93,2025-04-01 15:13:49,72.89,Change Email,True,0.0,72.89,"Tokyo, Japan",Android,Mobile Network,0,0
2457,0,2025-04-01 15:34:49,562.3,Change Email,True,0.0,562.3,"London, UK",Android,Public WiFi,0,0
2458,6,2025-04-01 16:46:49,17801.09,Make Purchase,True,-515.0,17286.09,"New York, USA",Windows Laptop,Home WiFi,0,0
2459,8,2025-04-01 17:36:49,22435.22,Pay Bills,True,-303.0,22132.22,"New York, USA",MacBook,Public WiFi,0,0
2460,9,2025-04-01 17:55:49,3799.55,Change Email,True,0.0,3799.55,"Tokyo, Japan",iPad,Mobile Network,0,0
2461,21,2025-04-01 19:56:49,2120.28,Pay Bills,False,-4527.0,2120.28,"New York, USA",iPhone,Public WiFi,0,0
2462,60,2025-04-01 20:17:49,418.27,Change Password,True,0.0,418.27,"Tokyo, Japan",iPhone,Public WiFi,0,0
2463,72,2025-04-01 21:20:49,549.39,Review activityments,True,0.0,549.39,"New York, USA",MacBook,Public WiFi,0,0
2464,77,2025-04-01 23:03:49,2377.34,Make Purchase,True,-479.0,1898.34,"Los Angeles, USA",Linux PC,Public WiFi,0,0
2465,93,2025-04-01 23:05:49,72.89,Request New Card,True,0.0,72.89,"Berlin, Germany",iPhone,Public WiFi,0,0
2466,0,2025-04-01 23:33:49,562.3,Change Email,True,0.0,562.3,"Los Angeles, USA",Android,Public WiFi,0,0
2467,6,2025-04-02 01:59:49,17286.09,Review activityments,True,0.0,17286.09,"Los Angeles, USA",iPhone,Home WiFi,0,0
2468,8,2025-04-02 02:11:49,22132.22,Pay Bills,True,-2358.0,19774.22,"New York, USA",MacBook,Public WiFi,0,0
2469,9,2025-04-02 02:21:49,3799.55,Change Email,True,0.0,3799.55,"Los Angeles, USA",Windows Laptop,Home WiFi,0,0
2470,21,2025-04-02 02:42:49,2120.28,Pay Bills,False,-4417.0,2120.28,"Tokyo, Japan",Android,Public WiFi,0,0
2471,60,2025-04-02 02:59:49,418.27,Change Password,True,0.0,418.27,"New York, USA",iPad,Home WiFi,0,0
2472,72,2025-04-02 04:06:49,549.39,Transfer Funds,False,-4432.0,549.39,"London, UK",Windows Laptop,Home WiFi,0,0
2473,77,2025-04-02 04:19:49,1898.34,Make Purchase,True,-394.0,1504.34,"London, UK",Windows Laptop,Home WiFi,0,0
2474,93,2025-04-02 04:49:49,72.89,Unauthorized Transfer,False,-690.0,72.89,"Tokyo, Japan",Windows Laptop,Public WiFi,0,0
2475,0,2025-04-02 05:08:49,562.3,Change Email,True,0.0,562.3,"Tokyo, Japan",iPhone,Home WiFi,0,0
2476,6,2025-04-02 07:29:49,17286.09,Review activityments,True,0.0,17286.09,"Los Angeles, USA",Windows Laptop,Mobile Network,0,0
2477,8,2025-04-02 09:53:49,19774.22,Pay Bills,True,-1275.0,18499.22,"New York, USA",iPad,Corporate Network,0,0
2478,9,2025-04-02 10:14:49,3799.55,Change Password,True,0.0,3799.55,"New York, USA",Windows Laptop,Home WiFi,0,0
2479,21,2025-04-02 11:04:49,2120.28,Pay Bills,False,-2123.0,2120.28,"New York, USA",Android,Public WiFi,0,0
2480,60,2025-04-02 11:14:49,418.27,Change Phone,True,0.0,418.27,"London, UK",Windows Laptop,Home WiFi,0,0
2481,72,2025-04-02 12:17:49,549.39,Make Purchase,True,-469.0,80.39,"Los Angeles, USA",Android,Home WiFi,0,0
2482,77,2025-04-02 12:33:49,1504.34,Make Purchase,True,-806.0,698.34,"London, UK",iPhone,Home WiFi,0,1
2483,93,2025-04-02 12:59:49,72.89,Unauthorized Transfer,False,-8265.0,72.89,"New York, USA",iPhone,Public WiFi,0,1
2484,0,2025-04-02 13:04:49,562.3,Change Email,True,0.0,562.3,"New York, USA",Linux PC,Home WiFi,0,0
2485,6,2025-04-02 15:35:49,17286.09,Review activityments,True,0.0,17286.09,"New York, USA",Android,Mobile Network,0,0
2486,8,2025-04-02 17:03:49,18499.22,Pay Bills,True,-400.0,18099.22,"New York, USA",Android,Public WiFi,0,0
2487,9,2025-04-02 17:04:49,3799.55,Change Password,True,0.0,3799.55,"Berlin, Germany",iPhone,Public WiFi,0,1
2488,21,2025-04-02 19:08:49,2120.28,Pay Bills,False,-4939.0,2120.28,"Los Angeles, USA",MacBook,Public WiFi,0,0
2489,60,2025-04-02 19:34:49,418.27,Change Phone,True,0.0,418.27,"London, UK",Android,Corporate Network,0,0
2490,72,2025-04-02 21:17:49,80.39,Make Purchase,False,-798.0,80.39,"London, UK",Windows Laptop,Public WiFi,0,0
2491,77,2025-04-02 22:17:49,698.34,Make Purchase,False,-999.0,698.34,"New York, USA",Android,Mobile Network,0,0
2492,93,2025-04-02 22:28:49,72.89,Unauthorized Transfer,False,-9022.0,72.89,"Los Angeles, USA",iPhone,Public WiFi,1,0
2493,0,2025-04-02 22:51:49,562.3,Change Email,True,0.0,562.3,"Paris, France",iPhone,Home WiFi,0,0
2494,6,2025-04-02 23:59:49,17286.09,Review activityments,True,0.0,17286.09,"Los Angeles, USA",Windows Laptop,Home WiFi,0,0
2495,8,2025-04-03 00:30:49,18099.22,Pay Bills,True,-2727.0,15372.22,"Tokyo, Japan",iPhone,Home WiFi,0,0
2496,9,2025-04-03 00:56:49,3799.55,Suspicious Login,True,0.0,3799.55,"New York, USA",Windows Laptop,Mobile Network,0,0
2497,21,2025-04-03 01:30:49,2120.28,Pay Bills,False,-2551.0,2120.28,"New York, USA",Linux PC,Public WiFi,0,0
2498,60,2025-04-03 01:45:49,418.27,Change Phone,True,0.0,418.27,"London, UK",Android,Home WiFi,0,0
2499,72,2025-04-03 03:04:49,80.39,Make Purchase,False,-684.0,80.39,"Los Angeles, USA",MacBook,Public WiFi,0,0
2500,77,2025-04-03 05:12:49,698.34,Pay Bills,False,-3168.0,698.34,"Los Angeles, USA",Windows Laptop,Mobile Network,0,0
2501,93,2025-04-03 05:14:49,72.89,Unauthorized Transfer,False,-5120.0,72.89,"Los Angeles, USA",iPhone,Corporate Network,0,0
2502,0,2025-04-03 05:29:49,562.3,Change Email,True,0.0,562.3,"Berlin, Germany",Android,Home WiFi,0,0
2503,6,2025-04-03 05:38:49,17286.09,Apply for Loan,True,0.0,17286.09,"Berlin, Germany",iPhone,Corporate Network,0,0
2504,8,2025-04-03 05:59:49,15372.22,Make Purchase,True,-789.0,14583.22,"Los Angeles, USA",Android,Mobile Network,0,0
2505,9,2025-04-03 06:00:49,3799.55,Failed Login,True,0.0,3799.55,"London, UK",iPhone,Mobile Network,0,0
2506,21,2025-04-03 06:08:49,2120.28,Transfer Funds,False,-2787.0,2120.28,"London, UK",MacBook,Mobile Network,0,0
2507,60,2025-04-03 06:14:49,418.27,Change Phone,True,0.0,418.27,"Berlin, Germany",Windows Laptop,Mobile Network,0,0
2508,72,2025-04-03 08:08:49,80.39,Make Purchase,False,-97.0,80.39,"Tokyo, Japan",Linux PC,Public WiFi,0,0
2509,77,2025-04-03 11:02:49,698.34,Pay Bills,False,-2023.0,698.34,"London, UK",iPhone,Home WiFi,0,0
2510,93,2025-04-03 11:05:49,72.89,Unauthorized Transfer,False,-804.0,72.89,"Tokyo, Japan",Windows Laptop,Public WiFi,0,0
2511,0,2025-04-03 11:17:49,562.3,Request New Card,True,0.0,562.3,"New York, USA",Windows Laptop,Mobile Network,0,0
2512,6,2025-04-03 12:25:49,17286.09,Transfer Funds,True,-1683.0,15603.09,"Los Angeles, USA",Windows Laptop,Public WiFi,0,0
2513,8,2025-04-03 12:30:49,14583.22,Make Purchase,True,-337.0,14246.22,"Paris, France",iPhone,Public WiFi,0,0
2514,9,2025-04-03 12:30:49,3799.55,Failed Login,True,0.0,3799.55,"Los Angeles, USA",Android,Home WiFi,0,1
2515,21,2025-04-03 14:43:49,2120.28,Deposit Funds,True,5816.0,7936.28,"Berlin, Germany",Windows Laptop,Home WiFi,0,0
2516,60,2025-04-03 15:02:49,418.27,Request New Card,True,0.0,418.27,"New York, USA",MacBook,Public WiFi,0,0
2517,72,2025-04-03 15:47:49,80.39,Make Purchase,False,-252.0,80.39,"New York, USA",Android,Corporate Network,0,0
2518,77,2025-04-03 17:12:49,698.34,Make Purchase,True,-552.0,146.34,"Berlin, Germany",Windows Laptop,Public WiFi,0,0
2519,93,2025-04-03 17:31:49,72.89,Unauthorized Transfer,False,-9552.0,72.89,"Los Angeles, USA",iPad,Home WiFi,0,0
2520,0,2025-04-03 17:31:49,562.3,Request New Card,True,0.0,562.3,"Paris, France",iPhone,Home WiFi,0,0
2521,6,2025-04-03 20:03:49,15603.09,Apply for Credit Card,True,0.0,15603.09,"Los Angeles, USA",Windows Laptop,Public WiFi,0,0
2522,8,2025-04-03 20:33:49,14246.22,Make Purchase,True,-197.0,14049.22,"Los Angeles, USA",Windows Laptop,Mobile Network,0,0
2523,9,2025-04-03 20:50:49,3799.55,Suspicious Login,True,0.0,3799.55,"Los Angeles, USA",Android,Public WiFi,0,0
2524,21,2025-04-03 22:51:49,7936.28,Make Purchase,True,-32.0,7904.28,"New York, USA",iPhone,Mobile Network,0,1
2525,60,2025-04-03 23:07:49,418.27,Request New Card,True,0.0,418.27,"Los Angeles, USA",Windows Laptop,Home WiFi,0,0
2526,72,2025-04-03 23:44:49,80.39,Transfer Funds,False,-3215.0,80.39,"Tokyo, Japan",iPad,Mobile Network,0,0
2527,77,2025-04-04 02:32:49,146.34,Pay Bills,False,-2439.0,146.34,"New York, USA",Windows Laptop,Corporate Network,0,0
2528,93,2025-04-04 02:32:49,72.89,Unauthorized Transfer,False,-6743.0,72.89,"London, UK",iPad,Mobile Network,0,0
2529,0,2025-04-04 02:59:49,562.3,Change Email,True,0.0,562.3,"New York, USA",Windows Laptop,Public WiFi,0,0
2530,6,2025-04-04 03:38:49,15603.09,Apply for Loan,True,0.0,15603.09,"New York, USA",iPhone,Home WiFi,0,0
2531,8,2025-04-04 04:18:49,14049.22,Transfer Funds,True,-453.0,13596.22,"Berlin, Germany",Android,Home WiFi,0,0
2532,9,2025-04-04 04:47:49,3799.55,Suspicious Login,True,0.0,3799.55,"Tokyo, Japan",Windows Laptop,Home WiFi,0,0
2533,21,2025-04-04 06:12:49,7904.28,Make Purchase,True,-610.0,7294.28,"Paris, France",iPhone,Home WiFi,0,0
2534,60,2025-04-04 06:40:49,418.27,Change Phone,True,0.0,418.27,"Los Angeles, USA",iPhone,Home WiFi,0,0
2535,72,2025-04-04 07:10:49,80.39,Transfer Funds,False,-2560.0,80.39,"New York, USA",MacBook,Public WiFi,0,0
2536,77,2025-04-04 09:10:49,146.34,Pay Bills,False,-1389.0,146.34,"Berlin, Germany",iPhone,Home WiFi,0,1
2537,93,2025-04-04 09:15:49,72.89,Request New Card,True,0.0,72.89,"Paris, France",Windows Laptop,Home WiFi,0,0
2538,0,2025-04-04 09:28:49,562.3,Change Password,True,0.0,562.3,"Los Angeles, USA",Android,Mobile Network,0,0
2539,6,2025-04-04 10:45:49,15603.09,Apply for Loan,True,0.0,15603.09,"Los Angeles, USA",Android,Corporate Network,1,0
2540,8,2025-04-04 10:54:49,13596.22,Make Purchase,True,-3.0,13593.22,"Tokyo, Japan",Android,Public WiFi,0,0
2541,9,2025-04-04 11:13:49,3799.55,Suspicious Login,True,0.0,3799.55,"London, UK",Windows Laptop,Home WiFi,0,0
2542,21,2025-04-04 11:20:49,7294.28,Apply for Credit Card,True,0.0,7294.28,"Los Angeles, USA",Android,Mobile Network,0,0
2543,60,2025-04-04 11:28:49,418.27,Request New Card,True,0.0,418.27,"Berlin, Germany",MacBook,Home WiFi,0,0
2544,72,2025-04-04 12:52:49,80.39,Transfer Funds,False,-4302.0,80.39,"New York, USA",Windows Laptop,Mobile Network,1,0
2545,77,2025-04-04 15:04:49,146.34,Make Purchase,False,-194.0,146.34,"New York, USA",iPad,Public WiFi,0,0
2546,93,2025-04-04 15:10:49,72.89,Request New Card,True,0.0,72.89,"Los Angeles, USA",MacBook,Public WiFi,0,0
2547,0,2025-04-04 15:25:49,562.3,Change Password,True,0.0,562.3,"Los Angeles, USA",MacBook,Corporate Network,0,0
2548,6,2025-04-04 17:37:49,15603.09,Apply for Loan,True,0.0,15603.09,"Tokyo, Japan",iPhone,Home WiFi,0,0
2549,8,2025-04-04 20:33:49,13593.22,Deposit Funds,True,9196.0,22789.22,"London, UK",Android,Corporate Network,0,0
2550,9,2025-04-04 20:59:49,3799.55,Suspicious Login,True,0.0,3799.55,"Tokyo, Japan",Windows Laptop,Mobile Network,0,0
2551,21,2025-04-04 21:53:49,7294.28,Make Purchase,True,-495.0,6799.28,"New York, USA",Android,Public WiFi,0,0
2552,60,2025-04-04 22:15:49,418.27,Request New Card,True,0.0,418.27,"Paris, France",iPhone,Corporate Network,0,0
2553,72,2025-04-05 00:51:49,80.39,Apply for Loan,True,0.0,80.39,"New York, USA",Android,Home WiFi,0,0
2554,77,2025-04-05 02:48:49,146.34,Transfer Funds,False,-3453.0,146.34,"New York, USA",Windows Laptop,Home WiFi,0,0
2555,93,2025-04-05 02:50:49,72.89,Unauthorized Transfer,False,-2760.0,72.89,"Tokyo, Japan",MacBook,Mobile Network,0,0
2556,0,2025-04-05 03:00:49,562.3,Change Password,True,0.0,562.3,"New York, USA",iPad,Corporate Network,0,0
2557,6,2025-04-05 03:22:49,15603.09,Apply for Loan,True,0.0,15603.09,"Paris, France",Windows Laptop,Corporate Network,0,0
2558,8,2025-04-05 03:32:49,22789.22,Make Purchase,True,-836.0,21953.22,"Los Angeles, USA",iPhone,Home WiFi,0,0
2559,9,2025-04-05 03:48:49,3799.55,Change Password,True,0.0,3799.55,"Tokyo, Japan",MacBook,Public WiFi,0,0
2560,21,2025-04-05 06:12:49,6799.28,Apply for Credit Card,True,0.0,6799.28,"New York, USA",iPhone,Public WiFi,0,0
2561,60,2025-04-05 06:25:49,418.27,Unauthorized Transfer,False,-7037.0,418.27,"Paris, France",Android,Public WiFi,0,0
2562,72,2025-04-05 08:36:49,80.39,Make Purchase,False,-868.0,80.39,"Berlin, Germany",iPhone,Home WiFi,0,0
2563,77,2025-04-05 10:48:49,146.34,Make Purchase,False,-366.0,146.34,"Paris, France",iPhone,Public WiFi,1,1
2564,93,2025-04-05 11:06:49,72.89,Unauthorized Transfer,False,-9080.0,72.89,"New York, USA",iPhone,Public WiFi,0,0
2565,0,2025-04-05 11:15:49,562.3,Change Email,True,0.0,562.3,"Paris, France",Windows Laptop,Corporate Network,0,0
2566,6,2025-04-05 13:58:49,15603.09,Deposit Funds,True,8878.0,24481.09,"Los Angeles, USA",iPhone,Public WiFi,0,0
2567,8,2025-04-05 15:05:49,21953.22,Make Purchase,True,-33.0,21920.22,"Berlin, Germany",iPhone,Mobile Network,0,0
2568,9,2025-04-05 15:33:49,3799.55,Change Password,True,0.0,3799.55,"New York, USA",MacBook,Corporate Network,0,0
2569,21,2025-04-05 17:06:49,6799.28,Pay Bills,True,-2995.0,3804.28,"Los Angeles, USA",Android,Mobile Network,0,0
2570,60,2025-04-05 17:14:49,418.27,Unauthorized Transfer,False,-8508.0,418.27,"Paris, France",iPhone,Corporate Network,0,0
2571,72,2025-04-05 19:55:49,80.39,Pay Bills,False,-4156.0,80.39,"Tokyo, Japan",iPhone,Public WiFi,0,0
2572,77,2025-04-05 20:58:49,146.34,Make Purchase,False,-633.0,146.34,"Berlin, Germany",Android,Mobile Network,0,0
2573,93,2025-04-05 21:05:49,72.89,Change Email,True,0.0,72.89,"Los Angeles, USA",Android,Home WiFi,0,0
2574,0,2025-04-05 21:31:49,562.3,Change Email,True,0.0,562.3,"Paris, France",Windows Laptop,Home WiFi,0,0
2575,6,2025-04-06 00:24:49,24481.09,Make Purchase,True,-412.0,24069.09,"Tokyo, Japan",MacBook,Public WiFi,0,0
2576,8,2025-04-06 02:34:49,21920.22,Make Purchase,True,-810.0,21110.22,"Los Angeles, USA",MacBook,Home WiFi,0,0
2577,9,2025-04-06 03:01:49,3799.55,Change Phone,True,0.0,3799.55,"New York, USA",MacBook,Home WiFi,0,0
2578,21,2025-04-06 03:27:49,3804.28,Transfer Funds,True,-3491.0,313.28,"New York, USA",iPad,Home WiFi,0,0
2579,60,2025-04-06 03:56:49,418.27,Unauthorized Transfer,False,-2922.0,418.27,"New York, USA",iPhone,Public WiFi,0,0
2580,72,2025-04-06 06:01:49,80.39,Apply for Loan,True,0.0,80.39,"Paris, France",Windows Laptop,Public WiFi,0,0
2581,77,2025-04-06 07:09:49,146.34,Pay Bills,False,-4146.0,146.34,"London, UK",iPhone,Corporate Network,0,0
2582,93,2025-04-06 07:21:49,72.89,Change Email,True,0.0,72.89,"New York, USA",Android,Public WiFi,0,0
2583,0,2025-04-06 07:32:49,562.3,Change Email,True,0.0,562.3,"Tokyo, Japan",iPhone,Mobile Network,1,0
2584,6,2025-04-06 09:51:49,24069.09,Make Purchase,True,-391.0,23678.09,"New York, USA",iPhone,Corporate Network,0,0
2585,8,2025-04-06 11:51:49,21110.22,Deposit Funds,True,3593.0,24703.22,"New York, USA",iPhone,Mobile Network,0,0
2586,9,2025-04-06 12:11:49,3799.55,Request New Card,True,0.0,3799.55,"Berlin, Germany",Android,Home WiFi,0,0
2587,21,2025-04-06 12:58:49,313.28,Apply for Loan,True,0.0,313.28,"Tokyo, Japan",MacBook,Mobile Network,0,0
2588,60,2025-04-06 13:28:49,418.27,Change Phone,True,0.0,418.27,"Los Angeles, USA",iPhone,Corporate Network,0,0
2589,72,2025-04-06 15:54:49,80.39,Apply for Loan,True,0.0,80.39,"Berlin, Germany",Windows Laptop,Mobile Network,0,0
2590,77,2025-04-06 17:28:49,146.34,Make Purchase,False,-393.0,146.34,"Tokyo, Japan",Windows Laptop,Home WiFi,0,1
2591,93,2025-04-06 17:44:49,72.89,Change Email,True,0.0,72.89,"New York, USA",iPhone,Mobile Network,0,0
2592,0,2025-04-06 17:58:49,562.3,Change Email,True,0.0,562.3,"Los Angeles, USA",MacBook,Mobile Network,0,0
2593,6,2025-04-06 18:13:49,23678.09,Make Purchase,True,-107.0,23571.09,"New York, USA",iPhone,Mobile Network,1,0
2594,8,2025-04-06 19:05:49,24703.22,Make Purchase,True,-6.0,24697.22,"Berlin, Germany",Android,Home WiFi,0,0
2595,9,2025-04-06 19:30:49,3799.55,Request New Card,True,0.0,3799.55,"New York, USA",iPhone,Home WiFi,0,0
2596,21,2025-04-06 19:39:49,313.28,Apply for Credit Card,True,0.0,313.28,"Paris, France",Linux PC,Mobile Network,0,0
2597,60,2025-04-06 19:56:49,418.27,Suspicious Login,True,0.0,418.27,"Los Angeles, USA",Windows Laptop,Home WiFi,0,0
2598,72,2025-04-06 21:51:49,80.39,Apply for Credit Card,True,0.0,80.39,"New York, USA",MacBook,Home WiFi,0,0
2599,77,2025-04-06 23:19:49,146.34,Make Purchase,False,-920.0,146.34,"Los Angeles, USA",Windows Laptop,Public WiFi,0,0
2600,93,2025-04-06 23:35:49,72.89,Change Email,True,0.0,72.89,"Los Angeles, USA",iPhone,Mobile Network,0,0
2601,0,2025-04-07 00:05:49,562.3,Change Email,True,0.0,562.3,"Berlin, Germany",iPhone,Public WiFi,0,0
2602,6,2025-04-07 00:32:49,23571.09,Transfer Funds,True,-2743.0,20828.09,"New York, USA",Linux PC,Public WiFi,0,0
2603,8,2025-04-07 01:49:49,24697.22,Make Purchase,True,-733.0,23964.22,"Los Angeles, USA",iPhone,Mobile Network,0,0
2604,9,2025-04-07 02:19:49,3799.55,Unauthorized Transfer,False,-8351.0,3799.55,"New York, USA",Android,Home WiFi,0,0
2605,21,2025-04-07 03:58:49,313.28,Transfer Funds,False,-4949.0,313.28,"Berlin, Germany",Linux PC,Home WiFi,0,0
2606,60,2025-04-07 04:06:49,418.27,Change Password,True,0.0,418.27,"New York, USA",iPhone,Public WiFi,0,0
2607,72,2025-04-07 04:46:49,80.39,Transfer Funds,False,-4204.0,80.39,"Los Angeles, USA",MacBook,Mobile Network,0,0
2608,77,2025-04-07 07:27:49,146.34,Make Purchase,False,-258.0,146.34,"London, UK",Windows Laptop,Mobile Network,0,0
2609,93,2025-04-07 07:51:49,72.89,Change Phone,True,0.0,72.89,"New York, USA",iPhone,Public WiFi,0,0
2610,0,2025-04-07 07:59:49,562.3,Change Email,True,0.0,562.3,"London, UK",iPhone,Public WiFi,0,0
2611,6,2025-04-07 09:31:49,20828.09,Make Purchase,True,-477.0,20351.09,"Los Angeles, USA",Linux PC,Mobile Network,0,0
2612,8,2025-04-07 10:52:49,23964.22,Make Purchase,True,-282.0,23682.22,"Los Angeles, USA",iPhone,Public WiFi,0,0
2613,9,2025-04-07 11:10:49,3799.55,Change Phone,True,0.0,3799.55,"New York, USA",Windows Laptop,Corporate Network,0,0
2614,21,2025-04-07 13:53:49,313.28,Transfer Funds,False,-3305.0,313.28,"Los Angeles, USA",Android,Home WiFi,0,0
2615,60,2025-04-07 13:54:49,418.27,Change Password,True,0.0,418.27,"Los Angeles, USA",Android,Public WiFi,0,0
2616,72,2025-04-07 15:56:49,80.39,Deposit Funds,True,427.0,507.39,"Tokyo, Japan",Android,Home WiFi,0,0
2617,77,2025-04-07 17:44:49,146.34,Make Purchase,False,-716.0,146.34,"Tokyo, Japan",iPhone,Home WiFi,0,0
2618,93,2025-04-07 18:06:49,72.89,Change Phone,True,0.0,72.89,"New York, USA",iPhone,Public WiFi,0,1
2619,0,2025-04-07 18:08:49,562.3,Request New Card,True,0.0,562.3,"New York, USA",Windows Laptop,Public WiFi,0,0
2620,6,2025-04-07 19:52:49,20351.09,Make Purchase,True,-753.0,19598.09,"Tokyo, Japan",iPhone,Mobile Network,0,0
2621,8,2025-04-07 20:22:49,23682.22,Pay Bills,True,-4282.0,19400.22,"New York, USA",Linux PC,Public WiFi,0,0
2622,9,2025-04-07 20:34:49,3799.55,Change Email,True,0.0,3799.55,"Berlin, Germany",iPhone,Public WiFi,0,1
2623,21,2025-04-07 21:55:49,313.28,Transfer Funds,False,-3706.0,313.28,"Tokyo, Japan",iPhone,Home WiFi,0,0
2624,60,2025-04-07 21:58:49,418.27,Unauthorized Transfer,False,-6607.0,418.27,"New York, USA",MacBook,Home WiFi,0,0
2625,72,2025-04-07 22:11:49,507.39,Deposit Funds,True,1457.0,1964.39,"Los Angeles, USA",iPad,Home WiFi,0,0
2626,77,2025-04-08 00:11:49,146.34,Make Purchase,False,-236.0,146.34,"London, UK",MacBook,Home WiFi,0,0
2627,93,2025-04-08 00:38:49,72.89,Change Phone,True,0.0,72.89,"Tokyo, Japan",iPhone,Mobile Network,0,0
2628,0,2025-04-08 01:07:49,562.3,Change Email,True,0.0,562.3,"New York, USA",Windows Laptop,Public WiFi,0,0
2629,6,2025-04-08 02:44:49,19598.09,Pay Bills,True,-3226.0,16372.09,"Berlin, Germany",Android,Public WiFi,0,0
2630,8,2025-04-08 05:36:49,19400.22,Make Purchase,True,-849.0,18551.22,"Tokyo, Japan",MacBook,Home WiFi,0,0
2631,9,2025-04-08 06:05:49,3799.55,Change Email,True,0.0,3799.55,"Los Angeles, USA",Windows Laptop,Home WiFi,0,0
2632,21,2025-04-08 06:29:49,313.28,Transfer Funds,False,-3005.0,313.28,"New York, USA",iPhone,Home WiFi,1,0
2633,60,2025-04-08 06:36:49,418.27,Unauthorized Transfer,False,-8932.0,418.27,"Tokyo, Japan",MacBook,Public WiFi,0,0
2634,72,2025-04-08 06:36:49,1964.39,Make Purchase,True,-342.0,1622.39,"New York, USA",Linux PC,Mobile Network,0,0
2635,77,2025-04-08 08:25:49,146.34,Make Purchase,False,-462.0,146.34,"London, UK",MacBook,Home WiFi,0,0
2636,93,2025-04-08 08:38:49,72.89,Change Email,True,0.0,72.89,"Tokyo, Japan",MacBook,Public WiFi,0,0
2637,0,2025-04-08 09:08:49,562.3,Change Phone,True,0.0,562.3,"London, UK",MacBook,Home WiFi,0,0
2638,6,2025-04-08 09:39:49,16372.09,Transfer Funds,True,-2957.0,13415.09,"Berlin, Germany",Windows Laptop,Home WiFi,0,0
2639,8,2025-04-08 10:28:49,18551.22,Make Purchase,True,-421.0,18130.22,"Berlin, Germany",MacBook,Mobile Network,0,0
2640,9,2025-04-08 10:38:49,3799.55,Change Password,True,0.0,3799.55,"New York, USA",iPhone,Public WiFi,0,0
2641,21,2025-04-08 13:30:49,313.28,Transfer Funds,False,-2654.0,313.28,"Berlin, Germany",Android,Home WiFi,0,0
2642,60,2025-04-08 13:49:49,418.27,Unauthorized Transfer,False,-1932.0,418.27,"Los Angeles, USA",Windows Laptop,Corporate Network,0,0
2643,72,2025-04-08 15:00:49,1622.39,Apply for Credit Card,True,0.0,1622.39,"Berlin, Germany",Android,Mobile Network,0,1
2644,77,2025-04-08 15:41:49,146.34,Make Purchase,False,-889.0,146.34,"Tokyo, Japan",Android,Public WiFi,0,0
2645,93,2025-04-08 16:07:49,72.89,Change Password,True,0.0,72.89,"Berlin, Germany",MacBook,Public WiFi,0,0
2646,0,2025-04-08 16:12:49,562.3,Request New Card,True,0.0,562.3,"New York, USA",iPad,Mobile Network,0,0
2647,6,2025-04-08 17:12:49,13415.09,Transfer Funds,True,-3257.0,10158.09,"New York, USA",MacBook,Public WiFi,0,0
2648,8,2025-04-08 20:04:49,18130.22,Make Purchase,True,-786.0,17344.22,"Paris, France",Windows Laptop,Home WiFi,0,0
2649,9,2025-04-08 20:16:49,3799.55,Change Password,True,0.0,3799.55,"Los Angeles, USA",Windows Laptop,Public WiFi,0,0
2650,21,2025-04-08 20:25:49,313.28,Deposit Funds,True,98.0,411.28,"London, UK",iPhone,Public WiFi,0,0
2651,60,2025-04-08 20:39:49,418.27,Change Phone,True,0.0,418.27,"New York, USA",iPhone,Home WiFi,0,0
2652,72,2025-04-08 22:51:49,1622.39,Make Purchase,True,-433.0,1189.39,"New York, USA",Windows Laptop,Mobile Network,0,0
2653,77,2025-04-08 23:02:49,146.34,Apply for Loan,True,0.0,146.34,"London, UK",iPhone,Home WiFi,0,0
2654,93,2025-04-08 23:02:49,72.89,Change Password,True,0.0,72.89,"New York, USA",MacBook,Home WiFi,0,0
2655,0,2025-04-08 23:15:49,562.3,Request New Card,True,0.0,562.3,"New York, USA",MacBook,Home WiFi,1,0
2656,6,2025-04-08 23:24:49,10158.09,Make Purchase,True,-686.0,9472.09,"London, UK",Android,Home WiFi,0,0
2657,8,2025-04-09 00:21:49,17344.22,Make Purchase,True,-485.0,16859.22,"Los Angeles, USA",Linux PC,Public WiFi,0,0
2658,9,2025-04-09 00:26:49,3799.55,Change Password,True,0.0,3799.55,"Tokyo, Japan",iPhone,Public WiFi,0,0
2659,21,2025-04-09 03:00:49,411.28,Make Purchase,True,-395.0,16.28,"New York, USA",Android,Home WiFi,0,0
2660,60,2025-04-09 03:02:49,418.27,Change Email,True,0.0,418.27,"Tokyo, Japan",iPhone,Mobile Network,0,0
2661,72,2025-04-09 03:28:49,1189.39,Pay Bills,False,-2649.0,1189.39,"Los Angeles, USA",Android,Corporate Network,0,0
2662,77,2025-04-09 05:27:49,146.34,Invest Money,False,-39812.0,146.34,"New York, USA",iPhone,Home WiFi,0,0
2663,93,2025-04-09 05:47:49,72.89,Change Password,True,0.0,72.89,"New York, USA",MacBook,Mobile Network,0,0
2664,0,2025-04-09 06:12:49,562.3,Change Email,True,0.0,562.3,"New York, USA",Android,Home WiFi,0,0
2665,6,2025-04-09 08:03:49,9472.09,Make Purchase,True,-144.0,9328.09,"Los Angeles, USA",iPhone,Public WiFi,0,0
2666,8,2025-04-09 09:27:49,16859.22,Transfer Funds,True,-3080.0,13779.22,"Los Angeles, USA",Android,Corporate Network,0,0
2667,9,2025-04-09 09:44:49,3799.55,Change Password,True,0.0,3799.55,"New York, USA",iPhone,Home WiFi,0,0
2668,21,2025-04-09 12:00:49,16.28,Make Purchase,False,-501.0,16.28,"Berlin, Germany",iPhone,Public WiFi,0,0
2669,60,2025-04-09 12:27:49,418.27,Change Email,True,0.0,418.27,"New York, USA",Windows Laptop,Home WiFi,1,0
2670,72,2025-04-09 13:02:49,1189.39,Pay Bills,False,-1293.0,1189.39,"London, UK",Android,Public WiFi,0,0
2671,77,2025-04-09 15:14:49,146.34,Apply for Loan,True,0.0,146.34,"Tokyo, Japan",MacBook,Public WiFi,0,0
2672,93,2025-04-09 15:34:49,72.89,Suspicious Login,True,0.0,72.89,"Berlin, Germany",iPhone,Home WiFi,0,0
2673,0,2025-04-09 15:55:49,562.3,Change Phone,True,0.0,562.3,"Los Angeles, USA",iPhone,Public WiFi,0,0
2674,6,2025-04-09 16:32:49,9328.09,Make Purchase,True,-26.0,9302.09,"Los Angeles, USA",Android,Public WiFi,0,0
2675,8,2025-04-09 18:31:49,13779.22,Transfer Funds,True,-2590.0,11189.22,"Los Angeles, USA",Windows Laptop,Mobile Network,0,0
2676,9,2025-04-09 18:53:49,3799.55,Change Password,True,0.0,3799.55,"New York, USA",iPhone,Home WiFi,0,0
2677,21,2025-04-09 19:50:49,16.28,Make Purchase,False,-292.0,16.28,"London, UK",Windows Laptop,Public WiFi,0,0
2678,60,2025-04-09 19:51:49,418.27,Change Phone,True,0.0,418.27,"New York, USA",Android,Home WiFi,0,0
2679,72,2025-04-09 22:05:49,1189.39,Apply for Loan,True,0.0,1189.39,"New York, USA",MacBook,Home WiFi,0,0
2680,77,2025-04-09 23:09:49,146.34,Apply for Loan,True,0.0,146.34,"Los Angeles, USA",Android,Mobile Network,0,0
2681,93,2025-04-09 23:09:49,72.89,Suspicious Login,True,0.0,72.89,"Tokyo, Japan",iPhone,Home WiFi,0,0
2682,0,2025-04-09 23:28:49,562.3,Suspicious Login,True,0.0,562.3,"New York, USA",iPhone,Public WiFi,0,0
2683,6,2025-04-09 23:54:49,9302.09,Make Purchase,True,-822.0,8480.09,"Tokyo, Japan",iPhone,Public WiFi,0,0
2684,8,2025-04-10 01:46:49,11189.22,Transfer Funds,True,-1421.0,9768.22,"Los Angeles, USA",Android,Mobile Network,0,0
2685,9,2025-04-10 01:53:49,3799.55,Change Password,True,0.0,3799.55,"New York, USA",Windows Laptop,Home WiFi,1,0
2686,21,2025-04-10 04:35:49,16.28,Deposit Funds,True,1314.0,1330.28,"New York, USA",Linux PC,Home WiFi,0,0
2687,60,2025-04-10 04:46:49,418.27,Change Phone,True,0.0,418.27,"New York, USA",iPhone,Public WiFi,0,0
2688,72,2025-04-10 06:45:49,1189.39,Invest Money,False,-48030.0,1189.39,"Tokyo, Japan",Android,Public WiFi,1,0
2689,77,2025-04-10 08:48:49,146.34,Apply for Loan,True,0.0,146.34,"Los Angeles, USA",Windows Laptop,Corporate Network,0,0
2690,93,2025-04-10 09:06:49,72.89,Suspicious Login,True,0.0,72.89,"London, UK",iPhone,Mobile Network,0,0
2691,0,2025-04-10 09:20:49,562.3,Change Password,True,0.0,562.3,"London, UK",Windows Laptop,Public WiFi,0,0
2692,6,2025-04-10 10:03:49,8480.09,Pay Bills,True,-2021.0,6459.09,"Los Angeles, USA",iPhone,Public WiFi,0,0
2693,8,2025-04-10 12:42:49,9768.22,Deposit Funds,True,7452.0,17220.22,"New York, USA",Android,Home WiFi,0,0
2694,9,2025-04-10 12:48:49,3799.55,Change Password,True,0.0,3799.55,"Los Angeles, USA",Linux PC,Public WiFi,0,0
2695,21,2025-04-10 14:24:49,1330.28,Close Account,True,0.0,1330.28,"Los Angeles, USA",MacBook,Home WiFi,0,0
2696,60,2025-04-10 14:33:49,418.27,Change Phone,True,0.0,418.27,"Tokyo, Japan",iPhone,Public WiFi,0,0
2697,72,2025-04-10 15:19:49,1189.39,Invest Money,False,-38599.0,1189.39,"New York, USA",Windows Laptop,Public WiFi,0,0
2698,77,2025-04-10 17:10:49,146.34,Deposit Funds,True,44.0,190.34,"Tokyo, Japan",iPhone,Public WiFi,0,1
2699,93,2025-04-10 17:29:49,72.89,Suspicious Login,True,0.0,72.89,"Los Angeles, USA",iPad,Public WiFi,0,0
2700,0,2025-04-10 17:31:49,562.3,Suspicious Login,True,0.0,562.3,"New York, USA",iPad,Home WiFi,0,0
2701,6,2025-04-10 18:29:49,6459.09,Transfer Funds,True,-3782.0,2677.09,"London, UK",Android,Public WiFi,0,0
2702,8,2025-04-10 19:25:49,17220.22,Make Purchase,True,-355.0,16865.22,"London, UK",iPhone,Home WiFi,0,0
2703,9,2025-04-10 19:27:49,3799.55,Change Email,True,0.0,3799.55,"Berlin, Germany",iPad,Corporate Network,0,0
2704,60,2025-04-10 19:40:49,418.27,Change Email,True,0.0,418.27,"New York, USA",Android,Public WiFi,0,0
2705,72,2025-04-10 20:39:49,1189.39,Transfer Funds,False,-3870.0,1189.39,"Berlin, Germany",MacBook,Public WiFi,0,0
2706,77,2025-04-10 21:02:49,190.34,Review activityments,True,0.0,190.34,"Los Angeles, USA",Windows Laptop,Mobile Network,0,0
2707,93,2025-04-10 21:22:49,72.89,Suspicious Login,True,0.0,72.89,"Tokyo, Japan",MacBook,Mobile Network,0,0
2708,0,2025-04-10 21:39:49,562.3,Change Password,True,0.0,562.3,"New York, USA",Windows Laptop,Mobile Network,1,0
2709,6,2025-04-11 00:14:49,2677.09,Transfer Funds,False,-4341.0,2677.09,"New York, USA",Android,Home WiFi,0,0
2710,8,2025-04-11 01:38:49,16865.22,Pay Bills,True,-1679.0,15186.22,"Los Angeles, USA",Android,Home WiFi,0,0
2711,9,2025-04-11 01:48:49,3799.55,Change Phone,True,0.0,3799.55,"Tokyo, Japan",Linux PC,Home WiFi,0,0
2712,60,2025-04-11 02:14:49,418.27,Change Password,True,0.0,418.27,"Berlin, Germany",MacBook,Home WiFi,0,0
2713,72,2025-04-11 04:11:49,1189.39,Make Purchase,True,-441.0,748.39,"New York, USA",Android,Public WiFi,0,0
2714,77,2025-04-11 04:44:49,190.34,Make Purchase,False,-380.0,190.34,"New York, USA",Windows Laptop,Home WiFi,0,0
2715,93,2025-04-11 04:52:49,72.89,Change Email,True,0.0,72.89,"Los Angeles, USA",MacBook,Home WiFi,0,0
2716,0,2025-04-11 04:58:49,562.3,Change Password,True,0.0,562.3,"Los Angeles, USA",Android,Home WiFi,0,0
2717,6,2025-04-11 06:22:49,2677.09,Make Purchase,True,-753.0,1924.09,"New York, USA",Android,Mobile Network,0,0
2718,8,2025-04-11 07:20:49,15186.22,Pay Bills,True,-3845.0,11341.22,"New York, USA",Android,Public WiFi,0,0
2719,9,2025-04-11 07:50:49,3799.55,Change Password,True,0.0,3799.55,"Los Angeles, USA",Android,Home WiFi,0,0
2720,60,2025-04-11 07:56:49,418.27,Change Password,True,0.0,418.27,"New York, USA",iPhone,Home WiFi,0,0
2721,72,2025-04-11 10:03:49,748.39,Make Purchase,True,-29.0,719.39,"Tokyo, Japan",Windows Laptop,Home WiFi,0,0
2722,77,2025-04-11 12:03:49,190.34,Make Purchase,False,-889.0,190.34,"Los Angeles, USA",Android,Mobile Network,0,0
2723,93,2025-04-11 12:08:49,72.89,Change Email,True,0.0,72.89,"New York, USA",Android,Corporate Network,0,0
2724,0,2025-04-11 12:37:49,562.3,Change Password,True,0.0,562.3,"Berlin, Germany",iPhone,Home WiFi,0,0
2725,6,2025-04-11 13:53:49,1924.09,Apply for Credit Card,True,0.0,1924.09,"Tokyo, Japan",iPhone,Home WiFi,0,0
2726,8,2025-04-11 15:37:49,11341.22,Pay Bills,True,-4688.0,6653.22,"Tokyo, Japan",Windows Laptop,Public WiFi,0,0
2727,9,2025-04-11 15:57:49,3799.55,Change Password,True,0.0,3799.55,"Los Angeles, USA",MacBook,Mobile Network,1,0
2728,60,2025-04-11 16:00:49,418.27,Change Phone,True,0.0,418.27,"London, UK",Android,Mobile Network,0,0
2729,72,2025-04-11 17:44:49,719.39,Pay Bills,False,-1901.0,719.39,"Los Angeles, USA",iPhone,Public WiFi,0,0
2730,77,2025-04-11 18:29:49,190.34,Deposit Funds,True,919.0,1109.34,"Tokyo, Japan",iPhone,Home WiFi,0,0
2731,93,2025-04-11 18:39:49,72.89,Change Email,True,0.0,72.89,"Tokyo, Japan",Android,Mobile Network,0,0
2732,0,2025-04-11 18:58:49,562.3,Change Email,True,0.0,562.3,"Paris, France",Android,Mobile Network,1,0
2733,6,2025-04-11 19:45:49,1924.09,Make Purchase,True,-503.0,1421.09,"New York, USA",Android,Mobile Network,0,0
2734,8,2025-04-11 21:33:49,6653.22,Pay Bills,True,-88.0,6565.22,"Paris, France",iPad,Mobile Network,0,0
2735,9,2025-04-11 21:39:49,3799.55,Suspicious Login,True,0.0,3799.55,"Berlin, Germany",MacBook,Home WiFi,0,0
2736,60,2025-04-11 21:57:49,418.27,Change Phone,True,0.0,418.27,"Los Angeles, USA",MacBook,Corporate Network,1,0
2737,72,2025-04-12 00:05:49,719.39,Pay Bills,False,-2908.0,719.39,"Berlin, Germany",iPhone,Public WiFi,0,0
2738,77,2025-04-12 01:23:49,1109.34,Deposit Funds,True,6288.0,7397.34,"New York, USA",iPhone,Public WiFi,0,0
2739,93,2025-04-12 01:31:49,72.89,Change Email,True,0.0,72.89,"Berlin, Germany",iPhone,Mobile Network,0,0
2740,0,2025-04-12 01:57:49,562.3,Request New Card,True,0.0,562.3,"Berlin, Germany",iPhone,Public WiFi,0,0
2741,6,2025-04-12 03:31:49,1421.09,Deposit Funds,True,534.0,1955.09,"London, UK",MacBook,Mobile Network,0,0
2742,8,2025-04-12 05:20:49,6565.22,Deposit Funds,True,4339.0,10904.22,"New York, USA",Android,Home WiFi,0,0
2743,9,2025-04-12 05:22:49,3799.55,Failed Login,True,0.0,3799.55,"New York, USA",MacBook,Home WiFi,0,0
2744,60,2025-04-12 05:23:49,418.27,Change Phone,True,0.0,418.27,"Paris, France",iPhone,Home WiFi,0,0
2745,72,2025-04-12 06:13:49,719.39,Pay Bills,False,-3746.0,719.39,"Berlin, Germany",iPhone,Public WiFi,0,0
2746,77,2025-04-12 09:11:49,7397.34,Deposit Funds,True,4900.0,12297.34,"Los Angeles, USA",Android,Mobile Network,0,0
2747,93,2025-04-12 09:31:49,72.89,Change Email,True,0.0,72.89,"Paris, France",Windows Laptop,Home WiFi,0,0
2748,0,2025-04-12 10:01:49,562.3,Request New Card,True,0.0,562.3,"New York, USA",Windows Laptop,Home WiFi,0,1
2749,6,2025-04-12 12:57:49,1955.09,Deposit Funds,True,1207.0,3162.09,"London, UK",Windows Laptop,Mobile Network,0,0
2750,8,2025-04-12 15:02:49,10904.22,Review activityments,True,0.0,10904.22,"Berlin, Germany",Android,Home WiFi,0,0
2751,9,2025-04-12 15:09:49,3799.55,Failed Login,True,0.0,3799.55,"New York, USA",Android,Corporate Network,0,0
2752,60,2025-04-12 15:19:49,418.27,Request New Card,True,0.0,418.27,"London, UK",Android,Mobile Network,0,0
2753,72,2025-04-12 16:50:49,719.39,Make Purchase,True,-30.0,689.39,"New York, USA",Android,Mobile Network,0,0
2754,77,2025-04-12 18:32:49,12297.34,Deposit Funds,True,138.0,12435.34,"New York, USA",iPhone,Mobile Network,0,0
2755,93,2025-04-12 18:54:49,72.89,Change Email,True,0.0,72.89,"Tokyo, Japan",MacBook,Public WiFi,0,0
2756,0,2025-04-12 19:07:49,562.3,Request New Card,True,0.0,562.3,"Berlin, Germany",Windows Laptop,Home WiFi,0,0
2757,6,2025-04-12 20:02:49,3162.09,Transfer Funds,True,-822.0,2340.09,"Paris, France",iPhone,Public WiFi,0,0
2758,8,2025-04-12 20:41:49,10904.22,Review activityments,True,0.0,10904.22,"Los Angeles, USA",MacBook,Home WiFi,0,0
2759,9,2025-04-12 20:46:49,3799.55,Suspicious Login,True,0.0,3799.55,"Tokyo, Japan",Windows Laptop,Home WiFi,0,0
2760,60,2025-04-12 20:58:49,418.27,Change Phone,True,0.0,418.27,"Berlin, Germany",Windows Laptop,Home WiFi,0,0
2761,72,2025-04-12 22:01:49,689.39,Pay Bills,False,-1813.0,689.39,"Los Angeles, USA",Windows Laptop,Home WiFi,0,0
2762,77,2025-04-13 00:08:49,12435.34,Review activityments,True,0.0,12435.34,"Los Angeles, USA",MacBook,Public WiFi,0,0
2763,93,2025-04-13 00:31:49,72.89,Change Phone,True,0.0,72.89,"London, UK",Windows Laptop,Public WiFi,0,0
2764,0,2025-04-13 00:48:49,562.3,Request New Card,True,0.0,562.3,"London, UK",Android,Mobile Network,0,0
2765,6,2025-04-13 01:15:49,2340.09,Transfer Funds,True,-1123.0,1217.09,"London, UK",Windows Laptop,Home WiFi,0,0
2766,8,2025-04-13 01:52:49,10904.22,Review activityments,True,0.0,10904.22,"London, UK",Android,Mobile Network,0,0
2767,9,2025-04-13 02:11:49,3799.55,Suspicious Login,True,0.0,3799.55,"New York, USA",iPhone,Home WiFi,0,0
2768,60,2025-04-13 02:16:49,418.27,Change Phone,True,0.0,418.27,"Los Angeles, USA",iPhone,Home WiFi,0,0
2769,72,2025-04-13 03:31:49,689.39,Make Purchase,True,-142.0,547.39,"Tokyo, Japan",Android,Corporate Network,0,0
2770,77,2025-04-13 03:31:49,12435.34,Close Account,True,0.0,12435.34,"Los Angeles, USA",Windows Laptop,Home WiFi,0,0
2771,93,2025-04-13 03:34:49,72.89,Change Phone,True,0.0,72.89,"Los Angeles, USA",MacBook,Public WiFi,0,0
2772,0,2025-04-13 03:38:49,562.3,Request New Card,True,0.0,562.3,"New York, USA",iPhone,Public WiFi,0,0
2773,6,2025-04-13 05:15:49,1217.09,Pay Bills,False,-4679.0,1217.09,"New York, USA",Android,Mobile Network,0,0
2774,8,2025-04-13 07:25:49,10904.22,Transfer Funds,True,-714.0,10190.22,"Los Angeles, USA",Windows Laptop,Mobile Network,0,0
2775,9,2025-04-13 07:27:49,3799.55,Suspicious Login,True,0.0,3799.55,"London, UK",Windows Laptop,Home WiFi,0,0
2776,60,2025-04-13 07:41:49,418.27,Change Phone,True,0.0,418.27,"Tokyo, Japan",iPad,Home WiFi,0,0
2777,72,2025-04-13 08:45:49,547.39,Make Purchase,True,-343.0,204.39,"New York, USA",Android,Public WiFi,0,0
2778,93,2025-04-13 09:13:49,72.89,Change Phone,True,0.0,72.89,"London, UK",iPhone,Home WiFi,0,0
2779,0,2025-04-13 09:27:49,562.3,Change Phone,True,0.0,562.3,"London, UK",Linux PC,Home WiFi,0,0
2780,6,2025-04-13 12:11:49,1217.09,Pay Bills,True,-1064.0,153.09,"Los Angeles, USA",Android,Public WiFi,0,0
2781,8,2025-04-13 12:45:49,10190.22,Pay Bills,True,-3604.0,6586.22,"Paris, France",Windows Laptop,Public WiFi,0,0
2782,9,2025-04-13 12:56:49,3799.55,Suspicious Login,True,0.0,3799.55,"New York, USA",iPhone,Mobile Network,0,0
2783,60,2025-04-13 13:00:49,418.27,Change Email,True,0.0,418.27,"Berlin, Germany",Android,Corporate Network,0,0
2784,72,2025-04-13 13:29:49,204.39,Make Purchase,False,-313.0,204.39,"New York, USA",Windows Laptop,Home WiFi,1,0
2785,93,2025-04-13 13:53:49,72.89,Change Password,True,0.0,72.89,"Berlin, Germany",Windows Laptop,Public WiFi,0,0
2786,0,2025-04-13 13:59:49,562.3,Suspicious Login,True,0.0,562.3,"New York, USA",iPad,Mobile Network,0,0
2787,6,2025-04-13 16:57:49,153.09,Make Purchase,False,-311.0,153.09,"London, UK",Android,Home WiFi,0,0
2788,8,2025-04-13 17:18:49,6586.22,Pay Bills,True,-738.0,5848.22,"Tokyo, Japan",iPhone,Corporate Network,0,0
2789,9,2025-04-13 17:28:49,3799.55,Failed Login,True,0.0,3799.55,"New York, USA",Linux PC,Public WiFi,0,0
2790,60,2025-04-13 17:31:49,418.27,Suspicious Login,True,0.0,418.27,"New York, USA",Android,Corporate Network,0,0
2791,72,2025-04-13 19:02:49,204.39,Pay Bills,True,-17.0,187.39,"Tokyo, Japan",iPhone,Mobile Network,0,0
2792,93,2025-04-13 19:29:49,72.89,Change Email,True,0.0,72.89,"Berlin, Germany",Windows Laptop,Home WiFi,0,0
2793,0,2025-04-13 19:53:49,562.3,Change Password,True,0.0,562.3,"New York, USA",MacBook,Mobile Network,0,1
2794,6,2025-04-13 20:57:49,153.09,Make Purchase,False,-507.0,153.09,"New York, USA",MacBook,Home WiFi,0,0
2795,8,2025-04-13 21:16:49,5848.22,Make Purchase,True,-344.0,5504.22,"Paris, France",MacBook,Public WiFi,0,0
2796,9,2025-04-13 21:28:49,3799.55,Failed Login,True,0.0,3799.55,"New York, USA",iPhone,Home WiFi,0,0
2797,60,2025-04-13 21:36:49,418.27,Change Password,True,0.0,418.27,"London, UK",iPhone,Public WiFi,0,0
2798,72,2025-04-13 22:36:49,187.39,Deposit Funds,True,8899.0,9086.39,"Tokyo, Japan",Windows Laptop,Public WiFi,1,0
2799,93,2025-04-13 22:46:49,72.89,Change Phone,True,0.0,72.89,"Paris, France",iPhone,Home WiFi,0,0
2800,0,2025-04-13 23:15:49,562.3,Change Password,True,0.0,562.3,"Los Angeles, USA",iPhone,Public WiFi,0,0
2801,6,2025-04-14 00:46:49,153.09,Make Purchase,False,-362.0,153.09,"London, UK",Android,Home WiFi,0,0
2802,8,2025-04-14 02:05:49,5504.22,Make Purchase,True,-833.0,4671.22,"Los Angeles, USA",Android,Mobile Network,0,0
2803,9,2025-04-14 02:29:49,3799.55,Failed Login,True,0.0,3799.55,"Berlin, Germany",Android,Public WiFi,0,0
2804,60,2025-04-14 02:43:49,418.27,Change Phone,True,0.0,418.27,"Paris, France",Android,Mobile Network,0,0
2805,72,2025-04-14 04:33:49,9086.39,Deposit Funds,True,4313.0,13399.39,"New York, USA",iPhone,Public WiFi,0,0
2806,93,2025-04-14 04:46:49,72.89,Unauthorized Transfer,False,-7712.0,72.89,"New York, USA",MacBook,Mobile Network,0,0
2807,0,2025-04-14 05:12:49,562.3,Change Email,True,0.0,562.3,"New York, USA",MacBook,Public WiFi,0,0
2808,6,2025-04-14 06:10:49,153.09,Deposit Funds,True,4422.0,4575.09,"New York, USA",MacBook,Corporate Network,0,0
2809,8,2025-04-14 07:08:49,4671.22,Make Purchase,True,-25.0,4646.22,"New York, USA",Android,Public WiFi,0,0
2810,9,2025-04-14 07:10:49,3799.55,Suspicious Login,True,0.0,3799.55,"New York, USA",Windows Laptop,Home WiFi,0,0
2811,60,2025-04-14 07:34:49,418.27,Change Phone,True,0.0,418.27,"Tokyo, Japan",iPhone,Public WiFi,0,0
2812,72,2025-04-14 09:05:49,13399.39,Deposit Funds,True,5783.0,19182.39,"Los Angeles, USA",iPhone,Public WiFi,0,0
2813,93,2025-04-14 09:12:49,72.89,Unauthorized Transfer,False,-2505.0,72.89,"New York, USA",MacBook,Mobile Network,0,0
2814,0,2025-04-14 09:37:49,562.3,Change Phone,True,0.0,562.3,"New York, USA",Android,Home WiFi,0,0
2815,6,2025-04-14 09:49:49,4575.09,Transfer Funds,True,-3497.0,1078.09,"London, UK",iPhone,Home WiFi,0,0
2816,8,2025-04-14 12:21:49,4646.22,Deposit Funds,True,3639.0,8285.22,"Los Angeles, USA",Windows Laptop,Home WiFi,0,0
2817,9,2025-04-14 12:25:49,3799.55,Failed Login,True,0.0,3799.55,"Los Angeles, USA",Android,Mobile Network,0,0
2818,60,2025-04-14 12:44:49,418.27,Change Email,True,0.0,418.27,"London, UK",Linux PC,Mobile Network,0,0
2819,72,2025-04-14 15:25:49,19182.39,Make Purchase,True,-645.0,18537.39,"London, UK",Windows Laptop,Mobile Network,0,0
2820,93,2025-04-14 15:35:49,72.89,Unauthorized Transfer,False,-1987.0,72.89,"Tokyo, Japan",Android,Home WiFi,0,1
2821,0,2025-04-14 16:00:49,562.3,Change Phone,True,0.0,562.3,"London, UK",Android,Public WiFi,1,0
2822,6,2025-04-14 16:18:49,1078.09,Make Purchase,True,-7.0,1071.09,"Paris, France",Linux PC,Public WiFi,0,0
2823,8,2025-04-14 17:18:49,8285.22,Pay Bills,True,-2669.0,5616.22,"Los Angeles, USA",Android,Public WiFi,0,0
2824,9,2025-04-14 17:25:49,3799.55,Failed Login,True,0.0,3799.55,"Berlin, Germany",Android,Mobile Network,0,1
2825,60,2025-04-14 17:52:49,418.27,Change Password,True,0.0,418.27,"New York, USA",Android,Home WiFi,0,0
2826,72,2025-04-14 19:48:49,18537.39,Pay Bills,True,-1731.0,16806.39,"Paris, France",iPhone,Public WiFi,0,0
2827,93,2025-04-14 19:59:49,72.89,Unauthorized Transfer,False,-588.0,72.89,"Tokyo, Japan",Windows Laptop,Home WiFi,0,0
2828,0,2025-04-14 20:26:49,562.3,Change Phone,True,0.0,562.3,"Los Angeles, USA",Android,Mobile Network,0,0
2829,6,2025-04-14 22:06:49,1071.09,Deposit Funds,True,1928.0,2999.09,"New York, USA",Android,Mobile Network,0,0
2830,8,2025-04-15 00:45:49,5616.22,Make Purchase,True,-732.0,4884.22,"New York, USA",Android,Mobile Network,0,0
2831,9,2025-04-15 01:03:49,3799.55,Failed Login,True,0.0,3799.55,"New York, USA",Android,Home WiFi,0,0
2832,60,2025-04-15 01:13:49,418.27,Change Password,True,0.0,418.27,"Los Angeles, USA",Linux PC,Mobile Network,0,0
2833,72,2025-04-15 02:29:49,16806.39,Pay Bills,True,-1973.0,14833.39,"Los Angeles, USA",iPad,Public WiFi,0,0
2834,93,2025-04-15 02:48:49,72.89,Unauthorized Transfer,False,-6313.0,72.89,"New York, USA",iPad,Home WiFi,0,0
2835,0,2025-04-15 02:52:49,562.3,Change Email,True,0.0,562.3,"Tokyo, Japan",Windows Laptop,Mobile Network,0,0
2836,6,2025-04-15 05:24:49,2999.09,Deposit Funds,True,9391.0,12390.09,"London, UK",Linux PC,Home WiFi,0,0
2837,8,2025-04-15 07:04:49,4884.22,Transfer Funds,True,-2669.0,2215.22,"New York, USA",iPhone,Public WiFi,0,0
2838,9,2025-04-15 07:16:49,3799.55,Failed Login,True,0.0,3799.55,"Los Angeles, USA",MacBook,Public WiFi,0,0
2839,60,2025-04-15 07:39:49,418.27,Request New Card,True,0.0,418.27,"New York, USA",Linux PC,Public WiFi,1,0
2840,72,2025-04-15 10:29:49,14833.39,Deposit Funds,True,1217.0,16050.39,"Tokyo, Japan",MacBook,Public WiFi,0,0
2841,93,2025-04-15 10:45:49,72.89,Unauthorized Transfer,False,-7661.0,72.89,"Tokyo, Japan",Windows Laptop,Public WiFi,0,0
2842,0,2025-04-15 10:51:49,562.3,Change Password,True,0.0,562.3,"Los Angeles, USA",iPhone,Mobile Network,0,0
2843,6,2025-04-15 11:02:49,12390.09,Make Purchase,True,-621.0,11769.09,"Tokyo, Japan",Android,Public WiFi,0,0
2844,8,2025-04-15 12:30:49,2215.22,Make Purchase,True,-679.0,1536.22,"New York, USA",MacBook,Home WiFi,1,0
2845,9,2025-04-15 12:57:49,3799.55,Suspicious Login,True,0.0,3799.55,"London, UK",Windows Laptop,Public WiFi,0,0
2846,60,2025-04-15 13:16:49,418.27,Change Phone,True,0.0,418.27,"Los Angeles, USA",Linux PC,Home WiFi,0,0
2847,72,2025-04-15 15:37:49,16050.39,Deposit Funds,True,5829.0,21879.39,"New York, USA",Windows Laptop,Home WiFi,0,0
2848,93,2025-04-15 15:41:49,72.89,Close Account,True,0.0,72.89,"London, UK",Android,Home WiFi,0,0
2849,0,2025-04-15 16:07:49,562.3,Change Password,True,0.0,562.3,"New York, USA",iPhone,Corporate Network,0,0
2850,6,2025-04-15 17:47:49,11769.09,Make Purchase,True,-148.0,11621.09,"Paris, France",Android,Home WiFi,0,0
2851,8,2025-04-15 20:22:49,1536.22,Pay Bills,True,-516.0,1020.22,"Tokyo, Japan",iPhone,Home WiFi,0,0
2852,9,2025-04-15 20:31:49,3799.55,Suspicious Login,True,0.0,3799.55,"New York, USA",Android,Public WiFi,0,0
2853,60,2025-04-15 20:45:49,418.27,Change Phone,True,0.0,418.27,"New York, USA",Android,Public WiFi,0,0
2854,72,2025-04-15 22:01:49,21879.39,Make Purchase,True,-768.0,21111.39,"New York, USA",MacBook,Home WiFi,0,0
2855,0,2025-04-15 22:05:49,562.3,Change Email,True,0.0,562.3,"New York, USA",iPhone,Home WiFi,0,0
2856,6,2025-04-15 23:06:49,11621.09,Apply for Credit Card,True,0.0,11621.09,"New York, USA",MacBook,Home WiFi,0,0
2857,8,2025-04-16 01:32:49,1020.22,Make Purchase,True,-628.0,392.22,"Los Angeles, USA",iPad,Corporate Network,0,0
2858,9,2025-04-16 02:02:49,3799.55,Change Password,True,0.0,3799.55,"Tokyo, Japan",iPhone,Corporate Network,0,0
2859,60,2025-04-16 02:31:49,418.27,Change Password,True,0.0,418.27,"New York, USA",iPhone,Mobile Network,0,1
2860,72,2025-04-16 03:48:49,21111.39,Make Purchase,True,-487.0,20624.39,"Paris, France",iPhone,Home WiFi,0,1
2861,0,2025-04-16 03:54:49,562.3,Change Email,True,0.0,562.3,"Los Angeles, USA",Windows Laptop,Home WiFi,1,0
2862,6,2025-04-16 06:23:49,11621.09,Make Purchase,True,-239.0,11382.09,"New York, USA",Android,Home WiFi,0,0
2863,8,2025-04-16 08:52:49,392.22,Pay Bills,False,-4516.0,392.22,"New York, USA",MacBook,Public WiFi,0,0
2864,9,2025-04-16 09:04:49,3799.55,Change Password,True,0.0,3799.55,"New York, USA",iPhone,Home WiFi,0,0
2865,60,2025-04-16 09:13:49,418.27,Change Password,True,0.0,418.27,"Los Angeles, USA",iPhone,Public WiFi,0,1
2866,72,2025-04-16 09:19:49,20624.39,Pay Bills,True,-704.0,19920.39,"Paris, France",Android,Public WiFi,0,0
2867,0,2025-04-16 09:32:49,562.3,Change Email,True,0.0,562.3,"New York, USA",Windows Laptop,Public WiFi,1,0
2868,6,2025-04-16 09:49:49,11382.09,Make Purchase,True,-288.0,11094.09,"Tokyo, Japan",Windows Laptop,Home WiFi,0,0
2869,8,2025-04-16 09:54:49,392.22,Pay Bills,False,-3968.0,392.22,"New York, USA",Android,Public WiFi,0,0
2870,9,2025-04-16 09:58:49,3799.55,Change Phone,True,0.0,3799.55,"New York, USA",Android,Mobile Network,0,0
2871,60,2025-04-16 10:20:49,418.27,Change Phone,True,0.0,418.27,"New York, USA",MacBook,Home WiFi,0,0
2872,72,2025-04-16 11:53:49,19920.39,Make Purchase,True,-852.0,19068.39,"New York, USA",iPhone,Home WiFi,0,0
2873,0,2025-04-16 12:18:49,562.3,Change Phone,True,0.0,562.3,"London, UK",MacBook,Home WiFi,0,0
2874,6,2025-04-16 12:54:49,11094.09,Transfer Funds,True,-2200.0,8894.09,"Tokyo, Japan",iPhone,Home WiFi,0,0
2875,8,2025-04-16 15:05:49,392.22,Deposit Funds,True,5253.0,5645.22,"New York, USA",iPhone,Mobile Network,0,0
2876,9,2025-04-16 15:08:49,3799.55,Change Phone,True,0.0,3799.55,"New York, USA",Android,Mobile Network,0,0
2877,60,2025-04-16 15:32:49,418.27,Change Password,True,0.0,418.27,"New York, USA",Android,Mobile Network,0,0
2878,72,2025-04-16 17:19:49,19068.39,Apply for Credit Card,True,0.0,19068.39,"London, UK",iPhone,Home WiFi,1,0
2879,0,2025-04-16 17:41:49,562.3,Change Phone,True,0.0,562.3,"London, UK",MacBook,Mobile Network,0,0
2880,6,2025-04-16 18:16:49,8894.09,Make Purchase,True,-809.0,8085.09,"Berlin, Germany",Android,Home WiFi,0,0
2881,8,2025-04-16 20:16:49,5645.22,Make Purchase,True,-852.0,4793.22,"Berlin, Germany",iPhone,Public WiFi,0,0
2882,9,2025-04-16 20:20:49,3799.55,Change Email,True,0.0,3799.55,"New York, USA",MacBook,Home WiFi,0,0
2883,60,2025-04-16 20:47:49,418.27,Change Password,True,0.0,418.27,"London, UK",Android,Public WiFi,0,0
2884,72,2025-04-16 23:07:49,19068.39,Pay Bills,True,-3827.0,15241.39,"New York, USA",Android,Mobile Network,0,0
2885,0,2025-04-16 23:13:49,562.3,Change Email,True,0.0,562.3,"New York, USA",Android,Home WiFi,0,0
2886,6,2025-04-17 01:35:49,8085.09,Pay Bills,True,-3101.0,4984.09,"New York, USA",Windows Laptop,Home WiFi,0,0
2887,8,2025-04-17 03:49:49,4793.22,Pay Bills,True,-380.0,4413.22,"Tokyo, Japan",Android,Public WiFi,0,0
2888,9,2025-04-17 04:04:49,3799.55,Change Email,True,0.0,3799.55,"New York, USA",iPhone,Home WiFi,0,0
2889,60,2025-04-17 04:11:49,418.27,Change Password,True,0.0,418.27,"New York, USA",Linux PC,Mobile Network,0,0
2890,72,2025-04-17 06:24:49,15241.39,Pay Bills,True,-4249.0,10992.39,"Tokyo, Japan",Windows Laptop,Public WiFi,0,0
2891,0,2025-04-17 06:36:49,562.3,Change Email,True,0.0,562.3,"Paris, France",Windows Laptop,Public WiFi,0,0
2892,6,2025-04-17 07:10:49,4984.09,Pay Bills,True,-1522.0,3462.09,"Paris, France",MacBook,Home WiFi,0,0
2893,8,2025-04-17 10:01:49,4413.22,Apply for Loan,True,0.0,4413.22,"New York, USA",Android,Home WiFi,0,0
2894,9,2025-04-17 10:22:49,3799.55,Change Email,True,0.0,3799.55,"Paris, France",MacBook,Home WiFi,0,0
2895,60,2025-04-17 10:32:49,418.27,Change Email,True,0.0,418.27,"New York, USA",Android,Public WiFi,0,0
2896,72,2025-04-17 12:02:49,10992.39,Pay Bills,True,-1024.0,9968.39,"New York, USA",iPhone,Mobile Network,0,0
2897,0,2025-04-17 12:20:49,562.3,Change Email,True,0.0,562.3,"London, UK",Windows Laptop,Corporate Network,0,0
2898,6,2025-04-17 13:06:49,3462.09,Pay Bills,True,-2483.0,979.09,"Tokyo, Japan",iPhone,Home WiFi,0,0
2899,8,2025-04-17 13:34:49,4413.22,Make Purchase,True,-201.0,4212.22,"London, UK",iPhone,Home WiFi,0,0
2900,9,2025-04-17 13:36:49,3799.55,Change Email,True,0.0,3799.55,"Berlin, Germany",iPad,Home WiFi,0,0
2901,60,2025-04-17 13:40:49,418.27,Suspicious Login,True,0.0,418.27,"New York, USA",Linux PC,Mobile Network,0,0
2902,72,2025-04-17 15:00:49,9968.39,Make Purchase,True,-581.0,9387.39,"Berlin, Germany",Android,Home WiFi,0,0
2903,0,2025-04-17 15:20:49,562.3,Change Email,True,0.0,562.3,"New York, USA",Android,Home WiFi,0,0
2904,6,2025-04-17 17:24:49,979.09,Apply for Credit Card,True,0.0,979.09,"Los Angeles, USA",iPhone,Mobile Network,0,0
2905,8,2025-04-17 18:03:49,4212.22,Make Purchase,True,-511.0,3701.22,"Tokyo, Japan",iPhone,Mobile Network,0,0
2906,9,2025-04-17 18:12:49,3799.55,Change Email,True,0.0,3799.55,"Tokyo, Japan",iPad,Mobile Network,0,0
2907,60,2025-04-17 18:29:49,418.27,Suspicious Login,True,0.0,418.27,"Paris, France",iPhone,Home WiFi,0,0
2908,72,2025-04-17 20:05:49,9387.39,Transfer Funds,True,-3382.0,6005.39,"New York, USA",Windows Laptop,Home WiFi,0,0
2909,0,2025-04-17 20:33:49,562.3,Unauthorized Transfer,False,-7605.0,562.3,"New York, USA",Windows Laptop,Home WiFi,0,0
2910,6,2025-04-17 21:27:49,979.09,Transfer Funds,False,-2671.0,979.09,"Los Angeles, USA",Windows Laptop,Mobile Network,0,0
2911,8,2025-04-17 22:51:49,3701.22,Make Purchase,True,-160.0,3541.22,"New York, USA",iPhone,Public WiFi,0,0
2912,9,2025-04-17 23:01:49,3799.55,Change Phone,True,0.0,3799.55,"New York, USA",Android,Home WiFi,0,0
2913,60,2025-04-17 23:31:49,418.27,Unauthorized Transfer,False,-6529.0,418.27,"New York, USA",iPhone,Public WiFi,0,0
2914,72,2025-04-17 23:55:49,6005.39,Pay Bills,True,-903.0,5102.39,"Paris, France",Windows Laptop,Home WiFi,0,0
2915,0,2025-04-17 23:58:49,562.3,Unauthorized Transfer,False,-4766.0,562.3,"Los Angeles, USA",iPhone,Public WiFi,0,1
2916,6,2025-04-18 01:38:49,979.09,Transfer Funds,False,-4151.0,979.09,"New York, USA",Android,Home WiFi,0,0
2917,8,2025-04-18 04:28:49,3541.22,Make Purchase,True,-741.0,2800.22,"New York, USA",Windows Laptop,Home WiFi,0,0
2918,9,2025-04-18 04:29:49,3799.55,Change Phone,True,0.0,3799.55,"Los Angeles, USA",MacBook,Mobile Network,0,0
2919,60,2025-04-18 04:50:49,418.27,Unauthorized Transfer,False,-9140.0,418.27,"Tokyo, Japan",Linux PC,Public WiFi,0,0
2920,72,2025-04-18 05:36:49,5102.39,Make Purchase,True,-279.0,4823.39,"New York, USA",Android,Home WiFi,0,0
2921,0,2025-04-18 05:37:49,562.3,Unauthorized Transfer,False,-3474.0,562.3,"Berlin, Germany",MacBook,Home WiFi,0,0
2922,6,2025-04-18 07:42:49,979.09,Pay Bills,False,-3110.0,979.09,"New York, USA",iPhone,Public WiFi,0,0
2923,8,2025-04-18 10:02:49,2800.22,Make Purchase,True,-792.0,2008.22,"Los Angeles, USA",MacBook,Public WiFi,0,0
2924,9,2025-04-18 10:29:49,3799.55,Change Phone,True,0.0,3799.55,"Los Angeles, USA",Windows Laptop,Public WiFi,0,0
2925,60,2025-04-18 10:46:49,418.27,Unauthorized Transfer,False,-5543.0,418.27,"New York, USA",Windows Laptop,Home WiFi,0,0
2926,72,2025-04-18 11:11:49,4823.39,Pay Bills,True,-2149.0,2674.39,"Paris, France",Linux PC,Home WiFi,0,0
2927,0,2025-04-18 11:39:49,562.3,Change Phone,True,0.0,562.3,"Los Angeles, USA",Windows Laptop,Public WiFi,0,0
2928,6,2025-04-18 12:29:49,979.09,Make Purchase,True,-873.0,106.09,"New York, USA",MacBook,Public WiFi,0,0
2929,8,2025-04-18 14:51:49,2008.22,Make Purchase,True,-836.0,1172.22,"New York, USA",Windows Laptop,Public WiFi,0,0
2930,9,2025-04-18 14:55:49,3799.55,Change Password,True,0.0,3799.55,"London, UK",Android,Home WiFi,0,1
2931,60,2025-04-18 15:00:49,418.27,Request New Card,True,0.0,418.27,"Berlin, Germany",Android,Public WiFi,0,0
2932,72,2025-04-18 16:35:49,2674.39,Pay Bills,True,-2275.0,399.39,"Los Angeles, USA",Android,Home WiFi,0,0
2933,0,2025-04-18 17:02:49,562.3,Change Password,True,0.0,562.3,"London, UK",Windows Laptop,Home WiFi,0,0
2934,6,2025-04-18 18:53:49,106.09,Make Purchase,False,-538.0,106.09,"Berlin, Germany",Windows Laptop,Home WiFi,0,0
2935,8,2025-04-18 20:26:49,1172.22,Pay Bills,False,-4832.0,1172.22,"New York, USA",iPhone,Home WiFi,0,0
2936,9,2025-04-18 20:42:49,3799.55,Change Phone,True,0.0,3799.55,"Tokyo, Japan",iPhone,Home WiFi,0,1
2937,60,2025-04-18 20:55:49,418.27,Unauthorized Transfer,False,-990.0,418.27,"Los Angeles, USA",Windows Laptop,Corporate Network,0,0
2938,72,2025-04-18 22:16:49,399.39,Make Purchase,False,-891.0,399.39,"Paris, France",Android,Home WiFi,0,0
2939,0,2025-04-18 22:35:49,562.3,Change Email,True,0.0,562.3,"Paris, France",Linux PC,Public WiFi,0,0
2940,6,2025-04-18 23:30:49,106.09,Pay Bills,False,-3592.0,106.09,"New York, USA",Windows Laptop,Home WiFi,0,0
2941,8,2025-04-19 02:00:49,1172.22,Invest Money,False,-34629.0,1172.22,"Paris, France",Windows Laptop,Public WiFi,0,0
2942,9,2025-04-19 02:19:49,3799.55,Change Phone,True,0.0,3799.55,"New York, USA",Windows Laptop,Public WiFi,0,0
2943,60,2025-04-19 02:31:49,418.27,Request New Card,True,0.0,418.27,"Los Angeles, USA",Windows Laptop,Public WiFi,0,0
2944,72,2025-04-19 02:38:49,399.39,Make Purchase,True,-327.0,72.39,"Paris, France",iPhone,Public WiFi,0,0
2945,0,2025-04-19 02:58:49,562.3,Change Email,True,0.0,562.3,"London, UK",iPhone,Public WiFi,0,0
2946,6,2025-04-19 04:03:49,106.09,Transfer Funds,False,-622.0,106.09,"Los Angeles, USA",iPhone,Home WiFi,0,0
2947,8,2025-04-19 05:49:49,1172.22,Invest Money,False,-45244.0,1172.22,"London, UK",MacBook,Home WiFi,0,0
2948,9,2025-04-19 06:02:49,3799.55,Change Password,True,0.0,3799.55,"New York, USA",Linux PC,Home WiFi,0,0
2949,60,2025-04-19 06:28:49,418.27,Unauthorized Transfer,False,-3285.0,418.27,"Los Angeles, USA",Windows Laptop,Home WiFi,0,0
2950,72,2025-04-19 08:25:49,72.39,Deposit Funds,True,5859.0,5931.39,"New York, USA",Android,Corporate Network,0,0
2951,0,2025-04-19 08:43:49,562.3,Change Email,True,0.0,562.3,"New York, USA",iPhone,Mobile Network,0,0
2952,6,2025-04-19 09:18:49,106.09,Transfer Funds,False,-3362.0,106.09,"Tokyo, Japan",Android,Home WiFi,0,0
2953,8,2025-04-19 11:21:49,1172.22,Invest Money,False,-40315.0,1172.22,"New York, USA",Windows Laptop,Public WiFi,0,0
2954,9,2025-04-19 11:47:49,3799.55,Change Password,True,0.0,3799.55,"London, UK",Android,Public WiFi,1,0
2955,60,2025-04-19 12:10:49,418.27,Unauthorized Transfer,False,-4278.0,418.27,"Paris, France",iPhone,Mobile Network,0,0
2956,72,2025-04-19 14:17:49,5931.39,Transfer Funds,True,-4327.0,1604.39,"Berlin, Germany",iPhone,Home WiFi,0,0
2957,0,2025-04-19 14:28:49,562.3,Change Email,True,0.0,562.3,"London, UK",iPhone,Home WiFi,0,0
2958,6,2025-04-19 16:59:49,106.09,Deposit Funds,True,4443.0,4549.09,"Los Angeles, USA",Windows Laptop,Home WiFi,0,0
2959,8,2025-04-19 19:31:49,1172.22,Invest Money,False,-5164.0,1172.22,"Tokyo, Japan",Android,Public WiFi,0,0
2960,9,2025-04-19 19:55:49,3799.55,Change Email,True,0.0,3799.55,"New York, USA",Android,Home WiFi,0,0
2961,60,2025-04-19 20:00:49,418.27,Unauthorized Transfer,False,-7895.0,418.27,"London, UK",Android,Mobile Network,0,0
2962,72,2025-04-19 21:54:49,1604.39,Deposit Funds,True,4333.0,5937.39,"Tokyo, Japan",iPhone,Mobile Network,0,1
2963,0,2025-04-19 22:08:49,562.3,Change Phone,True,0.0,562.3,"New York, USA",iPhone,Public WiFi,0,0
2964,6,2025-04-19 23:13:49,4549.09,Review activityments,True,0.0,4549.09,"New York, USA",iPhone,Home WiFi,0,0
2965,8,2025-04-20 01:44:49,1172.22,Review activityments,True,0.0,1172.22,"London, UK",MacBook,Home WiFi,0,0
2966,9,2025-04-20 02:03:49,3799.55,Change Password,True,0.0,3799.55,"Paris, France",iPhone,Home WiFi,0,0
2967,60,2025-04-20 02:04:49,418.27,Unauthorized Transfer,False,-6030.0,418.27,"London, UK",iPhone,Public WiFi,0,0
2968,72,2025-04-20 02:04:49,5937.39,Deposit Funds,True,2361.0,8298.39,"New York, USA",Windows Laptop,Mobile Network,0,1
2969,0,2025-04-20 02:20:49,562.3,Change Password,True,0.0,562.3,"New York, USA",iPhone,Mobile Network,0,0
2970,6,2025-04-20 03:21:49,4549.09,Invest Money,False,-37879.0,4549.09,"New York, USA",iPhone,Home WiFi,0,0
2971,8,2025-04-20 05:14:49,1172.22,Review activityments,True,0.0,1172.22,"Tokyo, Japan",MacBook,Public WiFi,0,0
2972,9,2025-04-20 05:41:49,3799.55,Change Password,True,0.0,3799.55,"Tokyo, Japan",Android,Home WiFi,0,0
2973,60,2025-04-20 05:48:49,418.27,Unauthorized Transfer,False,-3474.0,418.27,"New York, USA",MacBook,Home WiFi,0,0
2974,72,2025-04-20 06:21:49,8298.39,Review activityments,True,0.0,8298.39,"New York, USA",Windows Laptop,Public WiFi,0,0
2975,0,2025-04-20 06:51:49,562.3,Change Password,True,0.0,562.3,"New York, USA",iPhone,Home WiFi,0,0
2976,6,2025-04-20 07:48:49,4549.09,Invest Money,False,-25963.0,4549.09,"London, UK",Windows Laptop,Home WiFi,0,0
2977,8,2025-04-20 10:01:49,1172.22,Review activityments,True,0.0,1172.22,"New York, USA",Windows Laptop,Public WiFi,0,0
2978,9,2025-04-20 10:26:49,3799.55,Change Email,True,0.0,3799.55,"Paris, France",Windows Laptop,Home WiFi,0,0
2979,60,2025-04-20 10:36:49,418.27,Close Account,True,0.0,418.27,"Los Angeles, USA",MacBook,Public WiFi,0,0
2980,72,2025-04-20 12:28:49,8298.39,Invest Money,False,-35357.0,8298.39,"Tokyo, Japan",Windows Laptop,Mobile Network,0,0
2981,0,2025-04-20 12:44:49,562.3,Change Password,True,0.0,562.3,"Berlin, Germany",Android,Mobile Network,0,0
2982,6,2025-04-20 12:58:49,4549.09,Invest Money,False,-13197.0,4549.09,"Tokyo, Japan",MacBook,Public WiFi,0,0
2983,8,2025-04-20 14:46:49,1172.22,Apply for Credit Card,True,0.0,1172.22,"Los Angeles, USA",Android,Public WiFi,0,0
2984,9,2025-04-20 14:47:49,3799.55,Change Email,True,0.0,3799.55,"Los Angeles, USA",Android,Public WiFi,0,0
2985,72,2025-04-20 15:59:49,8298.39,Review activityments,True,0.0,8298.39,"Los Angeles, USA",MacBook,Home WiFi,0,0
2986,0,2025-04-20 16:21:49,562.3,Suspicious Login,True,0.0,562.3,"Paris, France",MacBook,Public WiFi,0,1
2987,6,2025-04-20 18:00:49,4549.09,Invest Money,True,-1035.0,3514.09,"Tokyo, Japan",Android,Public WiFi,0,0
2988,8,2025-04-20 20:32:49,1172.22,Deposit Funds,True,9500.0,10672.22,"New York, USA",MacBook,Public WiFi,0,0
2989,9,2025-04-20 20:51:49,3799.55,Change Email,True,0.0,3799.55,"New York, USA",iPad,Corporate Network,0,0
2990,72,2025-04-20 22:36:49,8298.39,Make Purchase,True,-98.0,8200.39,"Tokyo, Japan",Windows Laptop,Corporate Network,0,0
2991,0,2025-04-20 22:36:49,562.3,Change Password,True,0.0,562.3,"Paris, France",Linux PC,Public WiFi,0,1
2992,6,2025-04-21 00:59:49,3514.09,Deposit Funds,True,6653.0,10167.09,"Tokyo, Japan",Windows Laptop,Home WiFi,0,0
2993,8,2025-04-21 01:20:49,10672.22,Review activityments,True,0.0,10672.22,"Berlin, Germany",Android,Home WiFi,0,0
2994,9,2025-04-21 01:46:49,3799.55,Change Email,True,0.0,3799.55,"Los Angeles, USA",Windows Laptop,Public WiFi,0,0
2995,72,2025-04-21 02:29:49,8200.39,Make Purchase,True,-180.0,8020.39,"Los Angeles, USA",Android,Public WiFi,0,0
2996,0,2025-04-21 02:59:49,562.3,Change Password,True,0.0,562.3,"New York, USA",iPhone,Home WiFi,0,0
2997,6,2025-04-21 05:57:49,10167.09,Make Purchase,True,-995.0,9172.09,"Berlin, Germany",MacBook,Home WiFi,0,0
2998,8,2025-04-21 08:51:49,10672.22,Transfer Funds,True,-22.0,10650.22,"Berlin, Germany",Android,Home WiFi,0,0
2999,9,2025-04-21 09:05:49,3799.55,Change Email,True,0.0,3799.55,"New York, USA",iPhone,Home WiFi,0,0
3000,72,2025-04-21 10:18:49,8020.39,Make Purchase,True,-682.0,7338.39,"Tokyo, Japan",iPad,Home WiFi,0,0
3001,0,2025-04-21 10:35:49,562.3,Change Email,True,0.0,562.3,"Los Angeles, USA",iPhone,Home WiFi,0,0
3002,6,2025-04-21 13:30:49,9172.09,Make Purchase,True,-958.0,8214.09,"New York, USA",iPhone,Mobile Network,0,0
3003,8,2025-04-21 15:02:49,10650.22,Pay Bills,True,-4087.0,6563.22,"Tokyo, Japan",Android,Public WiFi,0,0
3004,9,2025-04-21 15:09:49,3799.55,Change Email,True,0.0,3799.55,"Tokyo, Japan",MacBook,Home WiFi,0,0
3005,72,2025-04-21 17:32:49,7338.39,Make Purchase,True,-950.0,6388.39,"Los Angeles, USA",Android,Home WiFi,0,0
3006,0,2025-04-21 17:39:49,562.3,Unauthorized Transfer,False,-5105.0,562.3,"Berlin, Germany",iPhone,Home WiFi,0,0
3007,6,2025-04-21 18:14:49,8214.09,Make Purchase,True,-86.0,8128.09,"New York, USA",iPhone,Mobile Network,0,0
3008,8,2025-04-21 19:50:49,6563.22,Pay Bills,True,-822.0,5741.22,"London, UK",Android,Public WiFi,0,0
3009,9,2025-04-21 20:19:49,3799.55,Change Email,True,0.0,3799.55,"Los Angeles, USA",Android,Corporate Network,0,0
3010,72,2025-04-21 21:39:49,6388.39,Deposit Funds,True,4221.0,10609.39,"New York, USA",Android,Home WiFi,0,0
3011,0,2025-04-21 22:09:49,562.3,Request New Card,True,0.0,562.3,"Los Angeles, USA",iPhone,Mobile Network,0,0
3012,6,2025-04-21 22:35:49,8128.09,Make Purchase,True,-107.0,8021.09,"Los Angeles, USA",Linux PC,Public WiFi,1,0
3013,8,2025-04-22 00:51:49,5741.22,Pay Bills,True,-4984.0,757.22,"Tokyo, Japan",Android,Corporate Network,0,0
3014,9,2025-04-22 01:00:49,3799.55,Change Email,True,0.0,3799.55,"New York, USA",Windows Laptop,Public WiFi,1,0
3015,72,2025-04-22 01:25:49,10609.39,Deposit Funds,True,3135.0,13744.39,"Tokyo, Japan",Android,Corporate Network,0,0
3016,0,2025-04-22 01:41:49,562.3,Change Password,True,0.0,562.3,"New York, USA",MacBook,Public WiFi,0,0
3017,6,2025-04-22 03:12:49,8021.09,Make Purchase,True,-61.0,7960.09,"London, UK",Linux PC,Mobile Network,0,0
3018,8,2025-04-22 06:06:49,757.22,Pay Bills,False,-3028.0,757.22,"New York, USA",iPhone,Corporate Network,0,0
3019,9,2025-04-22 06:26:49,3799.55,Change Email,True,0.0,3799.55,"Los Angeles, USA",MacBook,Home WiFi,0,0
3020,72,2025-04-22 08:15:49,13744.39,Deposit Funds,True,2897.0,16641.39,"Berlin, Germany",iPhone,Home WiFi,0,0
3021,0,2025-04-22 08:23:49,562.3,Change Email,True,0.0,562.3,"New York, USA",Windows Laptop,Home WiFi,0,0
3022,6,2025-04-22 11:13:49,7960.09,Make Purchase,True,-273.0,7687.09,"Los Angeles, USA",MacBook,Home WiFi,0,0
3023,8,2025-04-22 13:21:49,757.22,Pay Bills,False,-870.0,757.22,"New York, USA",Android,Mobile Network,0,0
3024,9,2025-04-22 13:23:49,3799.55,Change Email,True,0.0,3799.55,"Los Angeles, USA",Windows Laptop,Home WiFi,0,0
3025,72,2025-04-22 14:33:49,16641.39,Make Purchase,True,-433.0,16208.39,"Paris, France",MacBook,Mobile Network,0,0
3026,0,2025-04-22 15:03:49,562.3,Change Email,True,0.0,562.3,"Los Angeles, USA",iPhone,Home WiFi,0,0
3027,6,2025-04-22 17:00:49,7687.09,Make Purchase,True,-911.0,6776.09,"New York, USA",Windows Laptop,Home WiFi,0,0
3028,8,2025-04-22 18:03:49,757.22,Make Purchase,True,-696.0,61.22,"New York, USA",iPhone,Home WiFi,0,0
3029,9,2025-04-22 18:06:49,3799.55,Change Email,True,0.0,3799.55,"Tokyo, Japan",Android,Public WiFi,0,0
3030,72,2025-04-22 19:10:49,16208.39,Deposit Funds,True,3915.0,20123.39,"New York, USA",iPhone,Home WiFi,0,0
3031,0,2025-04-22 19:12:49,562.3,Change Email,True,0.0,562.3,"Paris, France",MacBook,Home WiFi,0,0
3032,6,2025-04-22 20:33:49,6776.09,Deposit Funds,True,1109.0,7885.09,"Tokyo, Japan",iPhone,Home WiFi,0,0
3033,8,2025-04-22 20:47:49,61.22,Make Purchase,False,-67.0,61.22,"Paris, France",iPhone,Home WiFi,0,0
3034,9,2025-04-22 20:54:49,3799.55,Change Phone,True,0.0,3799.55,"Los Angeles, USA",MacBook,Home WiFi,0,0
3035,72,2025-04-22 23:28:49,20123.39,Review activityments,True,0.0,20123.39,"New York, USA",iPhone,Mobile Network,0,0
3036,0,2025-04-22 23:48:49,562.3,Unauthorized Transfer,False,-2813.0,562.3,"Berlin, Germany",iPhone,Public WiFi,0,0
3037,6,2025-04-23 01:15:49,7885.09,Transfer Funds,True,-4946.0,2939.09,"Paris, France",iPad,Home WiFi,0,0
3038,8,2025-04-23 04:05:49,61.22,Apply for Credit Card,True,0.0,61.22,"Los Angeles, USA",Linux PC,Home WiFi,0,0
3039,9,2025-04-23 04:07:49,3799.55,Change Phone,True,0.0,3799.55,"New York, USA",MacBook,Public WiFi,0,0
3040,72,2025-04-23 05:55:49,20123.39,Pay Bills,True,-3963.0,16160.39,"London, UK",Windows Laptop,Mobile Network,0,0
3041,0,2025-04-23 06:01:49,562.3,Unauthorized Transfer,False,-9474.0,562.3,"New York, USA",Windows Laptop,Mobile Network,0,0
3042,6,2025-04-23 07:23:49,2939.09,Deposit Funds,True,4471.0,7410.09,"Tokyo, Japan",iPhone,Home WiFi,0,0
3043,8,2025-04-23 08:36:49,61.22,Apply for Credit Card,True,0.0,61.22,"London, UK",Windows Laptop,Home WiFi,0,0
3044,9,2025-04-23 08:37:49,3799.55,Change Email,True,0.0,3799.55,"Los Angeles, USA",Android,Corporate Network,1,0
3045,72,2025-04-23 09:50:49,16160.39,Pay Bills,True,-3577.0,12583.39,"London, UK",iPhone,Home WiFi,0,1
3046,0,2025-04-23 10:05:49,562.3,Unauthorized Transfer,False,-1055.0,562.3,"Los Angeles, USA",MacBook,Public WiFi,0,0
3047,6,2025-04-23 10:16:49,7410.09,Deposit Funds,True,3269.0,10679.09,"Berlin, Germany",iPhone,Home WiFi,0,0
3048,8,2025-04-23 10:16:49,61.22,Apply for Credit Card,True,0.0,61.22,"Berlin, Germany",Android,Public WiFi,0,0
3049,9,2025-04-23 10:36:49,3799.55,Change Email,True,0.0,3799.55,"New York, USA",MacBook,Home WiFi,0,0
3050,72,2025-04-23 10:39:49,12583.39,Make Purchase,True,-105.0,12478.39,"Paris, France",Android,Home WiFi,0,0
3051,0,2025-04-23 10:48:49,562.3,Change Phone,True,0.0,562.3,"Los Angeles, USA",MacBook,Public WiFi,0,0
3052,6,2025-04-23 11:45:49,10679.09,Deposit Funds,True,5184.0,15863.09,"Berlin, Germany",Android,Mobile Network,0,0
3053,8,2025-04-23 12:24:49,61.22,Apply for Credit Card,True,0.0,61.22,"New York, USA",iPhone,Home WiFi,0,0
3054,9,2025-04-23 12:24:49,3799.55,Change Email,True,0.0,3799.55,"New York, USA",Windows Laptop,Public WiFi,0,0
3055,72,2025-04-23 12:41:49,12478.39,Make Purchase,True,-968.0,11510.39,"New York, USA",Android,Public WiFi,0,0
3056,0,2025-04-23 12:58:49,562.3,Change Phone,True,0.0,562.3,"Berlin, Germany",iPhone,Corporate Network,0,0
3057,6,2025-04-23 13:14:49,15863.09,Deposit Funds,True,3809.0,19672.09,"Paris, France",Windows Laptop,Corporate Network,0,0
3058,8,2025-04-23 15:50:49,61.22,Apply for Credit Card,True,0.0,61.22,"New York, USA",iPhone,Public WiFi,0,0
3059,9,2025-04-23 15:51:49,3799.55,Change Email,True,0.0,3799.55,"Los Angeles, USA",MacBook,Mobile Network,0,0
3060,72,2025-04-23 16:22:49,11510.39,Transfer Funds,True,-2051.0,9459.39,"New York, USA",iPhone,Corporate Network,0,0
3061,0,2025-04-23 16:27:49,562.3,Request New Card,True,0.0,562.3,"Los Angeles, USA",Android,Home WiFi,0,0
3062,6,2025-04-23 17:20:49,19672.09,Invest Money,True,-2030.0,17642.09,"Paris, France",MacBook,Home WiFi,0,0
3063,8,2025-04-23 19:13:49,61.22,Apply for Credit Card,True,0.0,61.22,"New York, USA",Linux PC,Public WiFi,0,0
3064,9,2025-04-23 19:37:49,3799.55,Change Phone,True,0.0,3799.55,"London, UK",Windows Laptop,Home WiFi,0,0
3065,72,2025-04-23 19:40:49,9459.39,Make Purchase,True,-536.0,8923.39,"Paris, France",iPhone,Public WiFi,0,0
3066,0,2025-04-23 19:59:49,562.3,Change Email,True,0.0,562.3,"Berlin, Germany",iPhone,Corporate Network,0,0
3067,6,2025-04-23 20:28:49,17642.09,Invest Money,False,-47162.0,17642.09,"London, UK",Windows Laptop,Home WiFi,0,0
3068,8,2025-04-23 21:37:49,61.22,Pay Bills,False,-1220.0,61.22,"London, UK",Windows Laptop,Mobile Network,0,0
3069,9,2025-04-23 21:45:49,3799.55,Close Account,True,0.0,3799.55,"New York, USA",Android,Home WiFi,0,0
3070,72,2025-04-24 00:01:49,8923.39,Pay Bills,True,-4842.0,4081.39,"Los Angeles, USA",iPhone,Public WiFi,0,0
3071,0,2025-04-24 00:05:49,562.3,Unauthorized Transfer,False,-4363.0,562.3,"New York, USA",iPad,Public WiFi,0,1
3072,6,2025-04-24 00:12:49,17642.09,Invest Money,True,-14301.0,3341.09,"Los Angeles, USA",iPhone,Home WiFi,0,0
3073,8,2025-04-24 00:27:49,61.22,Deposit Funds,True,349.0,410.22,"Los Angeles, USA",iPhone,Public WiFi,0,0
3074,72,2025-04-24 00:32:49,4081.39,Pay Bills,False,-4174.0,4081.39,"Los Angeles, USA",Windows Laptop,Mobile Network,0,1
3075,0,2025-04-24 00:38:49,562.3,Change Email,True,0.0,562.3,"Berlin, Germany",Windows Laptop,Public WiFi,0,0
3076,6,2025-04-24 03:12:49,3341.09,Invest Money,False,-24772.0,3341.09,"Berlin, Germany",Android,Public WiFi,0,0
3077,8,2025-04-24 03:36:49,410.22,Transfer Funds,False,-2943.0,410.22,"Tokyo, Japan",Windows Laptop,Home WiFi,0,0
3078,72,2025-04-24 04:01:49,4081.39,Apply for Loan,True,0.0,4081.39,"Berlin, Germany",Windows Laptop,Home WiFi,0,0
3079,0,2025-04-24 04:19:49,562.3,Change Email,True,0.0,562.3,"London, UK",iPad,Public WiFi,0,0
3080,6,2025-04-24 07:09:49,3341.09,Invest Money,False,-40874.0,3341.09,"Berlin, Germany",iPhone,Mobile Network,0,0
3081,8,2025-04-24 09:50:49,410.22,Deposit Funds,True,883.0,1293.22,"New York, USA",Linux PC,Home WiFi,0,0
3082,72,2025-04-24 10:05:49,4081.39,Apply for Loan,True,0.0,4081.39,"London, UK",iPhone,Mobile Network,0,0
3083,0,2025-04-24 10:28:49,562.3,Change Email,True,0.0,562.3,"Los Angeles, USA",MacBook,Public WiFi,0,0
3084,6,2025-04-24 10:47:49,3341.09,Pay Bills,False,-3580.0,3341.09,"New York, USA",Linux PC,Mobile Network,0,0
3085,8,2025-04-24 13:19:49,1293.22,Deposit Funds,True,2005.0,3298.22,"London, UK",Windows Laptop,Home WiFi,0,0
3086,72,2025-04-24 15:10:49,4081.39,Deposit Funds,True,9839.0,13920.39,"Tokyo, Japan",iPhone,Home WiFi,0,0
3087,0,2025-04-24 15:19:49,562.3,Request New Card,True,0.0,562.3,"Paris, France",iPad,Corporate Network,0,0
3088,6,2025-04-24 16:54:49,3341.09,Pay Bills,True,-572.0,2769.09,"London, UK",iPhone,Home WiFi,0,0
3089,8,2025-04-24 19:28:49,3298.22,Make Purchase,True,-131.0,3167.22,"Los Angeles, USA",Android,Home WiFi,0,0
3090,72,2025-04-24 19:31:49,13920.39,Deposit Funds,True,515.0,14435.39,"Los Angeles, USA",Windows Laptop,Home WiFi,0,0
3091,0,2025-04-24 19:57:49,562.3,Unauthorized Transfer,False,-4362.0,562.3,"New York, USA",iPhone,Public WiFi,1,0
3092,6,2025-04-24 21:41:49,2769.09,Make Purchase,True,-873.0,1896.09,"Berlin, Germany",Windows Laptop,Home WiFi,1,0
3093,8,2025-04-24 22:04:49,3167.22,Pay Bills,True,-259.0,2908.22,"Berlin, Germany",iPhone,Public WiFi,0,0
3094,72,2025-04-25 00:19:49,14435.39,Invest Money,False,-33037.0,14435.39,"New York, USA",Android,Home WiFi,0,0
3095,0,2025-04-25 00:30:49,562.3,Change Phone,True,0.0,562.3,"New York, USA",iPad,Public WiFi,0,0
3096,6,2025-04-25 00:30:49,1896.09,Make Purchase,True,-199.0,1697.09,"Paris, France",Android,Public WiFi,0,0
3097,8,2025-04-25 02:51:49,2908.22,Make Purchase,True,-335.0,2573.22,"Los Angeles, USA",iPhone,Mobile Network,0,0
3098,72,2025-04-25 02:54:49,14435.39,Invest Money,False,-26138.0,14435.39,"Paris, France",iPhone,Mobile Network,0,0
3099,0,2025-04-25 03:07:49,562.3,Change Phone,True,0.0,562.3,"New York, USA",MacBook,Home WiFi,1,0
3100,6,2025-04-25 04:17:49,1697.09,Deposit Funds,True,8946.0,10643.09,"Berlin, Germany",Android,Home WiFi,0,0
3101,8,2025-04-25 04:54:49,2573.22,Transfer Funds,True,-2322.0,251.22,"London, UK",iPhone,Public WiFi,0,0
3102,72,2025-04-25 07:04:49,14435.39,Apply for Loan,True,0.0,14435.39,"London, UK",Windows Laptop,Public WiFi,0,0
3103,0,2025-04-25 07:20:49,562.3,Change Phone,True,0.0,562.3,"London, UK",Linux PC,Mobile Network,0,0
3104,6,2025-04-25 10:14:49,10643.09,Pay Bills,True,-3991.0,6652.09,"Tokyo, Japan",Android,Home WiFi,0,0
3105,8,2025-04-25 12:05:49,251.22,Deposit Funds,True,6754.0,7005.22,"Los Angeles, USA",Android,Home WiFi,0,0
3106,72,2025-04-25 12:47:49,14435.39,Make Purchase,True,-693.0,13742.39,"New York, USA",Windows Laptop,Home WiFi,0,0
3107,0,2025-04-25 13:10:49,562.3,Change Email,True,0.0,562.3,"Tokyo, Japan",iPhone,Mobile Network,0,0
3108,6,2025-04-25 13:43:49,6652.09,Apply for Loan,True,0.0,6652.09,"New York, USA",Windows Laptop,Home WiFi,0,0
3109,8,2025-04-25 16:35:49,7005.22,Deposit Funds,True,2849.0,9854.22,"New York, USA",Windows Laptop,Mobile Network,0,0
3110,72,2025-04-25 17:39:49,13742.39,Make Purchase,True,-259.0,13483.39,"New York, USA",Android,Home WiFi,0,0
3111,0,2025-04-25 18:01:49,562.3,Request New Card,True,0.0,562.3,"Paris, France",Android,Home WiFi,0,0
3112,6,2025-04-25 18:16:49,6652.09,Apply for Loan,True,0.0,6652.09,"New York, USA",Windows Laptop,Public WiFi,0,0
3113,8,2025-04-25 20:10:49,9854.22,Make Purchase,True,-306.0,9548.22,"New York, USA",Linux PC,Public WiFi,0,0
3114,72,2025-04-25 20:44:49,13483.39,Make Purchase,True,-100.0,13383.39,"Tokyo, Japan",iPhone,Public WiFi,0,0
3115,0,2025-04-25 20:56:49,562.3,Request New Card,True,0.0,562.3,"Los Angeles, USA",Android,Home WiFi,0,0
3116,6,2025-04-25 22:16:49,6652.09,Make Purchase,True,-328.0,6324.09,"London, UK",Android,Public WiFi,0,0
3117,8,2025-04-26 00:33:49,9548.22,Make Purchase,True,-892.0,8656.22,"London, UK",Android,Home WiFi,0,0
3118,72,2025-04-26 02:10:49,13383.39,Make Purchase,True,-364.0,13019.39,"Berlin, Germany",iPhone,Mobile Network,0,0
3119,0,2025-04-26 02:17:49,562.3,Change Phone,True,0.0,562.3,"Los Angeles, USA",iPhone,Mobile Network,0,0
3120,6,2025-04-26 03:26:49,6324.09,Pay Bills,True,-2540.0,3784.09,"Berlin, Germany",Android,Public WiFi,0,0
3121,8,2025-04-26 05:22:49,8656.22,Make Purchase,True,-89.0,8567.22,"Paris, France",MacBook,Corporate Network,0,0
3122,72,2025-04-26 07:45:49,13019.39,Make Purchase,True,-357.0,12662.39,"Los Angeles, USA",Android,Home WiFi,0,0
3123,0,2025-04-26 08:12:49,562.3,Change Password,True,0.0,562.3,"Berlin, Germany",Linux PC,Home WiFi,0,0
3124,6,2025-04-26 10:57:49,3784.09,Pay Bills,False,-4639.0,3784.09,"London, UK",Windows Laptop,Public WiFi,0,0
3125,8,2025-04-26 13:36:49,8567.22,Make Purchase,True,-294.0,8273.22,"New York, USA",Windows Laptop,Public WiFi,0,0
3126,72,2025-04-26 13:45:49,12662.39,Deposit Funds,True,6717.0,19379.39,"Tokyo, Japan",Windows Laptop,Mobile Network,0,0
3127,0,2025-04-26 14:07:49,562.3,Change Password,True,0.0,562.3,"Tokyo, Japan",Android,Home WiFi,0,0
3128,6,2025-04-26 14:08:49,3784.09,Pay Bills,True,-1738.0,2046.09,"London, UK",Windows Laptop,Corporate Network,0,0
3129,8,2025-04-26 15:34:49,8273.22,Make Purchase,True,-541.0,7732.22,"London, UK",Android,Home WiFi,0,0
3130,72,2025-04-26 17:22:49,19379.39,Review activityments,True,0.0,19379.39,"New York, USA",Android,Home WiFi,0,0
3131,0,2025-04-26 17:48:49,562.3,Change Email,True,0.0,562.3,"New York, USA",iPhone,Mobile Network,1,0
3132,6,2025-04-26 18:46:49,2046.09,Make Purchase,True,-704.0,1342.09,"Los Angeles, USA",iPhone,Corporate Network,1,0
3133,8,2025-04-26 21:17:49,7732.22,Make Purchase,True,-178.0,7554.22,"Paris, France",Android,Mobile Network,0,0
3134,72,2025-04-26 21:34:49,19379.39,Transfer Funds,True,-4112.0,15267.39,"Los Angeles, USA",iPhone,Home WiFi,0,0
3135,0,2025-04-26 21:47:49,562.3,Change Email,True,0.0,562.3,"Los Angeles, USA",MacBook,Corporate Network,1,0
3136,6,2025-04-26 22:31:49,1342.09,Make Purchase,True,-236.0,1106.09,"New York, USA",iPhone,Mobile Network,0,0
3137,8,2025-04-26 23:34:49,7554.22,Make Purchase,True,-425.0,7129.22,"Tokyo, Japan",Windows Laptop,Mobile Network,0,0
3138,72,2025-04-27 02:00:49,15267.39,Deposit Funds,True,419.0,15686.39,"Tokyo, Japan",iPhone,Corporate Network,0,0
3139,0,2025-04-27 02:16:49,562.3,Unauthorized Transfer,False,-2855.0,562.3,"Tokyo, Japan",Windows Laptop,Public WiFi,1,0
3140,6,2025-04-27 04:57:49,1106.09,Make Purchase,True,-441.0,665.09,"New York, USA",MacBook,Home WiFi,0,0
3141,8,2025-04-27 05:30:49,7129.22,Make Purchase,True,-405.0,6724.22,"Tokyo, Japan",MacBook,Mobile Network,0,0
3142,72,2025-04-27 06:54:49,15686.39,Pay Bills,True,-1078.0,14608.39,"Tokyo, Japan",Linux PC,Home WiFi,0,0
3143,0,2025-04-27 07:01:49,562.3,Request New Card,True,0.0,562.3,"Tokyo, Japan",iPad,Public WiFi,0,0
3144,6,2025-04-27 07:55:49,665.09,Make Purchase,True,-239.0,426.09,"London, UK",iPhone,Home WiFi,0,0
3145,8,2025-04-27 10:32:49,6724.22,Make Purchase,True,-571.0,6153.22,"New York, USA",Windows Laptop,Corporate Network,0,0
3146,72,2025-04-27 11:40:49,14608.39,Make Purchase,True,-536.0,14072.39,"Tokyo, Japan",iPad,Home WiFi,0,0
3147,0,2025-04-27 11:40:49,562.3,Request New Card,True,0.0,562.3,"New York, USA",Android,Mobile Network,0,0
3148,6,2025-04-27 12:41:49,426.09,Pay Bills,False,-689.0,426.09,"Los Angeles, USA",Linux PC,Public WiFi,0,0
3149,8,2025-04-27 15:33:49,6153.22,Make Purchase,True,-631.0,5522.22,"London, UK",MacBook,Public WiFi,0,0
3150,72,2025-04-27 15:59:49,14072.39,Make Purchase,True,-947.0,13125.39,"New York, USA",Android,Mobile Network,0,0
3151,0,2025-04-27 16:10:49,562.3,Request New Card,True,0.0,562.3,"Los Angeles, USA",Linux PC,Home WiFi,0,0
3152,6,2025-04-27 18:43:49,426.09,Pay Bills,False,-3076.0,426.09,"Berlin, Germany",iPad,Home WiFi,0,0
3153,8,2025-04-27 21:40:49,5522.22,Pay Bills,True,-196.0,5326.22,"Los Angeles, USA",MacBook,Mobile Network,0,0
3154,72,2025-04-27 22:15:49,13125.39,Make Purchase,True,-279.0,12846.39,"New York, USA",iPhone,Public WiFi,0,0
3155,0,2025-04-27 22:24:49,562.3,Request New Card,True,0.0,562.3,"New York, USA",Windows Laptop,Home WiFi,0,0
3156,6,2025-04-27 22:35:49,426.09,Pay Bills,False,-4945.0,426.09,"Tokyo, Japan",Android,Home WiFi,0,0
3157,8,2025-04-27 22:54:49,5326.22,Pay Bills,True,-4066.0,1260.22,"Berlin, Germany",Windows Laptop,Mobile Network,0,0
3158,72,2025-04-28 01:05:49,12846.39,Pay Bills,True,-3523.0,9323.39,"Los Angeles, USA",Android,Home WiFi,0,0
3159,0,2025-04-28 01:24:49,562.3,Request New Card,True,0.0,562.3,"Los Angeles, USA",Android,Mobile Network,0,0
3160,6,2025-04-28 02:44:49,426.09,Pay Bills,False,-2246.0,426.09,"Berlin, Germany",Android,Public WiFi,1,0
3161,8,2025-04-28 03:15:49,1260.22,Pay Bills,True,-605.0,655.22,"Tokyo, Japan",Windows Laptop,Home WiFi,0,0
3162,72,2025-04-28 03:48:49,9323.39,Pay Bills,True,-2747.0,6576.39,"New York, USA",iPhone,Home WiFi,0,0
3163,0,2025-04-28 03:55:49,562.3,Change Phone,True,0.0,562.3,"New York, USA",Android,Corporate Network,0,0
3164,6,2025-04-28 05:27:49,426.09,Pay Bills,True,-383.0,43.09,"Berlin, Germany",Android,Home WiFi,0,0
3165,8,2025-04-28 07:34:49,655.22,Transfer Funds,True,-225.0,430.22,"New York, USA",iPhone,Public WiFi,0,0
3166,72,2025-04-28 08:48:49,6576.39,Pay Bills,True,-3772.0,2804.39,"Los Angeles, USA",iPhone,Home WiFi,0,1
3167,0,2025-04-28 09:06:49,562.3,Suspicious Login,True,0.0,562.3,"Tokyo, Japan",Windows Laptop,Public WiFi,0,0
3168,6,2025-04-28 09:55:49,43.09,Make Purchase,False,-789.0,43.09,"New York, USA",Windows Laptop,Home WiFi,0,0
3169,8,2025-04-28 11:29:49,430.22,Deposit Funds,True,5089.0,5519.22,"London, UK",iPhone,Mobile Network,0,0
3170,72,2025-04-28 14:22:49,2804.39,Pay Bills,False,-4850.0,2804.39,"Tokyo, Japan",Android,Home WiFi,0,1
3171,0,2025-04-28 14:38:49,562.3,Suspicious Login,True,0.0,562.3,"Berlin, Germany",iPhone,Home WiFi,0,0
3172,6,2025-04-28 17:18:49,43.09,Transfer Funds,False,-3703.0,43.09,"New York, USA",Android,Mobile Network,0,0
3173,8,2025-04-28 19:51:49,5519.22,Make Purchase,True,-896.0,4623.22,"Tokyo, Japan",Android,Public WiFi,0,0
3174,72,2025-04-28 20:53:49,2804.39,Apply for Credit Card,True,0.0,2804.39,"Tokyo, Japan",Android,Mobile Network,0,0
3175,0,2025-04-28 20:55:49,562.3,Suspicious Login,True,0.0,562.3,"Berlin, Germany",iPhone,Home WiFi,0,0
3176,6,2025-04-28 22:01:49,43.09,Transfer Funds,False,-2347.0,43.09,"Paris, France",Android,Home WiFi,0,0
3177,8,2025-04-28 22:16:49,4623.22,Deposit Funds,True,9978.0,14601.22,"Los Angeles, USA",Windows Laptop,Home WiFi,0,0
3178,72,2025-04-28 23:08:49,2804.39,Deposit Funds,True,4111.0,6915.39,"London, UK",MacBook,Home WiFi,0,0
3179,0,2025-04-28 23:16:49,562.3,Suspicious Login,True,0.0,562.3,"Berlin, Germany",Windows Laptop,Mobile Network,0,0
3180,6,2025-04-29 00:48:49,43.09,Make Purchase,False,-336.0,43.09,"London, UK",Windows Laptop,Public WiFi,0,0
3181,8,2025-04-29 00:52:49,14601.22,Transfer Funds,True,-1190.0,13411.22,"New York, USA",Android,Home WiFi,0,0
3182,72,2025-04-29 01:20:49,6915.39,Deposit Funds,True,8459.0,15374.39,"London, UK",Android,Home WiFi,0,0
3183,0,2025-04-29 01:45:49,562.3,Suspicious Login,True,0.0,562.3,"Los Angeles, USA",MacBook,Home WiFi,0,0
3184,6,2025-04-29 03:38:49,43.09,Deposit Funds,True,5899.0,5942.09,"New York, USA",Windows Laptop,Mobile Network,0,0
3185,8,2025-04-29 04:08:49,13411.22,Make Purchase,True,-610.0,12801.22,"Tokyo, Japan",Linux PC,Public WiFi,0,0
3186,72,2025-04-29 07:00:49,15374.39,Pay Bills,True,-2199.0,13175.39,"Los Angeles, USA",MacBook,Mobile Network,0,0
3187,0,2025-04-29 07:29:49,562.3,Unauthorized Transfer,False,-8718.0,562.3,"Tokyo, Japan",Windows Laptop,Public WiFi,0,0
3188,6,2025-04-29 07:40:49,5942.09,Deposit Funds,True,8468.0,14410.09,"New York, USA",Windows Laptop,Public WiFi,0,0
3189,8,2025-04-29 08:08:49,12801.22,Make Purchase,True,-710.0,12091.22,"New York, USA",Windows Laptop,Public WiFi,0,0
3190,72,2025-04-29 09:43:49,13175.39,Deposit Funds,True,1251.0,14426.39,"Los Angeles, USA",Android,Home WiFi,0,0
3191,0,2025-04-29 10:13:49,562.3,Close Account,True,0.0,562.3,"Paris, France",Android,Public WiFi,0,0
3192,6,2025-04-29 12:18:49,14410.09,Make Purchase,True,-868.0,13542.09,"Los Angeles, USA",Android,Public WiFi,0,0
3193,8,2025-04-29 14:13:49,12091.22,Pay Bills,True,-3452.0,8639.22,"Los Angeles, USA",Android,Corporate Network,0,0
3194,72,2025-04-29 16:31:49,14426.39,Deposit Funds,True,4693.0,19119.39,"Tokyo, Japan",Windows Laptop,Public WiFi,1,0
3195,6,2025-04-29 17:41:49,13542.09,Deposit Funds,True,8990.0,22532.09,"New York, USA",iPhone,Home WiFi,1,0
3196,8,2025-04-29 18:26:49,8639.22,Pay Bills,True,-4247.0,4392.22,"Paris, France",Windows Laptop,Mobile Network,0,0
3197,72,2025-04-29 21:06:49,19119.39,Review activityments,True,0.0,19119.39,"New York, USA",Windows Laptop,Mobile Network,0,0
3198,6,2025-04-29 23:59:49,22532.09,Review activityments,True,0.0,22532.09,"Los Angeles, USA",iPhone,Mobile Network,0,0
3199,8,2025-04-30 02:14:49,4392.22,Pay Bills,False,-4605.0,4392.22,"London, UK",iPhone,Corporate Network,0,0
3200,72,2025-04-30 05:03:49,19119.39,Transfer Funds,True,-1910.0,17209.39,"Paris, France",Windows Laptop,Public WiFi,0,0
3201,6,2025-04-30 05:12:49,22532.09,Invest Money,False,-49761.0,22532.09,"Los Angeles, USA",iPhone,Public WiFi,0,0
3202,8,2025-04-30 05:15:49,4392.22,Pay Bills,True,-1902.0,2490.22,"London, UK",iPhone,Home WiFi,0,0
3203,72,2025-04-30 05:21:49,17209.39,Transfer Funds,True,-664.0,16545.39,"Los Angeles, USA",Windows Laptop,Public WiFi,0,0
3204,6,2025-04-30 05:28:49,22532.09,Make Purchase,True,-703.0,21829.09,"New York, USA",Linux PC,Home WiFi,0,0
3205,8,2025-04-30 07:41:49,2490.22,Make Purchase,True,-748.0,1742.22,"London, UK",iPhone,Mobile Network,0,0
3206,72,2025-04-30 08:08:49,16545.39,Review activityments,True,0.0,16545.39,"New York, USA",iPhone,Corporate Network,0,0
3207,6,2025-04-30 08:48:49,21829.09,Pay Bills,True,-1957.0,19872.09,"Paris, France",MacBook,Corporate Network,0,0
3208,8,2025-04-30 10:10:49,1742.22,Transfer Funds,False,-3184.0,1742.22,"Berlin, Germany",Android,Home WiFi,0,0
3209,72,2025-04-30 12:48:49,16545.39,Pay Bills,True,-252.0,16293.39,"Los Angeles, USA",Android,Corporate Network,0,0
3210,6,2025-04-30 12:51:49,19872.09,Transfer Funds,True,-3395.0,16477.09,"Berlin, Germany",MacBook,Mobile Network,0,1
3211,8,2025-04-30 13:53:49,1742.22,Deposit Funds,True,2418.0,4160.22,"Tokyo, Japan",Linux PC,Public WiFi,0,1
3212,72,2025-04-30 14:34:49,16293.39,Pay Bills,True,-287.0,16006.39,"New York, USA",Windows Laptop,Home WiFi,0,0
3213,6,2025-04-30 17:14:49,16477.09,Deposit Funds,True,483.0,16960.09,"New York, USA",MacBook,Public WiFi,0,0
3214,8,2025-04-30 17:32:49,4160.22,Deposit Funds,True,7796.0,11956.22,"Tokyo, Japan",Android,Home WiFi,0,0
3215,72,2025-04-30 20:17:49,16006.39,Pay Bills,True,-3831.0,12175.39,"London, UK",Android,Home WiFi,0,0
3216,6,2025-04-30 20:39:49,16960.09,Make Purchase,True,-393.0,16567.09,"London, UK",MacBook,Public WiFi,0,0
3217,8,2025-04-30 21:39:49,11956.22,Make Purchase,True,-92.0,11864.22,"New York, USA",iPhone,Mobile Network,0,0
3218,72,2025-04-30 23:16:49,12175.39,Deposit Funds,True,6890.0,19065.39,"Tokyo, Japan",Windows Laptop,Public WiFi,0,0
3219,6,2025-05-01 00:15:49,16567.09,Make Purchase,True,-244.0,16323.09,"New York, USA",MacBook,Home WiFi,0,0
3220,8,2025-05-01 02:17:49,11864.22,Pay Bills,True,-2195.0,9669.22,"New York, USA",MacBook,Public WiFi,0,1
3221,72,2025-05-01 05:08:49,19065.39,Make Purchase,True,-513.0,18552.39,"Berlin, Germany",Windows Laptop,Mobile Network,0,0
3222,6,2025-05-01 06:39:49,16323.09,Make Purchase,True,-743.0,15580.09,"London, UK",Linux PC,Public WiFi,0,0
3223,8,2025-05-01 08:17:49,9669.22,Pay Bills,True,-1432.0,8237.22,"London, UK",Android,Public WiFi,0,0
3224,72,2025-05-01 09:54:49,18552.39,Make Purchase,True,-434.0,18118.39,"Berlin, Germany",Android,Home WiFi,0,0
3225,6,2025-05-01 11:52:49,15580.09,Review activityments,True,0.0,15580.09,"Los Angeles, USA",iPhone,Home WiFi,0,0
3226,8,2025-05-01 13:09:49,8237.22,Make Purchase,True,-357.0,7880.22,"London, UK",Windows Laptop,Home WiFi,0,0
3227,72,2025-05-01 13:35:49,18118.39,Make Purchase,True,-918.0,17200.39,"Paris, France",iPhone,Mobile Network,0,0
3228,6,2025-05-01 15:29:49,15580.09,Apply for Credit Card,True,0.0,15580.09,"New York, USA",Android,Mobile Network,0,0
3229,8,2025-05-01 17:07:49,7880.22,Make Purchase,True,-864.0,7016.22,"Paris, France",iPhone,Mobile Network,0,0
3230,72,2025-05-01 20:05:49,17200.39,Make Purchase,True,-740.0,16460.39,"New York, USA",Android,Home WiFi,0,0
3231,6,2025-05-01 21:20:49,15580.09,Make Purchase,True,-746.0,14834.09,"Los Angeles, USA",Linux PC,Mobile Network,0,0
3232,8,2025-05-01 22:01:49,7016.22,Make Purchase,True,-204.0,6812.22,"Tokyo, Japan",iPhone,Public WiFi,0,0
3233,72,2025-05-01 23:31:49,16460.39,Make Purchase,True,-278.0,16182.39,"New York, USA",MacBook,Home WiFi,0,0
3234,6,2025-05-02 00:40:49,14834.09,Deposit Funds,True,5957.0,20791.09,"Paris, France",Android,Public WiFi,0,0
3235,8,2025-05-02 03:32:49,6812.22,Make Purchase,True,-825.0,5987.22,"Los Angeles, USA",MacBook,Home WiFi,0,0
3236,72,2025-05-02 06:30:49,16182.39,Make Purchase,True,-14.0,16168.39,"Tokyo, Japan",Windows Laptop,Mobile Network,0,0
3237,6,2025-05-02 09:29:49,20791.09,Deposit Funds,True,8251.0,29042.09,"Berlin, Germany",Windows Laptop,Corporate Network,0,0
3238,8,2025-05-02 10:35:49,5987.22,Make Purchase,True,-371.0,5616.22,"Los Angeles, USA",iPhone,Public WiFi,0,0
3239,72,2025-05-02 11:48:49,16168.39,Make Purchase,True,-642.0,15526.39,"Berlin, Germany",Android,Corporate Network,0,0
3240,6,2025-05-02 12:29:49,29042.09,Transfer Funds,True,-1120.0,27922.09,"Los Angeles, USA",iPhone,Home WiFi,0,0
3241,8,2025-05-02 13:59:49,5616.22,Apply for Credit Card,True,0.0,5616.22,"New York, USA",Windows Laptop,Public WiFi,0,0
3242,72,2025-05-02 14:26:49,15526.39,Make Purchase,True,-437.0,15089.39,"Los Angeles, USA",Windows Laptop,Public WiFi,0,0
3243,6,2025-05-02 17:17:49,27922.09,Deposit Funds,True,8105.0,36027.09,"Tokyo, Japan",Windows Laptop,Home WiFi,0,0
3244,8,2025-05-02 18:52:49,5616.22,Invest Money,True,-4829.0,787.22,"London, UK",iPhone,Public WiFi,0,0
3245,72,2025-05-02 20:33:49,15089.39,Make Purchase,True,-801.0,14288.39,"Los Angeles, USA",iPhone,Public WiFi,0,0
3246,6,2025-05-02 23:03:49,36027.09,Deposit Funds,True,9085.0,45112.09,"Berlin, Germany",MacBook,Home WiFi,0,0
3247,8,2025-05-03 01:10:49,787.22,Close Account,True,0.0,787.22,"Paris, France",iPhone,Mobile Network,0,0
3248,72,2025-05-03 02:17:49,14288.39,Make Purchase,True,-403.0,13885.39,"New York, USA",MacBook,Home WiFi,0,0
3249,6,2025-05-03 03:42:49,45112.09,Make Purchase,True,-873.0,44239.09,"Los Angeles, USA",Linux PC,Home WiFi,0,0
3250,72,2025-05-03 04:59:49,13885.39,Apply for Credit Card,True,0.0,13885.39,"Tokyo, Japan",Android,Corporate Network,1,0
3251,6,2025-05-03 07:43:49,44239.09,Transfer Funds,True,-4722.0,39517.09,"Los Angeles, USA",Windows Laptop,Home WiFi,0,0
3252,72,2025-05-03 08:11:49,13885.39,Pay Bills,True,-4112.0,9773.39,"New York, USA",Android,Home WiFi,0,0
3253,6,2025-05-03 10:03:49,39517.09,Invest Money,True,-6027.0,33490.09,"New York, USA",iPhone,Public WiFi,0,0
3254,72,2025-05-03 11:19:49,9773.39,Pay Bills,True,-4693.0,5080.39,"London, UK",Android,Mobile Network,0,0
3255,6,2025-05-03 11:46:49,33490.09,Transfer Funds,True,-1838.0,31652.09,"Paris, France",iPhone,Mobile Network,0,0
3256,72,2025-05-03 13:52:49,5080.39,Pay Bills,True,-2699.0,2381.39,"New York, USA",iPhone,Mobile Network,0,0
3257,6,2025-05-03 15:44:49,31652.09,Transfer Funds,True,-608.0,31044.09,"New York, USA",iPhone,Home WiFi,0,0
3258,72,2025-05-03 16:55:49,2381.39,Apply for Credit Card,True,0.0,2381.39,"Los Angeles, USA",Windows Laptop,Home WiFi,0,0
3259,6,2025-05-03 17:57:49,31044.09,Pay Bills,True,-639.0,30405.09,"Berlin, Germany",Android,Home WiFi,0,0
3260,72,2025-05-03 20:00:49,2381.39,Apply for Credit Card,True,0.0,2381.39,"Paris, France",iPhone,Public WiFi,0,0
3261,6,2025-05-03 21:43:49,30405.09,Pay Bills,True,-2871.0,27534.09,"Los Angeles, USA",Windows Laptop,Home WiFi,0,0
3262,72,2025-05-03 22:02:49,2381.39,Apply for Credit Card,True,0.0,2381.39,"New York, USA",iPhone,Public WiFi,0,0
3263,6,2025-05-03 22:49:49,27534.09,Pay Bills,True,-1068.0,26466.09,"London, UK",Android,Public WiFi,0,0
3264,72,2025-05-04 00:17:49,2381.39,Apply for Loan,True,0.0,2381.39,"London, UK",iPad,Mobile Network,1,0
3265,6,2025-05-04 02:36:49,26466.09,Pay Bills,True,-197.0,26269.09,"Tokyo, Japan",iPhone,Public WiFi,0,0
3266,72,2025-05-04 04:30:49,2381.39,Transfer Funds,True,-259.0,2122.39,"London, UK",Linux PC,Corporate Network,0,0
3267,6,2025-05-04 06:41:49,26269.09,Pay Bills,True,-2121.0,24148.09,"New York, USA",MacBook,Corporate Network,0,0
3268,72,2025-05-04 09:23:49,2122.39,Make Purchase,True,-394.0,1728.39,"Los Angeles, USA",iPad,Public WiFi,0,0
3269,6,2025-05-04 09:54:49,24148.09,Make Purchase,True,-261.0,23887.09,"London, UK",Linux PC,Home WiFi,0,0
3270,72,2025-05-04 12:38:49,1728.39,Deposit Funds,True,2169.0,3897.39,"New York, USA",MacBook,Mobile Network,0,0
3271,6,2025-05-04 13:42:49,23887.09,Make Purchase,True,-767.0,23120.09,"London, UK",Windows Laptop,Public WiFi,0,0
3272,72,2025-05-04 15:11:49,3897.39,Pay Bills,True,-1507.0,2390.39,"Tokyo, Japan",iPhone,Public WiFi,1,0
3273,6,2025-05-04 15:11:49,23120.09,Pay Bills,True,-3798.0,19322.09,"New York, USA",iPhone,Corporate Network,1,0
3274,72,2025-05-04 15:22:49,2390.39,Pay Bills,False,-2460.0,2390.39,"Los Angeles, USA",iPad,Public WiFi,0,0
3275,6,2025-05-04 15:56:49,19322.09,Make Purchase,True,-741.0,18581.09,"Los Angeles, USA",iPhone,Public WiFi,0,0
3276,72,2025-05-04 18:27:49,2390.39,Deposit Funds,True,1129.0,3519.39,"London, UK",MacBook,Corporate Network,0,1
3277,6,2025-05-04 19:25:49,18581.09,Make Purchase,True,-152.0,18429.09,"Tokyo, Japan",MacBook,Public WiFi,0,0
3278,72,2025-05-04 19:35:49,3519.39,Deposit Funds,True,1847.0,5366.39,"New York, USA",Linux PC,Public WiFi,0,0
3279,6,2025-05-04 21:05:49,18429.09,Make Purchase,True,-217.0,18212.09,"Tokyo, Japan",MacBook,Home WiFi,0,0
3280,72,2025-05-04 23:13:49,5366.39,Make Purchase,True,-257.0,5109.39,"Los Angeles, USA",MacBook,Home WiFi,0,0
3281,6,2025-05-05 00:08:49,18212.09,Make Purchase,True,-778.0,17434.09,"Tokyo, Japan",iPhone,Mobile Network,0,1
3282,72,2025-05-05 02:56:49,5109.39,Make Purchase,True,-973.0,4136.39,"Berlin, Germany",Windows Laptop,Home WiFi,0,0
3283,6,2025-05-05 04:57:49,17434.09,Invest Money,False,-48698.0,17434.09,"New York, USA",Windows Laptop,Mobile Network,0,0
3284,72,2025-05-05 05:24:49,4136.39,Make Purchase,True,-141.0,3995.39,"London, UK",iPad,Mobile Network,0,0
3285,6,2025-05-05 05:48:49,17434.09,Pay Bills,True,-2057.0,15377.09,"Tokyo, Japan",Windows Laptop,Home WiFi,0,0
3286,72,2025-05-05 07:15:49,3995.39,Make Purchase,True,-640.0,3355.39,"Berlin, Germany",MacBook,Corporate Network,0,0
3287,6,2025-05-05 08:37:49,15377.09,Pay Bills,True,-2814.0,12563.09,"New York, USA",Windows Laptop,Home WiFi,0,0
3288,72,2025-05-05 11:30:49,3355.39,Make Purchase,True,-897.0,2458.39,"New York, USA",iPhone,Public WiFi,0,0
3289,6,2025-05-05 14:12:49,12563.09,Transfer Funds,True,-3964.0,8599.09,"Tokyo, Japan",Android,Public WiFi,0,0
3290,72,2025-05-05 16:35:49,2458.39,Make Purchase,True,-533.0,1925.39,"Tokyo, Japan",iPad,Home WiFi,0,0
3291,6,2025-05-05 17:35:49,8599.09,Deposit Funds,True,9631.0,18230.09,"Los Angeles, USA",Android,Public WiFi,0,0
3292,72,2025-05-05 20:05:49,1925.39,Make Purchase,True,-63.0,1862.39,"Tokyo, Japan",MacBook,Mobile Network,0,0
3293,6,2025-05-05 20:51:49,18230.09,Review activityments,True,0.0,18230.09,"New York, USA",Android,Mobile Network,0,0
3294,72,2025-05-05 21:50:49,1862.39,Pay Bills,False,-3336.0,1862.39,"London, UK",MacBook,Home WiFi,0,0
3295,6,2025-05-05 22:11:49,18230.09,Review activityments,True,0.0,18230.09,"Los Angeles, USA",iPhone,Corporate Network,0,0
3296,72,2025-05-05 22:35:49,1862.39,Pay Bills,True,-573.0,1289.39,"Los Angeles, USA",iPhone,Home WiFi,0,0
3297,6,2025-05-05 22:51:49,18230.09,Review activityments,True,0.0,18230.09,"Berlin, Germany",Android,Public WiFi,0,0
3298,72,2025-05-05 23:53:49,1289.39,Pay Bills,False,-3273.0,1289.39,"Paris, France",Windows Laptop,Public WiFi,0,0
3299,6,2025-05-06 00:49:49,18230.09,Review activityments,True,0.0,18230.09,"Tokyo, Japan",iPhone,Home WiFi,0,0
3300,72,2025-05-06 02:11:49,1289.39,Pay Bills,False,-2898.0,1289.39,"Tokyo, Japan",Windows Laptop,Public WiFi,1,0
3301,6,2025-05-06 04:49:49,18230.09,Review activityments,True,0.0,18230.09,"Tokyo, Japan",iPhone,Home WiFi,0,0
3302,72,2025-05-06 06:38:49,1289.39,Apply for Credit Card,True,0.0,1289.39,"Tokyo, Japan",Android,Mobile Network,0,0
3303,6,2025-05-06 07:39:49,18230.09,Review activityments,True,0.0,18230.09,"London, UK",Android,Home WiFi,0,0
3304,72,2025-05-06 08:29:49,1289.39,Pay Bills,False,-2758.0,1289.39,"New York, USA",iPad,Mobile Network,0,0
3305,6,2025-05-06 10:50:49,18230.09,Apply for Loan,True,0.0,18230.09,"New York, USA",iPhone,Mobile Network,0,0
3306,72,2025-05-06 13:11:49,1289.39,Deposit Funds,True,7646.0,8935.39,"Los Angeles, USA",MacBook,Home WiFi,0,0
3307,6,2025-05-06 16:00:49,18230.09,Review activityments,True,0.0,18230.09,"Tokyo, Japan",MacBook,Mobile Network,0,0
3308,72,2025-05-06 16:32:49,8935.39,Deposit Funds,True,3729.0,12664.39,"New York, USA",iPhone,Home WiFi,0,0
3309,6,2025-05-06 18:58:49,18230.09,Review activityments,True,0.0,18230.09,"London, UK",Linux PC,Home WiFi,0,0
3310,72,2025-05-06 20:20:49,12664.39,Apply for Loan,True,0.0,12664.39,"Tokyo, Japan",Linux PC,Public WiFi,0,0
3311,6,2025-05-06 22:48:49,18230.09,Review activityments,True,0.0,18230.09,"London, UK",Android,Public WiFi,0,0
3312,72,2025-05-06 23:00:49,12664.39,Apply for Loan,True,0.0,12664.39,"Tokyo, Japan",MacBook,Mobile Network,0,0
3313,6,2025-05-07 00:38:49,18230.09,Deposit Funds,True,228.0,18458.09,"New York, USA",Android,Public WiFi,0,0
3314,72,2025-05-07 01:42:49,12664.39,Transfer Funds,True,-1116.0,11548.39,"New York, USA",iPhone,Public WiFi,0,0
3315,6,2025-05-07 04:02:49,18458.09,Deposit Funds,True,5662.0,24120.09,"Los Angeles, USA",Linux PC,Mobile Network,0,0
3316,72,2025-05-07 04:24:49,11548.39,Invest Money,False,-29921.0,11548.39,"New York, USA",Android,Mobile Network,0,0
3317,6,2025-05-07 04:54:49,24120.09,Deposit Funds,True,7372.0,31492.09,"Los Angeles, USA",Windows Laptop,Public WiFi,0,0
3318,72,2025-05-07 06:30:49,11548.39,Apply for Loan,True,0.0,11548.39,"New York, USA",Android,Public WiFi,0,0
3319,6,2025-05-07 07:20:49,31492.09,Transfer Funds,True,-4177.0,27315.09,"Paris, France",iPad,Public WiFi,0,0
3320,72,2025-05-07 08:15:49,11548.39,Make Purchase,True,-231.0,11317.39,"London, UK",Android,Home WiFi,0,0
3321,6,2025-05-07 10:24:49,27315.09,Make Purchase,True,-118.0,27197.09,"London, UK",MacBook,Home WiFi,0,0
3322,72,2025-05-07 13:02:49,11317.39,Make Purchase,True,-26.0,11291.39,"New York, USA",Windows Laptop,Mobile Network,0,0
3323,6,2025-05-07 13:02:49,27197.09,Make Purchase,True,-309.0,26888.09,"London, UK",MacBook,Home WiFi,0,0
3324,72,2025-05-07 15:59:49,11291.39,Deposit Funds,True,9899.0,21190.39,"New York, USA",iPhone,Home WiFi,0,0
3325,6,2025-05-07 17:09:49,26888.09,Apply for Credit Card,True,0.0,26888.09,"New York, USA",iPhone,Home WiFi,0,0
3326,72,2025-05-07 18:20:49,21190.39,Transfer Funds,True,-3604.0,17586.39,"New York, USA",Windows Laptop,Public WiFi,0,0
3327,6,2025-05-07 19:29:49,26888.09,Make Purchase,True,-383.0,26505.09,"New York, USA",MacBook,Home WiFi,0,0
3328,72,2025-05-07 19:58:49,17586.39,Deposit Funds,True,9119.0,26705.39,"Berlin, Germany",iPhone,Home WiFi,0,0
3329,6,2025-05-07 22:16:49,26505.09,Deposit Funds,True,9817.0,36322.09,"Los Angeles, USA",MacBook,Public WiFi,0,0
3330,72,2025-05-07 22:36:49,26705.39,Deposit Funds,True,6463.0,33168.39,"Paris, France",MacBook,Home WiFi,0,1
3331,6,2025-05-08 00:45:49,36322.09,Apply for Credit Card,True,0.0,36322.09,"Paris, France",Windows Laptop,Home WiFi,0,0
3332,72,2025-05-08 03:05:49,33168.39,Deposit Funds,True,3485.0,36653.39,"London, UK",Windows Laptop,Home WiFi,0,0
3333,6,2025-05-08 05:55:49,36322.09,Apply for Credit Card,True,0.0,36322.09,"New York, USA",Android,Corporate Network,0,0
3334,72,2025-05-08 08:17:49,36653.39,Deposit Funds,True,7872.0,44525.39,"Tokyo, Japan",iPhone,Public WiFi,0,0
3335,6,2025-05-08 11:16:49,36322.09,Pay Bills,True,-4480.0,31842.09,"Berlin, Germany",Android,Public WiFi,0,0
3336,72,2025-05-08 11:54:49,44525.39,Deposit Funds,True,3877.0,48402.39,"London, UK",Android,Home WiFi,0,0
3337,6,2025-05-08 13:48:49,31842.09,Apply for Credit Card,True,0.0,31842.09,"London, UK",Android,Corporate Network,1,0
3338,72,2025-05-08 14:14:49,48402.39,Deposit Funds,True,553.0,48955.39,"New York, USA",Linux PC,Home WiFi,0,0
3339,6,2025-05-08 14:32:49,31842.09,Apply for Credit Card,True,0.0,31842.09,"Paris, France",Windows Laptop,Mobile Network,0,0
3340,72,2025-05-08 15:23:49,48955.39,Make Purchase,True,-9.0,48946.39,"New York, USA",Android,Public WiFi,0,0
3341,6,2025-05-08 16:21:49,31842.09,Deposit Funds,True,5546.0,37388.09,"Tokyo, Japan",MacBook,Public WiFi,0,0
3342,72,2025-05-08 16:45:49,48946.39,Make Purchase,True,-805.0,48141.39,"Los Angeles, USA",iPhone,Public WiFi,0,0
3343,6,2025-05-08 18:45:49,37388.09,Deposit Funds,True,5114.0,42502.09,"Paris, France",Android,Public WiFi,0,0
3344,72,2025-05-08 20:06:49,48141.39,Make Purchase,True,-361.0,47780.39,"Berlin, Germany",Windows Laptop,Home WiFi,0,0
3345,6,2025-05-08 20:20:49,42502.09,Make Purchase,True,-52.0,42450.09,"Tokyo, Japan",Android,Home WiFi,0,0
3346,72,2025-05-08 22:34:49,47780.39,Make Purchase,True,-460.0,47320.39,"New York, USA",MacBook,Corporate Network,0,0
3347,6,2025-05-09 01:11:49,42450.09,Make Purchase,True,-462.0,41988.09,"Los Angeles, USA",Windows Laptop,Home WiFi,0,0
3348,72,2025-05-09 03:36:49,47320.39,Apply for Credit Card,True,0.0,47320.39,"London, UK",Linux PC,Home WiFi,0,0
3349,6,2025-05-09 05:44:49,41988.09,Make Purchase,True,-433.0,41555.09,"London, UK",iPhone,Public WiFi,0,0
3350,72,2025-05-09 08:01:49,47320.39,Pay Bills,True,-2783.0,44537.39,"Berlin, Germany",Windows Laptop,Home WiFi,0,0
3351,6,2025-05-09 10:13:49,41555.09,Make Purchase,True,-314.0,41241.09,"London, UK",Windows Laptop,Home WiFi,0,0
3352,72,2025-05-09 10:42:49,44537.39,Apply for Loan,True,0.0,44537.39,"New York, USA",Android,Home WiFi,0,0
3353,6,2025-05-09 13:27:49,41241.09,Make Purchase,True,-405.0,40836.09,"Los Angeles, USA",iPhone,Home WiFi,0,0
3354,72,2025-05-09 14:15:49,44537.39,Deposit Funds,True,5939.0,50476.39,"New York, USA",iPhone,Home WiFi,0,0
3355,6,2025-05-09 14:18:49,40836.09,Pay Bills,True,-3501.0,37335.09,"New York, USA",Windows Laptop,Mobile Network,0,0
3356,72,2025-05-09 15:33:49,50476.39,Deposit Funds,True,8094.0,58570.39,"Los Angeles, USA",Android,Corporate Network,0,0
3357,6,2025-05-09 18:31:49,37335.09,Pay Bills,True,-1008.0,36327.09,"New York, USA",MacBook,Home WiFi,0,0
3358,72,2025-05-09 19:26:49,58570.39,Transfer Funds,True,-179.0,58391.39,"Los Angeles, USA",iPhone,Mobile Network,0,0
3359,6,2025-05-09 19:40:49,36327.09,Pay Bills,True,-2350.0,33977.09,"New York, USA",Android,Public WiFi,0,0
3360,72,2025-05-09 21:25:49,58391.39,Transfer Funds,True,-1068.0,57323.39,"London, UK",Android,Mobile Network,0,0
3361,6,2025-05-09 22:40:49,33977.09,Pay Bills,True,-4883.0,29094.09,"New York, USA",Android,Home WiFi,1,0
3362,72,2025-05-10 01:37:49,57323.39,Pay Bills,True,-1209.0,56114.39,"Los Angeles, USA",Android,Home WiFi,0,0
3363,6,2025-05-10 03:59:49,29094.09,Apply for Loan,True,0.0,29094.09,"Berlin, Germany",iPhone,Public WiFi,0,0
3364,72,2025-05-10 06:20:49,56114.39,Deposit Funds,True,6426.0,62540.39,"Los Angeles, USA",iPhone,Home WiFi,0,0
3365,6,2025-05-10 07:18:49,29094.09,Close Account,True,0.0,29094.09,"Berlin, Germany",iPhone,Public WiFi,0,0
3366,72,2025-05-10 08:23:49,62540.39,Review activityments,True,0.0,62540.39,"Paris, France",iPhone,Home WiFi,0,0
3367,72,2025-05-10 08:55:49,62540.39,Review activityments,True,0.0,62540.39,"London, UK",MacBook,Public WiFi,0,0
3368,72,2025-05-10 10:03:49,62540.39,Pay Bills,True,-4597.0,57943.39,"New York, USA",Android,Home WiFi,0,0
3369,72,2025-05-10 12:14:49,57943.39,Make Purchase,True,-315.0,57628.39,"Berlin, Germany",Windows Laptop,Public WiFi,0,0
3370,72,2025-05-10 12:57:49,57628.39,Make Purchase,True,-848.0,56780.39,"Los Angeles, USA",iPad,Corporate Network,0,0
3371,72,2025-05-10 13:06:49,56780.39,Transfer Funds,True,-912.0,55868.39,"New York, USA",MacBook,Public WiFi,0,0
3372,72,2025-05-10 13:18:49,55868.39,Transfer Funds,True,-86.0,55782.39,"Paris, France",Linux PC,Mobile Network,0,1
3373,72,2025-05-10 14:04:49,55782.39,Make Purchase,True,-714.0,55068.39,"New York, USA",Linux PC,Home WiFi,0,0
3374,72,2025-05-10 16:03:49,55068.39,Pay Bills,True,-4837.0,50231.39,"New York, USA",MacBook,Home WiFi,0,0
3375,72,2025-05-10 17:58:49,50231.39,Pay Bills,True,-3250.0,46981.39,"Los Angeles, USA",Android,Home WiFi,0,0
3376,72,2025-05-10 19:41:49,46981.39,Pay Bills,True,-192.0,46789.39,"Los Angeles, USA",iPhone,Mobile Network,0,0
3377,72,2025-05-10 21:42:49,46789.39,Pay Bills,True,-2864.0,43925.39,"London, UK",iPhone,Mobile Network,0,0
3378,72,2025-05-10 23:39:49,43925.39,Make Purchase,True,-465.0,43460.39,"Paris, France",Android,Home WiFi,1,0
3379,72,2025-05-10 23:47:49,43460.39,Make Purchase,True,-21.0,43439.39,"Paris, France",Windows Laptop,Home WiFi,1,0
3380,72,2025-05-11 01:55:49,43439.39,Pay Bills,True,-2229.0,41210.39,"Tokyo, Japan",Linux PC,Public WiFi,0,1
3381,72,2025-05-11 03:27:49,41210.39,Make Purchase,True,-47.0,41163.39,"Los Angeles, USA",Linux PC,Public WiFi,0,0
3382,72,2025-05-11 04:50:49,41163.39,Make Purchase,True,-493.0,40670.39,"London, UK",Android,Corporate Network,0,0
3383,72,2025-05-11 06:30:49,40670.39,Make Purchase,True,-821.0,39849.39,"Los Angeles, USA",Windows Laptop,Public WiFi,0,0
3384,72,2025-05-11 07:26:49,39849.39,Pay Bills,True,-1530.0,38319.39,"Paris, France",Android,Corporate Network,0,0
3385,72,2025-05-11 10:23:49,38319.39,Pay Bills,True,-2357.0,35962.39,"Tokyo, Japan",iPhone,Public WiFi,0,0
3386,72,2025-05-11 13:12:49,35962.39,Pay Bills,True,-902.0,35060.39,"Paris, France",Android,Corporate Network,0,0
3387,72,2025-05-11 13:17:49,35060.39,Make Purchase,True,-137.0,34923.39,"Paris, France",Windows Laptop,Public WiFi,0,0
3388,72,2025-05-11 15:42:49,34923.39,Pay Bills,True,-4511.0,30412.39,"New York, USA",Windows Laptop,Public WiFi,0,0
3389,72,2025-05-11 15:56:49,30412.39,Pay Bills,True,-3424.0,26988.39,"Paris, France",Android,Home WiFi,0,0
3390,72,2025-05-11 17:29:49,26988.39,Make Purchase,True,-826.0,26162.39,"Los Angeles, USA",iPad,Corporate Network,0,0
3391,72,2025-05-11 18:22:49,26162.39,Pay Bills,True,-2368.0,23794.39,"Los Angeles, USA",Android,Home WiFi,0,0
3392,72,2025-05-11 18:27:49,23794.39,Transfer Funds,True,-1926.0,21868.39,"Paris, France",iPhone,Home WiFi,0,0
3393,72,2025-05-11 20:52:49,21868.39,Transfer Funds,True,-3715.0,18153.39,"Tokyo, Japan",Windows Laptop,Home WiFi,0,0
3394,72,2025-05-11 21:40:49,18153.39,Deposit Funds,True,1018.0,19171.39,"New York, USA",Windows Laptop,Public WiFi,0,0
3395,72,2025-05-11 23:10:49,19171.39,Transfer Funds,True,-1240.0,17931.39,"New York, USA",iPhone,Home WiFi,0,0
3396,72,2025-05-11 23:30:49,17931.39,Transfer Funds,True,-3459.0,14472.39,"Tokyo, Japan",iPhone,Home WiFi,0,0
3397,72,2025-05-12 00:50:49,14472.39,Transfer Funds,True,-3137.0,11335.39,"Paris, France",Windows Laptop,Home WiFi,0,0
3398,72,2025-05-12 03:17:49,11335.39,Deposit Funds,True,6042.0,17377.39,"New York, USA",Windows Laptop,Mobile Network,0,0
3399,72,2025-05-12 04:38:49,17377.39,Make Purchase,True,-664.0,16713.39,"New York, USA",Android,Public WiFi,0,0
3400,72,2025-05-12 05:41:49,16713.39,Make Purchase,True,-964.0,15749.39,"Paris, France",iPhone,Corporate Network,0,0
3401,72,2025-05-12 07:27:49,15749.39,Pay Bills,True,-2462.0,13287.39,"London, UK",iPhone,Corporate Network,0,0
3402,72,2025-05-12 08:01:49,13287.39,Pay Bills,True,-2206.0,11081.39,"New York, USA",iPhone,Public WiFi,0,0
3403,72,2025-05-12 10:39:49,11081.39,Apply for Credit Card,True,0.0,11081.39,"New York, USA",iPad,Home WiFi,0,0
3404,72,2025-05-12 12:50:49,11081.39,Make Purchase,True,-932.0,10149.39,"Berlin, Germany",Android,Home WiFi,0,0
3405,72,2025-05-12 15:25:49,10149.39,Make Purchase,True,-874.0,9275.39,"Tokyo, Japan",iPad,Home WiFi,0,0
3406,72,2025-05-12 18:21:49,9275.39,Pay Bills,True,-3471.0,5804.39,"Tokyo, Japan",iPhone,Mobile Network,0,0
3407,72,2025-05-12 21:06:49,5804.39,Pay Bills,True,-3935.0,1869.39,"New York, USA",Android,Home WiFi,0,0
3408,72,2025-05-12 21:07:49,1869.39,Pay Bills,False,-4928.0,1869.39,"Tokyo, Japan",MacBook,Mobile Network,0,0
3409,72,2025-05-12 23:50:49,1869.39,Pay Bills,False,-2325.0,1869.39,"Los Angeles, USA",Android,Public WiFi,0,0
3410,72,2025-05-13 01:11:49,1869.39,Make Purchase,True,-945.0,924.39,"New York, USA",iPad,Public WiFi,0,0
3411,72,2025-05-13 02:26:49,924.39,Transfer Funds,False,-4528.0,924.39,"Los Angeles, USA",Windows Laptop,Home WiFi,0,0
3412,72,2025-05-13 04:33:49,924.39,Apply for Credit Card,True,0.0,924.39,"Los Angeles, USA",iPhone,Public WiFi,1,0
3413,72,2025-05-13 04:52:49,924.39,Transfer Funds,False,-4854.0,924.39,"New York, USA",Android,Mobile Network,0,0
3414,72,2025-05-13 05:56:49,924.39,Transfer Funds,False,-3132.0,924.39,"Tokyo, Japan",Windows Laptop,Home WiFi,0,1
3415,72,2025-05-13 08:20:49,924.39,Make Purchase,True,-823.0,101.39,"London, UK",iPhone,Corporate Network,0,0
3416,72,2025-05-13 09:39:49,101.39,Transfer Funds,False,-1608.0,101.39,"New York, USA",iPhone,Corporate Network,0,0
3417,72,2025-05-13 11:28:49,101.39,Pay Bills,False,-161.0,101.39,"Tokyo, Japan",Windows Laptop,Mobile Network,0,0
3418,72,2025-05-13 12:48:49,101.39,Pay Bills,False,-3437.0,101.39,"New York, USA",iPhone,Corporate Network,0,0
3419,72,2025-05-13 14:39:49,101.39,Pay Bills,False,-989.0,101.39,"Berlin, Germany",MacBook,Mobile Network,0,0
3420,72,2025-05-13 17:14:49,101.39,Pay Bills,False,-3389.0,101.39,"New York, USA",MacBook,Public WiFi,0,0
3421,72,2025-05-13 20:05:49,101.39,Apply for Credit Card,True,0.0,101.39,"New York, USA",Windows Laptop,Home WiFi,0,0
3422,72,2025-05-13 21:25:49,101.39,Apply for Credit Card,True,0.0,101.39,"New York, USA",iPad,Home WiFi,0,0
3423,72,2025-05-13 23:59:49,101.39,Apply for Credit Card,True,0.0,101.39,"Tokyo, Japan",MacBook,Mobile Network,0,0
3424,72,2025-05-14 00:11:49,101.39,Transfer Funds,False,-2207.0,101.39,"Paris, France",MacBook,Home WiFi,0,0
3425,72,2025-05-14 01:55:49,101.39,Make Purchase,False,-313.0,101.39,"Los Angeles, USA",Linux PC,Mobile Network,0,0
3426,72,2025-05-14 03:02:49,101.39,Make Purchase,False,-351.0,101.39,"London, UK",MacBook,Home WiFi,0,0
3427,72,2025-05-14 03:28:49,101.39,Make Purchase,False,-793.0,101.39,"Los Angeles, USA",Android,Mobile Network,0,0
3428,72,2025-05-14 05:10:49,101.39,Make Purchase,False,-587.0,101.39,"Paris, France",iPhone,Home WiFi,0,0
3429,72,2025-05-14 07:16:49,101.39,Pay Bills,False,-4028.0,101.39,"New York, USA",iPhone,Mobile Network,0,0
3430,72,2025-05-14 09:32:49,101.39,Pay Bills,False,-4247.0,101.39,"Los Angeles, USA",Linux PC,Home WiFi,0,0
3431,72,2025-05-14 11:29:49,101.39,Pay Bills,False,-4029.0,101.39,"New York, USA",iPhone,Mobile Network,0,0
3432,72,2025-05-14 12:14:49,101.39,Make Purchase,False,-501.0,101.39,"New York, USA",iPhone,Home WiFi,0,0
3433,72,2025-05-14 12:43:49,101.39,Deposit Funds,True,2774.0,2875.39,"Berlin, Germany",iPhone,Mobile Network,0,0
3434,72,2025-05-14 14:30:49,2875.39,Deposit Funds,True,1908.0,4783.39,"Berlin, Germany",iPhone,Mobile Network,0,0
3435,72,2025-05-14 15:25:49,4783.39,Invest Money,False,-20608.0,4783.39,"New York, USA",iPhone,Public WiFi,0,0
3436,72,2025-05-14 15:54:49,4783.39,Invest Money,True,-2022.0,2761.39,"Los Angeles, USA",iPhone,Public WiFi,0,0
3437,72,2025-05-14 17:37:49,2761.39,Deposit Funds,True,2446.0,5207.39,"New York, USA",iPhone,Mobile Network,0,0
3438,72,2025-05-14 19:41:49,5207.39,Deposit Funds,True,8999.0,14206.39,"New York, USA",MacBook,Mobile Network,0,0
3439,72,2025-05-14 20:20:49,14206.39,Make Purchase,True,-454.0,13752.39,"London, UK",Android,Home WiFi,0,0
3440,72,2025-05-14 22:46:49,13752.39,Pay Bills,True,-1036.0,12716.39,"Paris, France",MacBook,Public WiFi,0,0
3441,72,2025-05-15 01:11:49,12716.39,Pay Bills,True,-4619.0,8097.39,"New York, USA",iPhone,Home WiFi,1,0
3442,72,2025-05-15 01:11:49,8097.39,Transfer Funds,True,-3831.0,4266.39,"New York, USA",Windows Laptop,Home WiFi,1,0
3443,72,2025-05-15 02:40:49,4266.39,Transfer Funds,True,-901.0,3365.39,"Los Angeles, USA",MacBook,Corporate Network,0,0
3444,72,2025-05-15 03:20:49,3365.39,Transfer Funds,True,-1843.0,1522.39,"Tokyo, Japan",iPhone,Home WiFi,0,0
3445,72,2025-05-15 05:35:49,1522.39,Make Purchase,True,-246.0,1276.39,"Los Angeles, USA",Android,Home WiFi,0,0
3446,72,2025-05-15 06:31:49,1276.39,Invest Money,False,-10007.0,1276.39,"New York, USA",iPad,Mobile Network,0,0
3447,72,2025-05-15 06:41:49,1276.39,Invest Money,False,-44119.0,1276.39,"London, UK",Android,Corporate Network,0,0
3448,72,2025-05-15 08:43:49,1276.39,Apply for Loan,True,0.0,1276.39,"Los Angeles, USA",Android,Home WiFi,0,0
3449,72,2025-05-15 10:29:49,1276.39,Apply for Loan,True,0.0,1276.39,"Tokyo, Japan",iPhone,Mobile Network,0,0
3450,72,2025-05-15 12:33:49,1276.39,Apply for Loan,True,0.0,1276.39,"New York, USA",MacBook,Home WiFi,0,0
3451,72,2025-05-15 15:06:49,1276.39,Make Purchase,True,-236.0,1040.39,"New York, USA",iPhone,Public WiFi,0,0
3452,72,2025-05-15 15:14:49,1040.39,Make Purchase,True,-941.0,99.39,"New York, USA",MacBook,Public WiFi,0,0
3453,72,2025-05-15 16:07:49,99.39,Make Purchase,False,-521.0,99.39,"New York, USA",Windows Laptop,Home WiFi,0,0
3454,72,2025-05-15 17:44:49,99.39,Make Purchase,False,-725.0,99.39,"Paris, France",iPhone,Mobile Network,0,0
3455,72,2025-05-15 18:16:49,99.39,Make Purchase,True,-26.0,73.39,"New York, USA",Windows Laptop,Home WiFi,0,1
3456,72,2025-05-15 19:22:49,73.39,Invest Money,False,-26920.0,73.39,"Los Angeles, USA",Windows Laptop,Public WiFi,0,1
3457,72,2025-05-15 20:02:49,73.39,Transfer Funds,False,-2648.0,73.39,"Los Angeles, USA",Android,Home WiFi,0,0
3458,72,2025-05-15 22:23:49,73.39,Deposit Funds,True,1478.0,1551.39,"Tokyo, Japan",Windows Laptop,Public WiFi,0,0
3459,72,2025-05-15 22:41:49,1551.39,Make Purchase,True,-904.0,647.39,"Tokyo, Japan",iPhone,Corporate Network,0,0
3460,72,2025-05-16 00:25:49,647.39,Make Purchase,True,-141.0,506.39,"New York, USA",iPhone,Public WiFi,0,0
3461,72,2025-05-16 02:44:49,506.39,Make Purchase,False,-707.0,506.39,"Tokyo, Japan",Linux PC,Public WiFi,0,0
3462,72,2025-05-16 03:59:49,506.39,Make Purchase,False,-705.0,506.39,"Los Angeles, USA",Linux PC,Public WiFi,0,0
3463,72,2025-05-16 05:34:49,506.39,Make Purchase,True,-445.0,61.39,"London, UK",iPhone,Corporate Network,0,0
3464,72,2025-05-16 07:30:49,61.39,Make Purchase,False,-916.0,61.39,"Berlin, Germany",Windows Laptop,Home WiFi,1,0
3465,72,2025-05-16 07:47:49,61.39,Make Purchase,False,-953.0,61.39,"Tokyo, Japan",Android,Mobile Network,0,0
3466,72,2025-05-16 10:45:49,61.39,Deposit Funds,True,6579.0,6640.39,"Los Angeles, USA",iPhone,Home WiFi,0,0
3467,72,2025-05-16 12:24:49,6640.39,Pay Bills,True,-2489.0,4151.39,"Los Angeles, USA",Windows Laptop,Home WiFi,0,0
3468,72,2025-05-16 14:49:49,4151.39,Pay Bills,True,-2448.0,1703.39,"Berlin, Germany",MacBook,Home WiFi,0,0
3469,72,2025-05-16 15:41:49,1703.39,Pay Bills,False,-4537.0,1703.39,"Los Angeles, USA",Windows Laptop,Mobile Network,0,0
3470,72,2025-05-16 17:23:49,1703.39,Transfer Funds,False,-4296.0,1703.39,"London, UK",iPhone,Public WiFi,0,0
3471,72,2025-05-16 19:56:49,1703.39,Deposit Funds,True,6491.0,8194.39,"New York, USA",iPhone,Public WiFi,0,0
3472,72,2025-05-16 22:28:49,8194.39,Apply for Credit Card,True,0.0,8194.39,"Berlin, Germany",iPhone,Home WiFi,0,0
3473,72,2025-05-17 01:20:49,8194.39,Review activityments,True,0.0,8194.39,"Paris, France",Windows Laptop,Public WiFi,0,0
3474,72,2025-05-17 03:48:49,8194.39,Review activityments,True,0.0,8194.39,"New York, USA",iPhone,Mobile Network,0,0
3475,72,2025-05-17 04:14:49,8194.39,Transfer Funds,True,-1502.0,6692.39,"Berlin, Germany",MacBook,Corporate Network,0,0
3476,72,2025-05-17 06:21:49,6692.39,Transfer Funds,True,-2652.0,4040.39,"New York, USA",Windows Laptop,Home WiFi,0,0
3477,72,2025-05-17 08:45:49,4040.39,Make Purchase,True,-961.0,3079.39,"New York, USA",Android,Mobile Network,0,0
3478,72,2025-05-17 09:19:49,3079.39,Make Purchase,True,-942.0,2137.39,"New York, USA",iPhone,Mobile Network,0,0
3479,72,2025-05-17 10:23:49,2137.39,Make Purchase,True,-919.0,1218.39,"New York, USA",Android,Home WiFi,0,0
3480,72,2025-05-17 12:15:49,1218.39,Make Purchase,True,-801.0,417.39,"London, UK",MacBook,Home WiFi,0,1
3481,72,2025-05-17 15:03:49,417.39,Pay Bills,False,-3807.0,417.39,"Los Angeles, USA",iPhone,Corporate Network,0,0
3482,72,2025-05-17 15:07:49,417.39,Deposit Funds,True,5222.0,5639.39,"New York, USA",MacBook,Mobile Network,0,1
3483,72,2025-05-17 17:30:49,5639.39,Make Purchase,True,-35.0,5604.39,"Paris, France",MacBook,Home WiFi,0,0
3484,72,2025-05-17 18:00:49,5604.39,Transfer Funds,True,-2570.0,3034.39,"New York, USA",Android,Mobile Network,0,0
3485,72,2025-05-17 19:55:49,3034.39,Make Purchase,True,-649.0,2385.39,"Berlin, Germany",iPhone,Home WiFi,0,0
3486,72,2025-05-17 21:52:49,2385.39,Make Purchase,True,-88.0,2297.39,"London, UK",iPhone,Home WiFi,0,0
3487,72,2025-05-18 00:00:49,2297.39,Make Purchase,True,-436.0,1861.39,"Tokyo, Japan",Windows Laptop,Mobile Network,0,0
3488,72,2025-05-18 00:06:49,1861.39,Make Purchase,True,-457.0,1404.39,"London, UK",iPhone,Mobile Network,0,0
3489,72,2025-05-18 01:32:49,1404.39,Transfer Funds,False,-3799.0,1404.39,"Tokyo, Japan",iPad,Home WiFi,0,0
3490,72,2025-05-18 02:13:49,1404.39,Make Purchase,True,-254.0,1150.39,"London, UK",Windows Laptop,Mobile Network,1,0
3491,72,2025-05-18 03:50:49,1150.39,Make Purchase,True,-792.0,358.39,"Paris, France",MacBook,Mobile Network,0,0
3492,72,2025-05-18 06:34:49,358.39,Make Purchase,False,-510.0,358.39,"London, UK",Android,Public WiFi,1,0
3493,72,2025-05-18 07:18:49,358.39,Make Purchase,False,-392.0,358.39,"Berlin, Germany",iPhone,Public WiFi,0,0
3494,72,2025-05-18 07:48:49,358.39,Apply for Credit Card,True,0.0,358.39,"Paris, France",Windows Laptop,Mobile Network,0,0
3495,72,2025-05-18 09:14:49,358.39,Make Purchase,False,-398.0,358.39,"New York, USA",MacBook,Home WiFi,0,0
3496,72,2025-05-18 09:54:49,358.39,Make Purchase,False,-917.0,358.39,"London, UK",Android,Home WiFi,0,0
3497,72,2025-05-18 11:13:49,358.39,Pay Bills,False,-2691.0,358.39,"Paris, France",Android,Corporate Network,0,0
3498,72,2025-05-18 12:59:49,358.39,Make Purchase,False,-622.0,358.39,"Tokyo, Japan",Android,Home WiFi,0,0
3499,72,2025-05-18 13:57:49,358.39,Make Purchase,False,-752.0,358.39,"Tokyo, Japan",Android,Mobile Network,0,0
3500,72,2025-05-18 14:42:49,358.39,Pay Bills,False,-4430.0,358.39,"Los Angeles, USA",Android,Mobile Network,0,0
3501,72,2025-05-18 15:57:49,358.39,Review activityments,True,0.0,358.39,"Tokyo, Japan",iPad,Mobile Network,0,0
3502,72,2025-05-18 18:04:49,358.39,Make Purchase,False,-976.0,358.39,"Paris, France",Android,Public WiFi,0,0
3503,72,2025-05-18 20:49:49,358.39,Make Purchase,True,-290.0,68.39,"Los Angeles, USA",Android,Corporate Network,0,0
3504,72,2025-05-18 21:31:49,68.39,Apply for Loan,True,0.0,68.39,"London, UK",Windows Laptop,Home WiFi,0,0
3505,72,2025-05-18 22:40:49,68.39,Make Purchase,False,-999.0,68.39,"New York, USA",Windows Laptop,Mobile Network,0,1
3506,72,2025-05-19 00:57:49,68.39,Transfer Funds,False,-2083.0,68.39,"London, UK",iPad,Mobile Network,1,0
3507,72,2025-05-19 01:11:49,68.39,Deposit Funds,True,890.0,958.39,"Los Angeles, USA",Android,Home WiFi,0,0
3508,72,2025-05-19 02:49:49,958.39,Transfer Funds,True,-448.0,510.39,"New York, USA",Android,Mobile Network,0,0
3509,72,2025-05-19 02:50:49,510.39,Make Purchase,False,-611.0,510.39,"Paris, France",Android,Mobile Network,0,1
3510,72,2025-05-19 05:15:49,510.39,Transfer Funds,False,-2199.0,510.39,"Tokyo, Japan",iPhone,Mobile Network,0,0
3511,72,2025-05-19 06:02:49,510.39,Transfer Funds,False,-4341.0,510.39,"New York, USA",iPhone,Home WiFi,0,0
3512,72,2025-05-19 08:50:49,510.39,Review activityments,True,0.0,510.39,"Tokyo, Japan",iPhone,Home WiFi,1,0
3513,72,2025-05-19 09:48:49,510.39,Review activityments,True,0.0,510.39,"New York, USA",Windows Laptop,Home WiFi,0,0
3514,72,2025-05-19 12:12:49,510.39,Make Purchase,False,-570.0,510.39,"New York, USA",Windows Laptop,Public WiFi,0,0
3515,72,2025-05-19 12:46:49,510.39,Pay Bills,False,-791.0,510.39,"New York, USA",iPhone,Public WiFi,0,0
3516,72,2025-05-19 13:17:49,510.39,Review activityments,True,0.0,510.39,"Paris, France",Android,Home WiFi,0,0
3517,72,2025-05-19 13:30:49,510.39,Review activityments,True,0.0,510.39,"London, UK",iPhone,Corporate Network,0,0
3518,72,2025-05-19 13:45:49,510.39,Review activityments,True,0.0,510.39,"London, UK",Android,Home WiFi,0,0
3519,72,2025-05-19 14:15:49,510.39,Transfer Funds,False,-3067.0,510.39,"New York, USA",MacBook,Home WiFi,0,0
3520,72,2025-05-19 17:13:49,510.39,Deposit Funds,True,9777.0,10287.39,"Los Angeles, USA",Android,Home WiFi,0,0
3521,72,2025-05-19 19:58:49,10287.39,Make Purchase,True,-231.0,10056.39,"Los Angeles, USA",Android,Public WiFi,0,0
3522,72,2025-05-19 20:04:49,10056.39,Pay Bills,True,-4578.0,5478.39,"Los Angeles, USA",iPhone,Public WiFi,0,0
3523,72,2025-05-19 22:08:49,5478.39,Transfer Funds,True,-3428.0,2050.39,"Los Angeles, USA",Android,Home WiFi,0,1
3524,72,2025-05-19 23:40:49,2050.39,Transfer Funds,False,-3635.0,2050.39,"Paris, France",iPhone,Public WiFi,0,1
3525,72,2025-05-20 02:31:49,2050.39,Transfer Funds,False,-2635.0,2050.39,"Berlin, Germany",Android,Public WiFi,0,0
3526,72,2025-05-20 02:55:49,2050.39,Make Purchase,True,-998.0,1052.39,"New York, USA",Android,Mobile Network,0,1
3527,72,2025-05-20 04:13:49,1052.39,Deposit Funds,True,574.0,1626.39,"New York, USA",MacBook,Home WiFi,0,0
3528,72,2025-05-20 05:39:49,1626.39,Make Purchase,True,-606.0,1020.39,"New York, USA",iPhone,Home WiFi,0,0
3529,72,2025-05-20 06:51:49,1020.39,Deposit Funds,True,3504.0,4524.39,"New York, USA",iPhone,Home WiFi,0,0
3530,72,2025-05-20 06:55:49,4524.39,Deposit Funds,True,6575.0,11099.39,"Los Angeles, USA",iPhone,Home WiFi,0,0
3531,72,2025-05-20 09:15:49,11099.39,Make Purchase,True,-709.0,10390.39,"New York, USA",MacBook,Public WiFi,0,0
3532,72,2025-05-20 11:51:49,10390.39,Make Purchase,True,-462.0,9928.39,"New York, USA",Windows Laptop,Corporate Network,0,0
3533,72,2025-05-20 12:49:49,9928.39,Make Purchase,True,-720.0,9208.39,"Los Angeles, USA",iPhone,Home WiFi,0,0
3534,72,2025-05-20 14:20:49,9208.39,Pay Bills,True,-2076.0,7132.39,"New York, USA",iPhone,Home WiFi,0,0
3535,72,2025-05-20 15:46:49,7132.39,Apply for Credit Card,True,0.0,7132.39,"London, UK",iPhone,Public WiFi,0,0
3536,72,2025-05-20 18:30:49,7132.39,Apply for Credit Card,True,0.0,7132.39,"Tokyo, Japan",Android,Home WiFi,0,0
3537,72,2025-05-20 19:13:49,7132.39,Deposit Funds,True,2874.0,10006.39,"London, UK",Windows Laptop,Public WiFi,0,1
3538,72,2025-05-20 19:39:49,10006.39,Make Purchase,True,-76.0,9930.39,"London, UK",Android,Home WiFi,0,0
3539,72,2025-05-20 20:08:49,9930.39,Make Purchase,True,-76.0,9854.39,"London, UK",iPhone,Mobile Network,0,0
3540,72,2025-05-20 21:12:49,9854.39,Make Purchase,True,-714.0,9140.39,"Tokyo, Japan",iPhone,Public WiFi,0,1
3541,72,2025-05-20 22:10:49,9140.39,Make Purchase,True,-565.0,8575.39,"New York, USA",MacBook,Public WiFi,0,0
3542,72,2025-05-20 22:42:49,8575.39,Review activityments,True,0.0,8575.39,"Los Angeles, USA",Android,Mobile Network,0,0
3543,72,2025-05-20 23:21:49,8575.39,Transfer Funds,True,-1010.0,7565.39,"New York, USA",MacBook,Public WiFi,0,0
3544,72,2025-05-21 00:19:49,7565.39,Pay Bills,True,-4666.0,2899.39,"Los Angeles, USA",iPhone,Mobile Network,0,0
3545,72,2025-05-21 00:38:49,2899.39,Pay Bills,False,-4727.0,2899.39,"Berlin, Germany",Android,Corporate Network,0,0
3546,72,2025-05-21 00:49:49,2899.39,Pay Bills,True,-795.0,2104.39,"Paris, France",Android,Home WiFi,0,0
3547,72,2025-05-21 03:27:49,2104.39,Transfer Funds,False,-3985.0,2104.39,"Berlin, Germany",Windows Laptop,Corporate Network,0,0
3548,72,2025-05-21 04:59:49,2104.39,Make Purchase,True,-419.0,1685.39,"Los Angeles, USA",iPhone,Public WiFi,0,0
3549,72,2025-05-21 05:05:49,1685.39,Make Purchase,True,-470.0,1215.39,"London, UK",iPhone,Mobile Network,0,0
3550,72,2025-05-21 07:57:49,1215.39,Pay Bills,False,-4715.0,1215.39,"Los Angeles, USA",Android,Public WiFi,0,0
3551,72,2025-05-21 08:24:49,1215.39,Transfer Funds,False,-3259.0,1215.39,"Los Angeles, USA",iPhone,Home WiFi,0,0
3552,72,2025-05-21 09:23:49,1215.39,Deposit Funds,True,6012.0,7227.39,"Tokyo, Japan",Windows Laptop,Home WiFi,0,0
3553,72,2025-05-21 09:31:49,7227.39,Deposit Funds,True,8342.0,15569.39,"Tokyo, Japan",iPhone,Corporate Network,0,0
3554,72,2025-05-21 09:33:49,15569.39,Deposit Funds,True,6127.0,21696.39,"Berlin, Germany",Android,Home WiFi,0,0
3555,72,2025-05-21 10:47:49,21696.39,Deposit Funds,True,2364.0,24060.39,"London, UK",Android,Home WiFi,0,1
3556,72,2025-05-21 11:08:49,24060.39,Review activityments,True,0.0,24060.39,"Los Angeles, USA",Windows Laptop,Home WiFi,0,0
3557,72,2025-05-21 11:58:49,24060.39,Apply for Loan,True,0.0,24060.39,"New York, USA",iPhone,Home WiFi,0,0
3558,72,2025-05-21 12:15:49,24060.39,Apply for Loan,True,0.0,24060.39,"New York, USA",Android,Public WiFi,0,0
3559,72,2025-05-21 14:08:49,24060.39,Transfer Funds,True,-2234.0,21826.39,"Tokyo, Japan",iPhone,Home WiFi,0,0
3560,72,2025-05-21 14:35:49,21826.39,Transfer Funds,True,-996.0,20830.39,"Berlin, Germany",Windows Laptop,Corporate Network,0,0
3561,72,2025-05-21 15:38:49,20830.39,Make Purchase,True,-964.0,19866.39,"Tokyo, Japan",Windows Laptop,Corporate Network,0,0
3562,72,2025-05-21 16:07:49,19866.39,Transfer Funds,True,-3729.0,16137.39,"New York, USA",iPhone,Home WiFi,0,0
3563,72,2025-05-21 17:08:49,16137.39,Deposit Funds,True,6546.0,22683.39,"New York, USA",iPhone,Home WiFi,0,0
3564,72,2025-05-21 17:48:49,22683.39,Pay Bills,True,-161.0,22522.39,"New York, USA",Android,Mobile Network,1,0
3565,72,2025-05-21 18:12:49,22522.39,Transfer Funds,True,-2928.0,19594.39,"New York, USA",Windows Laptop,Corporate Network,0,0
3566,72,2025-05-21 19:56:49,19594.39,Make Purchase,True,-428.0,19166.39,"New York, USA",Windows Laptop,Corporate Network,0,0
3567,72,2025-05-21 21:35:49,19166.39,Transfer Funds,True,-148.0,19018.39,"Tokyo, Japan",Android,Public WiFi,0,0
3568,72,2025-05-21 21:44:49,19018.39,Make Purchase,True,-847.0,18171.39,"Paris, France",iPhone,Mobile Network,0,0
3569,72,2025-05-21 22:05:49,18171.39,Make Purchase,True,-854.0,17317.39,"New York, USA",Windows Laptop,Public WiFi,0,0
3570,72,2025-05-22 00:16:49,17317.39,Make Purchase,True,-373.0,16944.39,"New York, USA",Windows Laptop,Home WiFi,0,0
3571,72,2025-05-22 01:06:49,16944.39,Pay Bills,True,-3051.0,13893.39,"Tokyo, Japan",iPhone,Corporate Network,0,0
3572,72,2025-05-22 01:25:49,13893.39,Make Purchase,True,-694.0,13199.39,"Paris, France",Android,Public WiFi,0,0
3573,72,2025-05-22 02:29:49,13199.39,Make Purchase,True,-489.0,12710.39,"Los Angeles, USA",iPhone,Home WiFi,0,0
3574,72,2025-05-22 03:26:49,12710.39,Apply for Loan,True,0.0,12710.39,"New York, USA",iPhone,Home WiFi,0,0
3575,72,2025-05-22 04:25:49,12710.39,Deposit Funds,True,5325.0,18035.39,"Tokyo, Japan",Linux PC,Public WiFi,0,0
3576,72,2025-05-22 06:44:49,18035.39,Make Purchase,True,-729.0,17306.39,"Tokyo, Japan",iPhone,Home WiFi,0,0
3577,72,2025-05-22 06:55:49,17306.39,Make Purchase,True,-537.0,16769.39,"Tokyo, Japan",iPhone,Home WiFi,0,0
3578,72,2025-05-22 09:10:49,16769.39,Make Purchase,True,-275.0,16494.39,"Los Angeles, USA",Android,Mobile Network,0,0
3579,72,2025-05-22 11:49:49,16494.39,Make Purchase,True,-495.0,15999.39,"New York, USA",iPhone,Home WiFi,0,0
3580,72,2025-05-22 13:38:49,15999.39,Pay Bills,True,-3843.0,12156.39,"New York, USA",iPhone,Corporate Network,0,0
3581,72,2025-05-22 16:24:49,12156.39,Make Purchase,True,-632.0,11524.39,"Berlin, Germany",Windows Laptop,Home WiFi,0,0
3582,72,2025-05-22 18:35:49,11524.39,Make Purchase,True,-631.0,10893.39,"Tokyo, Japan",Android,Mobile Network,0,0
3583,72,2025-05-22 19:20:49,10893.39,Make Purchase,True,-612.0,10281.39,"Berlin, Germany",MacBook,Home WiFi,0,0
3584,72,2025-05-22 20:35:49,10281.39,Make Purchase,True,-884.0,9397.39,"Berlin, Germany",Android,Corporate Network,0,0
3585,72,2025-05-22 22:00:49,9397.39,Pay Bills,True,-3970.0,5427.39,"New York, USA",Windows Laptop,Public WiFi,0,0
3586,72,2025-05-22 22:32:49,5427.39,Deposit Funds,True,1535.0,6962.39,"New York, USA",Android,Home WiFi,0,0
3587,72,2025-05-23 00:40:49,6962.39,Deposit Funds,True,9751.0,16713.39,"New York, USA",Windows Laptop,Corporate Network,0,0
3588,72,2025-05-23 01:19:49,16713.39,Deposit Funds,True,7123.0,23836.39,"Tokyo, Japan",Android,Mobile Network,0,1
3589,72,2025-05-23 03:54:49,23836.39,Deposit Funds,True,6710.0,30546.39,"London, UK",MacBook,Home WiFi,1,0
3590,72,2025-05-23 05:47:49,30546.39,Make Purchase,True,-651.0,29895.39,"New York, USA",Android,Home WiFi,0,0
3591,72,2025-05-23 07:19:49,29895.39,Make Purchase,True,-649.0,29246.39,"Los Angeles, USA",Android,Mobile Network,0,0
3592,72,2025-05-23 08:58:49,29246.39,Make Purchase,True,-237.0,29009.39,"Los Angeles, USA",Android,Home WiFi,0,0
3593,72,2025-05-23 10:34:49,29009.39,Pay Bills,True,-3684.0,25325.39,"Tokyo, Japan",Android,Home WiFi,0,0
3594,72,2025-05-23 13:12:49,25325.39,Pay Bills,True,-3096.0,22229.39,"Los Angeles, USA",iPhone,Mobile Network,0,0
3595,72,2025-05-23 15:31:49,22229.39,Pay Bills,True,-281.0,21948.39,"Tokyo, Japan",MacBook,Public WiFi,0,0
3596,72,2025-05-23 16:33:49,21948.39,Transfer Funds,True,-4836.0,17112.39,"Tokyo, Japan",Android,Home WiFi,0,0
3597,72,2025-05-23 17:14:49,17112.39,Deposit Funds,True,4761.0,21873.39,"New York, USA",Windows Laptop,Home WiFi,0,0
3598,72,2025-05-23 17:36:49,21873.39,Make Purchase,True,-130.0,21743.39,"New York, USA",Android,Public WiFi,0,0
3599,72,2025-05-23 18:05:49,21743.39,Make Purchase,True,-645.0,21098.39,"Berlin, Germany",Android,Public WiFi,0,0
3600,72,2025-05-23 20:57:49,21098.39,Pay Bills,True,-2751.0,18347.39,"London, UK",Android,Home WiFi,1,0
3601,72,2025-05-23 22:51:49,18347.39,Pay Bills,True,-4308.0,14039.39,"New York, USA",Windows Laptop,Home WiFi,0,0
3602,72,2025-05-24 00:38:49,14039.39,Make Purchase,True,-796.0,13243.39,"Los Angeles, USA",iPhone,Mobile Network,0,0
3603,72,2025-05-24 03:37:49,13243.39,Pay Bills,True,-1465.0,11778.39,"Los Angeles, USA",iPhone,Home WiFi,0,0
3604,72,2025-05-24 04:57:49,11778.39,Pay Bills,True,-2308.0,9470.39,"London, UK",MacBook,Public WiFi,0,0
3605,72,2025-05-24 07:30:49,9470.39,Transfer Funds,True,-4223.0,5247.39,"New York, USA",iPad,Mobile Network,0,0
3606,72,2025-05-24 07:48:49,5247.39,Deposit Funds,True,6140.0,11387.39,"Paris, France",MacBook,Home WiFi,0,0
3607,72,2025-05-24 10:45:49,11387.39,Make Purchase,True,-262.0,11125.39,"Los Angeles, USA",Linux PC,Mobile Network,0,0
3608,72,2025-05-24 11:07:49,11125.39,Deposit Funds,True,1362.0,12487.39,"Tokyo, Japan",iPhone,Public WiFi,0,0
3609,72,2025-05-24 13:00:49,12487.39,Transfer Funds,True,-4819.0,7668.39,"Los Angeles, USA",iPhone,Home WiFi,0,0
3610,72,2025-05-24 14:07:49,7668.39,Deposit Funds,True,883.0,8551.39,"London, UK",iPhone,Mobile Network,0,0
3611,72,2025-05-24 14:16:49,8551.39,Deposit Funds,True,1515.0,10066.39,"London, UK",MacBook,Home WiFi,0,0
3612,72,2025-05-24 15:03:49,10066.39,Deposit Funds,True,6883.0,16949.39,"Tokyo, Japan",iPhone,Corporate Network,0,0
3613,72,2025-05-24 16:34:49,16949.39,Pay Bills,True,-3152.0,13797.39,"Berlin, Germany",iPhone,Home WiFi,0,0
3614,72,2025-05-24 18:16:49,13797.39,Pay Bills,True,-3346.0,10451.39,"Tokyo, Japan",Android,Corporate Network,0,0
3615,72,2025-05-24 18:29:49,10451.39,Apply for Credit Card,True,0.0,10451.39,"Los Angeles, USA",iPhone,Public WiFi,0,0
3616,72,2025-05-24 20:49:49,10451.39,Pay Bills,True,-1647.0,8804.39,"Berlin, Germany",MacBook,Public WiFi,0,0
3617,72,2025-05-24 21:30:49,8804.39,Transfer Funds,True,-1576.0,7228.39,"Los Angeles, USA",Android,Home WiFi,0,1
3618,72,2025-05-24 22:40:49,7228.39,Make Purchase,True,-557.0,6671.39,"London, UK",Windows Laptop,Corporate Network,0,0
3619,72,2025-05-24 23:51:49,6671.39,Pay Bills,True,-4937.0,1734.39,"London, UK",Windows Laptop,Mobile Network,0,0
3620,72,2025-05-25 02:43:49,1734.39,Transfer Funds,False,-4145.0,1734.39,"New York, USA",Android,Mobile Network,0,0
3621,72,2025-05-25 04:34:49,1734.39,Review activityments,True,0.0,1734.39,"New York, USA",Android,Public WiFi,0,0
3622,72,2025-05-25 05:29:49,1734.39,Pay Bills,False,-4918.0,1734.39,"Tokyo, Japan",MacBook,Corporate Network,0,0
3623,72,2025-05-25 06:23:49,1734.39,Pay Bills,True,-1705.0,29.39,"Tokyo, Japan",iPhone,Home WiFi,0,0
3624,72,2025-05-25 07:51:49,29.39,Make Purchase,False,-911.0,29.39,"Paris, France",iPad,Home WiFi,0,0
3625,72,2025-05-25 10:32:49,29.39,Make Purchase,False,-764.0,29.39,"Berlin, Germany",iPhone,Corporate Network,0,0
3626,72,2025-05-25 12:09:49,29.39,Deposit Funds,True,7049.0,7078.39,"Los Angeles, USA",iPhone,Home WiFi,0,0
3627,72,2025-05-25 14:42:49,7078.39,Apply for Loan,True,0.0,7078.39,"Los Angeles, USA",iPhone,Home WiFi,0,0
3628,72,2025-05-25 16:59:49,7078.39,Deposit Funds,True,2580.0,9658.39,"Tokyo, Japan",iPhone,Home WiFi,0,0
3629,72,2025-05-25 18:59:49,9658.39,Deposit Funds,True,7545.0,17203.39,"Paris, France",iPhone,Public WiFi,0,0
3630,72,2025-05-25 21:49:49,17203.39,Deposit Funds,True,4898.0,22101.39,"Los Angeles, USA",iPhone,Home WiFi,0,0
3631,72,2025-05-25 22:31:49,22101.39,Transfer Funds,True,-384.0,21717.39,"Paris, France",iPhone,Corporate Network,0,0
3632,72,2025-05-25 23:58:49,21717.39,Make Purchase,True,-763.0,20954.39,"New York, USA",Windows Laptop,Home WiFi,0,0
3633,72,2025-05-26 01:54:49,20954.39,Make Purchase,True,-194.0,20760.39,"Berlin, Germany",iPhone,Home WiFi,0,0
3634,72,2025-05-26 03:16:49,20760.39,Make Purchase,True,-287.0,20473.39,"New York, USA",Windows Laptop,Home WiFi,0,0
3635,72,2025-05-26 05:33:49,20473.39,Transfer Funds,True,-909.0,19564.39,"Los Angeles, USA",Windows Laptop,Home WiFi,0,0
3636,72,2025-05-26 08:16:49,19564.39,Transfer Funds,True,-1415.0,18149.39,"London, UK",Windows Laptop,Home WiFi,0,0
3637,72,2025-05-26 08:56:49,18149.39,Deposit Funds,True,2373.0,20522.39,"New York, USA",MacBook,Mobile Network,0,0
3638,72,2025-05-26 09:21:49,20522.39,Transfer Funds,True,-1922.0,18600.39,"Los Angeles, USA",MacBook,Home WiFi,0,0
3639,72,2025-05-26 12:07:49,18600.39,Transfer Funds,True,-3151.0,15449.39,"New York, USA",MacBook,Home WiFi,0,0
3640,72,2025-05-26 13:12:49,15449.39,Make Purchase,True,-413.0,15036.39,"New York, USA",Android,Mobile Network,0,0
3641,72,2025-05-26 15:53:49,15036.39,Make Purchase,True,-956.0,14080.39,"Berlin, Germany",iPhone,Home WiFi,0,0
3642,72,2025-05-26 16:30:49,14080.39,Make Purchase,True,-282.0,13798.39,"London, UK",Windows Laptop,Mobile Network,0,0
3643,72,2025-05-26 18:40:49,13798.39,Make Purchase,True,-20.0,13778.39,"New York, USA",iPhone,Public WiFi,0,0
3644,72,2025-05-26 20:33:49,13778.39,Apply for Credit Card,True,0.0,13778.39,"Los Angeles, USA",Android,Home WiFi,0,0
3645,72,2025-05-26 23:20:49,13778.39,Deposit Funds,True,2129.0,15907.39,"New York, USA",iPhone,Public WiFi,0,0
3646,72,2025-05-27 01:13:49,15907.39,Transfer Funds,True,-1711.0,14196.39,"Berlin, Germany",Windows Laptop,Home WiFi,1,0
3647,72,2025-05-27 03:38:49,14196.39,Transfer Funds,True,-1475.0,12721.39,"Los Angeles, USA",MacBook,Public WiFi,0,0
3648,72,2025-05-27 06:04:49,12721.39,Deposit Funds,True,9754.0,22475.39,"New York, USA",Android,Public WiFi,0,0
3649,72,2025-05-27 08:53:49,22475.39,Make Purchase,True,-674.0,21801.39,"Tokyo, Japan",Android,Public WiFi,0,0
3650,72,2025-05-27 10:50:49,21801.39,Pay Bills,True,-4060.0,17741.39,"New York, USA",MacBook,Corporate Network,0,0
3651,72,2025-05-27 10:57:49,17741.39,Transfer Funds,True,-4927.0,12814.39,"Los Angeles, USA",iPhone,Public WiFi,0,0
3652,72,2025-05-27 13:18:49,12814.39,Pay Bills,True,-3490.0,9324.39,"Los Angeles, USA",Android,Home WiFi,0,0
3653,72,2025-05-27 15:40:49,9324.39,Pay Bills,True,-2616.0,6708.39,"London, UK",iPhone,Mobile Network,0,0
3654,72,2025-05-27 17:50:49,6708.39,Pay Bills,True,-2977.0,3731.39,"Paris, France",iPhone,Home WiFi,0,0
3655,72,2025-05-27 19:07:49,3731.39,Make Purchase,True,-579.0,3152.39,"Tokyo, Japan",MacBook,Home WiFi,0,1
3656,72,2025-05-27 20:07:49,3152.39,Make Purchase,True,-216.0,2936.39,"London, UK",MacBook,Home WiFi,0,0
3657,72,2025-05-27 22:06:49,2936.39,Deposit Funds,True,5052.0,7988.39,"New York, USA",Windows Laptop,Public WiFi,0,0
3658,72,2025-05-27 22:56:49,7988.39,Make Purchase,True,-373.0,7615.39,"New York, USA",Windows Laptop,Corporate Network,0,0
3659,72,2025-05-28 01:32:49,7615.39,Make Purchase,True,-826.0,6789.39,"London, UK",Android,Corporate Network,0,0
3660,72,2025-05-28 03:45:49,6789.39,Make Purchase,True,-862.0,5927.39,"New York, USA",Android,Corporate Network,0,0
3661,72,2025-05-28 05:48:49,5927.39,Make Purchase,True,-682.0,5245.39,"Los Angeles, USA",Windows Laptop,Public WiFi,0,0
3662,72,2025-05-28 08:28:49,5245.39,Make Purchase,True,-499.0,4746.39,"New York, USA",iPhone,Public WiFi,0,1
3663,72,2025-05-28 10:02:49,4746.39,Pay Bills,True,-1898.0,2848.39,"London, UK",iPhone,Home WiFi,0,0
3664,72,2025-05-28 12:37:49,2848.39,Transfer Funds,False,-3693.0,2848.39,"Tokyo, Japan",MacBook,Public WiFi,1,0
3665,72,2025-05-28 13:52:49,2848.39,Review activityments,True,0.0,2848.39,"London, UK",iPad,Public WiFi,0,0
3666,72,2025-05-28 15:19:49,2848.39,Close Account,True,0.0,2848.39,"Paris, France",iPhone,Public WiFi,0,0
