real_id,virtual_id,timestamp,behavior,initial_balance,activity_type,granted,amount,balance,initial_country,location,device,network,compromised_device,compromised_network,agent_type,is_fraudster
0,0,2025-01-30 10:53:46,legitimate,70309.47,Make Purchase,True,-823.63727,69485.836,Germany,Germany,iPhone,Home WiFi,0,0,traveler,0
1,1,2025-01-30 11:29:46,legitimate,9637.08,Max Out Credit,True,0.0,9637.08,Japan,Japan,Linux PC,Home WiFi,0,0,traveler,0
2,2,2025-01-30 11:57:46,legitimate,84321.87,Cash Withdrawal,True,-272.84183,84049.03,UK,UK,iPhone,Home WiFi,0,0,static,0
3,3,2025-01-30 13:31:46,money_laundering,37098.56,Open Account,True,0.0,37098.56,Japan,USA,iPad,Home WiFi,0,0,traveler,1
0,0,2025-01-30 13:52:46,legitimate,69485.836,POS Purchase,True,-277.38016,69208.45,Germany,Germany,iPhone,Home WiFi,0,0,traveler,0
1,1,2025-01-30 14:29:46,legitimate,9637.08,Review activities,True,0.0,9637.08,Japan,Japan,Android,Mobile Network,0,0,traveler,0
2,2,2025-01-30 17:03:46,legitimate,84049.03,POS Purchase,True,-308.79968,83740.23,UK,UK,iPhone,Corporate Network,0,0,static,0
3,3,2025-01-30 17:48:46,money_laundering,37098.56,Wire Transfer,True,-1309.1418,35789.418,Japan,Hong Kong,Windows Laptop,Home WiFi,0,0,traveler,1
0,0,2025-01-30 20:09:46,legitimate,69208.45,Review activities,True,0.0,69208.45,Germany,UK,iPad,Home WiFi,0,0,traveler,0
1,1,2025-01-30 22:10:46,legitimate,9637.08,Make Purchase,True,-1926.4944,7710.5854,Japan,Japan,Android,Corporate Network,0,0,traveler,0
2,2,2025-01-30 22:15:46,legitimate,83740.23,Deposit Funds,True,51.487904,83791.72,UK,UK,iPhone,Home WiFi,0,0,static,0
3,3,2025-01-31 00:15:46,money_laundering,35789.418,Invest in Assets,True,-2546.7993,33242.617,Japan,Switzerland,Android,Public WiFi,0,0,traveler,1
0,0,2025-01-31 02:05:46,legitimate,69208.45,Balance Check,True,0.0,69208.45,Germany,Japan,iPhone,Home WiFi,1,0,traveler,0
1,1,2025-01-31 02:34:46,legitimate,7710.5854,POS Purchase,True,-29.127884,7681.4575,Japan,Germany,MacBook,Mobile Network,0,0,traveler,0
2,2,2025-01-31 04:44:46,legitimate,83791.72,Make Purchase,True,-511.015,83280.7,UK,UK,iPhone,Home WiFi,0,0,static,0
3,3,2025-01-31 06:01:46,money_laundering,33242.617,Invest in Assets,True,-3386.913,29855.705,Japan,UK,Android,Public WiFi,0,0,traveler,1
0,0,2025-01-31 08:02:46,legitimate,69208.45,Pay Bills,True,-521.1544,68687.3,Germany,UK,MacBook,Public WiFi,0,1,traveler,0
1,1,2025-01-31 09:53:46,legitimate,7681.4575,Deposit Funds,True,263.1013,7944.559,Japan,Germany,Android,Corporate Network,0,0,traveler,0
2,2,2025-01-31 11:38:46,legitimate,83280.7,Online Purchase,True,-113.928215,83166.77,UK,UK,iPhone,Public WiFi,0,0,static,0
3,3,2025-01-31 11:51:46,money_laundering,29855.705,Invest in Assets,True,-8588.707,21267.0,Japan,Singapore,MacBook,Home WiFi,0,0,traveler,1
0,0,2025-01-31 14:03:46,legitimate,68687.3,Balance Check,True,0.0,68687.3,Germany,USA,Windows Laptop,Corporate Network,0,0,traveler,0
1,1,2025-01-31 14:26:46,legitimate,7944.559,Make Purchase,True,-152.39484,7792.164,Japan,Japan,Android,Home WiFi,0,0,traveler,0
2,2,2025-01-31 15:43:46,legitimate,83166.77,Make Purchase,True,-211.47302,82955.3,UK,UK,Android,Public WiFi,0,0,static,0
3,3,2025-01-31 16:14:46,money_laundering,21267.0,Purchase Luxury Goods,True,-3191.4114,18075.588,Japan,France,MacBook,Home WiFi,0,0,traveler,1
0,0,2025-01-31 19:12:46,legitimate,68687.3,Pay Bills,True,-469.50076,68217.8,Germany,UK,iPhone,Home WiFi,0,0,traveler,0
1,1,2025-01-31 20:20:46,legitimate,7792.164,Balance Check,True,0.0,7792.164,Japan,Japan,Windows Laptop,Home WiFi,0,0,traveler,0
2,2,2025-01-31 21:08:46,legitimate,82955.3,Online Purchase,True,-59.16316,82896.14,UK,UK,MacBook,Mobile Network,0,0,static,0
3,3,2025-01-31 21:32:46,money_laundering,18075.588,Invest in Assets,True,-15578.524,2497.0632,Japan,Switzerland,iPhone,Public WiFi,0,0,traveler,1
0,0,2025-01-31 21:33:46,legitimate,68217.8,Balance Check,True,0.0,68217.8,Germany,Japan,MacBook,Home WiFi,0,0,traveler,0
1,1,2025-01-31 22:45:46,legitimate,7792.164,Pay Bills,True,-107.83139,7684.3325,Japan,Japan,iPhone,Home WiFi,0,0,traveler,0
2,2,2025-01-31 23:54:46,legitimate,82896.14,Deposit Funds,True,507.84235,83403.98,UK,UK,iPhone,Home WiFi,0,0,static,0
3,3,2025-02-01 00:11:46,money_laundering,2497.0632,Invest in Assets,True,-1870.771,626.2922,Japan,France,iPhone,Home WiFi,0,0,traveler,1
0,0,2025-02-01 00:48:46,legitimate,68217.8,Review activities,True,0.0,68217.8,Germany,France,iPhone,Mobile Network,0,0,traveler,0
1,1,2025-02-01 03:24:46,legitimate,7684.3325,Deposit Funds,True,86.9721,7771.3047,Japan,Japan,iPhone,Home WiFi,1,0,traveler,0
2,2,2025-02-01 05:23:46,legitimate,83403.98,Make Purchase,True,-135.30872,83268.67,UK,UK,iPhone,Home WiFi,0,0,static,0
3,3,2025-02-01 05:31:46,money_laundering,626.2922,Wire Transfer,False,-4642.3965,626.2922,Japan,USA,iPhone,Public WiFi,0,0,traveler,1
0,0,2025-02-01 07:34:46,legitimate,68217.8,Balance Check,True,0.0,68217.8,Germany,UK,Linux PC,Public WiFi,0,0,traveler,0
1,1,2025-02-01 08:04:46,legitimate,7771.3047,Pay Bills,True,-25.882633,7745.4224,Japan,Germany,Windows Laptop,Mobile Network,0,0,traveler,0
2,2,2025-02-01 10:47:46,legitimate,83268.67,Make Purchase,True,-57.523212,83211.15,UK,UK,Android,Home WiFi,0,0,static,0
3,3,2025-02-01 11:31:46,money_laundering,626.2922,Invest in Assets,False,-5504.359,626.2922,Japan,Switzerland,MacBook,Home WiFi,0,0,traveler,1
0,0,2025-02-01 12:16:46,legitimate,68217.8,Pay Bills,True,-575.0761,67642.72,Germany,Germany,Windows Laptop,Public WiFi,0,0,traveler,0
1,1,2025-02-01 13:58:46,legitimate,7745.4224,Deposit Funds,True,236.39122,7981.8135,Japan,France,Windows Laptop,Mobile Network,0,0,traveler,0
2,2,2025-02-01 16:54:46,legitimate,83211.15,Online Purchase,True,-460.43134,82750.72,UK,UK,MacBook,Home WiFi,0,0,static,0
3,3,2025-02-01 18:12:46,money_laundering,626.2922,Invest in Assets,False,-6159.6084,626.2922,Japan,Germany,Android,Home WiFi,0,0,traveler,1
0,0,2025-02-01 19:08:46,legitimate,67642.72,Balance Check,True,0.0,67642.72,Germany,Japan,iPhone,Public WiFi,0,0,traveler,0
1,1,2025-02-01 21:56:46,legitimate,7981.8135,Invest Money,True,-59.531517,7922.2817,Japan,Germany,iPhone,Public WiFi,0,0,traveler,0
2,2,2025-02-02 00:07:46,legitimate,82750.72,Make Purchase,True,-35.496525,82715.22,UK,UK,Windows Laptop,Public WiFi,0,0,static,0
3,3,2025-02-02 00:59:46,money_laundering,626.2922,Invest in Assets,False,-11241.879,626.2922,Japan,Singapore,Windows Laptop,Home WiFi,0,0,traveler,1
0,0,2025-02-02 03:57:46,legitimate,67642.72,Pay Bills,True,-202.01384,67440.71,Germany,UK,MacBook,Home WiFi,0,0,traveler,0
1,1,2025-02-02 05:56:46,legitimate,7922.2817,Invest in Assets,True,-50.04979,7872.232,Japan,Germany,Windows Laptop,Home WiFi,0,0,traveler,0
2,2,2025-02-02 06:54:46,legitimate,82715.22,Online Purchase,True,-163.73721,82551.484,UK,UK,Windows Laptop,Home WiFi,0,0,static,0
3,3,2025-02-02 08:16:46,money_laundering,626.2922,Purchase Luxury Goods,False,-2411.8125,626.2922,Japan,Hong Kong,iPad,Public WiFi,0,0,traveler,1
0,0,2025-02-02 11:15:46,legitimate,67440.71,Transfer Funds,True,-113.07526,67327.63,Germany,France,Windows Laptop,Home WiFi,0,0,traveler,0
1,1,2025-02-02 11:42:46,legitimate,7872.232,Invest Money,True,-216.68565,7655.5464,Japan,Japan,Android,Home WiFi,0,0,traveler,0
2,2,2025-02-02 12:56:46,legitimate,82551.484,Make Purchase,True,-160.47426,82391.01,UK,UK,Linux PC,Mobile Network,0,0,static,0
3,3,2025-02-02 13:19:46,money_laundering,626.2922,Deposit Funds,True,17654.47,18280.764,Japan,Switzerland,Windows Laptop,Home WiFi,0,0,traveler,1
0,0,2025-02-02 13:44:46,legitimate,67327.63,Balance Check,True,0.0,67327.63,Germany,UK,Android,Home WiFi,0,0,traveler,0
1,1,2025-02-02 14:24:46,legitimate,7655.5464,Invest in Assets,True,-39.13085,7616.4155,Japan,Germany,Android,Public WiFi,0,0,traveler,0
2,2,2025-02-02 16:27:46,legitimate,82391.01,POS Purchase,True,-222.19035,82168.82,UK,UK,iPad,Mobile Network,0,0,static,0
3,3,2025-02-02 16:44:46,money_laundering,18280.764,Deposit Funds,True,2589.1802,20869.943,Japan,France,iPhone,Home WiFi,0,0,traveler,1
0,0,2025-02-02 18:31:46,legitimate,67327.63,Make Purchase,True,-21.551537,67306.08,Germany,UK,Linux PC,Home WiFi,0,0,traveler,0
1,1,2025-02-02 19:50:46,legitimate,7616.4155,Withdraw Funds,True,-1052.3132,6564.1025,Japan,France,iPhone,Public WiFi,0,0,traveler,0
2,2,2025-02-02 20:03:46,legitimate,82168.82,Make Purchase,True,-355.2534,81813.56,UK,UK,Linux PC,Public WiFi,0,0,static,0
3,3,2025-02-02 21:52:46,money_laundering,20869.943,Wire Transfer,True,-8277.962,12591.98,Japan,Switzerland,iPhone,Public WiFi,0,0,traveler,1
0,0,2025-02-02 22:28:46,legitimate,67306.08,POS Purchase,True,-325.75943,66980.32,Germany,Japan,iPhone,Home WiFi,0,0,traveler,0
1,1,2025-02-03 00:33:46,legitimate,6564.1025,Make Purchase,True,-44.402092,6519.7,Japan,France,Windows Laptop,Mobile Network,0,0,traveler,0
2,2,2025-02-03 01:03:46,legitimate,81813.56,Make Purchase,True,-63.938885,81749.625,UK,USA,Android,Mobile Network,0,0,static,0
3,3,2025-02-03 01:43:46,money_laundering,12591.98,Purchase Luxury Goods,True,-411.284,12180.696,Japan,Switzerland,Android,Mobile Network,0,0,traveler,1
0,0,2025-02-03 03:47:46,legitimate,66980.32,Balance Check,True,0.0,66980.32,Germany,USA,iPhone,Public WiFi,0,0,traveler,0
1,1,2025-02-03 06:16:46,legitimate,6519.7,Balance Check,True,0.0,6519.7,Japan,USA,iPhone,Public WiFi,0,0,traveler,0
2,2,2025-02-03 07:49:46,legitimate,81749.625,Make Purchase,True,-171.05934,81578.56,UK,USA,Android,Corporate Network,0,0,static,0
3,3,2025-02-03 08:16:46,money_laundering,12180.696,Deposit Funds,True,2587.769,14768.466,Japan,Cayman Islands,Android,Mobile Network,0,0,traveler,1
0,0,2025-02-03 08:36:46,legitimate,66980.32,Review activities,True,0.0,66980.32,Germany,Germany,Android,Public WiFi,0,0,traveler,0
1,1,2025-02-03 10:33:46,legitimate,6519.7,Make Purchase,True,-162.09,6357.6104,Japan,France,Windows Laptop,Home WiFi,0,0,traveler,0
2,2,2025-02-03 11:16:46,legitimate,81578.56,POS Purchase,True,-204.6087,81373.96,UK,USA,iPhone,Home WiFi,0,0,static,0
3,3,2025-02-03 11:32:46,money_laundering,14768.466,Cash Withdrawal,True,-4210.46,10558.006,Japan,USA,Windows Laptop,Public WiFi,0,0,traveler,1
0,0,2025-02-03 12:25:46,legitimate,66980.32,Pay Bills,True,-69.25926,66911.06,Germany,France,Android,Mobile Network,0,0,traveler,0
1,1,2025-02-03 13:50:46,legitimate,6357.6104,Online Purchase,True,-564.4297,5793.1807,Japan,UK,Android,Mobile Network,0,0,traveler,0
2,2,2025-02-03 14:41:46,legitimate,81373.96,Review activities,True,0.0,81373.96,UK,USA,MacBook,Home WiFi,1,1,static,0
3,3,2025-02-03 14:56:46,money_laundering,10558.006,Close Account,True,0.0,10558.006,Japan,Hong Kong,MacBook,Public WiFi,0,0,traveler,1
0,0,2025-02-03 16:21:46,legitimate,66911.06,Review activities,True,0.0,66911.06,Germany,France,MacBook,Public WiFi,0,0,traveler,0
1,1,2025-02-03 17:58:46,legitimate,5793.1807,Make Purchase,True,-446.77295,5346.4077,Japan,USA,Android,Home WiFi,0,0,traveler,0
2,2,2025-02-03 19:48:46,legitimate,81373.96,Balance Check,True,0.0,81373.96,UK,UK,Android,Corporate Network,0,0,static,0
0,0,2025-02-03 20:54:46,legitimate,66911.06,Balance Check,True,0.0,66911.06,Germany,France,iPhone,Public WiFi,0,0,traveler,0
1,1,2025-02-03 22:06:46,legitimate,5346.4077,Make Purchase,True,-550.05,4796.358,Japan,UK,MacBook,Home WiFi,0,0,traveler,0
2,2,2025-02-04 00:26:46,legitimate,81373.96,Review activities,True,0.0,81373.96,UK,USA,iPhone,Corporate Network,0,0,static,0
0,0,2025-02-04 02:13:46,legitimate,66911.06,Review activities,True,0.0,66911.06,Germany,UK,iPad,Mobile Network,0,0,traveler,0
1,1,2025-02-04 05:05:46,legitimate,4796.358,Make Purchase,True,-141.40062,4654.957,Japan,Japan,MacBook,Home WiFi,0,0,traveler,0
2,2,2025-02-04 06:54:46,legitimate,81373.96,Make Purchase,True,-43.560146,81330.4,UK,USA,iPhone,Home WiFi,0,0,static,0
0,0,2025-02-04 08:22:46,legitimate,66911.06,Balance Check,True,0.0,66911.06,Germany,Japan,Linux PC,Public WiFi,0,0,traveler,0
1,1,2025-02-04 09:18:46,legitimate,4654.957,Make Purchase,True,-143.78369,4511.1733,Japan,Germany,Windows Laptop,Mobile Network,0,0,traveler,0
2,2,2025-02-04 10:36:46,legitimate,81330.4,Online Purchase,True,-21.220821,81309.18,UK,UK,Windows Laptop,Corporate Network,0,0,static,0
0,0,2025-02-04 11:22:46,legitimate,66911.06,Pay Bills,True,-153.17294,66757.89,Germany,USA,Android,Public WiFi,0,0,traveler,0
1,1,2025-02-04 12:54:46,legitimate,4511.1733,POS Purchase,True,-255.18275,4255.9907,Japan,UK,iPad,Public WiFi,0,0,traveler,0
2,2,2025-02-04 15:48:46,legitimate,81309.18,Make Purchase,True,-678.18994,80630.984,UK,USA,Android,Corporate Network,0,0,static,0
0,0,2025-02-04 17:17:46,legitimate,66757.89,Deposit Funds,True,145.328,66903.22,Germany,Japan,Android,Public WiFi,0,0,traveler,0
1,1,2025-02-04 18:14:46,legitimate,4255.9907,Balance Check,True,0.0,4255.9907,Japan,UK,iPhone,Public WiFi,0,0,traveler,0
2,2,2025-02-04 18:35:46,legitimate,80630.984,POS Purchase,True,-114.45812,80516.53,UK,USA,iPhone,Home WiFi,0,0,static,0
0,0,2025-02-04 19:48:46,legitimate,66903.22,Pay Bills,True,-32.646397,66870.57,Germany,Japan,iPad,Home WiFi,0,1,traveler,0
1,1,2025-02-04 22:04:46,legitimate,4255.9907,Review activities,True,0.0,4255.9907,Japan,UK,Android,Public WiFi,0,0,traveler,0
2,2,2025-02-04 23:29:46,legitimate,80516.53,Make Purchase,True,-40.11179,80476.414,UK,USA,iPhone,Mobile Network,0,1,static,0
0,0,2025-02-05 02:25:46,legitimate,66870.57,Balance Check,True,0.0,66870.57,Germany,Japan,MacBook,Public WiFi,0,0,traveler,0
1,1,2025-02-05 03:06:46,legitimate,4255.9907,Pay Bills,True,-179.73013,4076.2605,Japan,USA,MacBook,Home WiFi,0,0,traveler,0
2,2,2025-02-05 04:26:46,legitimate,80476.414,POS Purchase,True,-40.582962,80435.836,UK,UK,Android,Mobile Network,0,0,static,0
0,0,2025-02-05 05:16:46,legitimate,66870.57,Make Purchase,True,-49.69928,66820.875,Germany,France,Android,Home WiFi,0,0,traveler,0
1,1,2025-02-05 07:13:46,legitimate,4076.2605,Review activities,True,0.0,4076.2605,Japan,Germany,MacBook,Public WiFi,0,0,traveler,0
2,2,2025-02-05 08:28:46,legitimate,80435.836,Balance Check,True,0.0,80435.836,UK,France,Android,Public WiFi,0,0,static,0
0,0,2025-02-05 09:26:46,legitimate,66820.875,POS Purchase,True,-1055.1667,65765.7,Germany,Germany,Windows Laptop,Public WiFi,0,0,traveler,0
1,1,2025-02-05 09:59:46,legitimate,4076.2605,Balance Check,True,0.0,4076.2605,Japan,UK,Android,Corporate Network,0,0,traveler,0
2,2,2025-02-05 12:31:46,legitimate,80435.836,Pay Bills,True,-67.494415,80368.336,UK,USA,Windows Laptop,Mobile Network,0,1,static,0
0,0,2025-02-05 13:57:46,legitimate,65765.7,Deposit Funds,True,78.50619,65844.21,Germany,France,Windows Laptop,Mobile Network,0,0,traveler,0
1,1,2025-02-05 14:25:46,legitimate,4076.2605,Review activities,True,0.0,4076.2605,Japan,Germany,iPhone,Mobile Network,0,0,traveler,0
2,2,2025-02-05 16:47:46,legitimate,80368.336,Deposit Funds,True,44.411865,80412.75,UK,UK,Windows Laptop,Mobile Network,0,0,static,0
0,0,2025-02-05 19:35:46,legitimate,65844.21,Invest Money,True,-183.08315,65661.125,Germany,UK,Windows Laptop,Home WiFi,0,1,traveler,0
1,1,2025-02-05 19:47:46,legitimate,4076.2605,Balance Check,True,0.0,4076.2605,Japan,Germany,MacBook,Public WiFi,0,0,traveler,0
2,2,2025-02-05 21:37:46,legitimate,80412.75,Make Purchase,True,-169.34193,80243.41,UK,UK,Windows Laptop,Home WiFi,0,0,static,0
0,0,2025-02-05 23:59:46,legitimate,65661.125,Invest in Assets,True,-1349.4296,64311.7,Germany,Japan,iPhone,Home WiFi,0,0,traveler,0
1,1,2025-02-06 00:48:46,legitimate,4076.2605,Make Purchase,True,-49.65063,4026.6099,Japan,Germany,MacBook,Mobile Network,0,1,traveler,0
2,2,2025-02-06 03:25:46,legitimate,80243.41,Balance Check,True,0.0,80243.41,UK,USA,iPad,Public WiFi,0,0,static,0
0,0,2025-02-06 04:12:46,legitimate,64311.7,Invest Money,True,-160.73451,64150.965,Germany,France,iPad,Home WiFi,0,0,traveler,0
1,1,2025-02-06 04:40:46,legitimate,4026.6099,Online Purchase,True,-79.2051,3947.4048,Japan,Japan,Windows Laptop,Mobile Network,0,0,traveler,0
2,2,2025-02-06 04:43:46,legitimate,80243.41,Pay Bills,True,-167.63005,80075.78,UK,France,Windows Laptop,Mobile Network,0,0,static,0
0,0,2025-02-06 05:01:46,legitimate,64150.965,Invest in Assets,True,-610.5033,63540.46,Germany,Japan,iPhone,Corporate Network,0,0,traveler,0
1,1,2025-02-06 05:44:46,legitimate,3947.4048,Balance Check,True,0.0,3947.4048,Japan,Germany,iPhone,Home WiFi,0,0,traveler,0
2,2,2025-02-06 07:59:46,legitimate,80075.78,Transfer Funds,True,-45.159435,80030.62,UK,UK,Windows Laptop,Home WiFi,0,0,static,0
0,0,2025-02-06 08:27:46,legitimate,63540.46,Invest Money,True,-26.849295,63513.61,Germany,UK,Android,Home WiFi,0,0,traveler,0
1,1,2025-02-06 11:08:46,legitimate,3947.4048,Make Purchase,True,-65.65751,3881.7473,Japan,Japan,MacBook,Mobile Network,0,0,traveler,0
2,2,2025-02-06 12:33:46,legitimate,80030.62,Wire Transfer,True,-50.329456,79980.29,UK,UK,Android,Home WiFi,0,0,static,0
0,0,2025-02-06 15:09:46,legitimate,63513.61,Withdraw Funds,True,-588.31885,62925.293,Germany,USA,MacBook,Home WiFi,0,0,traveler,0
1,1,2025-02-06 15:13:46,legitimate,3881.7473,Make Purchase,True,-115.71695,3766.0303,Japan,USA,iPhone,Mobile Network,1,0,traveler,0
2,2,2025-02-06 18:07:46,legitimate,79980.29,Make Purchase,True,-82.10944,79898.18,UK,USA,iPhone,Home WiFi,0,1,static,0
0,0,2025-02-06 18:08:46,legitimate,62925.293,POS Purchase,True,-1052.3132,61872.98,Germany,USA,MacBook,Public WiFi,0,0,traveler,0
1,1,2025-02-06 18:54:46,legitimate,3766.0303,Make Purchase,True,-166.51617,3599.5142,Japan,Japan,Android,Mobile Network,0,0,traveler,0
2,2,2025-02-06 21:17:46,legitimate,79898.18,Online Purchase,True,-80.99838,79817.18,UK,USA,Android,Mobile Network,0,0,static,0
0,0,2025-02-06 22:49:46,legitimate,61872.98,Balance Check,True,0.0,61872.98,Germany,Germany,Android,Home WiFi,0,0,traveler,0
1,1,2025-02-07 00:11:46,legitimate,3599.5142,POS Purchase,True,-49.758755,3549.7554,Japan,France,Android,Mobile Network,0,0,traveler,0
2,2,2025-02-07 00:42:46,legitimate,79817.18,Make Purchase,True,-239.13622,79578.05,UK,France,iPhone,Mobile Network,0,1,static,0
0,0,2025-02-07 02:53:46,legitimate,61872.98,Pay Bills,True,-40.269764,61832.71,Germany,France,Android,Mobile Network,0,0,traveler,0
1,1,2025-02-07 04:14:46,legitimate,3549.7554,Deposit Funds,True,223.84605,3773.6016,Japan,France,Android,Home WiFi,0,0,traveler,0
2,2,2025-02-07 06:57:46,legitimate,79578.05,Make Purchase,True,-77.804985,79500.24,UK,France,iPad,Corporate Network,0,0,static,0
0,0,2025-02-07 09:04:46,legitimate,61832.71,Balance Check,True,0.0,61832.71,Germany,Germany,Windows Laptop,Public WiFi,0,0,traveler,0
1,1,2025-02-07 11:46:46,legitimate,3773.6016,Transfer Funds,True,-54.719215,3718.8823,Japan,UK,MacBook,Home WiFi,0,0,traveler,0
2,2,2025-02-07 14:01:46,legitimate,79500.24,Online Purchase,True,-44.335365,79455.91,UK,France,Windows Laptop,Home WiFi,0,0,static,0
0,0,2025-02-07 16:41:46,legitimate,61832.71,Make Purchase,True,-83.24076,61749.47,Germany,UK,Android,Home WiFi,0,0,traveler,0
1,1,2025-02-07 18:01:46,legitimate,3718.8823,Deposit Funds,True,170.44266,3889.325,Japan,France,Android,Home WiFi,0,0,traveler,0
2,2,2025-02-07 19:37:46,legitimate,79455.91,Deposit Funds,True,251.50247,79707.41,UK,France,iPhone,Public WiFi,0,0,static,0
0,0,2025-02-07 20:08:46,legitimate,61749.47,POS Purchase,True,-290.76312,61458.707,Germany,France,Windows Laptop,Home WiFi,0,0,traveler,0
1,1,2025-02-07 22:22:46,legitimate,3889.325,Make Purchase,True,-413.87143,3475.4536,Japan,Germany,Windows Laptop,Home WiFi,0,1,traveler,0
2,2,2025-02-07 23:35:46,legitimate,79707.41,Pay Bills,True,-502.22583,79205.18,UK,France,iPhone,Corporate Network,1,0,static,0
0,0,2025-02-08 02:12:46,legitimate,61458.707,Review activities,True,0.0,61458.707,Germany,USA,Android,Mobile Network,0,0,traveler,0
1,1,2025-02-08 03:28:46,legitimate,3475.4536,Make Purchase,True,-111.53721,3363.9163,Japan,France,Windows Laptop,Mobile Network,0,0,traveler,0
2,2,2025-02-08 04:35:46,legitimate,79205.18,Deposit Funds,True,124.19246,79329.375,UK,UK,Android,Public WiFi,0,0,static,0
0,0,2025-02-08 06:37:46,legitimate,61458.707,Pay Bills,True,-104.56131,61354.145,Germany,France,Windows Laptop,Public WiFi,0,0,traveler,0
1,1,2025-02-08 08:35:46,legitimate,3363.9163,POS Purchase,True,-230.54079,3133.3755,Japan,France,Windows Laptop,Public WiFi,0,0,traveler,0
2,2,2025-02-08 10:26:46,legitimate,79329.375,Pay Bills,True,-37.983086,79291.39,UK,France,iPhone,Home WiFi,0,0,static,0
0,0,2025-02-08 10:52:46,legitimate,61354.145,Transfer Funds,True,-25.346033,61328.797,Germany,Japan,MacBook,Public WiFi,0,0,traveler,0
1,1,2025-02-08 13:03:46,legitimate,3133.3755,Review activities,True,0.0,3133.3755,Japan,Germany,Linux PC,Home WiFi,0,1,traveler,0
2,2,2025-02-08 15:31:46,legitimate,79291.39,Deposit Funds,True,75.75687,79367.15,UK,USA,Windows Laptop,Home WiFi,0,0,static,0
0,0,2025-02-08 16:22:46,legitimate,61328.797,Deposit Funds,True,111.34528,61440.145,Germany,Japan,iPhone,Home WiFi,0,0,traveler,0
1,1,2025-02-08 19:13:46,legitimate,3133.3755,Make Purchase,True,-185.37833,2947.997,Japan,USA,iPhone,Public WiFi,0,0,traveler,0
2,2,2025-02-08 21:18:46,legitimate,79367.15,Make Purchase,True,-122.00098,79245.15,UK,France,MacBook,Home WiFi,0,0,static,0
0,0,2025-02-08 23:40:46,legitimate,61440.145,Invest Money,True,-77.25807,61362.887,Germany,UK,iPhone,Home WiFi,0,0,traveler,0
1,1,2025-02-09 02:11:46,legitimate,2947.997,Online Purchase,True,-20.30596,2927.6912,Japan,Germany,Linux PC,Mobile Network,0,0,traveler,0
2,2,2025-02-09 02:28:46,legitimate,79245.15,Make Purchase,True,-98.49565,79146.65,UK,UK,Windows Laptop,Home WiFi,0,0,static,0
0,0,2025-02-09 03:30:46,legitimate,61362.887,Invest in Assets,True,-623.58936,60739.297,Germany,Germany,iPhone,Public WiFi,0,0,traveler,0
1,1,2025-02-09 06:12:46,legitimate,2927.6912,Balance Check,True,0.0,2927.6912,Japan,USA,iPhone,Mobile Network,0,0,traveler,0
2,2,2025-02-09 06:40:46,legitimate,79146.65,Make Purchase,True,-399.40018,78747.25,UK,USA,iPhone,Public WiFi,0,0,static,0
0,0,2025-02-09 09:09:46,legitimate,60739.297,Balance Check,True,0.0,60739.297,Germany,France,Android,Public WiFi,0,0,traveler,0
1,1,2025-02-09 12:09:46,legitimate,2927.6912,Pay Bills,True,-103.89472,2823.7964,Japan,Japan,Linux PC,Home WiFi,0,0,traveler,0
2,2,2025-02-09 12:13:46,legitimate,78747.25,Online Purchase,True,-523.344,78223.91,UK,France,Android,Home WiFi,0,0,static,0
0,0,2025-02-09 12:34:46,legitimate,60739.297,Pay Bills,True,-58.12009,60681.176,Germany,Germany,Android,Home WiFi,0,0,traveler,0
1,1,2025-02-09 14:01:46,legitimate,2823.7964,Review activities,True,0.0,2823.7964,Japan,Japan,iPhone,Home WiFi,0,0,traveler,0
2,2,2025-02-09 15:38:46,legitimate,78223.91,Make Purchase,True,-100.8237,78123.086,UK,France,MacBook,Home WiFi,0,0,static,0
0,0,2025-02-09 16:06:46,legitimate,60681.176,Transfer Funds,True,-258.65854,60422.516,Germany,Japan,iPhone,Public WiFi,0,0,traveler,0
1,1,2025-02-09 18:16:46,legitimate,2823.7964,Balance Check,True,0.0,2823.7964,Japan,Germany,iPhone,Public WiFi,0,0,traveler,0
2,2,2025-02-09 18:30:46,legitimate,78123.086,Balance Check,True,0.0,78123.086,UK,USA,MacBook,Home WiFi,0,0,static,0
0,0,2025-02-09 18:56:46,legitimate,60422.516,Balance Check,True,0.0,60422.516,Germany,Japan,Android,Home WiFi,0,0,traveler,0
1,1,2025-02-09 21:15:46,legitimate,2823.7964,Review activities,True,0.0,2823.7964,Japan,Germany,iPad,Public WiFi,0,1,traveler,0
2,2,2025-02-09 23:19:46,legitimate,78123.086,Review activities,True,0.0,78123.086,UK,USA,MacBook,Mobile Network,0,0,static,0
0,0,2025-02-10 00:07:46,legitimate,60422.516,Pay Bills,True,-65.09161,60357.426,Germany,France,MacBook,Home WiFi,0,1,traveler,0
1,1,2025-02-10 03:05:46,legitimate,2823.7964,Pay Bills,True,-623.01965,2200.7769,Japan,UK,Android,Home WiFi,0,0,traveler,0
2,2,2025-02-10 05:31:46,legitimate,78123.086,Balance Check,True,0.0,78123.086,UK,France,MacBook,Mobile Network,0,0,static,0
0,0,2025-02-10 06:17:46,legitimate,60357.426,Balance Check,True,0.0,60357.426,Germany,USA,MacBook,Public WiFi,0,0,traveler,0
1,1,2025-02-10 07:03:46,legitimate,2200.7769,Transfer Funds,True,-333.79135,1866.9855,Japan,France,iPhone,Mobile Network,1,0,traveler,0
2,2,2025-02-10 07:48:46,legitimate,78123.086,Make Purchase,True,-491.2029,77631.88,UK,USA,Linux PC,Corporate Network,0,0,static,0
0,0,2025-02-10 08:35:46,legitimate,60357.426,Review activities,True,0.0,60357.426,Germany,France,iPhone,Mobile Network,0,0,traveler,0
1,1,2025-02-10 09:57:46,legitimate,1866.9855,Cash Withdrawal,True,-684.0051,1182.9803,Japan,Japan,Windows Laptop,Public WiFi,0,0,traveler,0
2,2,2025-02-10 10:31:46,legitimate,77631.88,Make Purchase,True,-118.39543,77513.484,UK,UK,iPhone,Home WiFi,0,0,static,0
0,0,2025-02-10 11:04:46,legitimate,60357.426,Pay Bills,True,-39.997158,60317.43,Germany,Japan,Windows Laptop,Home WiFi,0,0,traveler,0
1,1,2025-02-10 13:28:46,legitimate,1182.9803,Make Purchase,True,-42.69873,1140.2816,Japan,France,Android,Home WiFi,0,0,traveler,0
2,2,2025-02-10 14:54:46,legitimate,77513.484,POS Purchase,True,-446.96576,77066.52,UK,France,iPhone,Public WiFi,0,0,static,0
0,0,2025-02-10 14:54:46,legitimate,60317.43,Transfer Funds,True,-235.05121,60082.38,Germany,USA,MacBook,Public WiFi,0,0,traveler,0
1,1,2025-02-10 17:38:46,legitimate,1140.2816,POS Purchase,True,-49.872242,1090.4094,Japan,USA,MacBook,Home WiFi,0,0,traveler,0
2,2,2025-02-10 18:09:46,legitimate,77066.52,Make Purchase,True,-72.47189,76994.05,UK,France,iPhone,Home WiFi,0,0,static,0
0,0,2025-02-10 20:25:46,legitimate,60082.38,Wire Transfer,True,-117.191826,59965.184,Germany,Germany,iPad,Public WiFi,0,0,traveler,0
1,1,2025-02-10 20:26:46,legitimate,1090.4094,Deposit Funds,True,226.29,1316.6993,Japan,France,Android,Home WiFi,0,0,traveler,0
2,2,2025-02-10 21:25:46,legitimate,76994.05,Balance Check,True,0.0,76994.05,UK,UK,Windows Laptop,Home WiFi,0,0,static,0
0,0,2025-02-10 22:01:46,legitimate,59965.184,Withdraw Funds,True,-248.76678,59716.418,Germany,UK,Android,Corporate Network,0,1,traveler,0
1,1,2025-02-10 22:37:46,legitimate,1316.6993,Make Purchase,True,-89.94925,1226.7501,Japan,Germany,Android,Home WiFi,0,0,traveler,0
2,2,2025-02-11 00:50:46,legitimate,76994.05,Make Purchase,True,-184.69414,76809.35,UK,USA,iPhone,Home WiFi,1,0,static,0
0,0,2025-02-11 01:09:46,legitimate,59716.418,Make Purchase,True,-495.65652,59220.76,Germany,Japan,iPhone,Public WiFi,0,0,traveler,0
1,1,2025-02-11 01:28:46,legitimate,1226.7501,POS Purchase,True,-164.452,1062.2981,Japan,France,Android,Home WiFi,0,0,traveler,0
2,2,2025-02-11 04:26:46,legitimate,76809.35,POS Purchase,True,-113.84713,76695.51,UK,France,Windows Laptop,Home WiFi,0,0,static,0
0,0,2025-02-11 05:42:46,legitimate,59220.76,Make Purchase,True,-46.843987,59173.918,Germany,France,Android,Home WiFi,0,0,traveler,0
1,1,2025-02-11 06:14:46,legitimate,1062.2981,Balance Check,True,0.0,1062.2981,Japan,UK,Windows Laptop,Public WiFi,0,0,traveler,0
2,2,2025-02-11 07:53:46,legitimate,76695.51,Review activities,True,0.0,76695.51,UK,France,iPad,Home WiFi,0,0,static,0
0,0,2025-02-11 09:53:46,legitimate,59173.918,POS Purchase,True,-351.34372,58822.574,Germany,Germany,Windows Laptop,Home WiFi,0,0,traveler,0
1,1,2025-02-11 10:29:46,legitimate,1062.2981,Review activities,True,0.0,1062.2981,Japan,Japan,iPhone,Home WiFi,0,0,traveler,0
2,2,2025-02-11 10:31:46,legitimate,76695.51,Pay Bills,True,-24.454168,76671.055,UK,France,iPhone,Mobile Network,0,0,static,0
0,0,2025-02-11 13:30:46,legitimate,58822.574,Balance Check,True,0.0,58822.574,Germany,Japan,Windows Laptop,Public WiFi,0,0,traveler,0
1,1,2025-02-11 13:37:46,legitimate,1062.2981,Make Purchase,True,-245.19012,817.10803,Japan,UK,Android,Public WiFi,0,0,traveler,0
2,2,2025-02-11 13:39:46,legitimate,76671.055,Transfer Funds,True,-79.836235,76591.22,UK,USA,iPad,Mobile Network,0,0,static,0
0,0,2025-02-11 16:18:46,legitimate,58822.574,Make Purchase,True,-22.095592,58800.48,Germany,France,Windows Laptop,Home WiFi,0,0,traveler,0
1,1,2025-02-11 18:08:46,legitimate,817.10803,Online Purchase,True,-79.09129,738.0167,Japan,France,Windows Laptop,Home WiFi,0,0,traveler,0
2,2,2025-02-11 18:14:46,legitimate,76591.22,Deposit Funds,True,88.8607,76680.08,UK,France,Linux PC,Corporate Network,0,0,static,0
0,0,2025-02-11 19:25:46,legitimate,58800.48,POS Purchase,True,-152.5905,58647.887,Germany,UK,MacBook,Home WiFi,0,0,traveler,0
1,1,2025-02-11 22:15:46,legitimate,738.0167,Balance Check,True,0.0,738.0167,Japan,Germany,iPhone,Home WiFi,0,0,traveler,0
2,2,2025-02-11 23:44:46,legitimate,76680.08,Pay Bills,True,-271.64236,76408.44,UK,USA,Linux PC,Mobile Network,0,0,static,0
0,0,2025-02-12 00:03:46,legitimate,58647.887,Balance Check,True,0.0,58647.887,Germany,Japan,iPhone,Public WiFi,1,0,traveler,0
1,1,2025-02-12 02:13:46,legitimate,738.0167,Pay Bills,True,-74.11918,663.8975,Japan,France,Windows Laptop,Home WiFi,1,0,traveler,0
2,2,2025-02-12 02:19:46,legitimate,76408.44,Transfer Funds,True,-100.60346,76307.83,UK,France,MacBook,Home WiFi,0,0,static,0
0,0,2025-02-12 03:58:46,legitimate,58647.887,Pay Bills,True,-156.28957,58491.598,Germany,USA,Android,Public WiFi,0,1,traveler,0
1,1,2025-02-12 05:16:46,legitimate,663.8975,Review activities,True,0.0,663.8975,Japan,Germany,MacBook,Corporate Network,0,0,traveler,0
2,2,2025-02-12 06:16:46,legitimate,76307.83,Wire Transfer,True,-45.671234,76262.164,UK,France,iPhone,Public WiFi,0,0,static,0
0,0,2025-02-12 07:56:46,legitimate,58491.598,Deposit Funds,True,67.08392,58558.684,Germany,UK,MacBook,Public WiFi,0,0,traveler,0
1,1,2025-02-12 08:43:46,legitimate,663.8975,Balance Check,True,0.0,663.8975,Japan,France,iPad,Home WiFi,0,0,traveler,0
2,2,2025-02-12 08:57:46,legitimate,76262.164,Withdraw Funds,True,-177.53346,76084.625,UK,UK,Windows Laptop,Home WiFi,1,0,static,0
0,0,2025-02-12 10:07:46,legitimate,58558.684,Pay Bills,True,-593.7515,57964.93,Germany,Japan,MacBook,Mobile Network,0,0,traveler,0
1,1,2025-02-12 11:42:46,legitimate,663.8975,Review activities,True,0.0,663.8975,Japan,Japan,Windows Laptop,Public WiFi,0,0,traveler,0
2,2,2025-02-12 13:57:46,legitimate,76084.625,Balance Check,True,0.0,76084.625,UK,USA,iPhone,Home WiFi,1,0,static,0
0,0,2025-02-12 14:04:46,legitimate,57964.93,Deposit Funds,True,774.42883,58739.36,Germany,UK,iPhone,Mobile Network,0,0,traveler,0
1,1,2025-02-12 14:07:46,legitimate,663.8975,Balance Check,True,0.0,663.8975,Japan,Japan,iPad,Mobile Network,0,0,traveler,0
2,2,2025-02-12 15:38:46,legitimate,76084.625,Review activities,True,0.0,76084.625,UK,UK,Windows Laptop,Public WiFi,0,0,static,0
0,0,2025-02-12 17:39:46,legitimate,58739.36,Make Purchase,True,-284.9442,58454.414,Germany,USA,iPhone,Public WiFi,0,0,traveler,0
1,1,2025-02-12 20:12:46,legitimate,663.8975,Review activities,True,0.0,663.8975,Japan,USA,MacBook,Home WiFi,0,0,traveler,0
2,2,2025-02-12 22:47:46,legitimate,76084.625,Balance Check,True,0.0,76084.625,UK,UK,iPad,Home WiFi,0,0,static,0
0,0,2025-02-12 23:08:46,legitimate,58454.414,Make Purchase,True,-710.5579,57743.86,Germany,USA,Android,Home WiFi,0,0,traveler,0
1,1,2025-02-13 00:46:46,legitimate,663.8975,Balance Check,True,0.0,663.8975,Japan,UK,iPhone,Home WiFi,0,0,traveler,0
2,2,2025-02-13 02:02:46,legitimate,76084.625,Review activities,True,0.0,76084.625,UK,USA,Android,Public WiFi,0,0,static,0
0,0,2025-02-13 03:07:46,legitimate,57743.86,Online Purchase,True,-250.60194,57493.258,Germany,UK,Android,Home WiFi,0,0,traveler,0
1,1,2025-02-13 04:52:46,legitimate,663.8975,Pay Bills,True,-120.33916,543.5584,Japan,UK,Windows Laptop,Home WiFi,0,0,traveler,0
2,2,2025-02-13 05:39:46,legitimate,76084.625,Pay Bills,True,-101.99452,75982.63,UK,UK,Android,Home WiFi,0,0,static,0
0,0,2025-02-13 05:46:46,legitimate,57493.258,Deposit Funds,True,314.47684,57807.734,Germany,UK,Windows Laptop,Public WiFi,0,0,traveler,0
1,1,2025-02-13 07:48:46,legitimate,543.5584,Deposit Funds,True,507.38477,1050.9431,Japan,France,Windows Laptop,Home WiFi,0,0,traveler,0
2,2,2025-02-13 10:41:46,legitimate,75982.63,Balance Check,True,0.0,75982.63,UK,USA,iPhone,Corporate Network,0,0,static,0
0,0,2025-02-13 11:45:46,legitimate,57807.734,Pay Bills,True,-45.952057,57761.78,Germany,Germany,Windows Laptop,Corporate Network,0,0,traveler,0
1,1,2025-02-13 12:31:46,legitimate,1050.9431,Make Purchase,True,-173.01439,877.9288,Japan,USA,iPhone,Home WiFi,0,0,traveler,0
2,2,2025-02-13 15:25:46,legitimate,75982.63,Pay Bills,True,-1025.1238,74957.51,UK,UK,Android,Public WiFi,0,1,static,0
0,0,2025-02-13 18:19:46,legitimate,57761.78,Transfer Funds,True,-271.18747,57490.594,Germany,France,Windows Laptop,Public WiFi,0,0,traveler,0
1,1,2025-02-13 18:54:46,legitimate,877.9288,Make Purchase,True,-156.60835,721.32043,Japan,UK,MacBook,Public WiFi,0,1,traveler,0
2,2,2025-02-13 19:33:46,legitimate,74957.51,Deposit Funds,True,54.448135,75011.95,UK,UK,Android,Mobile Network,0,0,static,0
0,0,2025-02-13 22:07:46,legitimate,57490.594,Balance Check,True,0.0,57490.594,Germany,Japan,Windows Laptop,Home WiFi,0,0,traveler,0
1,1,2025-02-13 23:41:46,legitimate,721.32043,Make Purchase,True,-153.92294,567.39746,Japan,UK,Windows Laptop,Home WiFi,0,0,traveler,0
2,2,2025-02-14 00:06:46,legitimate,75011.95,Make Purchase,True,-663.2515,74348.7,UK,France,iPhone,Home WiFi,0,0,static,0
0,0,2025-02-14 01:29:46,legitimate,57490.594,Make Purchase,True,-50.819954,57439.773,Germany,Germany,iPhone,Mobile Network,0,0,traveler,0
1,1,2025-02-14 03:00:46,legitimate,567.39746,Make Purchase,True,-259.0509,308.34656,Japan,France,Android,Public WiFi,0,0,traveler,0
2,2,2025-02-14 05:51:46,legitimate,74348.7,POS Purchase,True,-576.45,73772.26,UK,France,MacBook,Home WiFi,0,0,static,0
0,0,2025-02-14 06:32:46,legitimate,57439.773,Make Purchase,True,-231.07117,57208.703,Germany,Germany,Android,Mobile Network,0,0,traveler,0
1,1,2025-02-14 07:32:46,legitimate,308.34656,Online Purchase,False,-536.042,308.34656,Japan,USA,Windows Laptop,Home WiFi,0,0,traveler,0
2,2,2025-02-14 08:02:46,legitimate,73772.26,Deposit Funds,True,211.31966,73983.58,UK,France,MacBook,Mobile Network,0,0,static,0
0,0,2025-02-14 11:00:46,legitimate,57208.703,Make Purchase,True,-385.81036,56822.89,Germany,USA,Android,Public WiFi,0,0,traveler,0
1,1,2025-02-14 11:54:46,legitimate,308.34656,Deposit Funds,True,89.268776,397.61533,Japan,Germany,iPad,Public WiFi,1,0,traveler,0
2,2,2025-02-14 14:22:46,legitimate,73983.58,Transfer Funds,True,-290.76312,73692.81,UK,USA,iPhone,Public WiFi,0,0,static,0
0,0,2025-02-14 14:41:46,legitimate,56822.89,Make Purchase,True,-61.470913,56761.42,Germany,USA,Android,Public WiFi,0,0,traveler,0
1,1,2025-02-14 16:01:46,legitimate,397.61533,Transfer Funds,True,-95.54329,302.07205,Japan,UK,iPhone,Public WiFi,0,0,traveler,0
2,2,2025-02-14 18:39:46,legitimate,73692.81,Balance Check,True,0.0,73692.81,UK,France,Windows Laptop,Mobile Network,0,0,static,0
0,0,2025-02-14 19:13:46,legitimate,56761.42,Make Purchase,True,-100.92266,56660.5,Germany,USA,MacBook,Home WiFi,0,0,traveler,0
1,1,2025-02-14 20:13:46,legitimate,302.07205,Wire Transfer,True,-41.297062,260.775,Japan,Japan,iPhone,Home WiFi,0,0,traveler,0
2,2,2025-02-14 21:30:46,legitimate,73692.81,Pay Bills,True,-156.70796,73536.1,UK,UK,iPhone,Home WiFi,0,0,static,0
0,0,2025-02-15 00:05:46,legitimate,56660.5,Make Purchase,True,-21.220821,56639.277,Germany,Germany,Android,Public WiFi,0,0,traveler,0
1,1,2025-02-15 02:23:46,legitimate,260.775,Invest Money,True,-96.466995,164.308,Japan,USA,iPhone,Public WiFi,0,0,traveler,0
2,2,2025-02-15 03:45:46,legitimate,73536.1,Deposit Funds,True,84.75282,73620.86,UK,France,iPhone,Public WiFi,0,0,static,0
0,0,2025-02-15 05:07:46,legitimate,56639.277,Make Purchase,True,-402.79654,56236.48,Germany,France,iPhone,Home WiFi,0,0,traveler,0
1,1,2025-02-15 08:05:46,legitimate,164.308,Invest in Assets,False,-335.35312,164.308,Japan,France,Windows Laptop,Public WiFi,0,0,traveler,0
2,2,2025-02-15 09:37:46,legitimate,73620.86,Make Purchase,True,-88.78422,73532.07,UK,UK,Linux PC,Public WiFi,0,0,static,0
0,0,2025-02-15 09:39:46,legitimate,56236.48,Make Purchase,True,-258.364,55978.117,Germany,USA,iPhone,Home WiFi,0,0,traveler,0
1,1,2025-02-15 11:06:46,legitimate,164.308,Balance Check,True,0.0,164.308,Japan,USA,iPhone,Public WiFi,0,0,traveler,0
2,2,2025-02-15 11:43:46,legitimate,73532.07,Online Purchase,True,-1112.6357,72419.44,UK,USA,Windows Laptop,Public WiFi,0,0,static,0
0,0,2025-02-15 12:32:46,legitimate,55978.117,Make Purchase,True,-152.81976,55825.297,Germany,UK,MacBook,Home WiFi,0,0,traveler,0
1,1,2025-02-15 14:10:46,legitimate,164.308,Review activities,True,0.0,164.308,Japan,UK,Android,Home WiFi,0,1,traveler,0
2,2,2025-02-15 15:22:46,legitimate,72419.44,Make Purchase,True,-518.2563,71901.18,UK,UK,Android,Home WiFi,0,0,static,0
0,0,2025-02-15 16:31:46,legitimate,55825.297,POS Purchase,True,-1171.3611,54653.938,Germany,France,MacBook,Mobile Network,0,0,traveler,0
1,1,2025-02-15 17:12:46,legitimate,164.308,Pay Bills,True,-52.054844,112.25315,Japan,USA,Android,Home WiFi,0,0,traveler,0
2,2,2025-02-15 19:03:46,legitimate,71901.18,Online Purchase,True,-117.76915,71783.414,UK,USA,Windows Laptop,Public WiFi,0,0,static,0
0,0,2025-02-15 21:32:46,legitimate,54653.938,Deposit Funds,True,588.1913,55242.13,Germany,Japan,iPhone,Corporate Network,0,0,traveler,0
1,1,2025-02-15 22:05:46,legitimate,112.25315,Review activities,True,0.0,112.25315,Japan,UK,iPhone,Home WiFi,0,0,traveler,0
2,2,2025-02-16 00:06:46,legitimate,71783.414,Review activities,True,0.0,71783.414,UK,USA,Windows Laptop,Mobile Network,0,0,static,0
0,0,2025-02-16 03:03:46,legitimate,55242.13,Pay Bills,True,-84.359726,55157.766,Germany,Germany,Android,Public WiFi,1,0,traveler,0
1,1,2025-02-16 05:02:46,legitimate,112.25315,Balance Check,True,0.0,112.25315,Japan,Japan,Android,Home WiFi,0,0,traveler,0
2,2,2025-02-16 07:18:46,legitimate,71783.414,Pay Bills,True,-47.270336,71736.14,UK,USA,Android,Home WiFi,0,0,static,0
0,0,2025-02-16 09:04:46,legitimate,55157.766,Transfer Funds,True,-126.371925,55031.395,Germany,Germany,Windows Laptop,Home WiFi,0,0,traveler,0
1,1,2025-02-16 10:26:46,legitimate,112.25315,Make Purchase,True,-109.090935,3.1622198,Japan,UK,Android,Mobile Network,0,0,traveler,0
2,2,2025-02-16 12:44:46,legitimate,71736.14,Review activities,True,0.0,71736.14,UK,USA,Windows Laptop,Public WiFi,0,0,static,0
0,0,2025-02-16 14:18:46,legitimate,55031.395,Wire Transfer,True,-715.13635,54316.258,Germany,Germany,iPhone,Public WiFi,0,0,traveler,0
1,1,2025-02-16 15:36:46,legitimate,3.1622198,Make Purchase,False,-394.60413,3.1622198,Japan,UK,iPhone,Public WiFi,0,0,traveler,0
2,2,2025-02-16 17:26:46,legitimate,71736.14,Pay Bills,True,-181.28183,71554.86,UK,France,iPad,Home WiFi,0,0,static,0
0,0,2025-02-16 18:27:46,legitimate,54316.258,Make Purchase,True,-142.72606,54173.53,Germany,Japan,MacBook,Mobile Network,0,0,traveler,0
1,1,2025-02-16 19:23:46,legitimate,3.1622198,Make Purchase,False,-239.98198,3.1622198,Japan,USA,Android,Public WiFi,0,0,traveler,0
2,2,2025-02-16 21:38:46,legitimate,71554.86,Balance Check,True,0.0,71554.86,UK,UK,Windows Laptop,Mobile Network,0,0,static,0
0,0,2025-02-16 22:09:46,legitimate,54173.53,POS Purchase,True,-199.96869,53973.562,Germany,France,iPad,Home WiFi,0,0,traveler,0
1,1,2025-02-17 01:03:46,legitimate,3.1622198,Make Purchase,False,-79.97923,3.1622198,Japan,USA,Android,Mobile Network,0,0,traveler,0
2,2,2025-02-17 02:12:46,legitimate,71554.86,Make Purchase,True,-292.65723,71262.2,UK,UK,Windows Laptop,Public WiFi,1,0,static,0
0,0,2025-02-17 04:49:46,legitimate,53973.562,Balance Check,True,0.0,53973.562,Germany,Japan,Android,Public WiFi,0,0,traveler,0
1,1,2025-02-17 07:38:46,legitimate,3.1622198,Online Purchase,False,-27.471268,3.1622198,Japan,France,MacBook,Home WiFi,0,0,traveler,0
2,2,2025-02-17 08:07:46,legitimate,71262.2,Make Purchase,True,-471.6089,70790.59,UK,France,Android,Public WiFi,0,0,static,0
0,0,2025-02-17 08:51:46,legitimate,53973.562,Pay Bills,True,-150.62842,53822.938,Germany,Japan,iPhone,Home WiFi,0,0,traveler,0
1,1,2025-02-17 11:35:46,legitimate,3.1622198,Balance Check,True,0.0,3.1622198,Japan,France,iPhone,Public WiFi,1,0,traveler,0
2,2,2025-02-17 14:29:46,legitimate,70790.59,Make Purchase,True,-40.213184,70750.38,UK,France,Windows Laptop,Public WiFi,0,0,static,0
0,0,2025-02-17 15:49:46,legitimate,53822.938,Deposit Funds,True,142.78462,53965.72,Germany,Germany,Android,Mobile Network,0,0,traveler,0
1,1,2025-02-17 16:32:46,legitimate,3.1622198,Make Purchase,False,-15.468065,3.1622198,Japan,USA,iPhone,Home WiFi,0,1,traveler,0
2,2,2025-02-17 19:24:46,legitimate,70750.38,Make Purchase,True,-870.12775,69880.25,UK,UK,iPhone,Public WiFi,0,0,static,0
0,0,2025-02-17 22:18:46,legitimate,53965.72,Transfer Funds,True,-109.36504,53856.355,Germany,USA,Windows Laptop,Home WiFi,0,0,traveler,0
1,1,2025-02-17 23:27:46,legitimate,3.1622198,Make Purchase,False,-397.28546,3.1622198,Japan,UK,MacBook,Public WiFi,0,1,traveler,0
2,2,2025-02-18 01:28:46,legitimate,69880.25,POS Purchase,True,-37.26781,69842.984,UK,France,MacBook,Corporate Network,0,0,static,0
0,0,2025-02-18 03:03:46,legitimate,53856.355,Balance Check,True,0.0,53856.355,Germany,Japan,Windows Laptop,Public WiFi,0,0,traveler,0
1,1,2025-02-18 03:52:46,legitimate,3.1622198,Make Purchase,False,-34.603767,3.1622198,Japan,Germany,Android,Public WiFi,0,0,traveler,0
2,2,2025-02-18 06:15:46,legitimate,69842.984,Make Purchase,True,-53.978848,69789.01,UK,France,Android,Mobile Network,1,0,static,0
0,0,2025-02-18 07:39:46,legitimate,53856.355,Make Purchase,True,-81.90279,53774.453,Germany,Germany,Linux PC,Corporate Network,1,0,traveler,0
1,1,2025-02-18 07:56:46,legitimate,3.1622198,Online Purchase,False,-51.567028,3.1622198,Japan,UK,iPhone,Home WiFi,0,0,traveler,0
2,2,2025-02-18 08:08:46,legitimate,69789.01,Make Purchase,True,-35.699623,69753.305,UK,UK,MacBook,Mobile Network,0,0,static,0
4,4,2025-02-18 09:38:46,legitimate,99063.48,Make Purchase,True,-151.51273,98911.97,UK,UK,Windows Laptop,Public WiFi,0,0,traveler,0
5,5,2025-02-18 09:56:46,synthetic_identity_fraud,63473.77,Withdraw Funds,True,-6618.2563,56855.51,Japan,Germany,Android,Public WiFi,0,0,traveler,1
6,6,2025-02-18 11:57:46,legitimate,77592.3,Open Account,True,0.0,77592.3,UK,UK,MacBook,Public WiFi,0,0,static,0
7,7,2025-02-18 14:41:46,legitimate,23842.26,Balance Check,True,0.0,23842.26,Japan,Japan,iPhone,Mobile Network,0,0,traveler,0
4,4,2025-02-18 17:35:46,legitimate,98911.97,POS Purchase,True,-405.86536,98506.1,UK,France,Windows Laptop,Home WiFi,0,0,traveler,0
5,5,2025-02-18 18:10:46,synthetic_identity_fraud,56855.51,Max Out Credit,True,-1551.705,55303.81,Japan,Switzerland,MacBook,Mobile Network,0,0,traveler,1
6,6,2025-02-18 19:58:46,legitimate,77592.3,Apply for Loan,True,0.0,77592.3,UK,UK,Android,Public WiFi,0,0,static,0
7,7,2025-02-18 20:15:46,legitimate,23842.26,Review activities,True,0.0,23842.26,Japan,Japan,MacBook,Mobile Network,0,0,traveler,0
4,4,2025-02-18 23:10:46,legitimate,98506.1,Deposit Funds,True,1149.997,99656.1,UK,France,MacBook,Home WiFi,0,0,traveler,0
5,5,2025-02-18 23:40:46,synthetic_identity_fraud,55303.81,Max Out Credit,True,-4844.722,50459.086,Japan,Switzerland,iPhone,Public WiFi,0,0,traveler,1
6,6,2025-02-19 01:32:46,legitimate,77592.3,Review activities,True,0.0,77592.3,UK,UK,Android,Mobile Network,0,0,static,0
7,7,2025-02-19 03:09:46,legitimate,23842.26,Balance Check,True,0.0,23842.26,Japan,Japan,Android,Home WiFi,0,0,traveler,0
4,4,2025-02-19 05:09:46,legitimate,99656.1,Make Purchase,True,-387.05466,99269.05,UK,USA,Windows Laptop,Public WiFi,0,0,traveler,0
5,5,2025-02-19 05:30:46,synthetic_identity_fraud,50459.086,Apply for Credit Card,True,0.0,50459.086,Japan,Switzerland,Android,Mobile Network,0,0,traveler,1
6,6,2025-02-19 05:46:46,legitimate,77592.3,Pay Bills,True,-74.501114,77517.8,UK,UK,Android,Home WiFi,0,1,static,0
7,7,2025-02-19 06:24:46,legitimate,23842.26,Pay Bills,True,-94.34018,23747.92,Japan,Germany,Windows Laptop,Corporate Network,0,0,traveler,0
4,4,2025-02-19 07:14:46,legitimate,99269.05,Make Purchase,True,-28.605387,99240.44,UK,UK,Android,Mobile Network,0,0,traveler,0
5,5,2025-02-19 07:51:46,synthetic_identity_fraud,50459.086,Apply for Credit Card,True,0.0,50459.086,Japan,Hong Kong,Windows Laptop,Public WiFi,0,0,traveler,1
6,6,2025-02-19 09:32:46,legitimate,77517.8,Transfer Funds,True,-60.187702,77457.61,UK,UK,Android,Mobile Network,0,0,static,0
7,7,2025-02-19 09:58:46,legitimate,23747.92,Transfer Funds,True,-57.93355,23689.986,Japan,France,MacBook,Public WiFi,0,0,traveler,0
4,4,2025-02-19 12:26:46,legitimate,99240.44,Balance Check,True,0.0,99240.44,UK,UK,iPhone,Public WiFi,0,0,traveler,0
5,5,2025-02-19 12:48:46,synthetic_identity_fraud,50459.086,Open Account,True,0.0,50459.086,Japan,Hong Kong,iPhone,Public WiFi,0,0,traveler,1
6,6,2025-02-19 13:49:46,legitimate,77457.61,Deposit Funds,True,141.64194,77599.25,UK,UK,MacBook,Home WiFi,0,0,static,0
7,7,2025-02-19 14:18:46,legitimate,23689.986,Cash Withdrawal,True,-830.1447,22859.842,Japan,USA,MacBook,Public WiFi,0,0,traveler,0
4,4,2025-02-19 16:10:46,legitimate,99240.44,Review activities,True,0.0,99240.44,UK,Japan,iPhone,Mobile Network,0,0,traveler,0
5,5,2025-02-19 16:53:46,synthetic_identity_fraud,50459.086,Create Fake Identity,True,0.0,50459.086,Japan,Cayman Islands,iPad,Home WiFi,0,1,traveler,1
6,6,2025-02-19 18:18:46,legitimate,77599.25,Invest Money,True,-150.1019,77449.15,UK,UK,MacBook,Public WiFi,0,0,static,0
7,7,2025-02-19 21:18:46,legitimate,22859.842,Make Purchase,True,-27.116732,22832.725,Japan,France,iPhone,Corporate Network,0,0,traveler,0
4,4,2025-02-19 23:11:46,legitimate,99240.44,Balance Check,True,0.0,99240.44,UK,USA,Windows Laptop,Public WiFi,0,0,traveler,0
5,5,2025-02-20 00:09:46,synthetic_identity_fraud,50459.086,Open Account,True,0.0,50459.086,Japan,Hong Kong,iPhone,Public WiFi,0,0,traveler,1
6,6,2025-02-20 01:31:46,legitimate,77449.15,Invest in Assets,True,-83.49665,77365.66,UK,UK,MacBook,Public WiFi,0,0,static,0
7,7,2025-02-20 02:13:46,legitimate,22832.725,Make Purchase,True,-63.256966,22769.469,Japan,UK,iPhone,Public WiFi,0,0,traveler,0
4,4,2025-02-20 04:34:46,legitimate,99240.44,Make Purchase,True,-312.81424,98927.625,UK,UK,MacBook,Public WiFi,0,0,traveler,0
5,5,2025-02-20 05:29:46,synthetic_identity_fraud,50459.086,Create Fake Identity,True,0.0,50459.086,Japan,Cayman Islands,iPhone,Public WiFi,0,0,traveler,1
6,6,2025-02-20 05:43:46,legitimate,77365.66,Withdraw Funds,True,-135.25545,77230.4,UK,UK,MacBook,Home WiFi,0,0,static,0
7,7,2025-02-20 08:11:46,legitimate,22769.469,Online Purchase,True,-37.26781,22732.2,Japan,Germany,Windows Laptop,Mobile Network,0,0,traveler,0
4,4,2025-02-20 09:24:46,legitimate,98927.625,POS Purchase,True,-39.18107,98888.445,UK,UK,Android,Home WiFi,0,0,traveler,0
5,5,2025-02-20 10:01:46,synthetic_identity_fraud,50459.086,Create Fake Identity,True,0.0,50459.086,Japan,Cayman Islands,Android,Public WiFi,0,0,traveler,1
6,6,2025-02-20 11:47:46,legitimate,77230.4,POS Purchase,True,-197.78986,77032.61,UK,France,MacBook,Home WiFi,0,0,static,0
7,7,2025-02-20 12:33:46,legitimate,22732.2,Review activities,True,0.0,22732.2,Japan,Japan,iPhone,Mobile Network,0,0,traveler,0
4,4,2025-02-20 14:27:46,legitimate,98888.445,Make Purchase,True,-137.15652,98751.29,UK,France,Android,Home WiFi,0,0,traveler,0
5,5,2025-02-20 14:32:46,synthetic_identity_fraud,50459.086,Create Fake Identity,True,0.0,50459.086,Japan,Canada,iPhone,Home WiFi,0,0,traveler,1
6,6,2025-02-20 15:09:46,legitimate,77032.61,Make Purchase,True,-193.49696,76839.11,UK,UK,iPhone,Home WiFi,0,1,static,0
7,7,2025-02-20 17:35:46,legitimate,22732.2,Make Purchase,True,-38.48671,22693.713,Japan,UK,Android,Public WiFi,0,0,traveler,0
4,4,2025-02-20 19:33:46,legitimate,98751.29,POS Purchase,True,-83.225876,98668.06,UK,UK,iPhone,Public WiFi,0,1,traveler,0
5,5,2025-02-20 20:19:46,synthetic_identity_fraud,50459.086,Create Fake Identity,True,0.0,50459.086,Japan,Singapore,iPhone,Mobile Network,0,0,traveler,1
6,6,2025-02-20 21:22:46,legitimate,76839.11,POS Purchase,True,-301.43146,76537.68,UK,France,MacBook,Public WiFi,0,0,static,0
7,7,2025-02-20 23:23:46,legitimate,22693.713,Make Purchase,True,-89.68879,22604.025,Japan,USA,iPhone,Mobile Network,0,0,traveler,0
4,4,2025-02-21 02:00:46,legitimate,98668.06,Balance Check,True,0.0,98668.06,UK,Germany,iPhone,Home WiFi,0,0,traveler,0
5,5,2025-02-21 02:11:46,synthetic_identity_fraud,50459.086,Create Fake Identity,True,0.0,50459.086,Japan,USA,Linux PC,Corporate Network,0,0,traveler,1
6,6,2025-02-21 04:56:46,legitimate,76537.68,Make Purchase,True,-1835.6649,74702.016,UK,France,iPhone,Home WiFi,0,0,static,0
7,7,2025-02-21 05:38:46,legitimate,22604.025,POS Purchase,True,-127.93707,22476.088,Japan,Japan,Android,Public WiFi,0,0,traveler,0
4,4,2025-02-21 08:21:46,legitimate,98668.06,Review activities,True,0.0,98668.06,UK,UK,Windows Laptop,Home WiFi,0,1,traveler,0
5,5,2025-02-21 08:47:46,synthetic_identity_fraud,50459.086,Create Fake Identity,True,0.0,50459.086,Japan,Cayman Islands,Linux PC,Public WiFi,0,0,traveler,1
6,6,2025-02-21 10:47:46,legitimate,74702.016,Make Purchase,True,-22.067162,74679.945,UK,UK,Android,Public WiFi,0,0,static,0
7,7,2025-02-21 13:27:46,legitimate,22476.088,Balance Check,True,0.0,22476.088,Japan,UK,iPhone,Home WiFi,0,0,traveler,0
4,4,2025-02-21 15:57:46,legitimate,98668.06,Make Purchase,True,-74.88902,98593.17,UK,USA,iPad,Mobile Network,0,0,traveler,0
5,5,2025-02-21 16:10:46,synthetic_identity_fraud,50459.086,Apply for Loan,True,0.0,50459.086,Japan,Singapore,Linux PC,Public WiFi,0,0,traveler,1
6,6,2025-02-21 16:31:46,legitimate,74679.945,POS Purchase,True,-111.34528,74568.6,UK,UK,Windows Laptop,Public WiFi,0,0,static,0
7,7,2025-02-21 18:25:46,legitimate,22476.088,Pay Bills,True,-61.284115,22414.803,Japan,Germany,iPhone,Mobile Network,0,1,traveler,0
4,4,2025-02-21 18:49:46,legitimate,98593.17,Make Purchase,True,-137.17674,98455.99,UK,UK,iPhone,Mobile Network,0,0,traveler,0
5,5,2025-02-21 19:04:46,synthetic_identity_fraud,50459.086,Apply for Loan,True,0.0,50459.086,Japan,USA,Android,Public WiFi,0,0,traveler,1
6,6,2025-02-21 20:45:46,legitimate,74568.6,Review activities,True,0.0,74568.6,UK,UK,Windows Laptop,Public WiFi,0,0,static,0
7,7,2025-02-21 22:23:46,legitimate,22414.803,Balance Check,True,0.0,22414.803,Japan,Germany,Android,Public WiFi,0,0,traveler,0
4,4,2025-02-21 23:40:46,legitimate,98455.99,Make Purchase,True,-59.172394,98396.82,UK,Japan,Windows Laptop,Home WiFi,0,0,traveler,0
5,5,2025-02-22 00:11:46,synthetic_identity_fraud,50459.086,Open Account,True,0.0,50459.086,Japan,Cayman Islands,iPhone,Public WiFi,0,1,traveler,1
6,6,2025-02-22 01:31:46,legitimate,74568.6,Pay Bills,True,-18.960629,74549.64,UK,France,Android,Home WiFi,0,0,static,0
7,7,2025-02-22 02:53:46,legitimate,22414.803,Review activities,True,0.0,22414.803,Japan,Japan,iPhone,Home WiFi,0,0,traveler,0
4,4,2025-02-22 03:36:46,legitimate,98396.82,POS Purchase,True,-136.41524,98260.41,UK,USA,iPhone,Public WiFi,0,0,traveler,0
5,5,2025-02-22 03:38:46,synthetic_identity_fraud,50459.086,Open Account,True,0.0,50459.086,Japan,Canada,Android,Home WiFi,0,0,traveler,1
6,6,2025-02-22 05:13:46,legitimate,74549.64,Balance Check,True,0.0,74549.64,UK,UK,MacBook,Home WiFi,0,0,static,0
7,7,2025-02-22 08:04:46,legitimate,22414.803,Pay Bills,True,-57.003483,22357.8,Japan,France,Android,Mobile Network,0,0,traveler,0
4,4,2025-02-22 09:32:46,legitimate,98260.41,Review activities,True,0.0,98260.41,UK,UK,iPhone,Public WiFi,0,0,traveler,0
5,5,2025-02-22 09:43:46,synthetic_identity_fraud,50459.086,Open Account,True,0.0,50459.086,Japan,Hong Kong,Windows Laptop,Corporate Network,0,0,traveler,1
6,6,2025-02-22 10:28:46,legitimate,74549.64,Review activities,True,0.0,74549.64,UK,UK,Android,Home WiFi,0,0,static,0
7,7,2025-02-22 11:51:46,legitimate,22357.8,Transfer Funds,True,-179.33575,22178.465,Japan,Germany,iPhone,Mobile Network,0,0,traveler,0
4,4,2025-02-22 14:03:46,legitimate,98260.41,Balance Check,True,0.0,98260.41,UK,UK,Android,Public WiFi,1,0,traveler,0
5,5,2025-02-22 14:35:46,synthetic_identity_fraud,50459.086,Open Account,True,0.0,50459.086,Japan,Hong Kong,MacBook,Mobile Network,0,0,traveler,1
6,6,2025-02-22 16:40:46,legitimate,74549.64,Balance Check,True,0.0,74549.64,UK,France,iPhone,Public WiFi,0,0,static,0
7,7,2025-02-22 18:29:46,legitimate,22178.465,Balance Check,True,0.0,22178.465,Japan,Japan,iPhone,Public WiFi,0,0,traveler,0
4,4,2025-02-22 20:12:46,legitimate,98260.41,Pay Bills,True,-50.301147,98210.11,UK,Japan,Android,Public WiFi,0,0,traveler,0
5,5,2025-02-22 20:15:46,synthetic_identity_fraud,50459.086,Apply for Credit Card,True,0.0,50459.086,Japan,Singapore,Windows Laptop,Mobile Network,0,1,traveler,1
6,6,2025-02-22 22:50:46,legitimate,74549.64,Review activities,True,0.0,74549.64,UK,France,Windows Laptop,Public WiFi,0,0,static,0
7,7,2025-02-23 01:05:46,legitimate,22178.465,Review activities,True,0.0,22178.465,Japan,Germany,Android,Home WiFi,0,0,traveler,0
4,4,2025-02-23 01:06:46,legitimate,98210.11,Balance Check,True,0.0,98210.11,UK,France,iPhone,Mobile Network,0,0,traveler,0
5,5,2025-02-23 01:31:46,synthetic_identity_fraud,50459.086,Create Fake Identity,True,0.0,50459.086,Japan,Cayman Islands,Windows Laptop,Mobile Network,0,0,traveler,1
6,6,2025-02-23 04:16:46,legitimate,74549.64,Balance Check,True,0.0,74549.64,UK,France,iPhone,Corporate Network,0,0,static,0
7,7,2025-02-23 06:42:46,legitimate,22178.465,Balance Check,True,0.0,22178.465,Japan,Japan,Android,Public WiFi,0,0,traveler,0
4,4,2025-02-23 08:46:46,legitimate,98210.11,Review activities,True,0.0,98210.11,UK,UK,MacBook,Mobile Network,0,0,traveler,0
5,5,2025-02-23 09:01:46,synthetic_identity_fraud,50459.086,Open Account,True,0.0,50459.086,Japan,Germany,Android,Public WiFi,0,0,traveler,1
6,6,2025-02-23 10:49:46,legitimate,74549.64,Pay Bills,True,-115.040924,74434.6,UK,UK,iPhone,Home WiFi,0,0,static,0
7,7,2025-02-23 11:06:46,legitimate,22178.465,Pay Bills,True,-180.35048,21998.113,Japan,France,Linux PC,Public WiFi,0,0,traveler,0
4,4,2025-02-23 12:00:46,legitimate,98210.11,Pay Bills,True,-313.73645,97896.37,UK,UK,iPhone,Home WiFi,0,0,traveler,0
5,5,2025-02-23 12:46:46,synthetic_identity_fraud,50459.086,Open Account,True,0.0,50459.086,Japan,Switzerland,Android,Home WiFi,0,0,traveler,1
6,6,2025-02-23 14:22:46,legitimate,74434.6,Deposit Funds,True,387.85837,74822.46,UK,France,iPhone,Home WiFi,1,0,static,0
7,7,2025-02-23 15:11:46,legitimate,21998.113,Balance Check,True,0.0,21998.113,Japan,Germany,Linux PC,Home WiFi,0,0,traveler,0
4,4,2025-02-23 16:36:46,legitimate,97896.37,Transfer Funds,True,-85.34257,97811.03,UK,UK,Android,Mobile Network,0,0,traveler,0
5,5,2025-02-23 17:07:46,synthetic_identity_fraud,50459.086,Apply for Credit Card,True,0.0,50459.086,Japan,Switzerland,MacBook,Home WiFi,0,0,traveler,1
6,6,2025-02-23 19:34:46,legitimate,74822.46,Make Purchase,True,-154.5999,74667.86,UK,France,Windows Laptop,Mobile Network,0,0,static,0
7,7,2025-02-23 20:46:46,legitimate,21998.113,Review activities,True,0.0,21998.113,Japan,USA,iPhone,Home WiFi,0,1,traveler,0
4,4,2025-02-23 22:17:46,legitimate,97811.03,Deposit Funds,True,69.79979,97880.83,UK,Germany,Linux PC,Mobile Network,0,0,traveler,0
5,5,2025-02-23 22:19:46,synthetic_identity_fraud,50459.086,Apply for Credit Card,True,0.0,50459.086,Japan,Hong Kong,Android,Mobile Network,0,0,traveler,1
6,6,2025-02-23 22:19:46,legitimate,74667.86,Balance Check,True,0.0,74667.86,UK,UK,iPhone,Public WiFi,0,0,static,0
7,7,2025-02-23 23:20:46,legitimate,21998.113,Balance Check,True,0.0,21998.113,Japan,Japan,iPhone,Home WiFi,0,0,traveler,0
4,4,2025-02-24 00:47:46,legitimate,97880.83,Make Purchase,True,-476.99515,97403.836,UK,France,iPhone,Public WiFi,0,0,traveler,0
5,5,2025-02-24 01:18:46,synthetic_identity_fraud,50459.086,Open Account,True,0.0,50459.086,Japan,Germany,Windows Laptop,Public WiFi,1,0,traveler,1
6,6,2025-02-24 03:46:46,legitimate,74667.86,Make Purchase,True,-152.85005,74515.01,UK,UK,Android,Home WiFi,0,0,static,0
7,7,2025-02-24 05:03:46,legitimate,21998.113,Review activities,True,0.0,21998.113,Japan,France,Android,Home WiFi,0,0,traveler,0
4,4,2025-02-24 05:21:46,legitimate,97403.836,Online Purchase,True,-206.77702,97197.055,UK,UK,iPhone,Mobile Network,0,0,traveler,0
5,5,2025-02-24 06:20:46,synthetic_identity_fraud,50459.086,Apply for Credit Card,True,0.0,50459.086,Japan,France,iPhone,Mobile Network,0,0,traveler,1
6,6,2025-02-24 07:55:46,legitimate,74515.01,Online Purchase,True,-103.10046,74411.91,UK,UK,iPhone,Home WiFi,0,0,static,0
7,7,2025-02-24 09:07:46,legitimate,21998.113,Make Purchase,True,-540.0616,21458.053,Japan,Japan,iPad,Home WiFi,0,0,traveler,0
4,4,2025-02-24 10:50:46,legitimate,97197.055,Balance Check,True,0.0,97197.055,UK,Japan,Windows Laptop,Home WiFi,0,0,traveler,0
5,5,2025-02-24 11:09:46,synthetic_identity_fraud,50459.086,Open Account,True,0.0,50459.086,Japan,Switzerland,MacBook,Mobile Network,0,0,traveler,1
6,6,2025-02-24 11:57:46,legitimate,74411.91,Review activities,True,0.0,74411.91,UK,France,MacBook,Home WiFi,0,0,static,0
7,7,2025-02-24 13:10:46,legitimate,21458.053,Make Purchase,True,-348.1375,21109.914,Japan,France,Android,Home WiFi,0,0,traveler,0
4,4,2025-02-24 15:13:46,legitimate,97197.055,Pay Bills,True,-272.2242,96924.83,UK,Germany,Windows Laptop,Home WiFi,0,0,traveler,0
5,5,2025-02-24 15:58:46,synthetic_identity_fraud,50459.086,Apply for Loan,True,0.0,50459.086,Japan,Germany,iPhone,Public WiFi,0,0,traveler,1
6,6,2025-02-24 16:03:46,legitimate,74411.91,Balance Check,True,0.0,74411.91,UK,UK,Windows Laptop,Public WiFi,0,0,static,0
7,7,2025-02-24 16:08:46,legitimate,21109.914,Make Purchase,True,-308.02307,20801.89,Japan,Japan,iPhone,Home WiFi,0,0,traveler,0
4,4,2025-02-24 16:17:46,legitimate,96924.83,Transfer Funds,True,-135.25545,96789.58,UK,Germany,MacBook,Public WiFi,0,0,traveler,0
5,5,2025-02-24 16:24:46,synthetic_identity_fraud,50459.086,Create Fake Identity,True,0.0,50459.086,Japan,Switzerland,iPhone,Public WiFi,0,0,traveler,1
6,6,2025-02-24 17:15:46,legitimate,74411.91,Make Purchase,True,-155.59349,74256.31,UK,France,Android,Public WiFi,0,0,static,0
7,7,2025-02-24 19:42:46,legitimate,20801.89,Make Purchase,True,-218.17616,20583.715,Japan,USA,Windows Laptop,Public WiFi,0,0,traveler,0
4,4,2025-02-24 22:34:46,legitimate,96789.58,Balance Check,True,0.0,96789.58,UK,France,Android,Mobile Network,0,0,traveler,0
5,5,2025-02-24 23:04:46,synthetic_identity_fraud,50459.086,Apply for Credit Card,True,0.0,50459.086,Japan,Hong Kong,Windows Laptop,Public WiFi,0,0,traveler,1
6,6,2025-02-24 23:07:46,legitimate,74256.31,Make Purchase,True,-174.85309,74081.46,UK,UK,iPhone,Public WiFi,0,0,static,0
7,7,2025-02-24 23:46:46,legitimate,20583.715,POS Purchase,True,-266.9508,20316.764,Japan,France,iPhone,Home WiFi,0,0,traveler,0
4,4,2025-02-25 02:25:46,legitimate,96789.58,Pay Bills,True,-190.90259,96598.67,UK,France,MacBook,Corporate Network,0,0,traveler,0
5,5,2025-02-25 02:59:46,synthetic_identity_fraud,50459.086,Apply for Loan,True,0.0,50459.086,Japan,Switzerland,MacBook,Home WiFi,0,0,traveler,1
6,6,2025-02-25 03:44:46,legitimate,74081.46,Make Purchase,True,-271.18747,73810.27,UK,France,iPhone,Public WiFi,0,0,static,0
7,7,2025-02-25 03:44:46,legitimate,20316.764,Balance Check,True,0.0,20316.764,Japan,UK,Android,Public WiFi,0,0,traveler,0
4,4,2025-02-25 04:17:46,legitimate,96598.67,Transfer Funds,True,-53.984962,96544.69,UK,France,Android,Mobile Network,0,0,traveler,0
5,5,2025-02-25 04:37:46,synthetic_identity_fraud,50459.086,Apply for Credit Card,True,0.0,50459.086,Japan,Hong Kong,Android,Corporate Network,0,0,traveler,1
6,6,2025-02-25 05:00:46,legitimate,73810.27,Online Purchase,True,-50.36439,73759.914,UK,France,Linux PC,Public WiFi,0,0,static,0
7,7,2025-02-25 07:39:46,legitimate,20316.764,Pay Bills,True,-14.205723,20302.559,Japan,Germany,iPhone,Mobile Network,0,0,traveler,0
4,4,2025-02-25 09:47:46,legitimate,96544.69,Deposit Funds,True,910.20636,97454.89,UK,USA,iPhone,Home WiFi,0,0,traveler,0
5,5,2025-02-25 09:56:46,synthetic_identity_fraud,50459.086,Apply for Credit Card,True,0.0,50459.086,Japan,USA,Android,Home WiFi,1,0,traveler,1
6,6,2025-02-25 12:48:46,legitimate,73759.914,Make Purchase,True,-50.971615,73708.94,UK,France,Windows Laptop,Home WiFi,0,0,static,0
7,7,2025-02-25 15:28:46,legitimate,20302.559,Transfer Funds,True,-64.10226,20238.457,Japan,Japan,iPhone,Mobile Network,0,0,traveler,0
4,4,2025-02-25 15:33:46,legitimate,97454.89,Make Purchase,True,-163.9814,97290.914,UK,USA,iPhone,Mobile Network,0,0,traveler,0
5,5,2025-02-25 16:02:46,synthetic_identity_fraud,50459.086,Create Fake Identity,True,0.0,50459.086,Japan,Cayman Islands,MacBook,Home WiFi,0,0,traveler,1
6,6,2025-02-25 17:21:46,legitimate,73708.94,Online Purchase,True,-613.129,73095.81,UK,France,iPad,Public WiFi,0,0,static,0
7,7,2025-02-25 19:06:46,legitimate,20238.457,Wire Transfer,True,-151.51273,20086.943,Japan,UK,iPhone,Home WiFi,0,0,traveler,0
4,4,2025-02-25 21:55:46,legitimate,97290.914,Online Purchase,True,-33.43295,97257.48,UK,Japan,MacBook,Home WiFi,0,0,traveler,0
5,5,2025-02-25 22:45:46,synthetic_identity_fraud,50459.086,Create Fake Identity,True,0.0,50459.086,Japan,Switzerland,Android,Home WiFi,0,0,traveler,1
6,6,2025-02-25 23:53:46,legitimate,73095.81,Make Purchase,True,-253.49876,72842.31,UK,UK,Android,Mobile Network,0,0,static,0
7,7,2025-02-26 01:41:46,legitimate,20086.943,Invest Money,True,-394.95874,19691.984,Japan,Germany,Windows Laptop,Home WiFi,0,0,traveler,0
4,4,2025-02-26 01:54:46,legitimate,97257.48,Make Purchase,True,-42.69873,97214.78,UK,France,MacBook,Mobile Network,0,0,traveler,0
5,5,2025-02-26 02:24:46,synthetic_identity_fraud,50459.086,Create Fake Identity,True,0.0,50459.086,Japan,Singapore,iPhone,Public WiFi,0,0,traveler,1
6,6,2025-02-26 03:26:46,legitimate,72842.31,Balance Check,True,0.0,72842.31,UK,France,iPhone,Public WiFi,0,0,static,0
7,7,2025-02-26 03:43:46,legitimate,19691.984,Invest in Assets,True,-50.89367,19641.092,Japan,UK,MacBook,Home WiFi,0,0,traveler,0
4,4,2025-02-26 06:42:46,legitimate,97214.78,POS Purchase,True,-502.26422,96712.516,UK,France,iPad,Home WiFi,0,0,traveler,0
5,5,2025-02-26 07:10:46,synthetic_identity_fraud,50459.086,Open Account,True,0.0,50459.086,Japan,Hong Kong,Android,Public WiFi,0,0,traveler,1
6,6,2025-02-26 09:03:46,legitimate,72842.31,Pay Bills,True,-61.458344,72780.85,UK,France,MacBook,Public WiFi,0,0,static,0
7,7,2025-02-26 10:04:46,legitimate,19641.092,Withdraw Funds,True,-47.38555,19593.705,Japan,UK,Windows Laptop,Public WiFi,0,0,traveler,0
4,4,2025-02-26 13:01:46,legitimate,96712.516,Make Purchase,True,-53.186195,96659.33,UK,Germany,Android,Home WiFi,0,0,traveler,0
5,5,2025-02-26 13:12:46,synthetic_identity_fraud,50459.086,Open Account,True,0.0,50459.086,Japan,Singapore,Android,Home WiFi,0,0,traveler,1
6,6,2025-02-26 14:54:46,legitimate,72780.85,Balance Check,True,0.0,72780.85,UK,France,Android,Home WiFi,0,0,static,0
7,7,2025-02-26 17:52:46,legitimate,19593.705,Make Purchase,True,-249.3153,19344.39,Japan,USA,iPad,Mobile Network,0,0,traveler,0
4,4,2025-02-26 18:58:46,legitimate,96659.33,Online Purchase,True,-127.03717,96532.3,UK,UK,iPhone,Mobile Network,0,0,traveler,0
5,5,2025-02-26 19:57:46,synthetic_identity_fraud,50459.086,Withdraw Funds,True,-921.49304,49537.594,Japan,Switzerland,iPhone,Home WiFi,0,0,traveler,1
6,6,2025-02-26 21:22:46,legitimate,72780.85,Pay Bills,True,-313.2245,72467.63,UK,UK,iPad,Home WiFi,0,0,static,0
7,7,2025-02-26 23:43:46,legitimate,19344.39,Make Purchase,True,-690.97375,18653.416,Japan,Germany,Windows Laptop,Mobile Network,0,0,traveler,0
4,4,2025-02-27 00:23:46,legitimate,96532.3,Make Purchase,True,-204.6087,96327.69,UK,Japan,iPad,Home WiFi,0,0,traveler,0
5,5,2025-02-27 01:18:46,synthetic_identity_fraud,49537.594,Open Account,True,0.0,49537.594,Japan,Hong Kong,iPhone,Home WiFi,0,0,traveler,1
6,6,2025-02-27 04:05:46,legitimate,72467.63,Transfer Funds,True,-634.87683,71832.75,UK,France,Android,Home WiFi,0,0,static,0
7,7,2025-02-27 05:10:46,legitimate,18653.416,Make Purchase,True,-63.127724,18590.29,Japan,Germany,iPhone,Home WiFi,0,0,traveler,0
4,4,2025-02-27 06:13:46,legitimate,96327.69,POS Purchase,True,-80.75986,96246.92,UK,UK,Android,Home WiFi,0,0,traveler,0
5,5,2025-02-27 06:47:46,synthetic_identity_fraud,49537.594,Apply for Credit Card,True,0.0,49537.594,Japan,USA,iPhone,Public WiFi,0,0,traveler,1
6,6,2025-02-27 06:48:46,legitimate,71832.75,Balance Check,True,0.0,71832.75,UK,UK,Android,Mobile Network,0,0,static,0
7,7,2025-02-27 09:10:46,legitimate,18590.29,Online Purchase,True,-104.56131,18485.729,Japan,Japan,MacBook,Public WiFi,0,0,traveler,0
4,4,2025-02-27 11:20:46,legitimate,96246.92,Review activities,True,0.0,96246.92,UK,Germany,iPhone,Public WiFi,0,0,traveler,0
5,5,2025-02-27 12:01:46,synthetic_identity_fraud,49537.594,Apply for Loan,True,0.0,49537.594,Japan,Cayman Islands,iPhone,Public WiFi,0,0,traveler,1
6,6,2025-02-27 13:52:46,legitimate,71832.75,Pay Bills,True,-176.19286,71656.56,UK,UK,MacBook,Home WiFi,0,0,static,0
7,7,2025-02-27 14:26:46,legitimate,18485.729,Deposit Funds,True,167.88799,18653.615,Japan,Germany,Windows Laptop,Home WiFi,0,0,traveler,0
4,4,2025-02-27 16:28:46,legitimate,96246.92,Pay Bills,True,-341.8751,95905.05,UK,USA,iPhone,Home WiFi,0,0,traveler,0
5,5,2025-02-27 16:28:46,synthetic_identity_fraud,49537.594,Apply for Loan,True,0.0,49537.594,Japan,France,MacBook,Mobile Network,0,0,traveler,1
6,6,2025-02-27 16:52:46,legitimate,71656.56,Deposit Funds,True,60.51482,71717.08,UK,UK,Windows Laptop,Public WiFi,0,1,static,0
7,7,2025-02-27 19:01:46,legitimate,18653.615,Pay Bills,True,-431.35428,18222.262,Japan,Germany,MacBook,Home WiFi,0,0,traveler,0
4,4,2025-02-27 21:22:46,legitimate,95905.05,Transfer Funds,True,-44.228405,95860.82,UK,UK,Android,Home WiFi,0,0,traveler,0
5,5,2025-02-27 21:27:46,synthetic_identity_fraud,49537.594,Create Fake Identity,True,0.0,49537.594,Japan,Singapore,iPhone,Corporate Network,0,0,traveler,1
6,6,2025-02-28 00:07:46,legitimate,71717.08,Pay Bills,True,-117.154434,71599.92,UK,France,Android,Mobile Network,0,0,static,0
7,7,2025-02-28 02:27:46,legitimate,18222.262,Balance Check,True,0.0,18222.262,Japan,UK,iPhone,Public WiFi,0,0,traveler,0
4,4,2025-02-28 04:45:46,legitimate,95860.82,Cash Withdrawal,True,-221.45587,95639.37,UK,UK,Linux PC,Home WiFi,0,0,traveler,0
5,5,2025-02-28 05:13:46,synthetic_identity_fraud,49537.594,Create Fake Identity,True,0.0,49537.594,Japan,UK,Linux PC,Mobile Network,1,0,traveler,1
6,6,2025-02-28 08:03:46,legitimate,71599.92,Transfer Funds,True,-601.0955,70998.83,UK,UK,Windows Laptop,Home WiFi,0,0,static,0
7,7,2025-02-28 08:59:46,legitimate,18222.262,Review activities,True,0.0,18222.262,Japan,UK,Android,Home WiFi,0,0,traveler,0
4,4,2025-02-28 11:04:46,legitimate,95639.37,Make Purchase,True,-50.22496,95589.14,UK,Japan,Android,Public WiFi,0,0,traveler,0
5,5,2025-02-28 11:21:46,synthetic_identity_fraud,49537.594,Apply for Credit Card,True,0.0,49537.594,Japan,Singapore,iPhone,Corporate Network,0,1,traveler,1
6,6,2025-02-28 14:10:46,legitimate,70998.83,Deposit Funds,True,312.0045,71310.83,UK,France,Windows Laptop,Mobile Network,0,0,static,0
7,7,2025-02-28 14:34:46,legitimate,18222.262,Balance Check,True,0.0,18222.262,Japan,Germany,Android,Public WiFi,1,1,traveler,0
4,4,2025-02-28 15:08:46,legitimate,95589.14,POS Purchase,True,-135.99174,95453.15,UK,France,Android,Home WiFi,0,0,traveler,0
5,5,2025-02-28 15:08:46,synthetic_identity_fraud,49537.594,Apply for Credit Card,True,0.0,49537.594,Japan,Switzerland,iPhone,Mobile Network,1,0,traveler,1
6,6,2025-02-28 15:46:46,legitimate,71310.83,Transfer Funds,True,-55.764576,71255.06,UK,France,MacBook,Home WiFi,0,0,static,0
7,7,2025-02-28 18:35:46,legitimate,18222.262,Make Purchase,True,-302.25095,17920.01,Japan,Germany,Android,Public WiFi,0,0,traveler,0
4,4,2025-02-28 20:39:46,legitimate,95453.15,Review activities,True,0.0,95453.15,UK,Japan,Windows Laptop,Mobile Network,0,0,traveler,0
5,5,2025-02-28 21:23:46,synthetic_identity_fraud,49537.594,Open Account,True,0.0,49537.594,Japan,UK,Android,Home WiFi,0,0,traveler,1
6,6,2025-02-28 22:23:46,legitimate,71255.06,Balance Check,True,0.0,71255.06,UK,France,iPhone,Corporate Network,0,0,static,0
7,7,2025-02-28 22:36:46,legitimate,17920.01,POS Purchase,True,-15.170392,17904.84,Japan,Japan,Android,Public WiFi,0,0,traveler,0
4,4,2025-03-01 00:55:46,legitimate,95453.15,Pay Bills,True,-135.31671,95317.836,UK,Japan,Android,Corporate Network,0,0,traveler,0
5,5,2025-03-01 01:12:46,synthetic_identity_fraud,49537.594,Apply for Credit Card,True,0.0,49537.594,Japan,Singapore,MacBook,Corporate Network,0,0,traveler,1
6,6,2025-03-01 01:17:46,legitimate,71255.06,Make Purchase,True,-57.381054,71197.68,UK,UK,iPhone,Public WiFi,0,0,static,0
7,7,2025-03-01 02:37:46,legitimate,17904.84,Deposit Funds,True,38.404804,17943.244,Japan,Japan,Linux PC,Public WiFi,0,0,traveler,0
4,4,2025-03-01 04:07:46,legitimate,95317.836,Review activities,True,0.0,95317.836,UK,Germany,Android,Home WiFi,1,0,traveler,0
5,5,2025-03-01 05:04:46,synthetic_identity_fraud,49537.594,Apply for Credit Card,True,0.0,49537.594,Japan,Switzerland,MacBook,Home WiFi,0,0,traveler,1
6,6,2025-03-01 06:09:46,legitimate,71197.68,POS Purchase,True,-52.804382,71144.875,UK,UK,Windows Laptop,Mobile Network,0,0,static,0
7,7,2025-03-01 08:28:46,legitimate,17943.244,Invest Money,True,-167.13347,17776.111,Japan,UK,Android,Corporate Network,0,0,traveler,0
4,4,2025-03-01 10:22:46,legitimate,95317.836,Make Purchase,True,-18.01368,95299.82,UK,USA,MacBook,Public WiFi,0,0,traveler,0
5,5,2025-03-01 11:19:46,synthetic_identity_fraud,49537.594,Open Account,True,0.0,49537.594,Japan,Hong Kong,Android,Mobile Network,0,0,traveler,1
6,6,2025-03-01 13:39:46,legitimate,71144.875,Balance Check,True,0.0,71144.875,UK,France,MacBook,Home WiFi,0,0,static,0
7,7,2025-03-01 16:39:46,legitimate,17776.111,Invest in Assets,True,-745.0763,17031.035,Japan,Japan,iPhone,Home WiFi,0,0,traveler,0
4,4,2025-03-01 19:23:46,legitimate,95299.82,Balance Check,True,0.0,95299.82,UK,Japan,Android,Public WiFi,0,0,traveler,0
5,5,2025-03-01 19:35:46,synthetic_identity_fraud,49537.594,Apply for Loan,True,0.0,49537.594,Japan,Cayman Islands,Windows Laptop,Home WiFi,0,0,traveler,1
6,6,2025-03-01 19:38:46,legitimate,71144.875,Review activities,True,0.0,71144.875,UK,France,Windows Laptop,Home WiFi,0,0,static,0
7,7,2025-03-01 22:28:46,legitimate,17031.035,Withdraw Funds,True,-259.94452,16771.09,Japan,USA,MacBook,Corporate Network,0,0,traveler,0
4,4,2025-03-02 00:51:46,legitimate,95299.82,Review activities,True,0.0,95299.82,UK,France,iPhone,Mobile Network,0,1,traveler,0
5,5,2025-03-02 01:40:46,synthetic_identity_fraud,49537.594,Apply for Credit Card,True,0.0,49537.594,Japan,Switzerland,iPhone,Public WiFi,0,0,traveler,1
6,6,2025-03-02 01:56:46,legitimate,71144.875,Pay Bills,True,-97.4951,71047.38,UK,France,Windows Laptop,Mobile Network,0,0,static,0
7,7,2025-03-02 02:54:46,legitimate,16771.09,POS Purchase,True,-521.19214,16249.898,Japan,USA,iPhone,Mobile Network,0,0,traveler,0
4,4,2025-03-02 04:29:46,legitimate,95299.82,Balance Check,True,0.0,95299.82,UK,France,Linux PC,Mobile Network,0,0,traveler,0
5,5,2025-03-02 04:32:46,synthetic_identity_fraud,49537.594,Create Fake Identity,True,0.0,49537.594,Japan,Germany,Android,Home WiFi,0,0,traveler,1
6,6,2025-03-02 07:01:46,legitimate,71047.38,Deposit Funds,True,719.9431,71767.33,UK,UK,iPhone,Public WiFi,0,0,static,0
7,7,2025-03-02 07:53:46,legitimate,16249.898,Review activities,True,0.0,16249.898,Japan,Japan,Linux PC,Corporate Network,0,0,traveler,0
4,4,2025-03-02 08:11:46,legitimate,95299.82,Review activities,True,0.0,95299.82,UK,UK,Android,Public WiFi,0,0,traveler,0
5,5,2025-03-02 08:47:46,synthetic_identity_fraud,49537.594,Create Fake Identity,True,0.0,49537.594,Japan,Singapore,Windows Laptop,Home WiFi,0,0,traveler,1
6,6,2025-03-02 10:52:46,legitimate,71767.33,Make Purchase,True,-810.9996,70956.33,UK,UK,Windows Laptop,Home WiFi,0,0,static,0
7,7,2025-03-02 12:36:46,legitimate,16249.898,Make Purchase,True,-204.57077,16045.328,Japan,USA,iPhone,Home WiFi,0,0,traveler,0
4,4,2025-03-02 14:30:46,legitimate,95299.82,Balance Check,True,0.0,95299.82,UK,France,Linux PC,Home WiFi,0,0,traveler,0
5,5,2025-03-02 14:40:46,synthetic_identity_fraud,49537.594,Apply for Loan,True,0.0,49537.594,Japan,Singapore,Android,Home WiFi,0,0,traveler,1
6,6,2025-03-02 14:47:46,legitimate,70956.33,Make Purchase,True,-240.47447,70715.85,UK,UK,Windows Laptop,Mobile Network,0,0,static,0
7,7,2025-03-02 15:04:46,legitimate,16045.328,Make Purchase,True,-550.91034,15494.417,Japan,UK,iPhone,Home WiFi,0,0,traveler,0
4,4,2025-03-02 16:15:46,legitimate,95299.82,Pay Bills,True,-656.0655,94643.75,UK,Germany,Windows Laptop,Public WiFi,0,0,traveler,0
5,5,2025-03-02 16:21:46,synthetic_identity_fraud,49537.594,Withdraw Funds,True,-1220.2484,48317.344,Japan,Germany,iPhone,Corporate Network,0,0,traveler,1
6,6,2025-03-02 18:32:46,legitimate,70715.85,Make Purchase,True,-105.306946,70610.55,UK,France,Windows Laptop,Home WiFi,0,0,static,0
7,7,2025-03-02 19:00:46,legitimate,15494.417,POS Purchase,True,-67.773254,15426.645,Japan,UK,MacBook,Public WiFi,0,0,traveler,0
4,4,2025-03-02 20:54:46,legitimate,94643.75,Transfer Funds,True,-575.0761,94068.68,UK,UK,Android,Home WiFi,0,0,traveler,0
5,5,2025-03-02 21:52:46,synthetic_identity_fraud,48317.344,Withdraw Funds,True,-1366.4956,46950.848,Japan,UK,iPhone,Public WiFi,0,0,traveler,1
6,6,2025-03-02 22:19:46,legitimate,70610.55,Make Purchase,True,-942.76605,69667.78,UK,France,Windows Laptop,Home WiFi,0,0,static,0
7,7,2025-03-02 23:19:46,legitimate,15426.645,Balance Check,True,0.0,15426.645,Japan,Japan,Android,Home WiFi,0,0,traveler,0
4,4,2025-03-03 00:41:46,legitimate,94068.68,Deposit Funds,True,427.02496,94495.7,UK,Japan,MacBook,Mobile Network,0,0,traveler,0
5,5,2025-03-03 00:49:46,synthetic_identity_fraud,46950.848,Withdraw Funds,True,-21553.318,25397.531,Japan,Canada,Windows Laptop,Mobile Network,0,0,traveler,1
6,6,2025-03-03 01:06:46,legitimate,69667.78,Make Purchase,True,-42.196297,69625.586,UK,France,Windows Laptop,Public WiFi,0,0,static,0
7,7,2025-03-03 01:34:46,legitimate,15426.645,Pay Bills,True,-50.510983,15376.133,Japan,Japan,Android,Home WiFi,0,0,traveler,0
4,4,2025-03-03 02:52:46,legitimate,94495.7,Pay Bills,True,-99.78104,94395.92,UK,UK,Windows Laptop,Public WiFi,0,0,traveler,0
5,5,2025-03-03 03:12:46,synthetic_identity_fraud,25397.531,Open Account,True,0.0,25397.531,Japan,Cayman Islands,iPhone,Public WiFi,0,0,traveler,1
6,6,2025-03-03 06:02:46,legitimate,69625.586,Make Purchase,True,-44.783886,69580.8,UK,USA,Windows Laptop,Public WiFi,0,0,static,0
7,7,2025-03-03 06:20:46,legitimate,15376.133,Deposit Funds,True,101.35855,15477.492,Japan,UK,Android,Home WiFi,0,1,traveler,0
4,4,2025-03-03 07:51:46,legitimate,94395.92,Balance Check,True,0.0,94395.92,UK,France,MacBook,Public WiFi,0,0,traveler,0
5,5,2025-03-03 08:20:46,synthetic_identity_fraud,25397.531,Open Account,True,0.0,25397.531,Japan,Cayman Islands,Windows Laptop,Home WiFi,0,0,traveler,1
6,6,2025-03-03 10:02:46,legitimate,69580.8,Make Purchase,True,-122.851875,69457.945,UK,France,MacBook,Corporate Network,0,0,static,0
7,7,2025-03-03 12:20:46,legitimate,15477.492,Invest Money,True,-22.749203,15454.742,Japan,France,iPhone,Mobile Network,0,0,traveler,0
4,4,2025-03-03 13:29:46,legitimate,94395.92,Make Purchase,True,-88.98704,94306.94,UK,USA,Android,Corporate Network,0,0,traveler,0
5,5,2025-03-03 14:03:46,synthetic_identity_fraud,25397.531,Apply for Credit Card,True,0.0,25397.531,Japan,Switzerland,iPhone,Home WiFi,0,0,traveler,1
6,6,2025-03-03 16:05:46,legitimate,69457.945,POS Purchase,True,-25.56201,69432.38,UK,USA,Android,Public WiFi,0,0,static,0
7,7,2025-03-03 17:50:46,legitimate,15454.742,Review activities,True,0.0,15454.742,Japan,UK,iPhone,Public WiFi,0,0,traveler,0
4,4,2025-03-03 20:05:46,legitimate,94306.94,Online Purchase,True,-67.302574,94239.63,UK,UK,iPad,Mobile Network,0,0,traveler,0
5,5,2025-03-03 20:37:46,synthetic_identity_fraud,25397.531,Open Account,True,0.0,25397.531,Japan,Switzerland,Windows Laptop,Home WiFi,0,0,traveler,1
6,6,2025-03-03 22:37:46,legitimate,69432.38,Review activities,True,0.0,69432.38,UK,France,iPhone,Mobile Network,1,0,static,0
7,7,2025-03-03 23:18:46,legitimate,15454.742,Balance Check,True,0.0,15454.742,Japan,USA,Windows Laptop,Public WiFi,0,0,traveler,0
4,4,2025-03-04 00:02:46,legitimate,94239.63,Review activities,True,0.0,94239.63,UK,UK,Windows Laptop,Home WiFi,0,0,traveler,0
5,5,2025-03-04 00:17:46,synthetic_identity_fraud,25397.531,Open Account,True,0.0,25397.531,Japan,Hong Kong,iPhone,Corporate Network,0,0,traveler,1
6,6,2025-03-04 01:19:46,legitimate,69432.38,Balance Check,True,0.0,69432.38,UK,USA,MacBook,Public WiFi,0,1,static,0
7,7,2025-03-04 01:52:46,legitimate,15454.742,Pay Bills,True,-289.91144,15164.831,Japan,Germany,Android,Home WiFi,0,0,traveler,0
4,4,2025-03-04 02:07:46,legitimate,94239.63,Balance Check,True,0.0,94239.63,UK,Germany,MacBook,Mobile Network,0,0,traveler,0
5,5,2025-03-04 02:51:46,synthetic_identity_fraud,25397.531,Create Fake Identity,True,0.0,25397.531,Japan,Hong Kong,iPad,Public WiFi,0,0,traveler,1
6,6,2025-03-04 03:11:46,legitimate,69432.38,Pay Bills,True,-1420.001,68012.38,UK,France,iPhone,Mobile Network,0,0,static,0
7,7,2025-03-04 03:11:46,legitimate,15164.831,Transfer Funds,True,-111.52192,15053.31,Japan,France,Windows Laptop,Home WiFi,0,0,traveler,0
4,4,2025-03-04 03:52:46,legitimate,94239.63,Review activities,True,0.0,94239.63,UK,Germany,iPad,Home WiFi,0,0,traveler,0
5,5,2025-03-04 04:19:46,synthetic_identity_fraud,25397.531,Apply for Credit Card,True,0.0,25397.531,Japan,Canada,Android,Home WiFi,0,0,traveler,1
6,6,2025-03-04 06:05:46,legitimate,68012.38,Deposit Funds,True,3072.7292,71085.12,UK,UK,iPhone,Home WiFi,0,0,static,0
7,7,2025-03-04 06:32:46,legitimate,15053.31,Wire Transfer,True,-22.177315,15031.132,Japan,UK,Android,Public WiFi,0,0,traveler,0
4,4,2025-03-04 06:55:46,legitimate,94239.63,Make Purchase,True,-84.363235,94155.266,UK,Germany,Windows Laptop,Public WiFi,0,0,traveler,0
5,5,2025-03-04 07:37:46,synthetic_identity_fraud,25397.531,Create Fake Identity,True,0.0,25397.531,Japan,Singapore,Windows Laptop,Public WiFi,0,0,traveler,1
6,6,2025-03-04 07:38:46,legitimate,71085.12,Make Purchase,True,-60.676025,71024.44,UK,UK,iPhone,Home WiFi,0,0,static,0
7,7,2025-03-04 08:38:46,legitimate,15031.132,Withdraw Funds,True,-163.59819,14867.533,Japan,UK,MacBook,Public WiFi,0,0,traveler,0
4,4,2025-03-04 09:26:46,legitimate,94155.266,Online Purchase,True,-1083.7148,93071.555,UK,Japan,Android,Public WiFi,0,0,traveler,0
5,5,2025-03-04 09:43:46,synthetic_identity_fraud,25397.531,Apply for Credit Card,True,0.0,25397.531,Japan,Cayman Islands,Windows Laptop,Mobile Network,0,0,traveler,1
6,6,2025-03-04 11:52:46,legitimate,71024.44,Make Purchase,True,-482.53802,70541.9,UK,USA,iPad,Mobile Network,0,0,static,0
7,7,2025-03-04 13:25:46,legitimate,14867.533,Balance Check,True,0.0,14867.533,Japan,Germany,Android,Home WiFi,0,0,traveler,0
4,4,2025-03-04 15:57:46,legitimate,93071.555,Make Purchase,True,-254.02202,92817.53,UK,Germany,iPad,Mobile Network,0,0,traveler,0
5,5,2025-03-04 16:08:46,synthetic_identity_fraud,25397.531,Apply for Credit Card,True,0.0,25397.531,Japan,Switzerland,Android,Home WiFi,0,1,traveler,1
6,6,2025-03-04 16:32:46,legitimate,70541.9,Make Purchase,True,-140.9501,70400.95,UK,USA,Android,Public WiFi,0,0,static,0
7,7,2025-03-04 18:34:46,legitimate,14867.533,Make Purchase,True,-105.8226,14761.711,Japan,Germany,iPad,Home WiFi,0,0,traveler,0
4,4,2025-03-04 18:55:46,legitimate,92817.53,Make Purchase,True,-184.9886,92632.54,UK,Japan,iPhone,Home WiFi,0,0,traveler,0
5,5,2025-03-04 19:02:46,synthetic_identity_fraud,25397.531,Apply for Loan,True,0.0,25397.531,Japan,Hong Kong,Windows Laptop,Public WiFi,0,0,traveler,1
6,6,2025-03-04 19:17:46,legitimate,70400.95,Balance Check,True,0.0,70400.95,UK,USA,iPhone,Public WiFi,0,0,static,0
7,7,2025-03-04 21:11:46,legitimate,14761.711,POS Purchase,True,-142.40729,14619.304,Japan,UK,iPhone,Public WiFi,0,0,traveler,0
4,4,2025-03-04 23:50:46,legitimate,92632.54,POS Purchase,True,-2709.289,89923.25,UK,Germany,iPhone,Home WiFi,0,0,traveler,0
5,5,2025-03-05 00:35:46,synthetic_identity_fraud,25397.531,Create Fake Identity,True,0.0,25397.531,Japan,Germany,iPhone,Public WiFi,1,0,traveler,1
6,6,2025-03-05 00:53:46,legitimate,70400.95,Make Purchase,True,-41.381374,70359.57,UK,UK,Android,Mobile Network,0,0,static,0
7,7,2025-03-05 02:31:46,legitimate,14619.304,Balance Check,True,0.0,14619.304,Japan,UK,Windows Laptop,Corporate Network,0,0,traveler,0
4,4,2025-03-05 03:14:46,legitimate,89923.25,Balance Check,True,0.0,89923.25,UK,Japan,iPad,Home WiFi,0,0,traveler,0
5,5,2025-03-05 03:16:46,synthetic_identity_fraud,25397.531,Apply for Credit Card,True,0.0,25397.531,Japan,Germany,Linux PC,Mobile Network,0,0,traveler,1
6,6,2025-03-05 04:50:46,legitimate,70359.57,Balance Check,True,0.0,70359.57,UK,France,iPhone,Home WiFi,0,0,static,0
7,7,2025-03-05 06:31:46,legitimate,14619.304,Pay Bills,True,-666.5195,13952.784,Japan,Germany,iPhone,Home WiFi,0,0,traveler,0
4,4,2025-03-05 06:41:46,legitimate,89923.25,Make Purchase,True,-98.13606,89825.12,UK,UK,Android,Home WiFi,0,0,traveler,0
5,5,2025-03-05 07:29:46,synthetic_identity_fraud,25397.531,Apply for Credit Card,True,0.0,25397.531,Japan,Cayman Islands,iPhone,Home WiFi,0,0,traveler,1
6,6,2025-03-05 08:17:46,legitimate,70359.57,Pay Bills,True,-152.19533,70207.375,UK,USA,iPhone,Home WiFi,0,1,static,0
7,7,2025-03-05 08:53:46,legitimate,13952.784,Review activities,True,0.0,13952.784,Japan,UK,Android,Corporate Network,0,0,traveler,0
4,4,2025-03-05 10:13:46,legitimate,89825.12,Online Purchase,True,-278.0212,89547.09,UK,France,MacBook,Public WiFi,0,0,traveler,0
5,5,2025-03-05 10:15:46,synthetic_identity_fraud,25397.531,Create Fake Identity,True,0.0,25397.531,Japan,Cayman Islands,Windows Laptop,Mobile Network,0,0,traveler,1
6,6,2025-03-05 11:28:46,legitimate,70207.375,Deposit Funds,True,58.59413,70265.97,UK,USA,iPad,Home WiFi,0,0,static,0
7,7,2025-03-05 12:31:46,legitimate,13952.784,Pay Bills,True,-6.303374,13946.48,Japan,UK,Windows Laptop,Corporate Network,0,0,traveler,0
4,4,2025-03-05 12:57:46,legitimate,89547.09,Make Purchase,True,-285.88214,89261.21,UK,Japan,iPad,Home WiFi,0,1,traveler,0
5,5,2025-03-05 13:45:46,synthetic_identity_fraud,25397.531,Apply for Credit Card,True,0.0,25397.531,Japan,Cayman Islands,Windows Laptop,Mobile Network,0,0,traveler,1
6,6,2025-03-05 13:53:46,legitimate,70265.97,Transfer Funds,True,-305.63724,69960.33,UK,UK,Windows Laptop,Corporate Network,0,0,static,0
7,7,2025-03-05 14:32:46,legitimate,13946.48,Transfer Funds,True,-257.12415,13689.356,Japan,Japan,iPhone,Home WiFi,0,0,traveler,0
4,4,2025-03-05 17:08:46,legitimate,89261.21,POS Purchase,True,-180.27434,89080.94,UK,Japan,MacBook,Home WiFi,0,0,traveler,0
5,5,2025-03-05 17:43:46,synthetic_identity_fraud,25397.531,Open Account,True,0.0,25397.531,Japan,Hong Kong,Android,Mobile Network,0,0,traveler,1
6,6,2025-03-05 18:11:46,legitimate,69960.33,Deposit Funds,True,92.49447,70052.83,UK,UK,Linux PC,Corporate Network,0,0,static,0
7,7,2025-03-05 20:16:46,legitimate,13689.356,Balance Check,True,0.0,13689.356,Japan,Japan,Windows Laptop,Public WiFi,0,0,traveler,0
4,4,2025-03-05 20:55:46,legitimate,89080.94,Make Purchase,True,-1419.5812,87661.36,UK,Germany,Windows Laptop,Home WiFi,0,0,traveler,0
5,5,2025-03-05 21:06:46,synthetic_identity_fraud,25397.531,Create Fake Identity,True,0.0,25397.531,Japan,Cayman Islands,Android,Public WiFi,0,0,traveler,1
6,6,2025-03-05 22:15:46,legitimate,70052.83,Make Purchase,True,-96.86478,69955.96,UK,UK,Android,Home WiFi,1,0,static,0
7,7,2025-03-05 22:55:46,legitimate,13689.356,Make Purchase,True,-55.72119,13633.636,Japan,France,iPhone,Home WiFi,0,0,traveler,0
4,4,2025-03-06 00:58:46,legitimate,87661.36,Make Purchase,True,-151.44626,87509.914,UK,France,Windows Laptop,Public WiFi,0,0,traveler,0
5,5,2025-03-06 01:08:46,synthetic_identity_fraud,25397.531,Apply for Loan,True,0.0,25397.531,Japan,Germany,Android,Corporate Network,0,0,traveler,1
6,6,2025-03-06 03:57:46,legitimate,69955.96,POS Purchase,True,-71.65942,69884.3,UK,USA,iPhone,Home WiFi,0,0,static,0
7,7,2025-03-06 06:10:46,legitimate,13633.636,POS Purchase,True,-217.15038,13416.485,Japan,Japan,MacBook,Public WiFi,0,0,traveler,0
4,4,2025-03-06 09:03:46,legitimate,87509.914,Make Purchase,True,-111.66448,87398.25,UK,Germany,iPhone,Mobile Network,0,0,traveler,0
5,5,2025-03-06 09:37:46,synthetic_identity_fraud,25397.531,Apply for Credit Card,True,0.0,25397.531,Japan,Switzerland,Windows Laptop,Mobile Network,0,0,traveler,1
6,6,2025-03-06 09:49:46,legitimate,69884.3,Deposit Funds,True,88.88779,69973.19,UK,USA,Windows Laptop,Public WiFi,0,0,static,0
7,7,2025-03-06 10:27:46,legitimate,13416.485,Balance Check,True,0.0,13416.485,Japan,France,MacBook,Mobile Network,0,0,traveler,0
4,4,2025-03-06 12:02:46,legitimate,87398.25,POS Purchase,True,-49.135292,87349.11,UK,Japan,MacBook,Home WiFi,0,0,traveler,0
5,5,2025-03-06 12:12:46,synthetic_identity_fraud,25397.531,Open Account,True,0.0,25397.531,Japan,USA,iPhone,Home WiFi,0,0,traveler,1
6,6,2025-03-06 13:41:46,legitimate,69973.19,Make Purchase,True,-142.33096,69830.86,UK,France,iPhone,Public WiFi,0,0,static,0
7,7,2025-03-06 14:22:46,legitimate,13416.485,Review activities,True,0.0,13416.485,Japan,USA,iPhone,Public WiFi,0,0,traveler,0
4,4,2025-03-06 15:22:46,legitimate,87349.11,Review activities,True,0.0,87349.11,UK,Japan,iPhone,Corporate Network,0,0,traveler,0
5,5,2025-03-06 16:03:46,synthetic_identity_fraud,25397.531,Apply for Credit Card,True,0.0,25397.531,Japan,Switzerland,Android,Home WiFi,0,0,traveler,1
6,6,2025-03-06 16:16:46,legitimate,69830.86,POS Purchase,True,-242.75247,69588.1,UK,UK,Windows Laptop,Corporate Network,0,0,static,0
7,7,2025-03-06 17:44:46,legitimate,13416.485,Balance Check,True,0.0,13416.485,Japan,Germany,MacBook,Public WiFi,0,0,traveler,0
4,4,2025-03-06 18:57:46,legitimate,87349.11,Balance Check,True,0.0,87349.11,UK,USA,Windows Laptop,Public WiFi,0,0,traveler,0
5,5,2025-03-06 19:33:46,synthetic_identity_fraud,25397.531,Make Purchase,True,-4049.7612,21347.77,Japan,Cayman Islands,Android,Public WiFi,0,0,traveler,1
6,6,2025-03-06 20:41:46,legitimate,69588.1,Make Purchase,True,-910.97723,68677.125,UK,UK,Android,Corporate Network,0,0,static,0
7,7,2025-03-06 22:56:46,legitimate,13416.485,Make Purchase,True,-25.882633,13390.603,Japan,France,iPhone,Home WiFi,0,0,traveler,0
4,4,2025-03-07 00:04:46,legitimate,87349.11,Make Purchase,True,-192.48993,87156.625,UK,France,Android,Home WiFi,0,0,traveler,0
5,5,2025-03-07 00:31:46,synthetic_identity_fraud,21347.77,Apply for Credit Card,True,0.0,21347.77,Japan,Cayman Islands,iPhone,Home WiFi,0,0,traveler,1
6,6,2025-03-07 03:10:46,legitimate,68677.125,Make Purchase,True,-47.116524,68630.01,UK,France,MacBook,Mobile Network,0,0,static,0
7,7,2025-03-07 03:19:46,legitimate,13390.603,POS Purchase,True,-510.63007,12879.973,Japan,UK,Android,Home WiFi,0,0,traveler,0
4,4,2025-03-07 04:38:46,legitimate,87156.625,POS Purchase,True,-523.344,86633.28,UK,USA,iPhone,Home WiFi,0,0,traveler,0
5,5,2025-03-07 05:14:46,synthetic_identity_fraud,21347.77,Apply for Loan,True,0.0,21347.77,Japan,Hong Kong,Windows Laptop,Public WiFi,0,0,traveler,1
6,6,2025-03-07 07:04:46,legitimate,68630.01,Online Purchase,True,-303.6034,68326.41,UK,USA,MacBook,Corporate Network,0,0,static,0
7,7,2025-03-07 07:34:46,legitimate,12879.973,Deposit Funds,True,450.6314,13330.604,Japan,USA,Android,Home WiFi,0,0,traveler,0
4,4,2025-03-07 09:12:46,legitimate,86633.28,Review activities,True,0.0,86633.28,UK,UK,iPhone,Public WiFi,0,1,traveler,0
5,5,2025-03-07 10:09:46,synthetic_identity_fraud,21347.77,Apply for Loan,True,0.0,21347.77,Japan,Germany,iPhone,Public WiFi,0,0,traveler,1
6,6,2025-03-07 10:17:46,legitimate,68326.41,Review activities,True,0.0,68326.41,UK,UK,Windows Laptop,Mobile Network,0,0,static,0
7,7,2025-03-07 10:42:46,legitimate,13330.604,Make Purchase,True,-263.1013,13067.503,Japan,Japan,Android,Home WiFi,0,0,traveler,0
4,4,2025-03-07 12:44:46,legitimate,86633.28,Balance Check,True,0.0,86633.28,UK,France,iPad,Home WiFi,0,0,traveler,0
5,5,2025-03-07 13:23:46,synthetic_identity_fraud,21347.77,Make Purchase,False,-50368.78,21347.77,Japan,Switzerland,Android,Public WiFi,0,0,traveler,1
6,6,2025-03-07 15:29:46,legitimate,68326.41,Make Purchase,True,-476.51132,67849.9,UK,France,iPhone,Public WiFi,0,0,static,0
7,7,2025-03-07 15:46:46,legitimate,13067.503,POS Purchase,True,-69.26715,12998.235,Japan,UK,iPhone,Mobile Network,0,0,traveler,0
4,4,2025-03-07 17:55:46,legitimate,86633.28,Pay Bills,True,-91.5572,86541.72,UK,Japan,MacBook,Home WiFi,0,0,traveler,0
5,5,2025-03-07 18:03:46,synthetic_identity_fraud,21347.77,Apply for Credit Card,True,0.0,21347.77,Japan,Cayman Islands,MacBook,Home WiFi,0,0,traveler,1
6,6,2025-03-07 20:17:46,legitimate,67849.9,Make Purchase,True,-350.21677,67499.68,UK,France,Android,Mobile Network,0,0,static,0
7,7,2025-03-07 21:14:46,legitimate,12998.235,Review activities,True,0.0,12998.235,Japan,UK,iPhone,Public WiFi,0,0,traveler,0
4,4,2025-03-07 23:59:46,legitimate,86541.72,Review activities,True,0.0,86541.72,UK,Germany,Windows Laptop,Public WiFi,0,0,traveler,0
5,5,2025-03-08 00:57:46,synthetic_identity_fraud,21347.77,Apply for Loan,True,0.0,21347.77,Japan,Hong Kong,iPhone,Mobile Network,0,0,traveler,1
6,6,2025-03-08 03:32:46,legitimate,67499.68,POS Purchase,True,-213.7712,67285.91,UK,USA,iPhone,Public WiFi,0,0,static,0
7,7,2025-03-08 05:11:46,legitimate,12998.235,Make Purchase,True,-373.6755,12624.56,Japan,USA,Windows Laptop,Home WiFi,0,0,traveler,0
4,4,2025-03-08 06:18:46,legitimate,86541.72,Pay Bills,True,-96.62444,86445.09,UK,Germany,iPhone,Corporate Network,0,0,traveler,0
5,5,2025-03-08 06:43:46,synthetic_identity_fraud,21347.77,Apply for Loan,True,0.0,21347.77,Japan,Singapore,Android,Public WiFi,0,0,traveler,1
6,6,2025-03-08 07:17:46,legitimate,67285.91,Balance Check,True,0.0,67285.91,UK,France,Android,Public WiFi,0,0,static,0
7,7,2025-03-08 08:01:46,legitimate,12624.56,Make Purchase,True,-98.34815,12526.212,Japan,France,Android,Home WiFi,0,0,traveler,0
4,4,2025-03-08 08:08:46,legitimate,86445.09,Review activities,True,0.0,86445.09,UK,France,Linux PC,Public WiFi,0,0,traveler,0
5,5,2025-03-08 08:52:46,synthetic_identity_fraud,21347.77,Apply for Loan,True,0.0,21347.77,Japan,Cayman Islands,Android,Public WiFi,0,0,traveler,1
6,6,2025-03-08 09:34:46,legitimate,67285.91,Review activities,True,0.0,67285.91,UK,France,iPhone,Public WiFi,0,0,static,0
7,7,2025-03-08 12:26:46,legitimate,12526.212,Make Purchase,True,-1370.2683,11155.943,Japan,France,Android,Home WiFi,0,1,traveler,0
4,4,2025-03-08 15:19:46,legitimate,86445.09,Pay Bills,True,-19.625845,86425.47,UK,Japan,iPhone,Mobile Network,0,0,traveler,0
5,5,2025-03-08 15:20:46,synthetic_identity_fraud,21347.77,Apply for Loan,True,0.0,21347.77,Japan,Singapore,Windows Laptop,Mobile Network,0,0,traveler,1
6,6,2025-03-08 15:56:46,legitimate,67285.91,Pay Bills,True,-118.08123,67167.83,UK,UK,Android,Mobile Network,0,0,static,0
7,7,2025-03-08 16:08:46,legitimate,11155.943,Online Purchase,True,-622.8683,10533.075,Japan,France,MacBook,Mobile Network,0,0,traveler,0
4,4,2025-03-08 17:04:46,legitimate,86425.47,Transfer Funds,True,-94.20758,86331.266,UK,Germany,iPad,Mobile Network,0,0,traveler,0
5,5,2025-03-08 17:07:46,synthetic_identity_fraud,21347.77,Apply for Credit Card,True,0.0,21347.77,Japan,USA,Android,Mobile Network,0,0,traveler,1
6,6,2025-03-08 19:19:46,legitimate,67167.83,Transfer Funds,True,-132.29372,67035.53,UK,France,Windows Laptop,Home WiFi,0,0,static,0
7,7,2025-03-08 20:53:46,legitimate,10533.075,Review activities,True,0.0,10533.075,Japan,UK,iPhone,Public WiFi,0,0,traveler,0
4,4,2025-03-08 21:17:46,legitimate,86331.266,Wire Transfer,True,-144.25662,86187.01,UK,Japan,iPhone,Home WiFi,0,0,traveler,0
5,5,2025-03-08 21:48:46,synthetic_identity_fraud,21347.77,Apply for Credit Card,True,0.0,21347.77,Japan,Switzerland,MacBook,Public WiFi,0,0,traveler,1
6,6,2025-03-08 23:52:46,legitimate,67035.53,Cash Withdrawal,True,-246.32632,66789.2,UK,UK,iPhone,Public WiFi,0,0,static,0
7,7,2025-03-08 23:59:46,legitimate,10533.075,Make Purchase,True,-58.75982,10474.315,Japan,USA,iPhone,Home WiFi,0,0,traveler,0
4,4,2025-03-09 00:30:46,legitimate,86187.01,Invest Money,True,-761.5309,85425.48,UK,USA,Windows Laptop,Home WiFi,0,0,traveler,0
5,5,2025-03-09 00:36:46,synthetic_identity_fraud,21347.77,Apply for Loan,True,0.0,21347.77,Japan,Cayman Islands,MacBook,Home WiFi,0,0,traveler,1
6,6,2025-03-09 03:13:46,legitimate,66789.2,Balance Check,True,0.0,66789.2,UK,UK,MacBook,Public WiFi,0,0,static,0
7,7,2025-03-09 05:29:46,legitimate,10474.315,POS Purchase,True,-219.61128,10254.704,Japan,USA,MacBook,Corporate Network,0,0,traveler,0
4,4,2025-03-09 07:09:46,legitimate,85425.48,Invest in Assets,True,-255.30052,85170.18,UK,Japan,Windows Laptop,Public WiFi,0,0,traveler,0
5,5,2025-03-09 07:19:46,synthetic_identity_fraud,21347.77,Create Fake Identity,True,0.0,21347.77,Japan,Cayman Islands,Windows Laptop,Public WiFi,0,0,traveler,1
6,6,2025-03-09 07:40:46,legitimate,66789.2,Make Purchase,True,-188.18814,66601.016,UK,France,Android,Public WiFi,0,0,static,0
7,7,2025-03-09 07:42:46,legitimate,10254.704,Balance Check,True,0.0,10254.704,Japan,UK,iPhone,Home WiFi,0,0,traveler,0
4,4,2025-03-09 09:20:46,legitimate,85170.18,Withdraw Funds,True,-53.186195,85116.99,UK,France,iPhone,Public WiFi,0,0,traveler,0
5,5,2025-03-09 09:31:46,synthetic_identity_fraud,21347.77,Create Fake Identity,True,0.0,21347.77,Japan,Germany,iPhone,Home WiFi,0,0,traveler,1
6,6,2025-03-09 10:00:46,legitimate,66601.016,Make Purchase,True,-336.7183,66264.3,UK,UK,Windows Laptop,Public WiFi,0,1,static,0
7,7,2025-03-09 11:55:46,legitimate,10254.704,Pay Bills,True,-127.60664,10127.098,Japan,Germany,Android,Public WiFi,0,0,traveler,0
4,4,2025-03-09 13:10:46,legitimate,85116.99,POS Purchase,True,-195.16496,84921.83,UK,USA,Windows Laptop,Public WiFi,0,0,traveler,0
5,5,2025-03-09 13:48:46,synthetic_identity_fraud,21347.77,Open Account,True,0.0,21347.77,Japan,Hong Kong,Linux PC,Home WiFi,0,0,traveler,1
6,6,2025-03-09 14:29:46,legitimate,66264.3,POS Purchase,True,-123.756325,66140.55,UK,France,Android,Mobile Network,0,0,static,0
7,7,2025-03-09 14:39:46,legitimate,10127.098,Balance Check,True,0.0,10127.098,Japan,UK,iPhone,Home WiFi,0,0,traveler,0
4,4,2025-03-09 15:12:46,legitimate,84921.83,Balance Check,True,0.0,84921.83,UK,Japan,Windows Laptop,Home WiFi,0,0,traveler,0
5,5,2025-03-09 15:28:46,synthetic_identity_fraud,21347.77,Apply for Loan,True,0.0,21347.77,Japan,Canada,iPhone,Mobile Network,0,0,traveler,1
6,6,2025-03-09 17:58:46,legitimate,66140.55,Deposit Funds,True,619.1937,66759.734,UK,France,iPhone,Public WiFi,0,0,static,0
7,7,2025-03-09 18:03:46,legitimate,10127.098,Review activities,True,0.0,10127.098,Japan,France,Linux PC,Corporate Network,0,0,traveler,0
8,8,2025-03-09 18:17:46,money_laundering,22459.67,Deposit Funds,True,2547.5615,25007.232,Japan,Hong Kong,Android,Public WiFi,1,0,static,1
9,9,2025-03-09 20:13:46,legitimate,59446.69,Failed Login,True,0.0,59446.69,Japan,Japan,iPhone,Corporate Network,0,1,static,0
10,10,2025-03-09 20:18:46,synthetic_identity_fraud,58725.25,Make Purchase,True,-10760.211,47965.04,UK,UK,Android,Public WiFi,0,0,traveler,1
11,11,2025-03-09 21:26:46,money_laundering,52552.08,Open Account,True,0.0,52552.08,China,Canada,MacBook,Mobile Network,0,0,traveler,1
8,8,2025-03-09 22:41:46,money_laundering,25007.232,Wire Transfer,True,-2620.8606,22386.371,Japan,Canada,MacBook,Home WiFi,0,0,static,1
9,9,2025-03-09 22:42:46,legitimate,59446.69,Change Password,True,0.0,59446.69,Japan,Japan,iPhone,Public WiFi,0,0,static,0
10,10,2025-03-09 23:01:46,synthetic_identity_fraud,47965.04,Close Account,True,0.0,47965.04,UK,Switzerland,iPhone,Mobile Network,0,0,traveler,1
11,11,2025-03-09 23:06:46,money_laundering,52552.08,Purchase Luxury Goods,True,-2568.2415,49983.84,China,Singapore,iPhone,Public WiFi,0,0,traveler,1
8,8,2025-03-10 00:43:46,money_laundering,22386.371,Wire Transfer,True,-6150.141,16236.2295,Japan,Singapore,Android,Public WiFi,0,0,static,1
9,9,2025-03-10 02:08:46,legitimate,59446.69,Balance Check,True,0.0,59446.69,Japan,Japan,Android,Public WiFi,0,0,static,0
11,11,2025-03-10 02:47:46,money_laundering,49983.84,Deposit Funds,True,1782.3942,51766.234,China,Cayman Islands,Android,Public WiFi,0,0,traveler,1
8,8,2025-03-10 04:05:46,money_laundering,16236.2295,Close Account,True,0.0,16236.2295,Japan,USA,Windows Laptop,Home WiFi,0,0,static,1
9,9,2025-03-10 05:19:46,legitimate,59446.69,Pay Bills,True,-232.97493,59213.715,Japan,Japan,iPhone,Public WiFi,0,0,static,0
11,11,2025-03-10 07:00:46,money_laundering,51766.234,Wire Transfer,True,-1913.1324,49853.1,China,Switzerland,iPhone,Home WiFi,0,0,traveler,1
9,9,2025-03-10 07:40:46,legitimate,59213.715,Deposit Funds,True,71.5608,59285.277,Japan,Japan,iPhone,Mobile Network,0,0,static,0
11,11,2025-03-10 08:33:46,money_laundering,49853.1,Purchase Luxury Goods,True,-3252.8357,46600.266,China,Singapore,Android,Home WiFi,1,0,traveler,1
9,9,2025-03-10 10:01:46,legitimate,59285.277,Pay Bills,True,-155.44827,59129.83,Japan,Japan,Android,Public WiFi,0,0,static,0
11,11,2025-03-10 11:55:46,money_laundering,46600.266,Cash Withdrawal,True,-3097.0234,43503.242,China,Switzerland,Windows Laptop,Public WiFi,0,0,traveler,1
9,9,2025-03-10 12:56:46,legitimate,59129.83,Deposit Funds,True,207.25153,59337.08,Japan,Japan,MacBook,Public WiFi,0,0,static,0
11,11,2025-03-10 13:58:46,money_laundering,43503.242,Cash Withdrawal,True,-386.04474,43117.195,China,Canada,Windows Laptop,Public WiFi,0,0,traveler,1
9,9,2025-03-10 15:52:46,legitimate,59337.08,Make Purchase,True,-82.23173,59254.848,Japan,Japan,iPhone,Public WiFi,0,0,static,0
11,11,2025-03-10 17:09:46,money_laundering,43117.195,Purchase Luxury Goods,True,-7529.237,35587.96,China,Cayman Islands,iPhone,Public WiFi,0,0,traveler,1
9,9,2025-03-10 19:50:46,legitimate,59254.848,Online Purchase,True,-646.3938,58608.453,Japan,UK,iPhone,Public WiFi,0,0,static,0
11,11,2025-03-10 21:05:46,money_laundering,35587.96,Cash Withdrawal,True,-11649.954,23938.006,China,USA,MacBook,Home WiFi,0,0,traveler,1
9,9,2025-03-10 22:16:46,legitimate,58608.453,Balance Check,True,0.0,58608.453,Japan,UK,iPhone,Home WiFi,0,0,static,0
11,11,2025-03-10 22:17:46,money_laundering,23938.006,Cash Withdrawal,True,-9117.5625,14820.442,China,Singapore,Windows Laptop,Public WiFi,0,0,traveler,1
9,9,2025-03-10 22:49:46,legitimate,58608.453,Review activities,True,0.0,58608.453,Japan,UK,MacBook,Public WiFi,0,0,static,0
11,11,2025-03-10 23:28:46,money_laundering,14820.442,Cash Withdrawal,True,-4173.3105,10647.132,China,Hong Kong,iPhone,Home WiFi,0,0,traveler,1
9,9,2025-03-10 23:38:46,legitimate,58608.453,Pay Bills,True,-241.58736,58366.867,Japan,UK,Windows Laptop,Public WiFi,0,0,static,0
11,11,2025-03-11 00:57:46,money_laundering,10647.132,Close Account,True,0.0,10647.132,China,USA,iPhone,Home WiFi,0,0,traveler,1
9,9,2025-03-11 01:12:46,legitimate,58366.867,Deposit Funds,True,580.2347,58947.1,Japan,Japan,Windows Laptop,Home WiFi,0,0,static,0
9,9,2025-03-11 02:22:46,legitimate,58947.1,Make Purchase,True,-115.89712,58831.203,Japan,UK,Android,Mobile Network,0,0,static,0
9,9,2025-03-11 02:55:46,legitimate,58831.203,POS Purchase,True,-167.1458,58664.06,Japan,UK,iPhone,Mobile Network,0,0,static,0
9,9,2025-03-11 04:18:46,legitimate,58664.06,Balance Check,True,0.0,58664.06,Japan,UK,iPhone,Home WiFi,0,0,static,0
9,9,2025-03-11 06:09:46,legitimate,58664.06,Pay Bills,True,-165.21696,58498.84,Japan,Japan,MacBook,Home WiFi,0,0,static,0
9,9,2025-03-11 06:51:46,legitimate,58498.84,Transfer Funds,True,-212.44218,58286.4,Japan,UK,Android,Home WiFi,0,0,static,0
9,9,2025-03-11 09:10:46,legitimate,58286.4,Wire Transfer,True,-135.64522,58150.754,Japan,UK,iPad,Mobile Network,0,0,static,0
9,9,2025-03-11 09:51:46,legitimate,58150.754,Make Purchase,True,-254.81134,57895.94,Japan,Japan,Windows Laptop,Home WiFi,0,0,static,0
9,9,2025-03-11 11:14:46,legitimate,57895.94,Online Purchase,True,-66.871666,57829.07,Japan,Japan,Windows Laptop,Public WiFi,0,0,static,0
9,9,2025-03-11 11:46:46,legitimate,57829.07,Balance Check,True,0.0,57829.07,Japan,UK,Android,Corporate Network,0,0,static,0
9,9,2025-03-11 11:53:46,legitimate,57829.07,Review activities,True,0.0,57829.07,Japan,UK,Android,Mobile Network,0,0,static,0
9,9,2025-03-11 12:14:46,legitimate,57829.07,Balance Check,True,0.0,57829.07,Japan,Japan,iPhone,Home WiFi,0,0,static,0
9,9,2025-03-11 14:16:46,legitimate,57829.07,Review activities,True,0.0,57829.07,Japan,UK,Android,Corporate Network,0,0,static,0
9,9,2025-03-11 15:50:46,legitimate,57829.07,Balance Check,True,0.0,57829.07,Japan,Japan,MacBook,Mobile Network,0,0,static,0
9,9,2025-03-11 18:06:46,legitimate,57829.07,Make Purchase,True,-461.29382,57367.777,Japan,Japan,iPhone,Home WiFi,0,0,static,0
9,9,2025-03-11 18:30:46,legitimate,57367.777,Make Purchase,True,-102.723946,57265.055,Japan,UK,Windows Laptop,Public WiFi,0,0,static,0
9,9,2025-03-11 20:20:46,legitimate,57265.055,POS Purchase,True,-30.606407,57234.445,Japan,Japan,iPhone,Public WiFi,0,0,static,0
9,9,2025-03-11 21:29:46,legitimate,57234.445,Deposit Funds,True,258.65854,57493.105,Japan,Japan,Windows Laptop,Mobile Network,0,0,static,0
9,9,2025-03-11 23:39:46,legitimate,57493.105,Invest Money,True,-37.925682,57455.18,Japan,Japan,Android,Home WiFi,0,0,static,0
9,9,2025-03-12 01:50:46,legitimate,57455.18,Invest in Assets,True,-86.908356,57368.27,Japan,UK,Windows Laptop,Public WiFi,0,0,static,0
9,9,2025-03-12 02:41:46,legitimate,57368.27,Balance Check,True,0.0,57368.27,Japan,Japan,Windows Laptop,Public WiFi,0,0,static,0
9,9,2025-03-12 03:34:46,legitimate,57368.27,Make Purchase,True,-38.37749,57329.895,Japan,UK,Windows Laptop,Public WiFi,0,0,static,0
9,9,2025-03-12 06:31:46,legitimate,57329.895,Make Purchase,True,-364.86145,56965.03,Japan,UK,Windows Laptop,Mobile Network,0,0,static,0
9,9,2025-03-12 08:51:46,legitimate,56965.03,POS Purchase,True,-564.1154,56400.918,Japan,Japan,Windows Laptop,Home WiFi,0,0,static,0
9,9,2025-03-12 10:26:46,legitimate,56400.918,Deposit Funds,True,67.439705,56468.355,Japan,UK,iPhone,Public WiFi,0,1,static,0
9,9,2025-03-12 11:03:46,legitimate,56468.355,Invest Money,True,-118.98884,56349.367,Japan,Japan,Linux PC,Public WiFi,0,0,static,0
9,9,2025-03-12 12:15:46,legitimate,56349.367,Invest in Assets,True,-116.37445,56232.992,Japan,UK,Linux PC,Public WiFi,0,0,static,0
9,9,2025-03-12 14:52:46,legitimate,56232.992,Invest Money,True,-44.783886,56188.21,Japan,Japan,Android,Home WiFi,0,0,static,0
9,9,2025-03-12 16:11:46,legitimate,56188.21,Invest in Assets,True,-540.6501,55647.56,Japan,UK,Android,Home WiFi,0,0,static,0
9,9,2025-03-12 18:50:46,legitimate,55647.56,Withdraw Funds,True,-645.60535,55001.953,Japan,UK,Linux PC,Public WiFi,0,0,static,0
9,9,2025-03-12 21:49:46,legitimate,55001.953,Make Purchase,True,-245.67067,54756.28,Japan,France,Android,Public WiFi,0,0,static,0
9,9,2025-03-12 23:55:46,legitimate,54756.28,POS Purchase,True,-408.94858,54347.336,Japan,UK,Windows Laptop,Home WiFi,0,0,static,0
9,9,2025-03-13 02:20:46,legitimate,54347.336,Make Purchase,True,-398.25153,53949.082,Japan,Japan,Windows Laptop,Public WiFi,0,0,static,0
9,9,2025-03-13 04:37:46,legitimate,53949.082,POS Purchase,True,-71.08444,53878.0,Japan,France,iPad,Home WiFi,0,1,static,0
9,9,2025-03-13 07:23:46,legitimate,53878.0,Make Purchase,True,-400.8625,53477.137,Japan,France,Android,Public WiFi,0,0,static,0
9,9,2025-03-13 08:23:46,legitimate,53477.137,Make Purchase,True,-36.13336,53441.004,Japan,UK,Android,Public WiFi,0,1,static,0
9,9,2025-03-13 10:25:46,legitimate,53441.004,Make Purchase,True,-395.2927,53045.71,Japan,France,MacBook,Mobile Network,0,0,static,0
9,9,2025-03-13 12:53:46,legitimate,53045.71,POS Purchase,True,-207.50822,52838.203,Japan,France,MacBook,Home WiFi,0,0,static,0
9,9,2025-03-13 13:54:46,legitimate,52838.203,Make Purchase,True,-271.64236,52566.56,Japan,UK,iPhone,Public WiFi,0,0,static,0
9,9,2025-03-13 16:35:46,legitimate,52566.56,Make Purchase,True,-35.682316,52530.875,Japan,Japan,MacBook,Public WiFi,0,0,static,0
9,9,2025-03-13 17:39:46,legitimate,52530.875,POS Purchase,True,-29.812086,52501.066,Japan,France,MacBook,Mobile Network,0,0,static,0
9,9,2025-03-13 17:41:46,legitimate,52501.066,Balance Check,True,0.0,52501.066,Japan,Japan,MacBook,Home WiFi,0,0,static,0
9,9,2025-03-13 19:00:46,legitimate,52501.066,Review activities,True,0.0,52501.066,Japan,Japan,iPhone,Home WiFi,0,0,static,0
9,9,2025-03-13 21:47:46,legitimate,52501.066,Pay Bills,True,-149.91516,52351.15,Japan,Japan,Android,Public WiFi,0,0,static,0
9,9,2025-03-13 23:53:46,legitimate,52351.15,Transfer Funds,True,-296.08282,52055.066,Japan,Japan,Android,Home WiFi,0,0,static,0
9,9,2025-03-14 02:44:46,legitimate,52055.066,Balance Check,True,0.0,52055.066,Japan,UK,iPhone,Mobile Network,0,0,static,0
9,9,2025-03-14 04:45:46,legitimate,52055.066,Make Purchase,True,-14.202848,52040.863,Japan,UK,Android,Home WiFi,0,0,static,0
9,9,2025-03-14 05:18:46,legitimate,52040.863,POS Purchase,True,-528.69257,51512.17,Japan,Japan,Windows Laptop,Public WiFi,0,0,static,0
9,9,2025-03-14 05:54:46,legitimate,51512.17,Make Purchase,True,-123.77817,51388.395,Japan,UK,Windows Laptop,Public WiFi,1,0,static,0
9,9,2025-03-14 07:54:46,legitimate,51388.395,Make Purchase,True,-635.0108,50753.383,Japan,UK,Windows Laptop,Mobile Network,0,0,static,0
9,9,2025-03-14 10:40:46,legitimate,50753.383,Make Purchase,True,-125.847946,50627.535,Japan,Japan,Windows Laptop,Home WiFi,0,0,static,0
9,9,2025-03-14 11:20:46,legitimate,50627.535,Make Purchase,True,-104.216545,50523.316,Japan,UK,iPhone,Public WiFi,0,0,static,0
9,9,2025-03-14 11:26:46,legitimate,50523.316,Balance Check,True,0.0,50523.316,Japan,Japan,iPhone,Mobile Network,0,0,static,0
9,9,2025-03-14 14:10:46,legitimate,50523.316,Review activities,True,0.0,50523.316,Japan,Japan,iPhone,Corporate Network,0,0,static,0
9,9,2025-03-14 15:34:46,legitimate,50523.316,Make Purchase,True,-111.52192,50411.797,Japan,France,Android,Home WiFi,0,0,static,0
9,9,2025-03-14 16:09:46,legitimate,50411.797,Make Purchase,True,-397.9312,50013.863,Japan,UK,Android,Home WiFi,0,0,static,0
9,9,2025-03-14 16:58:46,legitimate,50013.863,Online Purchase,True,-132.6406,49881.223,Japan,UK,iPhone,Public WiFi,0,0,static,0
9,9,2025-03-14 17:13:46,legitimate,49881.223,Make Purchase,True,-166.43929,49714.785,Japan,France,iPhone,Mobile Network,0,0,static,0
9,9,2025-03-14 17:23:46,legitimate,49714.785,POS Purchase,True,-707.2997,49007.484,Japan,Japan,Windows Laptop,Corporate Network,0,0,static,0
9,9,2025-03-14 18:37:46,legitimate,49007.484,Balance Check,True,0.0,49007.484,Japan,Japan,Windows Laptop,Public WiFi,0,0,static,0
9,9,2025-03-14 21:12:46,legitimate,49007.484,Pay Bills,True,-505.89847,48501.586,Japan,France,iPhone,Mobile Network,0,0,static,0
9,9,2025-03-14 21:27:46,legitimate,48501.586,Transfer Funds,True,-648.75574,47852.832,Japan,UK,iPhone,Home WiFi,0,1,static,0
9,9,2025-03-14 21:31:46,legitimate,47852.832,Balance Check,True,0.0,47852.832,Japan,UK,Android,Public WiFi,0,0,static,0
9,9,2025-03-14 23:06:46,legitimate,47852.832,Make Purchase,True,-220.37215,47632.457,Japan,Japan,Windows Laptop,Public WiFi,0,0,static,0
9,9,2025-03-14 23:42:46,legitimate,47632.457,Online Purchase,True,-77.03662,47555.42,Japan,France,iPad,Home WiFi,0,0,static,0
9,9,2025-03-15 00:06:46,legitimate,47555.42,Deposit Funds,True,125.58972,47681.01,Japan,Japan,Windows Laptop,Home WiFi,0,0,static,0
9,9,2025-03-15 00:51:46,legitimate,47681.01,Invest Money,True,-38.318756,47642.69,Japan,Japan,iPhone,Home WiFi,0,0,static,0
9,9,2025-03-15 01:26:46,legitimate,47642.69,Withdraw Funds,True,-654.95044,46987.742,Japan,France,Windows Laptop,Home WiFi,0,0,static,0
9,9,2025-03-15 04:22:46,legitimate,46987.742,Balance Check,True,0.0,46987.742,Japan,Japan,Windows Laptop,Public WiFi,0,1,static,0
9,9,2025-03-15 06:05:46,legitimate,46987.742,Make Purchase,True,-122.710495,46865.03,Japan,Japan,iPad,Home WiFi,0,0,static,0
9,9,2025-03-15 07:04:46,legitimate,46865.03,Make Purchase,True,-75.19207,46789.84,Japan,UK,Android,Public WiFi,0,0,static,0
9,9,2025-03-15 07:30:46,legitimate,46789.84,POS Purchase,True,-336.36584,46453.473,Japan,France,iPhone,Public WiFi,0,1,static,0
9,9,2025-03-15 08:37:46,legitimate,46453.473,Make Purchase,True,-49.42439,46404.05,Japan,Japan,iPhone,Home WiFi,0,0,static,0
9,9,2025-03-15 11:20:46,legitimate,46404.05,Balance Check,True,0.0,46404.05,Japan,France,iPhone,Public WiFi,0,0,static,0
9,9,2025-03-15 12:06:46,legitimate,46404.05,Pay Bills,True,-646.04285,45758.008,Japan,France,Windows Laptop,Home WiFi,0,0,static,0
9,9,2025-03-15 12:37:46,legitimate,45758.008,Deposit Funds,True,193.53038,45951.54,Japan,France,iPhone,Home WiFi,0,0,static,0
9,9,2025-03-15 13:21:46,legitimate,45951.54,Invest Money,True,-136.81087,45814.727,Japan,France,iPhone,Home WiFi,0,0,static,0
9,9,2025-03-15 13:27:46,legitimate,45814.727,Withdraw Funds,True,-242.01122,45572.715,Japan,France,iPhone,Home WiFi,0,0,static,0
9,9,2025-03-15 14:16:46,legitimate,45572.715,Make Purchase,True,-85.11985,45487.594,Japan,France,Windows Laptop,Public WiFi,0,0,static,0
9,9,2025-03-15 15:59:46,legitimate,45487.594,Make Purchase,True,-192.90898,45294.688,Japan,UK,MacBook,Home WiFi,0,0,static,0
9,9,2025-03-15 17:51:46,legitimate,45294.688,POS Purchase,True,-611.98694,44682.7,Japan,Japan,iPhone,Mobile Network,0,0,static,0
9,9,2025-03-15 18:04:46,legitimate,44682.7,Deposit Funds,True,26.003426,44708.703,Japan,France,MacBook,Mobile Network,1,0,static,0
9,9,2025-03-15 19:57:46,legitimate,44708.703,Make Purchase,True,-62.572514,44646.13,Japan,UK,iPhone,Home WiFi,0,0,static,0
9,9,2025-03-15 22:46:46,legitimate,44646.13,Make Purchase,True,-69.47818,44576.652,Japan,UK,Android,Home WiFi,0,0,static,0
9,9,2025-03-16 00:11:46,legitimate,44576.652,POS Purchase,True,-479.15628,44097.496,Japan,Japan,MacBook,Home WiFi,0,0,static,0
9,9,2025-03-16 02:35:46,legitimate,44097.496,Balance Check,True,0.0,44097.496,Japan,UK,Android,Public WiFi,0,0,static,0
9,9,2025-03-16 04:20:46,legitimate,44097.496,Make Purchase,True,-110.21522,43987.28,Japan,France,MacBook,Mobile Network,0,0,static,0
9,9,2025-03-16 05:34:46,legitimate,43987.28,Make Purchase,True,-26.57068,43960.71,Japan,Japan,Windows Laptop,Mobile Network,0,0,static,0
12,12,2025-03-16 06:53:46,money_laundering,26049.74,Wire Transfer,False,-32868.133,26049.74,China,Singapore,Android,Public WiFi,0,0,static,1
13,13,2025-03-16 09:03:46,legitimate,21974.92,Failed Login,True,0.0,21974.92,UK,UK,Android,Mobile Network,0,0,traveler,0
14,14,2025-03-16 10:00:46,legitimate,70203.0,Pay Bills,True,-549.4712,69653.53,Japan,Japan,iPhone,Mobile Network,0,0,traveler,0
15,1,2025-03-16 10:25:46,identity_theft,3.1622198,Unauthorized Transfer,False,-1280.4535,3.1622198,China,Hong Kong,Android,Corporate Network,0,0,static,1
12,12,2025-03-16 12:22:46,money_laundering,26049.74,Deposit Funds,True,1133.0947,27182.834,China,Cayman Islands,Windows Laptop,Mobile Network,0,0,static,1
13,13,2025-03-16 14:00:46,legitimate,21974.92,Change Password,True,0.0,21974.92,UK,Germany,iPhone,Public WiFi,0,0,traveler,0
14,14,2025-03-16 16:45:46,legitimate,69653.53,Deposit Funds,True,111.7147,69765.24,Japan,UK,iPhone,Public WiFi,0,0,traveler,0
15,1,2025-03-16 16:45:46,identity_theft,3.1622198,Unauthorized Transfer,False,-131.61745,3.1622198,China,Hong Kong,MacBook,Home WiFi,0,0,static,1
12,12,2025-03-16 18:42:46,money_laundering,27182.834,Cash Withdrawal,True,-3932.8083,23250.025,China,Switzerland,Windows Laptop,Home WiFi,0,0,static,1
13,13,2025-03-16 19:52:46,legitimate,21974.92,Review activities,True,0.0,21974.92,UK,France,MacBook,Corporate Network,0,0,traveler,0
14,14,2025-03-16 21:36:46,legitimate,69765.24,Make Purchase,True,-83.76604,69681.48,Japan,Japan,iPhone,Public WiFi,0,0,traveler,0
15,1,2025-03-16 22:05:46,identity_theft,3.1622198,Unauthorized Transfer,False,-1651.5989,3.1622198,China,Cayman Islands,Android,Public WiFi,0,0,static,1
12,12,2025-03-16 23:27:46,money_laundering,23250.025,Cash Withdrawal,True,-1393.7208,21856.305,China,UK,Android,Corporate Network,0,1,static,1
13,13,2025-03-17 00:48:46,legitimate,21974.92,Make Purchase,True,-809.044,21165.877,UK,France,Windows Laptop,Public WiFi,0,0,traveler,0
14,14,2025-03-17 03:07:46,legitimate,69681.48,POS Purchase,True,-137.12825,69544.35,Japan,USA,Windows Laptop,Public WiFi,0,0,traveler,0
15,1,2025-03-17 03:20:46,identity_theft,3.1622198,Change Phone,True,0.0,3.1622198,China,USA,MacBook,Mobile Network,0,0,static,1
12,12,2025-03-17 04:52:46,money_laundering,21856.305,Cash Withdrawal,True,-614.21564,21242.09,China,Cayman Islands,iPhone,Public WiFi,0,0,static,1
13,13,2025-03-17 06:39:46,legitimate,21165.877,Online Purchase,True,-93.52073,21072.355,UK,Japan,iPhone,Mobile Network,0,0,traveler,0
14,14,2025-03-17 06:54:46,legitimate,69544.35,Make Purchase,True,-133.34938,69411.0,Japan,USA,iPhone,Public WiFi,0,0,traveler,0
15,1,2025-03-17 07:04:46,identity_theft,3.1622198,Change Phone,True,0.0,3.1622198,China,Singapore,iPhone,Mobile Network,0,0,static,1
12,12,2025-03-17 07:46:46,money_laundering,21242.09,Close Account,True,0.0,21242.09,China,Switzerland,Android,Home WiFi,0,0,static,1
13,13,2025-03-17 10:23:46,legitimate,21072.355,Deposit Funds,True,852.7267,21925.082,UK,USA,Android,Public WiFi,0,0,traveler,0
14,14,2025-03-17 12:16:46,legitimate,69411.0,Make Purchase,True,-954.72894,68456.27,Japan,France,Android,Home WiFi,0,0,traveler,0
15,1,2025-03-17 12:34:46,identity_theft,3.1622198,Change Password,True,0.0,3.1622198,China,France,iPhone,Mobile Network,0,0,static,1
13,13,2025-03-17 13:24:46,legitimate,21925.082,Make Purchase,True,-158.2659,21766.816,UK,Germany,Android,Home WiFi,0,0,traveler,0
14,14,2025-03-17 14:32:46,legitimate,68456.27,POS Purchase,True,-24.984697,68431.29,Japan,UK,iPhone,Mobile Network,0,0,traveler,0
15,1,2025-03-17 14:37:46,identity_theft,3.1622198,Change Password,True,0.0,3.1622198,China,Germany,Android,Corporate Network,0,0,static,1
13,13,2025-03-17 15:56:46,legitimate,21766.816,POS Purchase,True,-99.08945,21667.727,UK,USA,iPhone,Mobile Network,0,0,traveler,0
14,14,2025-03-17 17:59:46,legitimate,68431.29,Balance Check,True,0.0,68431.29,Japan,UK,MacBook,Public WiFi,0,0,traveler,0
15,1,2025-03-17 18:02:46,identity_theft,3.1622198,Change Email,True,0.0,3.1622198,China,Singapore,Windows Laptop,Home WiFi,0,0,static,1
13,13,2025-03-17 18:41:46,legitimate,21667.727,Balance Check,True,0.0,21667.727,UK,UK,Android,Home WiFi,0,0,traveler,0
14,14,2025-03-17 19:18:46,legitimate,68431.29,Review activities,True,0.0,68431.29,Japan,USA,Android,Home WiFi,0,0,traveler,0
15,1,2025-03-17 19:34:46,identity_theft,3.1622198,Change Email,True,0.0,3.1622198,China,Hong Kong,Linux PC,Home WiFi,0,1,static,1
13,13,2025-03-17 22:27:46,legitimate,21667.727,Review activities,True,0.0,21667.727,UK,Japan,Android,Home WiFi,0,0,traveler,0
14,14,2025-03-18 00:00:46,legitimate,68431.29,Pay Bills,True,-747.7212,67683.56,Japan,UK,Android,Home WiFi,0,0,traveler,0
15,1,2025-03-18 00:03:46,identity_theft,3.1622198,Change Email,True,0.0,3.1622198,China,Switzerland,iPhone,Home WiFi,0,0,static,1
13,13,2025-03-18 02:21:46,legitimate,21667.727,Make Purchase,True,-250.75075,21416.977,UK,Germany,Linux PC,Home WiFi,0,0,traveler,0
14,14,2025-03-18 04:40:46,legitimate,67683.56,Deposit Funds,True,94.93697,67778.5,Japan,Japan,Windows Laptop,Corporate Network,0,0,traveler,0
15,1,2025-03-18 05:00:46,identity_theft,3.1622198,Change Email,True,0.0,3.1622198,China,Germany,iPhone,Home WiFi,0,0,static,1
13,13,2025-03-18 05:10:46,legitimate,21416.977,Online Purchase,True,-508.7189,20908.258,UK,UK,Android,Mobile Network,0,0,traveler,0
14,14,2025-03-18 06:16:46,legitimate,67778.5,Pay Bills,True,-178.89955,67599.6,Japan,Japan,iPhone,Public WiFi,0,0,traveler,0
15,1,2025-03-18 06:23:46,identity_theft,3.1622198,Change Phone,True,0.0,3.1622198,China,Germany,Android,Public WiFi,0,0,static,1
13,13,2025-03-18 07:25:46,legitimate,20908.258,Deposit Funds,True,169.17072,21077.428,UK,France,Windows Laptop,Home WiFi,0,0,traveler,0
14,14,2025-03-18 09:29:46,legitimate,67599.6,Transfer Funds,True,-51.00778,67548.59,Japan,USA,MacBook,Home WiFi,0,0,traveler,0
15,1,2025-03-18 09:32:46,identity_theft,3.1622198,Change Password,True,0.0,3.1622198,China,Cayman Islands,MacBook,Home WiFi,0,0,static,1
13,13,2025-03-18 11:29:46,legitimate,21077.428,Invest Money,True,-371.47977,20705.947,UK,UK,iPhone,Public WiFi,0,0,traveler,0
14,14,2025-03-18 12:56:46,legitimate,67548.59,Cash Withdrawal,True,-429.829,67118.766,Japan,USA,Android,Home WiFi,1,0,traveler,0
15,1,2025-03-18 12:56:46,identity_theft,3.1622198,Change Password,True,0.0,3.1622198,China,Singapore,iPhone,Corporate Network,0,0,static,1
13,13,2025-03-18 15:48:46,legitimate,20705.947,Invest in Assets,True,-78.10567,20627.842,UK,UK,Windows Laptop,Public WiFi,0,0,traveler,0
14,14,2025-03-18 15:56:46,legitimate,67118.766,Make Purchase,True,-643.37585,66475.39,Japan,USA,Android,Home WiFi,0,0,traveler,0
15,1,2025-03-18 16:01:46,identity_theft,3.1622198,Change Email,True,0.0,3.1622198,China,Singapore,iPhone,Mobile Network,0,0,static,1
13,13,2025-03-18 18:53:46,legitimate,20627.842,Invest Money,True,-154.21193,20473.63,UK,Japan,Android,Home WiFi,0,0,traveler,0
14,14,2025-03-18 19:23:46,legitimate,66475.39,Make Purchase,True,-18.478369,66456.914,Japan,UK,Windows Laptop,Public WiFi,0,0,traveler,0
15,1,2025-03-18 19:50:46,identity_theft,3.1622198,Change Email,True,0.0,3.1622198,China,Cayman Islands,Windows Laptop,Home WiFi,0,0,static,1
13,13,2025-03-18 19:51:46,legitimate,20473.63,Invest in Assets,True,-738.94574,19734.686,UK,France,Windows Laptop,Public WiFi,0,0,traveler,0
14,14,2025-03-18 22:23:46,legitimate,66456.914,POS Purchase,True,-13.924375,66442.984,Japan,Germany,iPhone,Public WiFi,0,0,traveler,0
15,1,2025-03-18 22:43:46,identity_theft,3.1622198,Change Phone,True,0.0,3.1622198,China,Cayman Islands,Windows Laptop,Home WiFi,0,0,static,1
13,13,2025-03-19 00:28:46,legitimate,19734.686,Withdraw Funds,True,-22.30767,19712.377,UK,UK,iPhone,Home WiFi,0,0,traveler,0
14,14,2025-03-19 00:43:46,legitimate,66442.984,Review activities,True,0.0,66442.984,Japan,UK,Android,Home WiFi,0,0,traveler,0
15,1,2025-03-19 00:54:46,identity_theft,3.1622198,Change Email,True,0.0,3.1622198,China,Cayman Islands,Windows Laptop,Public WiFi,0,0,static,1
13,13,2025-03-19 02:33:46,legitimate,19712.377,Make Purchase,True,-296.19662,19416.18,UK,France,Linux PC,Home WiFi,0,1,traveler,0
14,14,2025-03-19 03:48:46,legitimate,66442.984,Make Purchase,True,-217.74895,66225.234,Japan,France,Android,Home WiFi,0,1,traveler,0
15,1,2025-03-19 04:13:46,identity_theft,3.1622198,Request New Card,True,0.0,3.1622198,China,Hong Kong,MacBook,Home WiFi,1,0,static,1
13,13,2025-03-19 06:39:46,legitimate,19416.18,POS Purchase,True,-99.89602,19316.285,UK,Japan,Android,Public WiFi,0,0,traveler,0
14,14,2025-03-19 07:52:46,legitimate,66225.234,Make Purchase,True,-49.45898,66175.78,Japan,Japan,MacBook,Corporate Network,0,0,traveler,0
15,1,2025-03-19 08:21:46,identity_theft,3.1622198,Change Phone,True,0.0,3.1622198,China,Germany,Android,Public WiFi,0,0,static,1
13,13,2025-03-19 09:04:46,legitimate,19316.285,Make Purchase,True,-131.06577,19185.219,UK,UK,Android,Public WiFi,0,0,traveler,0
14,14,2025-03-19 09:56:46,legitimate,66175.78,Online Purchase,True,-95.40931,66080.37,Japan,Germany,MacBook,Home WiFi,0,0,traveler,0
15,1,2025-03-19 10:19:46,identity_theft,3.1622198,Change Phone,True,0.0,3.1622198,China,Hong Kong,Windows Laptop,Corporate Network,0,0,static,1
13,13,2025-03-19 11:43:46,legitimate,19185.219,Make Purchase,True,-3072.7292,16112.489,UK,USA,iPhone,Mobile Network,0,0,traveler,0
14,14,2025-03-19 14:41:46,legitimate,66080.37,Deposit Funds,True,117.03971,66197.41,Japan,Japan,MacBook,Corporate Network,0,0,traveler,0
15,1,2025-03-19 15:08:46,identity_theft,3.1622198,Request New Card,True,0.0,3.1622198,China,Cayman Islands,iPhone,Public WiFi,0,0,static,1
13,13,2025-03-19 16:55:46,legitimate,16112.489,Make Purchase,True,-146.58475,15965.904,UK,Germany,iPhone,Home WiFi,0,0,traveler,0
14,14,2025-03-19 19:10:46,legitimate,66197.41,Pay Bills,True,-238.63535,65958.77,Japan,USA,Android,Corporate Network,0,0,traveler,0
15,1,2025-03-19 19:22:46,identity_theft,3.1622198,Request New Card,True,0.0,3.1622198,China,Germany,Android,Home WiFi,0,0,static,1
13,13,2025-03-19 20:43:46,legitimate,15965.904,Balance Check,True,0.0,15965.904,UK,France,Windows Laptop,Home WiFi,0,0,traveler,0
14,14,2025-03-19 22:23:46,legitimate,65958.77,Balance Check,True,0.0,65958.77,Japan,France,Android,Home WiFi,0,0,traveler,0
15,1,2025-03-19 22:44:46,identity_theft,3.1622198,Request New Card,True,0.0,3.1622198,China,Hong Kong,Windows Laptop,Public WiFi,0,0,static,1
13,13,2025-03-19 23:41:46,legitimate,15965.904,Review activities,True,0.0,15965.904,UK,Japan,iPhone,Corporate Network,0,0,traveler,0
14,14,2025-03-20 01:32:46,legitimate,65958.77,Review activities,True,0.0,65958.77,Japan,Japan,iPhone,Home WiFi,0,0,traveler,0
15,1,2025-03-20 02:01:46,identity_theft,3.1622198,Request New Card,True,0.0,3.1622198,China,Hong Kong,Android,Public WiFi,0,0,static,1
13,13,2025-03-20 02:51:46,legitimate,15965.904,Pay Bills,True,-294.4314,15671.473,UK,UK,Windows Laptop,Home WiFi,0,1,traveler,0
14,14,2025-03-20 03:56:46,legitimate,65958.77,Pay Bills,True,-47.310734,65911.46,Japan,Germany,Android,Mobile Network,0,0,traveler,0
15,1,2025-03-20 04:09:46,identity_theft,3.1622198,Request New Card,True,0.0,3.1622198,China,Hong Kong,Android,Public WiFi,0,0,static,1
13,13,2025-03-20 04:38:46,legitimate,15671.473,Balance Check,True,0.0,15671.473,UK,UK,iPhone,Public WiFi,0,0,traveler,0
14,14,2025-03-20 07:38:46,legitimate,65911.46,Deposit Funds,True,150.1019,66061.56,Japan,USA,iPhone,Mobile Network,0,0,traveler,0
15,1,2025-03-20 07:38:46,identity_theft,3.1622198,Request New Card,True,0.0,3.1622198,China,Cayman Islands,Windows Laptop,Home WiFi,0,0,static,1
13,13,2025-03-20 09:52:46,legitimate,15671.473,Pay Bills,True,-472.50806,15198.965,UK,Japan,Windows Laptop,Public WiFi,0,0,traveler,0
14,14,2025-03-20 11:37:46,legitimate,66061.56,Pay Bills,True,-323.5169,65738.05,Japan,USA,Android,Home WiFi,0,1,traveler,0
15,1,2025-03-20 11:57:46,identity_theft,3.1622198,Request New Card,True,0.0,3.1622198,China,Cayman Islands,iPad,Public WiFi,0,0,static,1
13,13,2025-03-20 14:23:46,legitimate,15198.965,Transfer Funds,True,-115.89712,15083.068,UK,USA,MacBook,Home WiFi,0,0,traveler,0
14,14,2025-03-20 16:07:46,legitimate,65738.05,Review activities,True,0.0,65738.05,Japan,France,iPhone,Home WiFi,0,0,traveler,0
15,1,2025-03-20 16:36:46,identity_theft,3.1622198,Request New Card,True,0.0,3.1622198,China,Hong Kong,iPhone,Public WiFi,0,0,static,1
13,13,2025-03-20 18:54:46,legitimate,15083.068,Wire Transfer,True,-207.95718,14875.11,UK,Japan,iPhone,Home WiFi,0,0,traveler,0
14,14,2025-03-20 21:53:46,legitimate,65738.05,Pay Bills,True,-64.74807,65673.3,Japan,Japan,iPhone,Home WiFi,0,0,traveler,0
15,1,2025-03-20 22:19:46,identity_theft,3.1622198,Request New Card,True,0.0,3.1622198,China,Singapore,Windows Laptop,Home WiFi,0,1,static,1
13,13,2025-03-20 23:17:46,legitimate,14875.11,Invest Money,True,-161.53564,14713.575,UK,UK,iPhone,Public WiFi,0,0,traveler,0
14,14,2025-03-20 23:46:46,legitimate,65673.3,Deposit Funds,True,161.82996,65835.13,Japan,Japan,Linux PC,Corporate Network,0,0,traveler,0
15,1,2025-03-21 00:15:46,identity_theft,3.1622198,Request New Card,True,0.0,3.1622198,China,Hong Kong,Android,Home WiFi,0,0,static,1
13,13,2025-03-21 01:49:46,legitimate,14713.575,Invest in Assets,True,-67.12702,14646.448,UK,Germany,Windows Laptop,Home WiFi,0,0,traveler,0
14,14,2025-03-21 01:56:46,legitimate,65835.13,Pay Bills,True,-396.5538,65438.58,Japan,UK,Windows Laptop,Home WiFi,0,1,traveler,0
15,1,2025-03-21 02:08:46,identity_theft,3.1622198,Request New Card,True,0.0,3.1622198,China,Cayman Islands,Windows Laptop,Mobile Network,0,0,static,1
13,13,2025-03-21 04:17:46,legitimate,14646.448,Withdraw Funds,True,-304.30096,14342.147,UK,France,Android,Public WiFi,0,0,traveler,0
14,14,2025-03-21 05:47:46,legitimate,65438.58,Deposit Funds,True,343.99823,65782.58,Japan,USA,iPhone,Home WiFi,0,0,traveler,0
15,1,2025-03-21 05:55:46,identity_theft,3.1622198,Unauthorized Transfer,False,-6098.125,3.1622198,China,Hong Kong,iPad,Corporate Network,0,0,static,1
13,13,2025-03-21 08:24:46,legitimate,14342.147,POS Purchase,True,-55.879883,14286.268,UK,Japan,iPhone,Home WiFi,1,0,traveler,0
14,14,2025-03-21 09:15:46,legitimate,65782.58,Make Purchase,True,-86.94726,65695.625,Japan,UK,Windows Laptop,Home WiFi,0,0,traveler,0
15,1,2025-03-21 09:29:46,identity_theft,3.1622198,Request New Card,True,0.0,3.1622198,China,Switzerland,Android,Home WiFi,0,0,static,1
13,13,2025-03-21 11:48:46,legitimate,14286.268,Review activities,True,0.0,14286.268,UK,France,Windows Laptop,Public WiFi,0,0,traveler,0
14,14,2025-03-21 12:39:46,legitimate,65695.625,Make Purchase,True,-114.15256,65581.48,Japan,France,Windows Laptop,Public WiFi,0,0,traveler,0
15,1,2025-03-21 13:02:46,identity_theft,3.1622198,Change Email,True,0.0,3.1622198,China,Singapore,MacBook,Corporate Network,0,0,static,1
13,13,2025-03-21 13:28:46,legitimate,14286.268,Make Purchase,True,-457.78363,13828.483,UK,France,iPhone,Mobile Network,0,0,traveler,0
14,14,2025-03-21 15:54:46,legitimate,65581.48,Make Purchase,True,-42.53085,65538.945,Japan,France,iPhone,Home WiFi,0,0,traveler,0
15,1,2025-03-21 16:11:46,identity_theft,3.1622198,Change Phone,True,0.0,3.1622198,China,France,Windows Laptop,Home WiFi,0,0,static,1
13,13,2025-03-21 17:24:46,legitimate,13828.483,Make Purchase,True,-434.62253,13393.861,UK,Japan,Windows Laptop,Public WiFi,0,0,traveler,0
14,14,2025-03-21 19:52:46,legitimate,65538.945,Make Purchase,True,-47.072643,65491.87,Japan,USA,iPhone,Public WiFi,0,0,traveler,0
15,1,2025-03-21 20:21:46,identity_theft,3.1622198,Change Password,True,0.0,3.1622198,China,USA,Windows Laptop,Public WiFi,0,0,static,1
13,13,2025-03-21 20:38:46,legitimate,13393.861,Balance Check,True,0.0,13393.861,UK,Germany,iPhone,Public WiFi,0,0,traveler,0
14,14,2025-03-21 22:06:46,legitimate,65491.87,Balance Check,True,0.0,65491.87,Japan,Japan,iPhone,Home WiFi,0,0,traveler,0
15,1,2025-03-21 22:19:46,identity_theft,3.1622198,Unauthorized Transfer,False,-139.53246,3.1622198,China,Hong Kong,iPhone,Home WiFi,0,0,static,1
13,13,2025-03-22 00:46:46,legitimate,13393.861,Pay Bills,True,-687.60004,12706.261,UK,Japan,iPhone,Home WiFi,0,0,traveler,0
14,14,2025-03-22 03:23:46,legitimate,65491.87,Review activities,True,0.0,65491.87,Japan,UK,iPhone,Home WiFi,0,0,traveler,0
15,1,2025-03-22 03:25:46,identity_theft,3.1622198,Unauthorized Transfer,False,-700.2704,3.1622198,China,Cayman Islands,MacBook,Corporate Network,1,0,static,1
13,13,2025-03-22 05:51:46,legitimate,12706.261,Review activities,True,0.0,12706.261,UK,Germany,iPhone,Public WiFi,0,0,traveler,0
14,14,2025-03-22 07:12:46,legitimate,65491.87,Balance Check,True,0.0,65491.87,Japan,France,MacBook,Home WiFi,0,0,traveler,0
15,1,2025-03-22 07:21:46,identity_theft,3.1622198,Close Account,True,0.0,3.1622198,China,Singapore,iPhone,Public WiFi,0,0,static,1
13,13,2025-03-22 08:21:46,legitimate,12706.261,Pay Bills,True,-73.56536,12632.695,UK,UK,MacBook,Public WiFi,0,0,traveler,0
14,14,2025-03-22 08:22:46,legitimate,65491.87,Make Purchase,True,-30.560282,65461.312,Japan,UK,iPhone,Corporate Network,0,0,traveler,0
13,13,2025-03-22 09:48:46,legitimate,12632.695,Transfer Funds,True,-162.50357,12470.192,UK,Japan,iPhone,Home WiFi,0,0,traveler,0
14,14,2025-03-22 10:49:46,legitimate,65461.312,Make Purchase,True,-338.0988,65123.21,Japan,UK,Android,Public WiFi,0,0,traveler,0
13,13,2025-03-22 12:05:46,legitimate,12470.192,Cash Withdrawal,True,-46.965675,12423.227,UK,USA,Windows Laptop,Mobile Network,0,0,traveler,0
14,14,2025-03-22 14:57:46,legitimate,65123.21,Make Purchase,True,-60.02214,65063.19,Japan,USA,Android,Public WiFi,0,0,traveler,0
13,13,2025-03-22 16:25:46,legitimate,12423.227,Make Purchase,True,-16.67272,12406.554,UK,USA,iPhone,Mobile Network,1,0,traveler,0
14,14,2025-03-22 18:34:46,legitimate,65063.19,POS Purchase,True,-298.78033,64764.41,Japan,Japan,Windows Laptop,Home WiFi,0,0,traveler,0
13,13,2025-03-22 21:29:46,legitimate,12406.554,Online Purchase,True,-29.115831,12377.4375,UK,Germany,MacBook,Public WiFi,0,0,traveler,0
14,14,2025-03-22 23:16:46,legitimate,64764.41,Balance Check,True,0.0,64764.41,Japan,USA,Windows Laptop,Corporate Network,0,0,traveler,0
13,13,2025-03-23 00:42:46,legitimate,12377.4375,Deposit Funds,True,150.81226,12528.25,UK,Germany,iPhone,Home WiFi,0,0,traveler,0
14,14,2025-03-23 01:57:46,legitimate,64764.41,Make Purchase,True,-85.49852,64678.91,Japan,France,iPhone,Home WiFi,1,0,traveler,0
13,13,2025-03-23 04:37:46,legitimate,12528.25,Pay Bills,True,-30.606407,12497.644,UK,UK,Windows Laptop,Public WiFi,0,0,traveler,0
14,14,2025-03-23 06:41:46,legitimate,64678.91,Make Purchase,True,-69.479164,64609.434,Japan,France,Android,Public WiFi,0,0,traveler,0
13,13,2025-03-23 07:26:46,legitimate,12497.644,Transfer Funds,True,-378.15366,12119.49,UK,France,iPad,Home WiFi,0,0,traveler,0
14,14,2025-03-23 07:31:46,legitimate,64609.434,Make Purchase,True,-179.4128,64430.02,Japan,Japan,MacBook,Corporate Network,0,0,traveler,0
13,13,2025-03-23 10:05:46,legitimate,12119.49,Deposit Funds,True,61.205666,12180.695,UK,USA,iPad,Mobile Network,0,0,traveler,0
14,14,2025-03-23 10:27:46,legitimate,64430.02,POS Purchase,True,-60.636326,64369.383,Japan,Japan,Android,Home WiFi,0,0,traveler,0
13,13,2025-03-23 12:56:46,legitimate,12180.695,Make Purchase,True,-148.58565,12032.11,UK,Germany,Android,Corporate Network,0,0,traveler,0
14,14,2025-03-23 13:18:46,legitimate,64369.383,Balance Check,True,0.0,64369.383,Japan,Japan,iPhone,Public WiFi,0,1,traveler,0
13,13,2025-03-23 13:25:46,legitimate,12032.11,POS Purchase,True,-401.3137,11630.796,UK,UK,iPhone,Home WiFi,0,0,traveler,0
14,14,2025-03-23 15:31:46,legitimate,64369.383,Make Purchase,True,-81.66151,64287.723,Japan,France,Android,Home WiFi,0,0,traveler,0
13,13,2025-03-23 16:51:46,legitimate,11630.796,Deposit Funds,True,85.02152,11715.818,UK,USA,Windows Laptop,Public WiFi,0,0,traveler,0
14,14,2025-03-23 19:16:46,legitimate,64287.723,POS Purchase,True,-825.7387,63461.984,Japan,UK,MacBook,Mobile Network,0,0,traveler,0
13,13,2025-03-23 21:33:46,legitimate,11715.818,Make Purchase,True,-52.289547,11663.528,UK,Japan,Android,Public WiFi,1,0,traveler,0
14,14,2025-03-23 22:04:46,legitimate,63461.984,Make Purchase,True,-220.91963,63241.062,Japan,Japan,Android,Corporate Network,0,0,traveler,0
13,13,2025-03-23 23:03:46,legitimate,11663.528,POS Purchase,True,-189.62741,11473.901,UK,UK,Windows Laptop,Public WiFi,0,0,traveler,0
14,14,2025-03-23 23:09:46,legitimate,63241.062,Make Purchase,True,-118.780396,63122.28,Japan,France,Android,Mobile Network,1,0,traveler,0
13,13,2025-03-24 00:34:46,legitimate,11473.901,Make Purchase,True,-78.50619,11395.395,UK,UK,iPhone,Public WiFi,0,0,traveler,0
14,14,2025-03-24 02:16:46,legitimate,63122.28,Make Purchase,True,-132.597,62989.688,Japan,USA,Android,Home WiFi,0,0,traveler,0
13,13,2025-03-24 05:04:46,legitimate,11395.395,POS Purchase,True,-73.95799,11321.437,UK,France,Android,Home WiFi,0,1,traveler,0
14,14,2025-03-24 05:54:46,legitimate,62989.688,POS Purchase,True,-37.820633,62951.863,Japan,France,Windows Laptop,Mobile Network,0,0,traveler,0
13,13,2025-03-24 08:34:46,legitimate,11321.437,Make Purchase,True,-206.74905,11114.6875,UK,UK,Android,Home WiFi,0,0,traveler,0
14,14,2025-03-24 10:23:46,legitimate,62951.863,Review activities,True,0.0,62951.863,Japan,USA,iPhone,Public WiFi,0,0,traveler,0
13,13,2025-03-24 12:47:46,legitimate,11114.6875,POS Purchase,True,-110.70389,11003.983,UK,UK,MacBook,Home WiFi,0,0,traveler,0
14,14,2025-03-24 13:53:46,legitimate,62951.863,Pay Bills,True,-29.335716,62922.53,Japan,France,Windows Laptop,Corporate Network,0,0,traveler,0
