agent_id,type,amount,balance,merchant,location,device,network,compromised_device,compromised_network,fraud
0,deposit,469.47,3501.08,Walmart,"Tokyo, Japan",iPad,Public WiFi,False,False,0
1,deposit,781.64,2275.56,Target,"London, UK",Windows Laptop,Mobile Network,True,False,0
2,deposit,628.36,2257.48,Walmart,"Paris, France",Android,Mobile Network,False,False,0
3,deposit,184.38,4967.150000000001,Best Buy,"Tokyo, Japan",MacBook,Public WiFi,False,False,0
4,deposit,381.04,4560.72,Best Buy,"Paris, France",Windows Laptop,Public WiFi,False,False,0
5,deposit,362.04,3798.56,Target,"Berlin, Germany",iPhone,Mobile Network,False,False,0
6,withdrawal,266.8,1972.01,Best Buy,"Los Angeles, USA",MacBook,Mobile Network,False,False,0
7,deposit,132.66,1475.4,Best Buy,"Paris, France",iPhone,Home WiFi,False,False,0
7,email_change,0.0,1475.4,0,"Los Angeles, USA",iPhone,Corporate Network,False,False,0
8,withdrawal,361.67,3239.13,Amazon,"London, UK",Linux PC,Corporate Network,False,False,0
8,phone_change,0.0,3239.13,0,"New York, USA",MacBook,Home WiFi,False,False,0
9,deposit,900.28,3553.79,Amazon,"New York, USA",Android,Public WiFi,False,False,0
10,deposit,555.11,2582.87,Amazon,"New York, USA",Android,Public WiFi,False,False,0
11,deposit,425.18,3563.66,Apple Store,"New York, USA",iPhone,Public WiFi,True,False,0
12,withdrawal,83.1,4241.32,Apple Store,"New York, USA",Windows Laptop,Mobile Network,False,False,0
13,deposit,181.49,2944.4300000000003,Starbucks,"Paris, France",Windows Laptop,Public WiFi,False,False,0
14,deposit,789.1,3771.2,Amazon,"Berlin, Germany",MacBook,Corporate Network,False,False,0
15,deposit,845.51,2051.98,Starbucks,"London, UK",iPhone,Public WiFi,True,False,0
15,password_change,0.0,2051.98,0,"Los Angeles, USA",Windows Laptop,Public WiFi,False,False,0
16,withdrawal,372.76,2116.71,Apple Store,"London, UK",iPhone,Mobile Network,False,False,0
17,deposit,939.87,2174.71,Starbucks,"New York, USA",iPhone,Corporate Network,False,False,0
18,deposit,217.1,2273.36,Walmart,"Paris, France",Windows Laptop,Home WiFi,False,False,0
18,email_change,0.0,2273.36,0,"Berlin, Germany",Android,Home WiFi,False,False,0
19,deposit,171.13,3443.84,Target,"New York, USA",iPhone,Home WiFi,False,False,0
19,phone_change,0.0,3443.84,0,"New York, USA",MacBook,Home WiFi,True,False,0
20,withdrawal,309.71,2868.66,Starbucks,"Berlin, Germany",Android,Corporate Network,False,False,0
21,deposit,111.32,2939.53,Amazon,"New York, USA",iPhone,Corporate Network,False,False,0
22,withdrawal,268.49,4682.43,Apple Store,"New York, USA",iPhone,Public WiFi,False,False,0
22,phone_change,0.0,4682.43,0,"Paris, France",Windows Laptop,Home WiFi,False,False,0
23,deposit,804.98,3673.53,Starbucks,"New York, USA",Android,Mobile Network,False,True,0
24,withdrawal,158.66,1401.32,Walmart,"Berlin, Germany",Android,Mobile Network,False,False,0
25,deposit,100.8,3279.1400000000003,Walmart,"New York, USA",Android,Public WiFi,False,False,0
25,phone_change,0.0,3279.1400000000003,0,"Tokyo, Japan",Android,Home WiFi,False,False,0
26,withdrawal,359.18,3124.11,Best Buy,"New York, USA",Android,Corporate Network,False,False,0
27,deposit,258.32,3440.2400000000002,Starbucks,"Los Angeles, USA",Linux PC,Home WiFi,False,True,0
28,deposit,412.95,1868.8600000000001,Best Buy,"Berlin, Germany",Windows Laptop,Home WiFi,False,False,0
29,deposit,651.41,3115.2599999999998,Best Buy,"Tokyo, Japan",Windows Laptop,Public WiFi,False,False,0
30,deposit,429.93,1571.13,Walmart,"New York, USA",iPad,Corporate Network,False,False,0
31,withdrawal,205.08,1754.41,Amazon,"Tokyo, Japan",Windows Laptop,Mobile Network,True,False,0
32,deposit,255.91,2902.49,Apple Store,"New York, USA",Windows Laptop,Corporate Network,False,False,0
33,withdrawal,148.6,2956.09,Amazon,"Paris, France",MacBook,Mobile Network,False,False,0
34,withdrawal,381.83,1665.0900000000001,Starbucks,"New York, USA",Windows Laptop,Corporate Network,False,False,0
34,phone_change,0.0,1665.0900000000001,0,"Los Angeles, USA",iPhone,Corporate Network,False,False,0
35,withdrawal,198.82,4565.14,Walmart,"London, UK",Windows Laptop,Corporate Network,False,False,0
35,email_change,0.0,4565.14,0,"Berlin, Germany",iPhone,Mobile Network,False,False,0
36,deposit,713.2,1864.77,Amazon,"Berlin, Germany",iPhone,Corporate Network,False,False,0
37,deposit,327.56,2874.58,Starbucks,"Paris, France",iPhone,Public WiFi,False,False,0
38,withdrawal,395.66,3795.0699999999997,Amazon,"Tokyo, Japan",iPad,Corporate Network,False,False,0
39,deposit,219.08,5014.74,Best Buy,"New York, USA",Windows Laptop,Home WiFi,False,False,0
40,deposit,912.04,2260.71,Amazon,"New York, USA",iPhone,Corporate Network,False,False,0
40,password_change,0.0,2260.71,0,"New York, USA",Linux PC,Public WiFi,False,False,0
41,deposit,792.15,5083.45,Walmart,"Berlin, Germany",Windows Laptop,Corporate Network,False,True,0
41,password_change,0.0,5083.45,0,"Berlin, Germany",iPhone,Home WiFi,False,False,0
42,withdrawal,156.74,2851.67,Apple Store,"New York, USA",Windows Laptop,Public WiFi,False,False,0
43,withdrawal,427.95,4307.55,Target,"Paris, France",iPhone,Public WiFi,False,False,0
44,deposit,981.4,4411.38,Amazon,"Los Angeles, USA",Android,Public WiFi,False,False,0
44,email_change,0.0,4411.38,0,"Tokyo, Japan",iPhone,Mobile Network,False,False,0
45,deposit,214.46,2565.93,Walmart,"Los Angeles, USA",iPhone,Public WiFi,False,False,0
46,deposit,571.89,3245.08,Best Buy,"Berlin, Germany",Windows Laptop,Mobile Network,False,False,0
47,withdrawal,67.51,4846.83,Amazon,"London, UK",iPhone,Mobile Network,False,False,0
48,deposit,499.14,3062.43,Walmart,"New York, USA",MacBook,Public WiFi,False,False,0
48,phone_change,0.0,3062.43,0,"London, UK",iPhone,Public WiFi,False,False,0
49,withdrawal,175.8,2478.9399999999996,Best Buy,"Los Angeles, USA",iPhone,Corporate Network,False,False,0
50,withdrawal,185.78,3906.37,Target,"London, UK",MacBook,Home WiFi,False,False,0
51,deposit,195.77,5169.09,Amazon,"Los Angeles, USA",Windows Laptop,Public WiFi,False,False,0
52,deposit,323.29,4676.78,Walmart,"London, UK",Windows Laptop,Corporate Network,False,False,0
53,withdrawal,348.65,3611.46,Best Buy,"New York, USA",Android,Corporate Network,False,False,0
53,phone_change,0.0,3611.46,0,"Paris, France",iPad,Home WiFi,False,False,0
54,deposit,658.08,3341.39,Best Buy,"Paris, France",iPhone,Corporate Network,False,False,0
54,phone_change,0.0,3341.39,0,"Los Angeles, USA",Android,Home WiFi,False,False,0
55,deposit,149.82,3417.9500000000003,Walmart,"Tokyo, Japan",iPhone,Corporate Network,False,False,0
55,phone_change,0.0,3417.9500000000003,0,"New York, USA",iPhone,Home WiFi,False,False,0
56,withdrawal,212.6,1425.74,Amazon,"London, UK",Android,Mobile Network,False,False,0
57,deposit,564.42,2402.16,Amazon,"Paris, France",iPhone,Home WiFi,False,False,0
57,password_change,0.0,2402.16,0,"Los Angeles, USA",Android,Mobile Network,False,False,0
58,deposit,587.15,3009.4100000000003,Best Buy,"Berlin, Germany",Android,Home WiFi,False,False,0
59,deposit,563.46,1881.81,Target,"Paris, France",iPhone,Public WiFi,False,False,0
59,phone_change,0.0,1881.81,0,"London, UK",iPhone,Corporate Network,False,False,0
60,deposit,230.23,2752.82,Target,"Tokyo, Japan",Windows Laptop,Mobile Network,False,False,0
61,withdrawal,323.52,3532.89,Amazon,"New York, USA",MacBook,Public WiFi,False,False,0
62,deposit,762.51,4393.7,Apple Store,"Los Angeles, USA",iPhone,Home WiFi,False,False,0
63,withdrawal,185.76,2558.84,Best Buy,"Los Angeles, USA",Windows Laptop,Home WiFi,False,False,0
64,withdrawal,396.26,1008.3800000000001,Best Buy,"Los Angeles, USA",iPhone,Home WiFi,False,False,0
65,deposit,491.39,5270.43,Amazon,"Paris, France",Android,Public WiFi,False,False,0
66,withdrawal,481.91,4362.09,Amazon,"New York, USA",Linux PC,Corporate Network,False,False,0
66,phone_change,0.0,4362.09,0,"Los Angeles, USA",MacBook,Home WiFi,True,False,0
67,withdrawal,349.63,1520.0900000000001,Best Buy,"New York, USA",iPhone,Public WiFi,False,False,0
67,password_change,0.0,1520.0900000000001,0,"Los Angeles, USA",Android,Public WiFi,False,True,0
68,deposit,374.42,3111.9900000000002,Best Buy,"London, UK",Android,Mobile Network,False,False,0
69,deposit,352.61,3313.7400000000002,Amazon,"New York, USA",Windows Laptop,Corporate Network,False,False,0
69,password_change,0.0,3313.7400000000002,0,"Los Angeles, USA",MacBook,Home WiFi,False,False,0
70,deposit,746.24,4568.97,Amazon,"Los Angeles, USA",iPad,Home WiFi,False,False,0
71,deposit,260.72,4915.47,Best Buy,"Berlin, Germany",Windows Laptop,Mobile Network,False,False,0
71,email_change,0.0,4915.47,0,"Tokyo, Japan",Android,Public WiFi,False,False,0
72,deposit,875.57,2082.28,Best Buy,"London, UK",iPhone,Corporate Network,False,False,0
73,deposit,768.47,2842.9800000000005,Best Buy,"New York, USA",Windows Laptop,Public WiFi,False,False,0
74,deposit,322.37,3386.83,Target,"New York, USA",iPhone,Home WiFi,False,False,0
75,deposit,653.12,4709.14,Walmart,"Los Angeles, USA",Android,Mobile Network,False,True,0
75,password_change,0.0,4709.14,0,"London, UK",Android,Home WiFi,False,False,0
76,deposit,496.93,3323.9199999999996,Amazon,"London, UK",iPhone,Home WiFi,False,False,0
77,deposit,945.02,4169.639999999999,Target,"Los Angeles, USA",Windows Laptop,Corporate Network,False,False,0
78,deposit,282.84,5109.9800000000005,Target,"Paris, France",Android,Corporate Network,False,False,0
79,withdrawal,398.1,1734.6,Target,"London, UK",iPhone,Public WiFi,False,False,0
80,withdrawal,222.87,4105.1,Best Buy,"Los Angeles, USA",Linux PC,Corporate Network,False,False,0
80,email_change,0.0,4105.1,0,"New York, USA",Android,Public WiFi,True,False,0
81,deposit,264.95,1474.97,Amazon,"Berlin, Germany",iPhone,Public WiFi,False,False,0
82,deposit,518.89,2105.71,Target,"New York, USA",Windows Laptop,Corporate Network,False,False,0
83,withdrawal,484.41,3569.27,Apple Store,"London, UK",Windows Laptop,Public WiFi,False,False,0
84,deposit,905.88,5412.150000000001,Starbucks,"Paris, France",Android,Mobile Network,False,False,0
85,deposit,806.57,1952.5100000000002,Best Buy,"New York, USA",Android,Home WiFi,False,False,0
86,withdrawal,499.83,2610.31,Walmart,"Los Angeles, USA",MacBook,Corporate Network,False,False,0
87,deposit,303.51,4768.75,Amazon,"Los Angeles, USA",iPhone,Corporate Network,False,False,0
88,withdrawal,238.48,4193.660000000001,Target,"London, UK",iPhone,Mobile Network,False,False,0
88,email_change,0.0,4193.660000000001,0,"New York, USA",iPhone,Mobile Network,False,False,0
89,deposit,899.89,5067.29,Best Buy,"Berlin, Germany",MacBook,Corporate Network,False,False,0
90,deposit,979.59,3026.21,Best Buy,"London, UK",Windows Laptop,Corporate Network,False,False,0
91,withdrawal,303.94,848.6599999999999,Walmart,"Berlin, Germany",iPhone,Corporate Network,False,False,0
92,deposit,894.38,3290.2400000000002,Target,"London, UK",Android,Mobile Network,False,False,0
93,deposit,642.58,3596.19,Walmart,"Los Angeles, USA",Windows Laptop,Mobile Network,False,False,0
94,deposit,298.3,3476.5,Amazon,"New York, USA",Windows Laptop,Public WiFi,False,False,0
95,withdrawal,422.98,1788.9299999999998,Apple Store,"Tokyo, Japan",Windows Laptop,Public WiFi,False,False,0
96,deposit,783.02,4809.87,Apple Store,"Berlin, Germany",iPhone,Home WiFi,False,False,0
97,deposit,684.93,4548.34,Walmart,"Tokyo, Japan",Linux PC,Home WiFi,False,False,0
98,withdrawal,270.77,3688.39,Apple Store,"Los Angeles, USA",Android,Corporate Network,True,False,0
99,deposit,903.29,3013.67,Apple Store,"Los Angeles, USA",Windows Laptop,Mobile Network,False,False,0
100,withdrawal,414.71,2058.38,Walmart,"Tokyo, Japan",iPhone,Public WiFi,False,False,0
100,password_change,0.0,2058.38,0,"New York, USA",iPhone,Home WiFi,False,False,0
101,deposit,584.16,2693.7999999999997,Amazon,"New York, USA",iPhone,Mobile Network,False,False,0
102,withdrawal,85.47,2982.6200000000003,Walmart,"Los Angeles, USA",Android,Mobile Network,False,False,0
103,deposit,657.46,1680.16,Starbucks,"London, UK",Android,Corporate Network,False,False,0
103,phone_change,0.0,1680.16,0,"Tokyo, Japan",Android,Home WiFi,False,True,0
104,withdrawal,72.49,3728.28,Starbucks,"Berlin, Germany",iPhone,Public WiFi,False,False,0
105,deposit,485.25,2614.1,Walmart,"New York, USA",Windows Laptop,Corporate Network,False,False,0
106,withdrawal,265.44,1764.1799999999998,Target,"Tokyo, Japan",Android,Mobile Network,False,True,0
106,phone_change,0.0,1764.1799999999998,0,"Paris, France",Windows Laptop,Public WiFi,True,False,0
107,deposit,780.5,2546.16,Starbucks,"Berlin, Germany",MacBook,Public WiFi,False,False,0
107,phone_change,0.0,2546.16,0,"New York, USA",Android,Home WiFi,True,False,0
108,deposit,638.43,5152.38,Amazon,"Tokyo, Japan",Windows Laptop,Mobile Network,False,False,0
108,email_change,0.0,5152.38,0,"Tokyo, Japan",Android,Home WiFi,True,False,0
109,withdrawal,94.04,1696.99,Target,"London, UK",iPhone,Public WiFi,False,False,0
110,deposit,431.68,2985.37,Walmart,"Tokyo, Japan",MacBook,Public WiFi,False,False,0
111,withdrawal,265.97,2962.7,Walmart,"Tokyo, Japan",iPad,Corporate Network,False,True,0
112,deposit,224.06,4529.990000000001,Best Buy,"Los Angeles, USA",iPhone,Public WiFi,False,False,0
113,deposit,129.09,2809.51,Best Buy,"New York, USA",MacBook,Home WiFi,False,False,0
114,withdrawal,379.76,4061.96,Amazon,"Tokyo, Japan",iPhone,Home WiFi,False,False,0
114,phone_change,0.0,4061.96,0,"London, UK",Android,Mobile Network,False,False,0
115,withdrawal,300.5,3630.7,Amazon,"Paris, France",Android,Mobile Network,False,False,0
116,deposit,262.99,4630.0199999999995,Amazon,"Berlin, Germany",iPhone,Corporate Network,False,False,0
117,deposit,512.93,4568.79,Apple Store,"Paris, France",Windows Laptop,Mobile Network,False,False,0
118,withdrawal,489.76,2119.59,Apple Store,"Tokyo, Japan",Android,Home WiFi,False,False,0
118,phone_change,0.0,2119.59,0,"New York, USA",iPhone,Public WiFi,False,False,0
119,deposit,366.56,1977.98,Apple Store,"Tokyo, Japan",Android,Public WiFi,False,False,0
120,deposit,224.2,4077.89,Walmart,"London, UK",iPhone,Corporate Network,False,False,0
121,deposit,219.34,1763.34,Best Buy,"Paris, France",iPhone,Public WiFi,False,False,0
122,withdrawal,389.18,1942.4799999999998,Walmart,"Los Angeles, USA",Android,Public WiFi,False,True,0
123,withdrawal,186.71,1782.37,Best Buy,"Los Angeles, USA",MacBook,Mobile Network,False,False,0
124,deposit,429.44,1866.01,Best Buy,"New York, USA",Windows Laptop,Public WiFi,False,False,0
124,phone_change,0.0,1866.01,0,"Los Angeles, USA",Android,Corporate Network,False,False,0
125,deposit,775.49,4833.91,Amazon,"Los Angeles, USA",MacBook,Corporate Network,False,False,0
126,deposit,970.01,5158.56,Walmart,"London, UK",Android,Mobile Network,False,False,0
126,password_change,0.0,5158.56,0,"Tokyo, Japan",Windows Laptop,Public WiFi,False,False,0
127,deposit,522.94,5513.23,Apple Store,"Los Angeles, USA",iPhone,Home WiFi,False,False,0
128,deposit,207.1,3136.96,Amazon,"New York, USA",MacBook,Mobile Network,False,False,0
129,deposit,550.06,4450.93,Amazon,"Berlin, Germany",iPhone,Corporate Network,False,False,0
130,deposit,758.81,5285.75,Walmart,"New York, USA",iPhone,Home WiFi,False,False,0
131,deposit,216.98,2857.2,Walmart,"New York, USA",iPhone,Public WiFi,False,True,0
132,withdrawal,420.7,1038.31,Amazon,"Paris, France",Windows Laptop,Home WiFi,True,False,0
133,deposit,594.22,3356.3599999999997,Starbucks,"London, UK",MacBook,Public WiFi,False,False,0
134,withdrawal,389.87,3115.21,Apple Store,"Los Angeles, USA",Android,Home WiFi,False,False,0
135,deposit,470.26,3240.0200000000004,Best Buy,"Berlin, Germany",iPhone,Public WiFi,False,False,0
136,deposit,597.21,2571.7200000000003,Walmart,"New York, USA",MacBook,Public WiFi,True,False,0
137,withdrawal,272.68,2370.05,Amazon,"Los Angeles, USA",Windows Laptop,Home WiFi,False,False,0
138,deposit,989.91,4038.43,Best Buy,"New York, USA",iPhone,Home WiFi,False,False,0
139,withdrawal,194.18,1903.7,Target,"New York, USA",iPhone,Public WiFi,False,False,0
139,email_change,0.0,1903.7,0,"Los Angeles, USA",iPhone,Mobile Network,False,False,0
140,deposit,795.25,4897.15,Best Buy,"New York, USA",iPhone,Public WiFi,False,False,0
141,withdrawal,55.14,1910.3799999999999,Walmart,"Tokyo, Japan",iPhone,Home WiFi,True,False,0
142,withdrawal,191.4,904.9699999999999,Walmart,"Los Angeles, USA",Windows Laptop,Corporate Network,True,False,0
143,deposit,936.61,5234.299999999999,Walmart,"New York, USA",Windows Laptop,Public WiFi,False,False,0
144,withdrawal,91.26,3616.79,Amazon,"New York, USA",MacBook,Corporate Network,False,False,0
145,withdrawal,130.36,3732.2999999999997,Best Buy,"Los Angeles, USA",iPhone,Home WiFi,False,False,0
146,withdrawal,439.9,3892.4500000000003,Target,"Los Angeles, USA",MacBook,Public WiFi,False,False,0
146,phone_change,0.0,3892.4500000000003,0,"Tokyo, Japan",iPhone,Mobile Network,False,False,0
147,withdrawal,440.66,1740.2,Target,"New York, USA",Android,Home WiFi,True,False,0
148,withdrawal,234.31,2986.08,Apple Store,"Paris, France",iPhone,Mobile Network,False,True,0
148,phone_change,0.0,2986.08,0,"London, UK",iPhone,Corporate Network,False,False,0
149,withdrawal,151.54,2671.79,Walmart,"Paris, France",MacBook,Public WiFi,False,False,0
150,deposit,141.68,4356.360000000001,Apple Store,"New York, USA",Android,Public WiFi,False,False,0
150,phone_change,0.0,4356.360000000001,0,"Tokyo, Japan",Windows Laptop,Home WiFi,False,False,0
151,deposit,906.15,4120.62,Apple Store,"New York, USA",MacBook,Corporate Network,False,False,0
152,deposit,751.58,4130.51,Target,"Los Angeles, USA",iPhone,Home WiFi,False,False,0
153,withdrawal,424.27,2175.62,Walmart,"Berlin, Germany",Android,Corporate Network,False,False,0
154,withdrawal,211.09,1659.71,Walmart,"New York, USA",iPad,Home WiFi,False,False,0
154,email_change,0.0,1659.71,0,"New York, USA",Android,Home WiFi,False,False,0
155,deposit,815.43,4737.83,Starbucks,"Paris, France",MacBook,Home WiFi,False,True,0
155,password_change,0.0,4737.83,0,"Los Angeles, USA",iPhone,Home WiFi,False,False,0
156,deposit,916.14,3632.92,Best Buy,"London, UK",Android,Corporate Network,False,False,0
157,withdrawal,261.75,3818.35,Target,"New York, USA",Windows Laptop,Corporate Network,False,False,0
158,withdrawal,489.23,3370.53,Apple Store,"Paris, France",Windows Laptop,Public WiFi,False,False,0
158,email_change,0.0,3370.53,0,"Los Angeles, USA",iPhone,Public WiFi,False,False,0
159,withdrawal,100.22,1066.97,Target,"New York, USA",Android,Public WiFi,False,False,0
160,withdrawal,68.96,2077.15,Best Buy,"Berlin, Germany",Android,Home WiFi,False,False,0
161,deposit,656.1,3590.19,Walmart,"Tokyo, Japan",iPhone,Public WiFi,False,False,0
162,withdrawal,176.76,1736.18,Walmart,"Paris, France",Windows Laptop,Public WiFi,False,False,0
163,deposit,588.09,4039.58,Apple Store,"Tokyo, Japan",Android,Mobile Network,False,False,0
164,deposit,532.82,1533.68,Best Buy,"New York, USA",Windows Laptop,Public WiFi,False,False,0
165,withdrawal,433.75,2490.96,Apple Store,"Los Angeles, USA",iPhone,Mobile Network,False,False,0
166,deposit,735.13,2514.35,Walmart,"New York, USA",MacBook,Mobile Network,False,False,0
167,deposit,896.62,2502.86,Target,"Tokyo, Japan",Android,Mobile Network,False,False,0
167,phone_change,0.0,2502.86,0,"New York, USA",iPad,Corporate Network,False,False,0
168,withdrawal,255.75,2636.76,Starbucks,"Los Angeles, USA",Windows Laptop,Corporate Network,False,False,0
169,withdrawal,385.18,680.27,Walmart,"London, UK",iPhone,Home WiFi,False,False,0
169,phone_change,0.0,680.27,0,"Los Angeles, USA",Android,Home WiFi,False,False,0
170,deposit,172.34,1381.6799999999998,Apple Store,"London, UK",iPad,Public WiFi,False,False,0
170,email_change,0.0,1381.6799999999998,0,"London, UK",Android,Home WiFi,False,False,0
171,deposit,641.55,4067.4399999999996,Amazon,"Tokyo, Japan",Windows Laptop,Home WiFi,False,False,0
172,deposit,552.99,1903.25,Walmart,"New York, USA",iPhone,Corporate Network,False,False,0
173,deposit,168.44,4610.08,Starbucks,"Paris, France",Windows Laptop,Home WiFi,False,False,0
174,withdrawal,467.11,1918.33,Best Buy,"Tokyo, Japan",MacBook,Corporate Network,False,False,0
174,phone_change,0.0,1918.33,0,"London, UK",iPhone,Home WiFi,False,False,0
175,withdrawal,455.47,774.8,Walmart,"New York, USA",iPhone,Home WiFi,False,False,0
176,withdrawal,374.36,2290.27,Target,"New York, USA",Android,Mobile Network,False,False,0
177,deposit,277.8,4068.21,Starbucks,"New York, USA",Android,Mobile Network,False,False,0
178,withdrawal,167.68,2584.86,Apple Store,"Los Angeles, USA",iPhone,Mobile Network,False,False,0
178,email_change,0.0,2584.86,0,"Los Angeles, USA",Android,Corporate Network,False,False,0
179,deposit,576.22,2554.8,Amazon,"Los Angeles, USA",Windows Laptop,Home WiFi,False,False,0
180,deposit,468.56,5335.320000000001,Amazon,"New York, USA",iPhone,Public WiFi,False,False,0
181,withdrawal,189.96,3565.85,Amazon,"New York, USA",iPhone,Public WiFi,False,False,0
182,deposit,745.12,2721.1,Best Buy,"New York, USA",Linux PC,Home WiFi,False,False,0
183,deposit,161.89,2986.58,Walmart,"New York, USA",MacBook,Mobile Network,False,False,0
183,phone_change,0.0,2986.58,0,"London, UK",Windows Laptop,Home WiFi,False,False,0
184,deposit,452.75,1792.31,Amazon,"Paris, France",Windows Laptop,Mobile Network,False,False,0
185,deposit,257.91,3181.6,Amazon,"New York, USA",Android,Public WiFi,False,False,0
186,deposit,544.23,5299.040000000001,Best Buy,"Los Angeles, USA",Android,Home WiFi,False,False,0
187,deposit,126.99,2558.37,Best Buy,"Los Angeles, USA",iPad,Home WiFi,True,False,0
188,deposit,218.87,2779.69,Starbucks,"Berlin, Germany",iPhone,Home WiFi,False,False,0
188,phone_change,0.0,2779.69,0,"London, UK",MacBook,Home WiFi,False,False,0
189,deposit,475.72,2195.44,Starbucks,"Tokyo, Japan",Windows Laptop,Home WiFi,False,False,0
190,deposit,338.4,2655.9700000000003,Amazon,"New York, USA",Linux PC,Corporate Network,False,False,0
191,withdrawal,61.85,4407.66,Walmart,"Tokyo, Japan",Android,Corporate Network,False,False,0
191,phone_change,0.0,4407.66,0,"New York, USA",iPhone,Public WiFi,False,False,0
192,withdrawal,244.79,1019.3700000000001,Apple Store,"Tokyo, Japan",Windows Laptop,Public WiFi,False,False,0
193,deposit,226.98,1400.2,Starbucks,"London, UK",Windows Laptop,Mobile Network,False,False,0
194,deposit,955.05,2443.16,Amazon,"New York, USA",MacBook,Home WiFi,True,False,0
195,deposit,727.01,3127.8,Amazon,"Los Angeles, USA",iPhone,Mobile Network,False,False,0
196,deposit,356.52,2897.32,Amazon,"London, UK",iPhone,Public WiFi,False,True,0
197,deposit,366.75,3867.52,Amazon,"Los Angeles, USA",MacBook,Public WiFi,True,False,0
198,deposit,991.84,3989.15,Amazon,"Los Angeles, USA",Linux PC,Home WiFi,False,False,0
198,password_change,0.0,3989.15,0,"Los Angeles, USA",MacBook,Home WiFi,False,False,0
199,deposit,139.11,3417.59,Amazon,"London, UK",iPhone,Public WiFi,False,False,0
200,deposit,180.42,2733.32,Apple Store,"Los Angeles, USA",MacBook,Home WiFi,False,False,0
201,withdrawal,492.01,3833.21,Best Buy,"London, UK",Android,Home WiFi,False,False,0
202,deposit,499.13,4029.1,Walmart,"London, UK",iPhone,Corporate Network,False,False,0
202,email_change,0.0,4029.1,0,"Tokyo, Japan",Android,Public WiFi,False,False,0
203,deposit,952.19,2512.95,Apple Store,"Tokyo, Japan",iPhone,Corporate Network,False,False,0
204,deposit,939.67,4727.7699999999995,Best Buy,"London, UK",Windows Laptop,Corporate Network,True,False,0
205,withdrawal,172.83,2183.77,Starbucks,"New York, USA",iPhone,Mobile Network,False,False,0
205,password_change,0.0,2183.77,0,"Los Angeles, USA",iPhone,Public WiFi,False,False,0
206,deposit,817.92,2549.19,Target,"New York, USA",MacBook,Home WiFi,False,False,0
207,withdrawal,187.67,2932.0,Best Buy,"London, UK",MacBook,Mobile Network,True,False,0
208,withdrawal,312.62,2911.8900000000003,Target,"Los Angeles, USA",Android,Public WiFi,False,False,0
209,withdrawal,384.14,1337.17,Amazon,"Berlin, Germany",iPad,Home WiFi,False,False,0
209,email_change,0.0,1337.17,0,"New York, USA",iPhone,Home WiFi,False,False,0
210,deposit,337.05,3581.1200000000003,Starbucks,"Los Angeles, USA",iPhone,Mobile Network,False,False,0
211,deposit,155.63,1676.4,Starbucks,"Los Angeles, USA",Android,Corporate Network,False,True,0
212,deposit,160.66,4778.18,Best Buy,"New York, USA",iPhone,Corporate Network,False,False,0
213,deposit,555.71,5488.71,Best Buy,"London, UK",iPhone,Home WiFi,False,False,0
214,deposit,891.14,4420.79,Best Buy,"Los Angeles, USA",Linux PC,Public WiFi,False,True,0
215,deposit,709.79,4839.0199999999995,Walmart,"New York, USA",MacBook,Mobile Network,False,False,0
216,deposit,503.11,4717.8099999999995,Amazon,"Los Angeles, USA",iPhone,Corporate Network,False,False,0
217,withdrawal,61.39,4287.11,Amazon,"New York, USA",Windows Laptop,Home WiFi,False,False,0
218,withdrawal,200.17,2381.43,Walmart,"Tokyo, Japan",iPhone,Home WiFi,False,False,0
219,deposit,548.98,1871.95,Amazon,"Los Angeles, USA",iPad,Corporate Network,False,False,0
220,deposit,543.95,4039.8100000000004,Walmart,"Los Angeles, USA",Android,Corporate Network,False,False,0
221,withdrawal,427.4,1906.1399999999999,Starbucks,"Tokyo, Japan",Android,Public WiFi,False,False,0
222,deposit,991.89,4434.55,Starbucks,"Tokyo, Japan",MacBook,Mobile Network,False,False,0
223,deposit,101.22,1367.8700000000001,Walmart,"Tokyo, Japan",iPhone,Home WiFi,False,False,0
224,withdrawal,146.73,864.56,Target,"Tokyo, Japan",iPhone,Mobile Network,False,False,0
225,deposit,369.81,3262.5099999999998,Best Buy,"Berlin, Germany",Android,Mobile Network,False,False,0
226,deposit,657.36,3036.76,Amazon,"Tokyo, Japan",iPhone,Public WiFi,False,False,0
227,deposit,616.79,2290.95,Walmart,"London, UK",Windows Laptop,Home WiFi,False,False,0
228,withdrawal,93.43,3697.5800000000004,Apple Store,"New York, USA",iPhone,Public WiFi,False,False,0
228,password_change,0.0,3697.5800000000004,0,"Paris, France",iPhone,Home WiFi,False,False,0
229,withdrawal,281.24,1291.96,Best Buy,"New York, USA",MacBook,Mobile Network,False,False,0
230,deposit,840.4,2530.09,Amazon,"Tokyo, Japan",Windows Laptop,Home WiFi,False,True,0
231,deposit,408.95,4377.44,Amazon,"Paris, France",iPhone,Mobile Network,False,False,0
232,deposit,468.31,2161.27,Apple Store,"Paris, France",Android,Corporate Network,False,False,0
233,withdrawal,300.21,1498.72,Apple Store,"Tokyo, Japan",MacBook,Mobile Network,False,False,0
233,phone_change,0.0,1498.72,0,"Paris, France",Windows Laptop,Public WiFi,False,True,0
234,deposit,505.07,2350.12,Apple Store,"Los Angeles, USA",Linux PC,Public WiFi,False,False,0
235,deposit,993.52,3204.75,Amazon,"Los Angeles, USA",Android,Corporate Network,False,False,0
235,phone_change,0.0,3204.75,0,"New York, USA",Windows Laptop,Public WiFi,False,False,0
236,deposit,772.83,5449.68,Starbucks,"Tokyo, Japan",Windows Laptop,Public WiFi,False,False,0
237,deposit,652.63,2281.77,Amazon,"New York, USA",Linux PC,Corporate Network,False,False,0
238,deposit,327.25,3634.98,Walmart,"Los Angeles, USA",Android,Mobile Network,False,False,0
239,deposit,642.5,2875.1,Walmart,"New York, USA",Android,Home WiFi,False,False,0
240,withdrawal,123.26,1991.64,Amazon,"London, UK",Android,Home WiFi,False,False,0
241,deposit,336.78,2995.41,Amazon,"Berlin, Germany",Android,Corporate Network,False,False,0
242,withdrawal,348.32,3434.5699999999997,Apple Store,"New York, USA",Android,Corporate Network,False,False,0
242,password_change,0.0,3434.5699999999997,0,"Berlin, Germany",MacBook,Mobile Network,False,False,0
243,deposit,913.05,2681.92,Target,"Paris, France",iPad,Mobile Network,False,False,0
244,deposit,357.19,3198.28,Apple Store,"Paris, France",Windows Laptop,Public WiFi,True,False,0
245,deposit,135.55,1354.77,Best Buy,"London, UK",Linux PC,Mobile Network,False,False,0
246,deposit,401.34,1480.9599999999998,Target,"New York, USA",MacBook,Public WiFi,False,False,0
247,withdrawal,477.97,1125.85,Walmart,"New York, USA",Windows Laptop,Public WiFi,False,False,0
248,withdrawal,481.01,3594.6800000000003,Best Buy,"New York, USA",Android,Home WiFi,False,False,0
249,deposit,149.27,1982.4,Amazon,"Tokyo, Japan",MacBook,Public WiFi,False,False,0
249,phone_change,0.0,1982.4,0,"Tokyo, Japan",Android,Public WiFi,False,False,0
250,deposit,110.61,2159.63,Best Buy,"New York, USA",MacBook,Mobile Network,False,False,0
250,phone_change,0.0,2159.63,0,"Los Angeles, USA",Android,Mobile Network,False,False,0
251,withdrawal,363.93,2507.76,Best Buy,"Los Angeles, USA",Windows Laptop,Mobile Network,False,False,0
251,password_change,0.0,2507.76,0,"Berlin, Germany",Windows Laptop,Mobile Network,False,False,0
252,withdrawal,381.69,912.7,Amazon,"Paris, France",Android,Mobile Network,False,False,0
253,deposit,151.1,2555.46,Walmart,"New York, USA",iPhone,Public WiFi,False,False,0
254,withdrawal,190.49,3873.2200000000003,Walmart,"Los Angeles, USA",iPad,Home WiFi,False,False,0
255,deposit,229.99,2085.19,Starbucks,"New York, USA",MacBook,Corporate Network,False,False,0
255,phone_change,0.0,2085.19,0,"New York, USA",Android,Home WiFi,True,False,0
256,withdrawal,359.24,3397.76,Starbucks,"Tokyo, Japan",iPhone,Corporate Network,False,False,0
257,deposit,923.82,5351.429999999999,Amazon,"London, UK",iPhone,Mobile Network,False,False,0
258,withdrawal,74.12,1788.96,Walmart,"Tokyo, Japan",Android,Mobile Network,False,False,0
259,deposit,200.43,3837.44,Target,"New York, USA",Android,Home WiFi,False,False,0
260,deposit,145.42,2863.9700000000003,Walmart,"Tokyo, Japan",iPad,Home WiFi,False,False,0
261,deposit,539.97,4993.41,Amazon,"Berlin, Germany",MacBook,Mobile Network,False,False,0
261,phone_change,0.0,4993.41,0,"Tokyo, Japan",Windows Laptop,Public WiFi,False,True,0
262,deposit,194.22,4710.55,Walmart,"London, UK",iPhone,Home WiFi,True,False,0
263,withdrawal,216.68,2567.38,Amazon,"Paris, France",Windows Laptop,Mobile Network,False,False,0
263,phone_change,0.0,2567.38,0,"New York, USA",Android,Public WiFi,False,False,0
264,withdrawal,448.34,1226.13,Walmart,"New York, USA",iPhone,Corporate Network,False,False,0
265,withdrawal,439.82,3519.1699999999996,Amazon,"Los Angeles, USA",Android,Corporate Network,False,False,0
266,deposit,548.17,3864.59,Walmart,"Los Angeles, USA",Android,Public WiFi,False,False,0
266,password_change,0.0,3864.59,0,"London, UK",Android,Home WiFi,False,False,0
267,deposit,694.5,2494.17,Walmart,"New York, USA",Windows Laptop,Home WiFi,False,False,0
267,password_change,0.0,2494.17,0,"London, UK",Android,Home WiFi,False,False,0
268,withdrawal,199.31,1225.17,Starbucks,"New York, USA",Windows Laptop,Mobile Network,False,False,0
269,withdrawal,279.92,4483.01,Walmart,"Paris, France",iPhone,Mobile Network,False,False,0
270,deposit,683.46,2124.9,Best Buy,"Tokyo, Japan",iPhone,Home WiFi,False,False,0
271,deposit,620.39,1699.38,Walmart,"Tokyo, Japan",Android,Home WiFi,False,False,0
271,email_change,0.0,1699.38,0,"New York, USA",iPhone,Home WiFi,False,False,0
272,withdrawal,57.72,1901.6399999999999,Best Buy,"Berlin, Germany",MacBook,Public WiFi,False,False,0
273,deposit,913.01,5488.77,Best Buy,"London, UK",Android,Public WiFi,False,False,0
274,withdrawal,314.3,1714.56,Target,"New York, USA",Windows Laptop,Corporate Network,False,False,0
275,deposit,869.94,4362.65,Walmart,"New York, USA",Windows Laptop,Corporate Network,False,False,0
276,deposit,288.44,2314.41,Amazon,"London, UK",Windows Laptop,Corporate Network,False,False,0
277,deposit,680.7,2380.99,Amazon,"New York, USA",MacBook,Home WiFi,False,False,0
278,withdrawal,399.74,1648.26,Walmart,"Paris, France",MacBook,Corporate Network,False,False,0
279,withdrawal,239.58,4524.71,Best Buy,"New York, USA",Android,Mobile Network,False,False,0
280,deposit,915.95,3379.51,Target,"Berlin, Germany",iPhone,Public WiFi,False,False,0
280,email_change,0.0,3379.51,0,"Tokyo, Japan",Windows Laptop,Public WiFi,False,False,0
281,withdrawal,307.29,3481.23,Amazon,"New York, USA",Windows Laptop,Corporate Network,False,False,0
282,withdrawal,199.4,4429.81,Starbucks,"New York, USA",iPhone,Corporate Network,False,False,0
283,deposit,137.45,2167.65,Walmart,"Los Angeles, USA",iPad,Mobile Network,False,False,0
284,deposit,478.69,2217.5,Apple Store,"London, UK",Android,Corporate Network,False,False,0
285,withdrawal,324.28,818.7,Starbucks,"Los Angeles, USA",MacBook,Home WiFi,False,False,0
285,phone_change,0.0,818.7,0,"Los Angeles, USA",Android,Public WiFi,False,False,0
286,withdrawal,379.28,3305.24,Apple Store,"New York, USA",Windows Laptop,Corporate Network,False,False,0
286,phone_change,0.0,3305.24,0,"New York, USA",iPhone,Corporate Network,False,False,0
287,deposit,552.29,5308.74,Amazon,"New York, USA",iPhone,Home WiFi,False,False,0
288,deposit,138.91,2042.91,Apple Store,"Tokyo, Japan",Linux PC,Mobile Network,False,False,0
289,deposit,257.49,3535.5,Amazon,"Berlin, Germany",Windows Laptop,Mobile Network,False,True,0
290,deposit,159.68,2212.96,Amazon,"Los Angeles, USA",Windows Laptop,Home WiFi,False,False,0
290,phone_change,0.0,2212.96,0,"Tokyo, Japan",Android,Public WiFi,False,False,0
291,withdrawal,147.93,2206.67,Best Buy,"Berlin, Germany",iPad,Public WiFi,True,False,0
291,password_change,0.0,2206.67,0,"Tokyo, Japan",Android,Mobile Network,False,False,0
292,deposit,169.01,2196.8900000000003,Walmart,"London, UK",MacBook,Corporate Network,False,False,0
293,deposit,383.25,3588.63,Walmart,"London, UK",iPhone,Public WiFi,False,False,0
294,deposit,292.28,3885.04,Amazon,"Tokyo, Japan",Android,Corporate Network,False,False,0
294,phone_change,0.0,3885.04,0,"Tokyo, Japan",iPhone,Home WiFi,False,False,0
295,withdrawal,480.94,4075.0800000000004,Walmart,"New York, USA",Windows Laptop,Corporate Network,False,False,0
296,deposit,718.53,3585.0199999999995,Apple Store,"New York, USA",Windows Laptop,Mobile Network,False,False,0
297,deposit,956.83,2590.08,Amazon,"London, UK",iPhone,Public WiFi,False,False,0
298,deposit,126.97,1201.1000000000001,Apple Store,"New York, USA",iPhone,Home WiFi,False,False,0
299,deposit,599.81,1951.72,Amazon,"Los Angeles, USA",Android,Corporate Network,False,False,0
299,email_change,0.0,1951.72,0,"New York, USA",iPhone,Home WiFi,False,False,0
300,withdrawal,169.68,3409.4900000000002,Target,"Tokyo, Japan",iPhone,Mobile Network,False,False,0
301,withdrawal,126.26,1992.9199999999998,Walmart,"London, UK",iPhone,Public WiFi,False,False,0
302,deposit,720.37,2423.28,Target,"New York, USA",Windows Laptop,Mobile Network,False,False,0
303,deposit,421.48,2888.33,Amazon,"New York, USA",Android,Public WiFi,False,False,0
303,password_change,0.0,2888.33,0,"Tokyo, Japan",iPhone,Corporate Network,False,False,0
304,deposit,722.22,1791.24,Target,"Tokyo, Japan",MacBook,Public WiFi,False,False,0
305,deposit,769.93,5641.450000000001,Starbucks,"London, UK",iPhone,Corporate Network,False,False,0
306,deposit,307.08,2343.25,Amazon,"Tokyo, Japan",Windows Laptop,Public WiFi,False,False,0
307,withdrawal,250.93,2828.4700000000003,Amazon,"Los Angeles, USA",MacBook,Mobile Network,False,False,0
308,deposit,734.77,1985.72,Amazon,"New York, USA",Android,Corporate Network,False,False,0
309,deposit,231.01,2582.3100000000004,Starbucks,"Tokyo, Japan",Windows Laptop,Mobile Network,False,False,0
310,deposit,701.62,2715.96,Target,"Tokyo, Japan",iPhone,Corporate Network,False,False,0
311,deposit,603.24,4134.95,Best Buy,"Paris, France",iPad,Corporate Network,False,False,0
312,deposit,283.45,1869.65,Amazon,"New York, USA",iPhone,Public WiFi,False,False,0
313,withdrawal,175.91,989.84,Target,"New York, USA",iPhone,Corporate Network,False,False,0
314,deposit,101.34,1317.8999999999999,Amazon,"New York, USA",MacBook,Mobile Network,False,False,0
315,withdrawal,123.43,2232.75,Amazon,"Berlin, Germany",Android,Home WiFi,False,False,0
316,withdrawal,53.65,3180.73,Target,"Los Angeles, USA",Android,Corporate Network,False,False,0
317,deposit,539.48,3295.85,Amazon,"Los Angeles, USA",iPhone,Mobile Network,True,False,0
318,withdrawal,327.67,2393.11,Starbucks,"Paris, France",Android,Public WiFi,False,False,0
319,deposit,754.39,2900.75,Starbucks,"London, UK",MacBook,Home WiFi,False,False,0
320,withdrawal,379.08,3857.62,Walmart,"Berlin, Germany",MacBook,Public WiFi,False,False,0
321,withdrawal,198.99,2031.0800000000002,Target,"London, UK",Linux PC,Corporate Network,False,False,0
322,deposit,299.13,5056.39,Apple Store,"Tokyo, Japan",Android,Mobile Network,False,False,0
323,deposit,119.14,1896.23,Best Buy,"London, UK",Android,Mobile Network,False,False,0
323,phone_change,0.0,1896.23,0,"New York, USA",Android,Home WiFi,False,False,0
324,deposit,588.26,3350.76,Walmart,"Los Angeles, USA",iPhone,Mobile Network,False,False,0
325,withdrawal,334.72,1170.16,Amazon,"New York, USA",Android,Mobile Network,False,False,0
326,deposit,323.65,3868.26,Walmart,"Tokyo, Japan",Windows Laptop,Mobile Network,False,False,0
326,password_change,0.0,3868.26,0,"London, UK",iPhone,Mobile Network,False,False,0
327,withdrawal,120.78,3454.2099999999996,Walmart,"Los Angeles, USA",iPhone,Home WiFi,False,False,0
328,deposit,621.48,4063.29,Walmart,"London, UK",Windows Laptop,Home WiFi,False,False,0
328,password_change,0.0,4063.29,0,"Los Angeles, USA",iPhone,Corporate Network,False,False,0
329,deposit,656.86,2089.11,Best Buy,"New York, USA",iPhone,Home WiFi,True,False,0
330,deposit,894.21,3831.09,Best Buy,"New York, USA",iPhone,Public WiFi,False,False,0
331,deposit,706.14,4724.28,Starbucks,"New York, USA",Android,Home WiFi,False,False,0
331,password_change,0.0,4724.28,0,"Tokyo, Japan",Windows Laptop,Mobile Network,False,False,0
332,withdrawal,268.16,4479.63,Best Buy,"Paris, France",Android,Public WiFi,True,False,0
333,deposit,751.15,2573.48,Starbucks,"New York, USA",MacBook,Corporate Network,False,False,0
333,phone_change,0.0,2573.48,0,"New York, USA",iPhone,Home WiFi,False,False,0
334,withdrawal,272.24,1884.8500000000001,Amazon,"Berlin, Germany",iPhone,Mobile Network,False,False,0
335,withdrawal,113.24,1642.24,Starbucks,"New York, USA",iPhone,Mobile Network,False,False,0
336,withdrawal,182.34,4516.65,Walmart,"Los Angeles, USA",iPhone,Corporate Network,False,False,0
337,deposit,307.89,4207.68,Amazon,"New York, USA",Android,Public WiFi,False,False,0
337,phone_change,0.0,4207.68,0,"Tokyo, Japan",iPhone,Corporate Network,False,False,0
338,withdrawal,153.25,4792.07,Best Buy,"New York, USA",MacBook,Corporate Network,False,False,0
339,deposit,249.13,4712.42,Target,"Los Angeles, USA",Android,Corporate Network,False,False,0
340,deposit,686.29,3433.11,Walmart,"New York, USA",Android,Home WiFi,False,False,0
341,deposit,275.24,4300.63,Apple Store,"Tokyo, Japan",iPhone,Home WiFi,False,False,0
342,withdrawal,218.42,1551.07,Walmart,"Berlin, Germany",iPhone,Home WiFi,False,True,0
343,deposit,902.93,3465.99,Target,"New York, USA",iPhone,Mobile Network,False,False,0
344,withdrawal,123.94,3122.5,Best Buy,"Paris, France",Windows Laptop,Public WiFi,False,False,0
344,phone_change,0.0,3122.5,0,"Los Angeles, USA",iPad,Mobile Network,False,False,0
345,deposit,534.57,2182.42,Amazon,"Paris, France",MacBook,Corporate Network,False,False,0
345,phone_change,0.0,2182.42,0,"Paris, France",iPhone,Public WiFi,False,False,0
346,deposit,614.62,4060.97,Amazon,"Los Angeles, USA",MacBook,Mobile Network,True,False,0
347,deposit,834.03,2127.95,Walmart,"Tokyo, Japan",Android,Corporate Network,False,False,0
348,deposit,674.26,4846.38,Target,"Los Angeles, USA",Android,Mobile Network,False,False,0
349,withdrawal,330.77,3405.07,Amazon,"Tokyo, Japan",MacBook,Mobile Network,False,False,0
350,withdrawal,498.41,2736.1600000000003,Best Buy,"Los Angeles, USA",Linux PC,Home WiFi,False,False,0
351,withdrawal,256.88,2619.8399999999997,Starbucks,"Los Angeles, USA",Windows Laptop,Public WiFi,False,False,0
352,deposit,964.05,2189.49,Best Buy,"Los Angeles, USA",Android,Corporate Network,False,False,0
353,withdrawal,484.42,2979.24,Starbucks,"New York, USA",MacBook,Corporate Network,False,False,0
354,withdrawal,122.59,1837.23,Best Buy,"Berlin, Germany",Android,Corporate Network,False,False,0
355,withdrawal,324.4,4224.79,Target,"Berlin, Germany",iPhone,Mobile Network,False,False,0
356,deposit,333.65,2229.48,Target,"London, UK",iPhone,Public WiFi,False,False,0
357,deposit,861.53,4062.66,Amazon,"New York, USA",Linux PC,Mobile Network,False,False,0
358,deposit,497.73,4488.719999999999,Target,"Paris, France",Windows Laptop,Corporate Network,False,False,0
359,withdrawal,276.01,4460.3,Best Buy,"New York, USA",Android,Public WiFi,False,False,0
360,deposit,658.94,5566.780000000001,Amazon,"Los Angeles, USA",Linux PC,Public WiFi,False,False,0
361,deposit,242.54,2189.76,Target,"New York, USA",Android,Public WiFi,False,False,0
362,deposit,615.24,5185.15,Target,"Paris, France",MacBook,Home WiFi,False,False,0
362,phone_change,0.0,5185.15,0,"Paris, France",MacBook,Mobile Network,False,False,0
363,deposit,208.27,2009.43,Apple Store,"Berlin, Germany",Android,Home WiFi,False,False,0
364,deposit,862.67,5328.0,Target,"New York, USA",Android,Public WiFi,False,False,0
365,deposit,694.26,4392.69,Amazon,"New York, USA",MacBook,Corporate Network,False,False,0
366,withdrawal,154.52,2411.46,Amazon,"Tokyo, Japan",MacBook,Public WiFi,False,False,0
367,withdrawal,82.27,2685.04,Amazon,"Los Angeles, USA",Windows Laptop,Public WiFi,False,False,0
368,withdrawal,100.74,3005.0800000000004,Starbucks,"Paris, France",MacBook,Mobile Network,False,False,0
369,withdrawal,160.84,4037.84,Target,"New York, USA",Windows Laptop,Mobile Network,False,False,0
370,deposit,821.56,4247.110000000001,Target,"Berlin, Germany",Android,Public WiFi,True,False,0
371,withdrawal,140.64,4027.2000000000003,Target,"Berlin, Germany",iPhone,Public WiFi,False,False,0
372,deposit,810.55,3504.1800000000003,Amazon,"London, UK",Windows Laptop,Corporate Network,False,False,0
373,deposit,760.59,3937.21,Walmart,"New York, USA",MacBook,Public WiFi,False,False,0
374,deposit,268.6,4631.79,Amazon,"Paris, France",Android,Mobile Network,False,False,0
375,deposit,801.11,2635.27,Starbucks,"New York, USA",iPhone,Mobile Network,False,False,0
376,withdrawal,222.08,2117.53,Best Buy,"Los Angeles, USA",iPhone,Public WiFi,False,False,0
377,withdrawal,241.78,2895.5299999999997,Starbucks,"Paris, France",Android,Corporate Network,False,False,0
378,deposit,389.23,5090.8099999999995,Apple Store,"Berlin, Germany",iPhone,Home WiFi,False,False,0
379,deposit,729.91,3111.81,Target,"New York, USA",iPhone,Home WiFi,True,False,0
380,withdrawal,94.71,4884.35,Starbucks,"Los Angeles, USA",Android,Public WiFi,False,False,0
381,deposit,198.12,1706.4699999999998,Amazon,"London, UK",Windows Laptop,Public WiFi,False,False,0
382,deposit,115.05,1347.2,Best Buy,"Tokyo, Japan",MacBook,Public WiFi,False,False,0
383,deposit,179.09,3108.77,Apple Store,"Paris, France",Linux PC,Home WiFi,False,False,0
384,withdrawal,226.37,4197.18,Amazon,"Paris, France",Android,Corporate Network,False,False,0
385,deposit,215.17,4558.32,Best Buy,"London, UK",iPad,Corporate Network,False,False,0
386,withdrawal,260.06,1964.08,Target,"Paris, France",iPhone,Mobile Network,False,False,0
386,password_change,0.0,1964.08,0,"London, UK",iPhone,Public WiFi,False,False,0
387,withdrawal,313.3,1706.05,Amazon,"London, UK",Windows Laptop,Mobile Network,False,False,0
388,withdrawal,103.18,3406.77,Amazon,"New York, USA",Android,Mobile Network,False,False,0
389,withdrawal,169.59,4162.41,Amazon,"New York, USA",MacBook,Mobile Network,False,False,0
390,deposit,404.45,3968.75,Walmart,"New York, USA",iPhone,Corporate Network,False,False,0
390,email_change,0.0,3968.75,0,"Los Angeles, USA",Android,Corporate Network,False,False,0
391,deposit,690.01,5068.3,Starbucks,"Berlin, Germany",iPhone,Home WiFi,False,False,0
392,withdrawal,142.08,4331.7300000000005,Apple Store,"New York, USA",iPhone,Public WiFi,False,False,0
392,email_change,0.0,4331.7300000000005,0,"Tokyo, Japan",MacBook,Mobile Network,False,False,0
393,deposit,210.01,3703.92,Walmart,"Tokyo, Japan",Android,Mobile Network,False,False,0
394,deposit,544.59,2690.71,Amazon,"New York, USA",Linux PC,Public WiFi,False,False,0
395,withdrawal,357.55,1042.0800000000002,Walmart,"New York, USA",MacBook,Corporate Network,False,False,0
396,withdrawal,110.71,4021.8900000000003,Amazon,"London, UK",iPad,Public WiFi,False,True,0
397,withdrawal,394.04,758.6200000000001,Amazon,"New York, USA",iPhone,Home WiFi,False,False,0
398,withdrawal,163.43,1564.74,Amazon,"London, UK",iPhone,Public WiFi,False,False,0
399,withdrawal,147.83,3211.88,Walmart,"Tokyo, Japan",Linux PC,Mobile Network,False,False,0
400,deposit,496.37,4433.150000000001,Walmart,"Los Angeles, USA",iPhone,Mobile Network,True,False,0
401,withdrawal,350.21,692.1099999999999,Walmart,"London, UK",Android,Home WiFi,False,False,0
402,deposit,528.46,3842.66,Amazon,"New York, USA",Android,Mobile Network,False,False,0
403,withdrawal,95.76,3767.74,Walmart,"London, UK",iPhone,Mobile Network,False,False,0
404,deposit,855.68,3024.77,Apple Store,"Berlin, Germany",Windows Laptop,Home WiFi,False,False,0
404,password_change,0.0,3024.77,0,"London, UK",Windows Laptop,Home WiFi,False,False,0
405,deposit,856.92,2425.55,Best Buy,"New York, USA",Linux PC,Corporate Network,False,False,0
406,withdrawal,207.47,3454.1200000000003,Target,"New York, USA",Android,Public WiFi,False,False,0
407,deposit,437.39,1755.7399999999998,Starbucks,"Los Angeles, USA",Windows Laptop,Mobile Network,False,False,0
407,phone_change,0.0,1755.7399999999998,0,"Paris, France",iPad,Public WiFi,False,False,0
408,deposit,909.29,3258.56,Starbucks,"Los Angeles, USA",iPhone,Home WiFi,False,False,0
409,withdrawal,66.51,3180.0499999999997,Walmart,"Tokyo, Japan",Android,Public WiFi,False,False,0
410,withdrawal,250.13,907.6899999999999,Amazon,"Los Angeles, USA",iPad,Corporate Network,False,False,0
411,deposit,517.57,4332.99,Apple Store,"Tokyo, Japan",Android,Corporate Network,False,False,0
411,email_change,0.0,4332.99,0,"Los Angeles, USA",iPhone,Home WiFi,False,False,0
412,deposit,454.04,4762.7699999999995,Starbucks,"Los Angeles, USA",Android,Home WiFi,False,False,0
413,withdrawal,315.3,4120.65,Amazon,"Berlin, Germany",Android,Mobile Network,False,False,0
414,deposit,281.11,2361.6800000000003,Amazon,"New York, USA",Android,Home WiFi,False,False,0
415,deposit,262.87,4689.76,Amazon,"Paris, France",Android,Home WiFi,False,False,0
416,deposit,175.49,2728.37,Walmart,"New York, USA",Windows Laptop,Public WiFi,False,False,0
417,withdrawal,185.91,3934.6400000000003,Best Buy,"New York, USA",Windows Laptop,Home WiFi,False,False,0
417,password_change,0.0,3934.6400000000003,0,"Los Angeles, USA",Android,Mobile Network,False,False,0
418,deposit,652.3,4705.18,Amazon,"Los Angeles, USA",Android,Home WiFi,True,False,0
419,withdrawal,291.37,3853.46,Amazon,"Tokyo, Japan",iPhone,Mobile Network,False,False,0
419,phone_change,0.0,3853.46,0,"Los Angeles, USA",Android,Corporate Network,False,False,0
420,deposit,523.45,1732.8400000000001,Target,"New York, USA",iPad,Mobile Network,False,False,0
421,deposit,644.66,3498.95,Best Buy,"Tokyo, Japan",Android,Mobile Network,False,False,0
422,deposit,617.22,3621.1099999999997,Walmart,"Tokyo, Japan",Android,Corporate Network,False,False,0
423,withdrawal,481.8,1564.5900000000001,Amazon,"New York, USA",MacBook,Public WiFi,False,False,0
424,deposit,781.72,3357.79,Amazon,"Berlin, Germany",Android,Mobile Network,False,False,0
425,deposit,714.7,2722.5699999999997,Starbucks,"Tokyo, Japan",iPad,Corporate Network,False,False,0
426,deposit,350.03,2120.3599999999997,Walmart,"New York, USA",Android,Mobile Network,False,False,0
427,withdrawal,242.13,2011.0,Amazon,"Los Angeles, USA",iPhone,Mobile Network,False,False,0
428,deposit,626.3,1704.03,Amazon,"London, UK",Windows Laptop,Corporate Network,False,False,0
429,withdrawal,315.53,4363.84,Walmart,"London, UK",Android,Corporate Network,False,False,0
429,email_change,0.0,4363.84,0,"New York, USA",MacBook,Corporate Network,False,False,0
430,withdrawal,321.61,1040.35,Amazon,"Paris, France",Android,Mobile Network,False,False,0
430,email_change,0.0,1040.35,0,"Los Angeles, USA",Android,Corporate Network,False,False,0
431,withdrawal,325.63,3313.74,Amazon,"New York, USA",iPhone,Home WiFi,False,False,0
431,phone_change,0.0,3313.74,0,"Los Angeles, USA",Windows Laptop,Corporate Network,False,False,0
432,deposit,485.39,3854.23,Amazon,"New York, USA",Android,Mobile Network,False,False,0
433,deposit,717.04,3537.29,Apple Store,"New York, USA",iPad,Public WiFi,False,False,0
434,withdrawal,204.24,2195.8900000000003,Walmart,"Tokyo, Japan",Windows Laptop,Public WiFi,False,False,0
435,deposit,964.07,3450.17,Walmart,"Los Angeles, USA",iPhone,Corporate Network,False,False,0
436,withdrawal,145.11,3302.24,Amazon,"Paris, France",MacBook,Mobile Network,False,False,0
437,withdrawal,344.37,1784.3600000000001,Amazon,"New York, USA",Windows Laptop,Corporate Network,False,False,0
437,password_change,0.0,1784.3600000000001,0,"Berlin, Germany",Windows Laptop,Mobile Network,False,False,0
438,deposit,669.1,4578.68,Amazon,"London, UK",iPad,Corporate Network,False,False,0
439,withdrawal,475.63,1265.0,Walmart,"New York, USA",MacBook,Mobile Network,False,False,0
440,withdrawal,277.2,2780.32,Amazon,"London, UK",Linux PC,Home WiFi,False,False,0
440,phone_change,0.0,2780.32,0,"Los Angeles, USA",iPhone,Mobile Network,False,False,0
441,withdrawal,469.62,3995.7,Apple Store,"New York, USA",Windows Laptop,Home WiFi,False,False,0
442,deposit,871.76,4697.73,Best Buy,"Los Angeles, USA",Windows Laptop,Mobile Network,False,False,0
443,deposit,178.18,4774.240000000001,Amazon,"Tokyo, Japan",iPhone,Public WiFi,False,False,0
444,deposit,844.81,2818.93,Best Buy,"Berlin, Germany",iPhone,Corporate Network,False,False,0
445,deposit,295.51,4683.01,Walmart,"London, UK",Android,Public WiFi,False,False,0
446,withdrawal,118.62,3067.2400000000002,Target,"New York, USA",Linux PC,Mobile Network,False,True,0
447,deposit,876.45,4527.58,Amazon,"New York, USA",MacBook,Corporate Network,False,False,0
448,withdrawal,350.86,3714.2599999999998,Starbucks,"New York, USA",Android,Home WiFi,False,True,0
449,withdrawal,294.93,1693.46,Best Buy,"New York, USA",iPad,Home WiFi,False,False,0
450,deposit,282.55,5270.62,Target,"Los Angeles, USA",iPad,Public WiFi,False,False,0
451,withdrawal,143.91,885.58,Walmart,"Los Angeles, USA",Windows Laptop,Public WiFi,False,False,0
452,deposit,214.9,4233.24,Amazon,"Los Angeles, USA",Android,Corporate Network,False,False,0
453,deposit,420.55,2069.8,Walmart,"Los Angeles, USA",iPad,Public WiFi,False,False,0
454,deposit,949.79,3285.69,Amazon,"London, UK",Android,Corporate Network,False,False,0
455,deposit,273.25,4602.87,Target,"Paris, France",Android,Public WiFi,False,False,0
456,deposit,103.94,5063.719999999999,Amazon,"Berlin, Germany",iPhone,Public WiFi,False,False,0
457,deposit,799.9,5653.83,Apple Store,"London, UK",Android,Public WiFi,False,False,0
458,deposit,898.98,3285.03,Apple Store,"New York, USA",Linux PC,Corporate Network,False,False,0
459,withdrawal,268.6,4687.92,Best Buy,"New York, USA",Android,Mobile Network,False,True,0
459,phone_change,0.0,4687.92,0,"Paris, France",iPhone,Mobile Network,False,True,0
460,deposit,162.57,4322.19,Walmart,"Los Angeles, USA",Windows Laptop,Corporate Network,False,False,0
461,withdrawal,155.42,4789.17,Amazon,"New York, USA",Android,Public WiFi,False,False,0
462,deposit,290.75,1676.07,Starbucks,"New York, USA",Android,Mobile Network,False,False,0
463,withdrawal,499.62,3753.3599999999997,Target,"Paris, France",iPhone,Mobile Network,False,False,0
464,withdrawal,76.23,3857.54,Best Buy,"New York, USA",Android,Corporate Network,True,False,0
465,deposit,841.13,2614.16,Target,"New York, USA",Windows Laptop,Mobile Network,False,False,0
466,withdrawal,341.69,3633.22,Apple Store,"London, UK",Windows Laptop,Public WiFi,False,False,0
467,deposit,289.8,5282.39,Apple Store,"London, UK",iPhone,Home WiFi,False,True,0
468,deposit,362.33,3343.47,Starbucks,"Tokyo, Japan",iPhone,Mobile Network,False,False,0
469,withdrawal,326.49,2475.66,Amazon,"New York, USA",Windows Laptop,Home WiFi,False,False,0
470,withdrawal,198.79,2034.29,Amazon,"Berlin, Germany",iPad,Public WiFi,False,False,0
471,withdrawal,407.28,2931.8,Amazon,"London, UK",MacBook,Home WiFi,False,False,0
472,deposit,879.8,4979.34,Walmart,"Los Angeles, USA",Android,Mobile Network,False,False,0
472,phone_change,0.0,4979.34,0,"Berlin, Germany",Android,Home WiFi,False,False,0
473,withdrawal,376.69,1065.4099999999999,Apple Store,"Tokyo, Japan",Android,Home WiFi,False,False,0
474,withdrawal,269.92,3567.7799999999997,Best Buy,"New York, USA",iPhone,Mobile Network,False,False,0
474,email_change,0.0,3567.7799999999997,0,"London, UK",Windows Laptop,Public WiFi,True,False,0
475,withdrawal,488.8,4243.929999999999,Best Buy,"London, UK",Windows Laptop,Corporate Network,False,False,0
475,phone_change,0.0,4243.929999999999,0,"Los Angeles, USA",Windows Laptop,Public WiFi,False,False,0
476,deposit,855.56,3257.07,Starbucks,"New York, USA",Linux PC,Corporate Network,False,False,0
476,password_change,0.0,3257.07,0,"Los Angeles, USA",Android,Mobile Network,False,False,0
477,withdrawal,382.68,3452.2200000000003,Apple Store,"New York, USA",MacBook,Home WiFi,False,False,0
477,phone_change,0.0,3452.2200000000003,0,"Paris, France",iPhone,Public WiFi,False,False,0
478,deposit,221.73,5159.799999999999,Best Buy,"London, UK",Windows Laptop,Mobile Network,False,True,0
478,phone_change,0.0,5159.799999999999,0,"Los Angeles, USA",Windows Laptop,Public WiFi,False,False,0
479,deposit,213.52,4741.93,Target,"London, UK",Windows Laptop,Corporate Network,False,False,0
480,withdrawal,239.06,788.53,Target,"London, UK",Android,Corporate Network,False,False,0
480,phone_change,0.0,788.53,0,"New York, USA",iPhone,Home WiFi,False,False,0
481,withdrawal,107.94,3529.72,Amazon,"Los Angeles, USA",iPad,Mobile Network,False,False,0
482,deposit,339.63,2082.28,Amazon,"New York, USA",iPhone,Home WiFi,False,False,0
483,deposit,729.05,5036.9800000000005,Best Buy,"Tokyo, Japan",Linux PC,Corporate Network,False,False,0
484,withdrawal,262.61,2322.7799999999997,Amazon,"Los Angeles, USA",iPhone,Mobile Network,False,False,0
484,phone_change,0.0,2322.7799999999997,0,"London, UK",Android,Corporate Network,False,False,0
485,deposit,903.16,5393.36,Best Buy,"Tokyo, Japan",iPhone,Corporate Network,False,True,0
485,email_change,0.0,5393.36,0,"London, UK",iPhone,Public WiFi,False,False,0
486,deposit,645.01,1961.33,Walmart,"London, UK",MacBook,Home WiFi,False,False,0
487,deposit,966.02,3075.23,Amazon,"Paris, France",Windows Laptop,Public WiFi,False,False,0
488,withdrawal,258.51,3422.54,Amazon,"New York, USA",iPhone,Corporate Network,False,False,0
489,deposit,107.1,4491.25,Amazon,"Tokyo, Japan",Android,Corporate Network,False,False,0
490,withdrawal,133.81,4251.429999999999,Amazon,"New York, USA",iPhone,Home WiFi,False,False,0
491,withdrawal,470.69,3187.85,Starbucks,"Los Angeles, USA",MacBook,Public WiFi,False,False,0
492,withdrawal,276.08,3173.14,Best Buy,"New York, USA",MacBook,Home WiFi,False,False,0
492,phone_change,0.0,3173.14,0,"Los Angeles, USA",Android,Home WiFi,False,False,0
493,withdrawal,118.76,4615.92,Walmart,"New York, USA",iPhone,Public WiFi,False,False,0
493,password_change,0.0,4615.92,0,"Los Angeles, USA",Android,Corporate Network,False,False,0
494,withdrawal,395.93,3785.1,Best Buy,"New York, USA",Windows Laptop,Public WiFi,False,False,0
495,deposit,473.15,2673.75,Target,"Los Angeles, USA",Windows Laptop,Corporate Network,False,False,0
496,withdrawal,208.05,3056.58,Amazon,"Tokyo, Japan",Android,Home WiFi,False,False,0
496,password_change,0.0,3056.58,0,"New York, USA",iPhone,Corporate Network,False,False,0
497,deposit,429.05,4561.27,Target,"Los Angeles, USA",Android,Corporate Network,False,False,0
498,withdrawal,67.93,4437.28,Target,"London, UK",iPhone,Corporate Network,False,True,0
499,deposit,481.37,4398.86,Walmart,"New York, USA",iPhone,Mobile Network,False,False,0
500,deposit,273.14,1599.35,Walmart,"Tokyo, Japan",MacBook,Public WiFi,False,False,0
501,deposit,990.64,3957.97,Amazon,"Los Angeles, USA",Windows Laptop,Corporate Network,False,False,0
502,deposit,113.89,2017.7900000000002,Walmart,"London, UK",Android,Public WiFi,False,False,0
503,withdrawal,127.15,917.1999999999999,Target,"Paris, France",Android,Mobile Network,False,False,0
503,email_change,0.0,917.1999999999999,0,"Berlin, Germany",Android,Home WiFi,False,False,0
504,deposit,706.51,5167.41,Target,"London, UK",iPad,Public WiFi,False,False,0
505,deposit,649.56,3224.43,Target,"Los Angeles, USA",Android,Home WiFi,False,False,0
506,withdrawal,213.22,3989.0400000000004,Walmart,"Berlin, Germany",Windows Laptop,Corporate Network,False,False,0
507,withdrawal,319.73,1649.42,Amazon,"Tokyo, Japan",iPhone,Home WiFi,False,False,0
508,withdrawal,260.61,3130.02,Apple Store,"Tokyo, Japan",iPhone,Public WiFi,False,False,0
509,deposit,946.81,3587.7,Target,"Los Angeles, USA",iPhone,Mobile Network,False,False,0
510,withdrawal,257.45,4480.97,Best Buy,"Tokyo, Japan",Linux PC,Corporate Network,False,False,0
510,email_change,0.0,4480.97,0,"New York, USA",MacBook,Public WiFi,False,False,0
511,deposit,528.75,4578.98,Apple Store,"Berlin, Germany",Linux PC,Mobile Network,False,False,0
512,deposit,672.36,2223.23,Walmart,"Los Angeles, USA",iPhone,Mobile Network,False,False,0
513,deposit,395.17,2792.63,Walmart,"Berlin, Germany",iPhone,Home WiFi,False,False,0
514,deposit,275.01,2358.37,Best Buy,"New York, USA",iPhone,Mobile Network,False,False,0
515,withdrawal,335.94,920.95,Starbucks,"Los Angeles, USA",iPhone,Public WiFi,False,False,0
516,withdrawal,417.49,1583.35,Target,"London, UK",MacBook,Home WiFi,False,False,0
517,withdrawal,484.85,2882.5,Best Buy,"Berlin, Germany",iPhone,Public WiFi,False,False,0
518,withdrawal,205.16,3853.1400000000003,Starbucks,"New York, USA",MacBook,Home WiFi,False,False,0
519,withdrawal,357.98,3845.2599999999998,Starbucks,"Berlin, Germany",iPad,Home WiFi,False,False,0
520,deposit,373.48,2182.74,Best Buy,"London, UK",MacBook,Mobile Network,False,False,0
521,withdrawal,402.17,3570.2599999999998,Amazon,"Los Angeles, USA",Linux PC,Home WiFi,False,False,0
522,deposit,501.21,4841.16,Amazon,"New York, USA",Android,Home WiFi,False,False,0
522,email_change,0.0,4841.16,0,"Los Angeles, USA",Android,Public WiFi,False,False,0
523,deposit,968.13,2993.53,Amazon,"London, UK",iPhone,Public WiFi,False,False,0
524,deposit,582.54,4709.79,Walmart,"New York, USA",Windows Laptop,Public WiFi,False,False,0
525,withdrawal,242.7,1100.06,Target,"Paris, France",Android,Corporate Network,False,False,0
526,deposit,589.28,4648.12,Apple Store,"New York, USA",Windows Laptop,Mobile Network,False,True,0
527,deposit,319.13,2469.9300000000003,Starbucks,"Paris, France",Android,Mobile Network,False,False,0
528,deposit,602.78,3502.92,Best Buy,"Tokyo, Japan",Android,Public WiFi,False,False,0
529,deposit,175.95,3478.8799999999997,Best Buy,"London, UK",Android,Home WiFi,False,False,0
529,email_change,0.0,3478.8799999999997,0,"New York, USA",Windows Laptop,Corporate Network,False,False,0
530,withdrawal,109.85,983.0300000000001,Amazon,"Tokyo, Japan",MacBook,Home WiFi,False,False,0
531,deposit,523.22,3538.1899999999996,Apple Store,"Los Angeles, USA",Windows Laptop,Home WiFi,False,True,0
532,deposit,349.4,5332.54,Best Buy,"New York, USA",iPad,Public WiFi,False,False,0
533,deposit,190.02,3943.97,Target,"New York, USA",iPhone,Public WiFi,False,False,0
534,deposit,164.81,4674.280000000001,Amazon,"Tokyo, Japan",iPhone,Public WiFi,False,False,0
535,deposit,220.84,2855.61,Amazon,"Tokyo, Japan",Linux PC,Home WiFi,False,False,0
535,password_change,0.0,2855.61,0,"New York, USA",Android,Corporate Network,False,False,0
536,deposit,865.64,4189.79,Amazon,"Tokyo, Japan",Linux PC,Public WiFi,False,False,0
536,email_change,0.0,4189.79,0,"New York, USA",iPhone,Corporate Network,False,False,0
537,withdrawal,238.33,1124.8000000000002,Best Buy,"New York, USA",iPhone,Mobile Network,False,False,0
538,deposit,819.46,5322.78,Best Buy,"Los Angeles, USA",iPhone,Home WiFi,False,False,0
539,withdrawal,290.1,4470.759999999999,Walmart,"New York, USA",Windows Laptop,Home WiFi,False,False,0
540,deposit,975.35,4973.29,Amazon,"New York, USA",Windows Laptop,Mobile Network,False,True,0
541,withdrawal,67.75,2204.0,Amazon,"New York, USA",Windows Laptop,Corporate Network,False,False,0
542,withdrawal,328.94,2558.08,Amazon,"Los Angeles, USA",iPhone,Mobile Network,False,False,0
543,deposit,186.72,3759.45,Starbucks,"Los Angeles, USA",iPhone,Corporate Network,False,False,0
543,password_change,0.0,3759.45,0,"Tokyo, Japan",Windows Laptop,Public WiFi,False,True,0
544,withdrawal,489.51,3121.3100000000004,Amazon,"New York, USA",Windows Laptop,Mobile Network,False,False,0
545,withdrawal,233.5,2364.95,Best Buy,"New York, USA",iPhone,Public WiFi,False,False,0
546,withdrawal,64.18,2991.1200000000003,Best Buy,"London, UK",MacBook,Home WiFi,False,False,0
547,withdrawal,245.41,3711.33,Walmart,"Tokyo, Japan",iPhone,Mobile Network,False,False,0
548,deposit,941.55,3710.74,Target,"Tokyo, Japan",MacBook,Corporate Network,False,False,0
549,deposit,666.91,4742.35,Best Buy,"London, UK",MacBook,Home WiFi,False,False,0
550,deposit,245.26,4314.49,Amazon,"Los Angeles, USA",Windows Laptop,Home WiFi,False,False,0
551,deposit,838.63,3230.3,Amazon,"New York, USA",Windows Laptop,Corporate Network,False,False,0
552,deposit,266.79,3589.75,Walmart,"Los Angeles, USA",Windows Laptop,Mobile Network,False,False,0
552,email_change,0.0,3589.75,0,"Tokyo, Japan",MacBook,Public WiFi,False,False,0
553,deposit,970.76,2894.1099999999997,Amazon,"Los Angeles, USA",iPhone,Public WiFi,False,False,0
554,deposit,355.45,2642.98,Apple Store,"Tokyo, Japan",Android,Public WiFi,False,False,0
555,deposit,618.04,5236.93,Walmart,"Los Angeles, USA",iPhone,Corporate Network,True,False,0
556,deposit,537.17,5072.2,Walmart,"New York, USA",iPhone,Public WiFi,False,False,0
557,deposit,934.77,3350.87,Walmart,"Los Angeles, USA",Android,Home WiFi,False,False,0
558,withdrawal,441.83,2968.27,Best Buy,"Paris, France",Android,Public WiFi,False,False,0
559,deposit,973.98,4645.5599999999995,Walmart,"Tokyo, Japan",iPad,Corporate Network,False,False,0
560,withdrawal,188.92,4805.62,Target,"London, UK",iPhone,Home WiFi,False,False,0
561,deposit,233.18,3377.6099999999997,Amazon,"New York, USA",Android,Public WiFi,True,False,0
562,withdrawal,395.86,4291.34,Walmart,"New York, USA",iPad,Home WiFi,False,False,0
563,deposit,181.25,3900.71,Target,"Berlin, Germany",iPhone,Home WiFi,False,False,0
564,withdrawal,212.93,2292.8,Walmart,"New York, USA",Windows Laptop,Corporate Network,False,False,0
565,withdrawal,199.83,4004.92,Walmart,"London, UK",Android,Home WiFi,False,False,0
566,deposit,272.86,3361.01,Best Buy,"Los Angeles, USA",Android,Public WiFi,False,True,0
567,deposit,473.77,1770.78,Apple Store,"New York, USA",MacBook,Home WiFi,False,False,0
568,deposit,180.57,1382.6,Target,"Berlin, Germany",Android,Public WiFi,False,False,0
569,withdrawal,284.11,1386.23,Best Buy,"Los Angeles, USA",Windows Laptop,Mobile Network,False,False,0
570,withdrawal,67.19,2061.45,Starbucks,"Paris, France",Android,Corporate Network,False,False,0
570,email_change,0.0,2061.45,0,"New York, USA",Android,Home WiFi,False,False,0
571,withdrawal,457.68,1538.6699999999998,Walmart,"Los Angeles, USA",Windows Laptop,Public WiFi,False,False,0
572,deposit,983.06,5059.95,Apple Store,"London, UK",Linux PC,Corporate Network,False,False,0
572,phone_change,0.0,5059.95,0,"London, UK",Android,Corporate Network,False,False,0
573,withdrawal,237.92,1636.23,Best Buy,"London, UK",Android,Mobile Network,False,False,0
574,withdrawal,338.35,1341.1599999999999,Amazon,"London, UK",Android,Public WiFi,False,False,0
575,deposit,875.37,2733.09,Amazon,"New York, USA",Windows Laptop,Corporate Network,False,False,0
576,deposit,562.72,5399.56,Amazon,"New York, USA",Android,Public WiFi,False,False,0
577,withdrawal,343.05,1308.18,Amazon,"Berlin, Germany",Windows Laptop,Corporate Network,False,False,0
578,deposit,583.46,3867.41,Starbucks,"New York, USA",iPhone,Public WiFi,False,False,0
578,email_change,0.0,3867.41,0,"New York, USA",Windows Laptop,Mobile Network,False,False,0
579,withdrawal,356.8,2772.0899999999997,Walmart,"Tokyo, Japan",iPhone,Public WiFi,True,True,0
579,password_change,0.0,2772.0899999999997,0,"New York, USA",Android,Corporate Network,False,False,0
580,deposit,717.98,4478.3,Amazon,"New York, USA",Android,Public WiFi,False,False,0
580,phone_change,0.0,4478.3,0,"Paris, France",MacBook,Mobile Network,False,False,0
581,deposit,911.06,3648.86,Amazon,"London, UK",Windows Laptop,Corporate Network,False,False,0
581,password_change,0.0,3648.86,0,"Los Angeles, USA",Windows Laptop,Mobile Network,False,False,0
582,withdrawal,467.35,1194.2599999999998,Starbucks,"New York, USA",Linux PC,Mobile Network,False,False,0
582,phone_change,0.0,1194.2599999999998,0,"Tokyo, Japan",MacBook,Public WiFi,False,False,0
583,withdrawal,160.03,3800.48,Starbucks,"New York, USA",Linux PC,Mobile Network,False,False,0
584,withdrawal,326.05,2266.24,Walmart,"New York, USA",MacBook,Home WiFi,True,False,0
585,deposit,819.19,3195.55,Amazon,"New York, USA",Android,Corporate Network,False,False,0
586,withdrawal,162.7,1744.08,Apple Store,"New York, USA",Android,Home WiFi,False,False,0
587,withdrawal,327.02,2967.68,Amazon,"Paris, France",Windows Laptop,Public WiFi,False,False,0
588,withdrawal,268.48,1514.04,Best Buy,"Tokyo, Japan",Android,Corporate Network,False,False,0
589,deposit,367.88,4730.31,Best Buy,"New York, USA",iPad,Mobile Network,False,True,0
590,deposit,154.01,3084.24,Walmart,"Tokyo, Japan",Android,Mobile Network,True,False,0
591,deposit,571.05,2989.3500000000004,Amazon,"New York, USA",MacBook,Public WiFi,False,False,0
592,deposit,615.0,4370.85,Amazon,"New York, USA",Windows Laptop,Public WiFi,False,False,0
592,email_change,0.0,4370.85,0,"Tokyo, Japan",Android,Mobile Network,False,False,0
593,deposit,348.87,2609.58,Amazon,"Paris, France",Android,Mobile Network,False,False,0
594,deposit,639.36,3535.69,Starbucks,"London, UK",Windows Laptop,Corporate Network,False,False,0
595,deposit,372.64,2265.06,Best Buy,"Tokyo, Japan",Windows Laptop,Public WiFi,False,False,0
596,withdrawal,85.3,2175.97,Target,"Los Angeles, USA",Linux PC,Home WiFi,False,False,0
597,deposit,700.22,5282.070000000001,Starbucks,"Paris, France",Windows Laptop,Mobile Network,False,False,0
598,withdrawal,328.63,3656.08,Amazon,"Paris, France",Android,Public WiFi,False,False,0
599,deposit,557.77,3588.35,Amazon,"New York, USA",Linux PC,Public WiFi,False,False,0
600,withdrawal,355.19,4521.81,Walmart,"Los Angeles, USA",Android,Corporate Network,False,False,0
601,withdrawal,66.34,4433.57,Target,"London, UK",iPhone,Mobile Network,False,False,0
602,withdrawal,432.26,1519.38,Apple Store,"New York, USA",iPhone,Public WiFi,True,False,0
603,withdrawal,403.57,2072.74,Best Buy,"London, UK",Android,Public WiFi,False,False,0
604,deposit,388.96,2276.89,Best Buy,"New York, USA",Windows Laptop,Home WiFi,False,False,0
604,password_change,0.0,2276.89,0,"Tokyo, Japan",iPhone,Corporate Network,False,False,0
605,deposit,733.04,2237.69,Walmart,"Berlin, Germany",iPad,Home WiFi,False,False,0
605,phone_change,0.0,2237.69,0,"New York, USA",Linux PC,Public WiFi,False,False,0
606,deposit,802.64,4495.7,Walmart,"Los Angeles, USA",iPhone,Home WiFi,False,False,0
607,deposit,658.1,5604.4400000000005,Target,"New York, USA",Windows Laptop,Corporate Network,False,False,0
608,deposit,494.37,2969.92,Best Buy,"Los Angeles, USA",Linux PC,Public WiFi,False,False,0
609,deposit,170.65,1747.51,Amazon,"New York, USA",Windows Laptop,Home WiFi,False,False,0
610,withdrawal,94.53,4527.2300000000005,Best Buy,"Paris, France",iPhone,Mobile Network,False,False,0
610,phone_change,0.0,4527.2300000000005,0,"Tokyo, Japan",Android,Public WiFi,False,False,0
611,deposit,569.42,3931.41,Walmart,"New York, USA",iPhone,Home WiFi,False,False,0
612,deposit,869.0,5361.48,Amazon,"Paris, France",MacBook,Corporate Network,False,False,0
613,deposit,302.6,1834.42,Amazon,"London, UK",iPhone,Mobile Network,False,False,0
614,deposit,495.89,4964.84,Starbucks,"London, UK",iPad,Public WiFi,False,False,0
615,withdrawal,131.86,2655.31,Starbucks,"Los Angeles, USA",Android,Home WiFi,False,False,0
616,deposit,257.97,2410.8,Amazon,"London, UK",Android,Mobile Network,False,False,0
616,password_change,0.0,2410.8,0,"London, UK",iPhone,Corporate Network,False,False,0
617,deposit,121.38,1455.3600000000001,Best Buy,"Los Angeles, USA",MacBook,Mobile Network,False,False,0
618,withdrawal,382.98,3421.44,Amazon,"Berlin, Germany",Windows Laptop,Mobile Network,False,False,0
619,deposit,475.82,1815.53,Apple Store,"New York, USA",iPhone,Home WiFi,False,False,0
620,deposit,858.15,5550.48,Apple Store,"New York, USA",Linux PC,Public WiFi,True,True,0
621,deposit,309.84,1952.25,Amazon,"Berlin, Germany",iPhone,Corporate Network,False,False,0
622,withdrawal,451.68,1885.6200000000001,Target,"Tokyo, Japan",Windows Laptop,Public WiFi,False,False,0
623,deposit,718.06,2746.1,Amazon,"Tokyo, Japan",iPhone,Corporate Network,False,False,0
624,deposit,926.52,2263.46,Best Buy,"New York, USA",MacBook,Mobile Network,False,False,0
625,deposit,387.32,3116.3700000000003,Target,"New York, USA",MacBook,Corporate Network,False,False,0
626,withdrawal,230.65,2234.36,Starbucks,"Los Angeles, USA",MacBook,Mobile Network,False,False,0
627,deposit,888.32,5590.549999999999,Amazon,"Los Angeles, USA",iPhone,Home WiFi,False,False,0
628,deposit,183.92,4744.21,Starbucks,"Tokyo, Japan",Android,Public WiFi,False,False,0
629,deposit,469.88,4485.2699999999995,Target,"New York, USA",MacBook,Home WiFi,False,False,0
630,deposit,415.27,3171.31,Target,"Los Angeles, USA",Android,Home WiFi,False,False,0
631,deposit,850.17,4212.8,Walmart,"New York, USA",Windows Laptop,Public WiFi,True,False,0
631,phone_change,0.0,4212.8,0,"Los Angeles, USA",Android,Corporate Network,False,False,0
632,withdrawal,80.76,4539.429999999999,Target,"Tokyo, Japan",iPhone,Mobile Network,False,False,0
633,withdrawal,133.86,992.6899999999999,Best Buy,"Paris, France",MacBook,Public WiFi,False,False,0
633,password_change,0.0,992.6899999999999,0,"New York, USA",iPhone,Home WiFi,False,False,0
634,deposit,409.36,3323.46,Best Buy,"London, UK",iPad,Corporate Network,False,False,0
634,password_change,0.0,3323.46,0,"Paris, France",Windows Laptop,Public WiFi,False,False,0
635,deposit,658.69,2918.42,Apple Store,"Tokyo, Japan",Android,Corporate Network,False,False,0
635,password_change,0.0,2918.42,0,"Los Angeles, USA",iPhone,Mobile Network,False,False,0
636,withdrawal,82.98,2592.8,Amazon,"London, UK",Windows Laptop,Mobile Network,False,False,0
637,deposit,828.38,4012.05,Target,"Los Angeles, USA",iPhone,Corporate Network,False,False,0
638,withdrawal,450.23,2831.2599999999998,Apple Store,"London, UK",Android,Public WiFi,False,True,0
639,withdrawal,97.69,2412.7799999999997,Walmart,"Berlin, Germany",iPhone,Home WiFi,False,False,0
640,deposit,412.74,1643.98,Walmart,"Los Angeles, USA",iPhone,Mobile Network,False,False,0
641,withdrawal,197.45,2861.27,Walmart,"New York, USA",Android,Home WiFi,True,False,0
642,withdrawal,224.07,3156.52,Apple Store,"Tokyo, Japan",Android,Public WiFi,False,False,0
643,deposit,713.46,5369.08,Starbucks,"Los Angeles, USA",iPhone,Corporate Network,False,False,0
644,withdrawal,223.32,4469.66,Amazon,"Tokyo, Japan",Windows Laptop,Mobile Network,False,False,0
645,deposit,196.59,1347.54,Best Buy,"New York, USA",Android,Mobile Network,False,False,0
646,deposit,912.69,2704.37,Apple Store,"Berlin, Germany",Windows Laptop,Home WiFi,False,False,0
647,withdrawal,413.74,1930.5400000000002,Amazon,"Paris, France",iPhone,Corporate Network,False,False,0
648,withdrawal,465.21,4450.24,Amazon,"New York, USA",iPhone,Public WiFi,False,False,0
649,deposit,281.11,2273.64,Target,"Berlin, Germany",Android,Mobile Network,False,False,0
650,deposit,187.79,4282.85,Amazon,"Los Angeles, USA",iPhone,Public WiFi,False,False,0
650,phone_change,0.0,4282.85,0,"Los Angeles, USA",Windows Laptop,Home WiFi,False,False,0
651,deposit,511.76,4378.19,Target,"New York, USA",Android,Home WiFi,False,False,0
652,deposit,213.62,1904.1799999999998,Apple Store,"Tokyo, Japan",iPhone,Corporate Network,False,False,0
653,deposit,480.15,4887.4,Target,"Berlin, Germany",iPhone,Corporate Network,False,False,0
654,deposit,590.95,2490.6400000000003,Target,"Paris, France",Android,Mobile Network,False,False,0
655,deposit,595.78,4483.75,Amazon,"Los Angeles, USA",iPhone,Corporate Network,False,False,0
656,withdrawal,52.57,4896.400000000001,Amazon,"Berlin, Germany",iPhone,Home WiFi,False,False,0
657,deposit,264.08,4710.69,Amazon,"London, UK",Android,Mobile Network,False,False,0
658,deposit,742.9,2011.21,Apple Store,"New York, USA",iPhone,Mobile Network,False,False,0
658,password_change,0.0,2011.21,0,"New York, USA",iPhone,Mobile Network,False,False,0
659,deposit,532.29,4710.53,Best Buy,"Los Angeles, USA",Windows Laptop,Corporate Network,False,False,0
660,deposit,450.5,1993.75,Walmart,"New York, USA",iPhone,Home WiFi,False,False,0
661,withdrawal,320.13,3967.2699999999995,Amazon,"New York, USA",iPhone,Corporate Network,False,False,0
661,email_change,0.0,3967.2699999999995,0,"Berlin, Germany",Android,Mobile Network,False,False,0
662,deposit,590.05,2072.52,Walmart,"Paris, France",iPhone,Mobile Network,False,False,0
662,phone_change,0.0,2072.52,0,"Paris, France",iPhone,Mobile Network,False,False,0
663,deposit,922.32,4311.08,Amazon,"New York, USA",Windows Laptop,Mobile Network,False,False,0
664,withdrawal,415.89,3390.79,Best Buy,"New York, USA",Windows Laptop,Public WiFi,False,False,0
665,deposit,854.31,5603.5,Starbucks,"New York, USA",iPhone,Corporate Network,False,False,0
666,deposit,993.71,5822.17,Amazon,"New York, USA",iPhone,Home WiFi,False,False,0
667,deposit,911.16,3761.49,Target,"Los Angeles, USA",Android,Mobile Network,False,False,0
668,deposit,792.95,4878.1,Best Buy,"London, UK",Android,Corporate Network,False,False,0
668,phone_change,0.0,4878.1,0,"Tokyo, Japan",iPhone,Mobile Network,False,False,0
669,withdrawal,268.88,2335.37,Walmart,"Tokyo, Japan",iPad,Corporate Network,False,False,0
669,phone_change,0.0,2335.37,0,"London, UK",iPhone,Public WiFi,False,False,0
670,deposit,656.98,4558.219999999999,Amazon,"Tokyo, Japan",Windows Laptop,Home WiFi,False,False,0
671,deposit,604.28,1963.25,Starbucks,"Los Angeles, USA",MacBook,Mobile Network,False,False,0
672,withdrawal,236.21,2485.63,Walmart,"Tokyo, Japan",MacBook,Mobile Network,False,False,0
673,deposit,246.8,4084.07,Target,"Los Angeles, USA",iPhone,Mobile Network,False,False,0
673,phone_change,0.0,4084.07,0,"Los Angeles, USA",iPhone,Mobile Network,False,False,0
674,withdrawal,218.8,3404.47,Best Buy,"Berlin, Germany",Android,Public WiFi,False,False,0
675,withdrawal,223.56,3843.37,Amazon,"London, UK",MacBook,Home WiFi,False,False,0
676,deposit,544.87,4714.5199999999995,Target,"Los Angeles, USA",Android,Public WiFi,False,False,0
677,deposit,400.2,2022.98,Amazon,"Berlin, Germany",Windows Laptop,Corporate Network,False,False,0
678,deposit,361.75,1668.75,Amazon,"New York, USA",iPhone,Public WiFi,False,False,0
679,deposit,502.05,2684.1200000000003,Amazon,"Tokyo, Japan",Windows Laptop,Public WiFi,False,False,0
680,deposit,558.67,3351.64,Walmart,"Tokyo, Japan",iPhone,Home WiFi,False,False,0
681,withdrawal,140.6,1297.8500000000001,Apple Store,"New York, USA",Linux PC,Home WiFi,False,False,0
682,deposit,927.03,2085.63,Amazon,"London, UK",Android,Home WiFi,False,False,0
683,deposit,453.67,5144.62,Starbucks,"Los Angeles, USA",Windows Laptop,Corporate Network,False,False,0
683,phone_change,0.0,5144.62,0,"Los Angeles, USA",iPad,Public WiFi,False,False,0
684,deposit,470.79,2017.0,Walmart,"Los Angeles, USA",MacBook,Corporate Network,False,False,0
685,withdrawal,463.04,4258.35,Walmart,"London, UK",Android,Corporate Network,False,False,0
686,deposit,937.2,5663.97,Walmart,"New York, USA",Android,Public WiFi,False,False,0
687,withdrawal,280.05,3392.8199999999997,Starbucks,"Paris, France",Windows Laptop,Public WiFi,False,False,0
688,withdrawal,77.69,1600.34,Starbucks,"Los Angeles, USA",Android,Mobile Network,False,False,0
689,withdrawal,404.62,1710.81,Walmart,"New York, USA",Android,Mobile Network,False,False,0
690,deposit,174.38,1680.5300000000002,Amazon,"London, UK",Android,Mobile Network,False,False,0
691,deposit,725.24,3271.1000000000004,Apple Store,"Tokyo, Japan",MacBook,Home WiFi,False,False,0
692,withdrawal,276.48,3156.94,Apple Store,"Tokyo, Japan",iPhone,Public WiFi,False,False,0
693,deposit,620.4,4492.21,Target,"New York, USA",iPhone,Home WiFi,False,False,0
694,withdrawal,166.95,4605.4400000000005,Best Buy,"Tokyo, Japan",MacBook,Corporate Network,False,False,0
695,deposit,449.02,2116.0,Starbucks,"New York, USA",Windows Laptop,Mobile Network,False,False,0
696,withdrawal,238.92,2516.79,Walmart,"New York, USA",MacBook,Mobile Network,False,False,0
697,withdrawal,421.27,981.27,Best Buy,"Los Angeles, USA",Windows Laptop,Public WiFi,True,False,0
698,deposit,667.38,4006.25,Amazon,"Berlin, Germany",Android,Mobile Network,False,False,0
699,withdrawal,176.68,2008.1299999999999,Amazon,"Tokyo, Japan",Windows Laptop,Corporate Network,False,False,0
699,email_change,0.0,2008.1299999999999,0,"New York, USA",Android,Mobile Network,False,False,0
700,deposit,665.43,2458.12,Starbucks,"New York, USA",iPhone,Mobile Network,False,False,0
701,deposit,501.26,1939.79,Target,"Los Angeles, USA",iPhone,Corporate Network,False,False,0
702,withdrawal,174.57,2982.46,Walmart,"Paris, France",iPhone,Public WiFi,False,False,0
702,password_change,0.0,2982.46,0,"New York, USA",Android,Mobile Network,False,False,0
703,deposit,901.07,4371.19,Walmart,"New York, USA",MacBook,Public WiFi,False,False,0
703,email_change,0.0,4371.19,0,"New York, USA",MacBook,Public WiFi,False,True,0
704,deposit,226.22,2413.58,Walmart,"Los Angeles, USA",Android,Public WiFi,False,False,0
705,deposit,679.9,3758.62,Walmart,"New York, USA",Linux PC,Public WiFi,False,False,0
706,deposit,637.66,4483.26,Target,"Tokyo, Japan",Android,Mobile Network,False,False,0
707,deposit,547.56,2936.2599999999998,Starbucks,"New York, USA",Windows Laptop,Corporate Network,False,False,0
708,deposit,636.35,5448.13,Walmart,"New York, USA",Android,Public WiFi,False,True,0
709,withdrawal,52.18,2572.82,Walmart,"Paris, France",Windows Laptop,Mobile Network,False,False,0
710,deposit,503.49,1794.29,Target,"New York, USA",iPhone,Public WiFi,False,False,0
711,deposit,909.59,3386.94,Apple Store,"London, UK",iPhone,Public WiFi,False,False,0
712,deposit,475.79,5302.81,Walmart,"Los Angeles, USA",Android,Home WiFi,False,False,0
712,phone_change,0.0,5302.81,0,"Los Angeles, USA",MacBook,Home WiFi,False,False,0
713,deposit,264.53,5194.86,Best Buy,"Tokyo, Japan",Linux PC,Public WiFi,False,True,0
714,deposit,236.22,1991.89,Apple Store,"New York, USA",iPhone,Mobile Network,False,False,0
715,deposit,166.39,5144.09,Best Buy,"New York, USA",Android,Corporate Network,False,False,0
716,deposit,254.72,1281.68,Amazon,"New York, USA",Linux PC,Home WiFi,False,False,0
717,deposit,791.61,2855.85,Amazon,"Tokyo, Japan",Android,Corporate Network,False,False,0
718,deposit,540.17,4683.33,Amazon,"Paris, France",iPad,Mobile Network,False,False,0
719,withdrawal,213.21,3578.6,Amazon,"New York, USA",Android,Corporate Network,False,False,0
720,deposit,481.7,1509.3500000000001,Amazon,"New York, USA",iPad,Home WiFi,False,False,0
721,deposit,259.26,3266.13,Best Buy,"London, UK",iPhone,Corporate Network,False,False,0
722,withdrawal,100.83,2871.03,Walmart,"Tokyo, Japan",Android,Corporate Network,False,False,0
723,withdrawal,279.53,2015.49,Best Buy,"Los Angeles, USA",iPad,Corporate Network,False,False,0
724,deposit,827.74,5801.63,Best Buy,"New York, USA",Linux PC,Home WiFi,False,False,0
725,deposit,488.85,2465.7,Walmart,"London, UK",MacBook,Public WiFi,False,False,0
726,deposit,695.59,5173.75,Best Buy,"Paris, France",Android,Corporate Network,False,False,0
726,email_change,0.0,5173.75,0,"Berlin, Germany",iPhone,Corporate Network,False,False,0
727,deposit,194.01,2643.6499999999996,Amazon,"Berlin, Germany",MacBook,Public WiFi,False,False,0
728,deposit,421.22,4670.2,Best Buy,"Berlin, Germany",Windows Laptop,Home WiFi,False,False,0
729,withdrawal,424.21,3753.12,Walmart,"Los Angeles, USA",iPhone,Public WiFi,False,False,0
730,deposit,123.01,1505.31,Walmart,"Tokyo, Japan",Android,Mobile Network,False,False,0
731,withdrawal,431.36,2270.19,Walmart,"London, UK",iPhone,Corporate Network,False,False,0
731,email_change,0.0,2270.19,0,"Los Angeles, USA",iPhone,Public WiFi,False,True,0
732,withdrawal,358.1,3380.44,Best Buy,"Berlin, Germany",iPhone,Mobile Network,False,False,0
732,password_change,0.0,3380.44,0,"Los Angeles, USA",iPad,Corporate Network,False,True,0
733,withdrawal,293.71,2248.6,Best Buy,"New York, USA",Android,Home WiFi,False,False,0
734,withdrawal,202.86,3379.0299999999997,Best Buy,"Berlin, Germany",iPhone,Mobile Network,False,False,0
735,deposit,700.42,3630.4700000000003,Walmart,"New York, USA",iPhone,Corporate Network,False,False,0
736,deposit,445.89,2622.91,Apple Store,"Paris, France",Linux PC,Corporate Network,False,False,0
737,withdrawal,252.15,862.4499999999999,Amazon,"New York, USA",Android,Home WiFi,False,False,0
738,withdrawal,357.17,4306.07,Walmart,"Paris, France",iPhone,Mobile Network,False,False,0
739,deposit,437.69,3058.87,Amazon,"London, UK",Windows Laptop,Home WiFi,False,False,0
739,email_change,0.0,3058.87,0,"London, UK",iPhone,Corporate Network,False,False,0
740,deposit,120.0,4166.96,Amazon,"Paris, France",MacBook,Home WiFi,False,False,0
741,deposit,103.32,4907.0199999999995,Amazon,"New York, USA",MacBook,Corporate Network,False,False,0
742,withdrawal,357.73,2774.13,Target,"London, UK",Windows Laptop,Public WiFi,False,False,0
742,password_change,0.0,2774.13,0,"London, UK",iPhone,Mobile Network,False,True,0
743,deposit,701.06,3869.81,Best Buy,"Berlin, Germany",Windows Laptop,Corporate Network,True,False,0
744,deposit,653.41,4625.05,Amazon,"London, UK",iPhone,Corporate Network,False,False,0
745,deposit,863.18,5458.2300000000005,Target,"Tokyo, Japan",iPhone,Public WiFi,False,False,0
746,deposit,185.16,2906.93,Amazon,"London, UK",iPhone,Public WiFi,False,False,0
747,deposit,517.46,3481.76,Walmart,"Paris, France",MacBook,Home WiFi,False,False,0
748,withdrawal,474.5,4021.29,Apple Store,"Tokyo, Japan",Android,Home WiFi,False,False,0
748,email_change,0.0,4021.29,0,"Los Angeles, USA",iPhone,Home WiFi,False,False,0
749,withdrawal,140.68,3260.9900000000002,Walmart,"New York, USA",MacBook,Corporate Network,False,False,0
750,deposit,832.08,4363.26,Amazon,"Tokyo, Japan",iPhone,Corporate Network,False,False,0
751,deposit,482.52,3674.91,Amazon,"Berlin, Germany",MacBook,Home WiFi,False,False,0
752,deposit,203.06,1402.6399999999999,Amazon,"Los Angeles, USA",iPhone,Corporate Network,False,False,0
753,deposit,902.43,5582.35,Walmart,"Los Angeles, USA",Linux PC,Mobile Network,False,False,0
754,withdrawal,327.62,861.33,Target,"Los Angeles, USA",Android,Mobile Network,False,False,0
755,deposit,966.7,5362.96,Target,"Berlin, Germany",iPhone,Corporate Network,False,False,0
756,deposit,923.21,4898.25,Amazon,"Berlin, Germany",iPhone,Public WiFi,False,False,0
757,withdrawal,111.22,2965.6200000000003,Target,"New York, USA",MacBook,Corporate Network,False,False,0
758,withdrawal,142.56,4333.849999999999,Target,"New York, USA",MacBook,Corporate Network,False,False,0
759,deposit,421.5,3951.68,Amazon,"New York, USA",Android,Mobile Network,False,False,0
759,phone_change,0.0,3951.68,0,"Berlin, Germany",iPhone,Public WiFi,False,True,0
760,withdrawal,397.94,4113.3,Target,"New York, USA",iPhone,Corporate Network,False,False,0
761,deposit,584.11,2818.71,Starbucks,"London, UK",MacBook,Home WiFi,False,False,0
762,withdrawal,416.82,4188.62,Target,"Los Angeles, USA",iPad,Mobile Network,False,False,0
763,withdrawal,247.15,981.5500000000001,Apple Store,"Los Angeles, USA",Android,Home WiFi,False,False,0
764,withdrawal,224.73,4291.580000000001,Amazon,"New York, USA",MacBook,Home WiFi,True,False,0
765,deposit,896.67,3667.52,Target,"New York, USA",iPhone,Mobile Network,False,False,0
766,withdrawal,258.4,2695.3399999999997,Amazon,"Paris, France",MacBook,Home WiFi,False,False,0
767,withdrawal,490.85,2382.07,Walmart,"New York, USA",iPhone,Corporate Network,False,False,0
768,deposit,592.09,3820.82,Target,"Tokyo, Japan",Android,Home WiFi,False,False,0
768,phone_change,0.0,3820.82,0,"Tokyo, Japan",MacBook,Mobile Network,False,False,0
769,withdrawal,165.54,4779.81,Best Buy,"New York, USA",Android,Home WiFi,False,False,0
770,deposit,526.3,1819.77,Best Buy,"New York, USA",Android,Public WiFi,False,False,0
770,password_change,0.0,1819.77,0,"New York, USA",Linux PC,Home WiFi,False,False,0
771,withdrawal,297.45,2525.79,Target,"Los Angeles, USA",Android,Home WiFi,False,False,0
772,deposit,245.23,1740.04,Walmart,"New York, USA",iPhone,Corporate Network,True,False,0
773,deposit,345.8,4967.46,Amazon,"Los Angeles, USA",Windows Laptop,Mobile Network,False,False,0
774,deposit,285.02,4379.45,Walmart,"London, UK",iPhone,Home WiFi,False,False,0
775,withdrawal,304.07,4451.38,Best Buy,"Los Angeles, USA",Android,Home WiFi,False,False,0
776,deposit,961.01,5629.9800000000005,Starbucks,"Berlin, Germany",Android,Mobile Network,False,False,0
777,deposit,774.15,5768.37,Starbucks,"New York, USA",Android,Home WiFi,False,False,0
778,deposit,316.03,2705.5600000000004,Walmart,"Tokyo, Japan",iPhone,Mobile Network,False,False,0
779,withdrawal,129.87,2821.69,Walmart,"New York, USA",iPhone,Public WiFi,False,False,0
780,withdrawal,116.95,4082.0299999999997,Best Buy,"Berlin, Germany",Windows Laptop,Home WiFi,False,False,0
781,withdrawal,213.48,1982.4499999999998,Amazon,"Tokyo, Japan",Android,Public WiFi,False,False,0
782,deposit,711.68,4161.42,Amazon,"Tokyo, Japan",Android,Corporate Network,True,False,0
783,deposit,564.95,5158.099999999999,Walmart,"Los Angeles, USA",iPhone,Mobile Network,False,True,0
784,deposit,346.27,4297.219999999999,Apple Store,"New York, USA",iPhone,Public WiFi,False,False,0
785,deposit,399.08,3928.04,Amazon,"Los Angeles, USA",Android,Mobile Network,False,False,0
786,deposit,896.59,5325.71,Target,"Tokyo, Japan",Android,Home WiFi,False,False,0
786,phone_change,0.0,5325.71,0,"Los Angeles, USA",iPad,Corporate Network,False,False,0
787,deposit,100.3,4005.54,Target,"New York, USA",iPad,Mobile Network,False,False,0
788,deposit,673.91,2737.96,Amazon,"London, UK",iPhone,Corporate Network,False,False,0
789,withdrawal,406.35,2551.02,Apple Store,"New York, USA",Windows Laptop,Corporate Network,False,False,0
790,deposit,883.56,5239.82,Apple Store,"Los Angeles, USA",Windows Laptop,Mobile Network,False,False,0
791,withdrawal,459.32,2452.33,Best Buy,"New York, USA",Linux PC,Public WiFi,False,False,0
792,withdrawal,168.27,3627.09,Amazon,"Los Angeles, USA",Windows Laptop,Corporate Network,False,False,0
792,phone_change,0.0,3627.09,0,"Tokyo, Japan",Android,Home WiFi,False,False,0
793,deposit,495.4,1993.0500000000002,Amazon,"Berlin, Germany",iPhone,Public WiFi,False,False,0
794,withdrawal,410.06,4233.95,Best Buy,"London, UK",MacBook,Mobile Network,False,False,0
795,deposit,211.68,1652.1000000000001,Apple Store,"Los Angeles, USA",iPhone,Corporate Network,True,False,0
796,deposit,194.8,2072.27,Amazon,"New York, USA",MacBook,Corporate Network,False,False,0
796,phone_change,0.0,2072.27,0,"London, UK",Windows Laptop,Corporate Network,False,False,0
797,deposit,926.56,5790.700000000001,Best Buy,"London, UK",Windows Laptop,Mobile Network,False,False,0
798,deposit,813.83,3321.63,Target,"Paris, France",iPhone,Corporate Network,False,False,0
799,deposit,952.28,4843.39,Target,"Los Angeles, USA",Windows Laptop,Corporate Network,False,False,0
800,deposit,798.25,2256.5699999999997,Apple Store,"Paris, France",iPhone,Public WiFi,True,False,0
801,deposit,353.23,3584.13,Best Buy,"New York, USA",Windows Laptop,Corporate Network,False,False,0
802,deposit,419.15,3018.65,Walmart,"Tokyo, Japan",Windows Laptop,Corporate Network,True,False,0
802,phone_change,0.0,3018.65,0,"New York, USA",Windows Laptop,Public WiFi,False,False,0
803,deposit,490.24,1659.0,Best Buy,"New York, USA",iPad,Home WiFi,False,False,0
804,deposit,797.46,3432.13,Apple Store,"Berlin, Germany",Android,Corporate Network,False,False,0
805,withdrawal,494.95,2049.28,Apple Store,"Berlin, Germany",iPad,Home WiFi,False,False,0
806,deposit,523.11,5378.17,Target,"Tokyo, Japan",Windows Laptop,Home WiFi,False,False,0
807,withdrawal,83.14,2286.29,Amazon,"London, UK",Android,Public WiFi,False,False,0
808,deposit,942.45,3640.33,Amazon,"Los Angeles, USA",Android,Home WiFi,True,False,0
809,deposit,378.17,1436.6000000000001,Walmart,"London, UK",Windows Laptop,Public WiFi,False,False,0
810,deposit,939.67,4638.88,Walmart,"New York, USA",Android,Mobile Network,False,False,0
811,deposit,962.1,5803.570000000001,Amazon,"Los Angeles, USA",iPhone,Public WiFi,True,False,0
812,withdrawal,261.01,3433.04,Apple Store,"London, UK",Windows Laptop,Mobile Network,False,False,0
813,deposit,816.29,5796.99,Starbucks,"New York, USA",iPhone,Mobile Network,False,False,0
814,deposit,927.95,2202.7200000000003,Amazon,"New York, USA",iPhone,Mobile Network,False,False,0
815,deposit,806.88,2053.35,Amazon,"Berlin, Germany",iPad,Home WiFi,False,False,0
815,password_change,0.0,2053.35,0,"Los Angeles, USA",Windows Laptop,Mobile Network,False,False,0
816,deposit,511.05,1650.1299999999999,Best Buy,"London, UK",Windows Laptop,Corporate Network,False,False,0
816,password_change,0.0,1650.1299999999999,0,"Los Angeles, USA",iPhone,Public WiFi,False,False,0
817,deposit,411.16,4170.84,Amazon,"London, UK",Windows Laptop,Corporate Network,False,False,0
818,withdrawal,190.51,2295.9300000000003,Walmart,"New York, USA",Windows Laptop,Public WiFi,False,True,0
818,password_change,0.0,2295.9300000000003,0,"London, UK",MacBook,Public WiFi,True,False,0
819,withdrawal,286.91,1134.9499999999998,Walmart,"Tokyo, Japan",MacBook,Corporate Network,False,False,0
820,deposit,466.37,1967.5500000000002,Best Buy,"London, UK",Windows Laptop,Public WiFi,False,True,0
821,deposit,643.31,3972.75,Best Buy,"Los Angeles, USA",MacBook,Corporate Network,False,False,0
821,phone_change,0.0,3972.75,0,"London, UK",MacBook,Public WiFi,False,False,0
822,deposit,764.61,4034.44,Target,"Los Angeles, USA",iPhone,Mobile Network,True,False,0
823,withdrawal,301.92,1435.98,Amazon,"London, UK",iPhone,Corporate Network,False,False,0
824,deposit,573.63,3339.03,Amazon,"Los Angeles, USA",Windows Laptop,Mobile Network,False,False,0
825,deposit,148.02,4833.0,Amazon,"London, UK",Android,Mobile Network,True,False,0
825,phone_change,0.0,4833.0,0,"New York, USA",Windows Laptop,Mobile Network,False,False,0
826,withdrawal,70.8,3858.7999999999997,Starbucks,"Paris, France",MacBook,Mobile Network,False,False,0
826,phone_change,0.0,3858.7999999999997,0,"Berlin, Germany",Android,Home WiFi,False,False,0
827,deposit,423.63,1587.3000000000002,Starbucks,"New York, USA",Android,Public WiFi,False,True,0
828,withdrawal,386.29,1983.4299999999998,Walmart,"Tokyo, Japan",iPhone,Home WiFi,False,False,0
829,deposit,417.93,1750.47,Best Buy,"Los Angeles, USA",Windows Laptop,Mobile Network,False,False,0
830,withdrawal,283.66,1072.1799999999998,Amazon,"New York, USA",iPhone,Mobile Network,False,False,0
831,deposit,170.96,3883.4900000000002,Apple Store,"Los Angeles, USA",Windows Laptop,Public WiFi,False,True,0
832,deposit,319.47,3870.1899999999996,Amazon,"Paris, France",iPhone,Public WiFi,False,False,0
833,deposit,302.03,3737.1000000000004,Amazon,"Tokyo, Japan",Android,Mobile Network,False,False,0
834,withdrawal,182.37,4785.06,Target,"New York, USA",iPad,Public WiFi,True,False,0
835,deposit,426.91,4151.14,Apple Store,"Tokyo, Japan",Linux PC,Mobile Network,False,False,0
836,withdrawal,272.5,3809.3,Starbucks,"New York, USA",Android,Corporate Network,False,False,0
837,deposit,640.09,2627.19,Target,"New York, USA",iPhone,Mobile Network,False,True,0
838,deposit,682.36,5572.509999999999,Amazon,"Tokyo, Japan",iPhone,Public WiFi,False,False,0
838,password_change,0.0,5572.509999999999,0,"New York, USA",Linux PC,Corporate Network,False,False,0
839,withdrawal,133.16,4781.16,Amazon,"Los Angeles, USA",Android,Public WiFi,False,False,0
840,deposit,811.95,2053.34,Amazon,"Paris, France",MacBook,Home WiFi,False,False,0
841,withdrawal,260.59,1988.59,Amazon,"Los Angeles, USA",Windows Laptop,Mobile Network,False,False,0
841,email_change,0.0,1988.59,0,"New York, USA",Windows Laptop,Mobile Network,False,False,0
842,deposit,980.34,4850.39,Best Buy,"New York, USA",Linux PC,Mobile Network,False,False,0
843,withdrawal,100.86,2358.46,Walmart,"New York, USA",iPhone,Home WiFi,False,False,0
844,deposit,960.68,5477.92,Walmart,"Los Angeles, USA",iPhone,Corporate Network,False,False,0
845,deposit,534.01,4480.23,Walmart,"New York, USA",Windows Laptop,Mobile Network,False,True,0
846,deposit,804.71,3029.67,Walmart,"New York, USA",iPhone,Public WiFi,False,False,0
847,deposit,764.59,5710.1,Amazon,"New York, USA",MacBook,Home WiFi,False,False,0
848,deposit,899.85,5302.610000000001,Amazon,"Tokyo, Japan",Windows Laptop,Mobile Network,False,False,0
849,deposit,382.29,5336.2699999999995,Amazon,"Los Angeles, USA",iPhone,Home WiFi,False,False,0
850,deposit,374.08,2288.66,Target,"Tokyo, Japan",Android,Mobile Network,False,False,0
851,deposit,337.02,1845.43,Amazon,"Tokyo, Japan",iPhone,Home WiFi,False,False,0
852,withdrawal,494.31,1363.25,Walmart,"New York, USA",Linux PC,Mobile Network,False,False,0
853,deposit,744.16,3449.17,Starbucks,"Tokyo, Japan",Android,Home WiFi,False,False,0
854,withdrawal,440.87,719.4699999999999,Target,"New York, USA",iPad,Public WiFi,False,False,0
854,password_change,0.0,719.4699999999999,0,"New York, USA",Windows Laptop,Mobile Network,False,False,0
855,deposit,865.73,3690.21,Amazon,"Los Angeles, USA",Windows Laptop,Corporate Network,False,False,0
856,withdrawal,482.47,3023.49,Amazon,"New York, USA",MacBook,Home WiFi,False,False,0
857,deposit,765.97,5374.530000000001,Target,"Los Angeles, USA",iPhone,Corporate Network,False,False,0
858,withdrawal,215.92,1415.3899999999999,Amazon,"London, UK",MacBook,Mobile Network,False,False,0
859,deposit,557.23,2176.73,Starbucks,"Tokyo, Japan",iPhone,Corporate Network,False,False,0
860,deposit,424.58,4569.48,Walmart,"London, UK",MacBook,Home WiFi,False,False,0
861,deposit,250.28,5109.07,Amazon,"New York, USA",MacBook,Mobile Network,False,False,0
862,deposit,219.19,4999.679999999999,Amazon,"Berlin, Germany",Android,Corporate Network,False,False,0
862,email_change,0.0,4999.679999999999,0,"New York, USA",Windows Laptop,Corporate Network,False,True,0
863,withdrawal,183.71,1806.4099999999999,Best Buy,"New York, USA",iPhone,Public WiFi,False,False,0
864,deposit,259.7,2416.95,Target,"New York, USA",Android,Public WiFi,False,False,0
865,deposit,150.19,3771.2400000000002,Amazon,"Paris, France",iPhone,Mobile Network,False,False,0
866,withdrawal,166.95,2436.0800000000004,Target,"Tokyo, Japan",iPhone,Public WiFi,False,False,0
867,deposit,467.51,5367.14,Amazon,"Paris, France",Android,Corporate Network,False,True,0
868,deposit,366.76,3482.6400000000003,Amazon,"London, UK",MacBook,Home WiFi,False,False,0
869,withdrawal,296.5,2057.43,Best Buy,"Tokyo, Japan",iPad,Corporate Network,False,False,0
870,deposit,535.28,4422.22,Amazon,"New York, USA",Android,Mobile Network,False,False,0
871,deposit,113.1,2064.23,Walmart,"Berlin, Germany",MacBook,Public WiFi,False,False,0
872,withdrawal,157.26,4716.17,Amazon,"Paris, France",Linux PC,Mobile Network,False,True,0
873,withdrawal,288.15,3685.7799999999997,Apple Store,"Tokyo, Japan",MacBook,Mobile Network,False,False,0
874,deposit,661.7,2586.29,Amazon,"Tokyo, Japan",iPhone,Mobile Network,False,False,0
875,deposit,711.47,2483.2799999999997,Best Buy,"Los Angeles, USA",iPhone,Corporate Network,False,False,0
876,withdrawal,195.69,2234.15,Starbucks,"New York, USA",iPhone,Corporate Network,False,False,0
877,deposit,225.52,2043.1399999999999,Amazon,"New York, USA",MacBook,Public WiFi,False,False,0
878,withdrawal,185.84,1084.5800000000002,Target,"London, UK",iPhone,Corporate Network,False,False,0
879,deposit,796.4,3982.07,Target,"Tokyo, Japan",MacBook,Mobile Network,False,False,0
879,email_change,0.0,3982.07,0,"Los Angeles, USA",Android,Corporate Network,False,False,0
880,deposit,756.95,4308.37,Target,"New York, USA",MacBook,Public WiFi,False,False,0
880,password_change,0.0,4308.37,0,"Tokyo, Japan",Windows Laptop,Home WiFi,False,False,0
881,deposit,542.57,5242.44,Target,"Los Angeles, USA",Linux PC,Mobile Network,False,False,0
882,withdrawal,383.03,708.3500000000001,Amazon,"Los Angeles, USA",iPhone,Home WiFi,False,False,0
883,deposit,873.36,3328.96,Apple Store,"Berlin, Germany",iPhone,Home WiFi,False,False,0
884,deposit,905.82,3849.05,Starbucks,"New York, USA",iPhone,Corporate Network,False,False,0
884,password_change,0.0,3849.05,0,"Los Angeles, USA",iPhone,Mobile Network,False,False,0
885,withdrawal,370.5,4290.48,Amazon,"London, UK",iPhone,Public WiFi,True,False,0
886,deposit,463.54,4546.47,Target,"Berlin, Germany",Android,Mobile Network,False,False,0
887,withdrawal,364.34,4360.63,Amazon,"Los Angeles, USA",MacBook,Corporate Network,False,False,0
888,deposit,611.45,5057.73,Walmart,"Tokyo, Japan",Windows Laptop,Public WiFi,False,False,0
889,deposit,419.18,2056.59,Best Buy,"New York, USA",Android,Corporate Network,False,False,0
889,phone_change,0.0,2056.59,0,"Los Angeles, USA",Android,Home WiFi,False,False,0
890,withdrawal,97.51,4684.2699999999995,Starbucks,"New York, USA",iPhone,Public WiFi,True,False,0
891,deposit,699.26,4864.71,Walmart,"Paris, France",iPhone,Mobile Network,False,False,0
892,deposit,703.0,4489.219999999999,Best Buy,"Berlin, Germany",Linux PC,Corporate Network,False,False,0
892,email_change,0.0,4489.219999999999,0,"New York, USA",MacBook,Public WiFi,False,False,0
893,withdrawal,57.6,1621.2900000000002,Walmart,"Berlin, Germany",iPhone,Public WiFi,False,False,0
894,withdrawal,203.7,4234.84,Best Buy,"Tokyo, Japan",Android,Mobile Network,False,False,0
895,deposit,922.58,4012.49,Walmart,"Tokyo, Japan",Android,Corporate Network,False,False,0
896,deposit,688.93,4855.05,Amazon,"Paris, France",MacBook,Mobile Network,False,False,0
897,deposit,184.79,1921.1299999999999,Apple Store,"New York, USA",iPhone,Home WiFi,False,False,0
898,deposit,807.25,3377.13,Best Buy,"Los Angeles, USA",iPhone,Home WiFi,False,False,0
899,deposit,204.68,5141.990000000001,Target,"New York, USA",iPhone,Public WiFi,False,False,0
899,password_change,0.0,5141.990000000001,0,"Los Angeles, USA",iPhone,Public WiFi,False,False,0
900,deposit,828.51,3102.67,Walmart,"London, UK",Windows Laptop,Public WiFi,False,False,0
900,password_change,0.0,3102.67,0,"Los Angeles, USA",Windows Laptop,Mobile Network,False,False,0
901,deposit,329.7,2517.0,Amazon,"Tokyo, Japan",Linux PC,Mobile Network,False,False,0
902,deposit,156.71,1672.21,Amazon,"Los Angeles, USA",iPhone,Mobile Network,False,False,0
903,deposit,642.35,3847.08,Target,"Paris, France",iPhone,Corporate Network,False,False,0
904,withdrawal,488.34,4263.93,Amazon,"London, UK",Android,Home WiFi,False,False,0
905,deposit,106.01,3534.0200000000004,Walmart,"New York, USA",iPhone,Corporate Network,False,False,0
905,email_change,0.0,3534.0200000000004,0,"Los Angeles, USA",iPhone,Public WiFi,False,False,0
906,deposit,800.17,2825.2799999999997,Amazon,"New York, USA",iPhone,Public WiFi,False,False,0
907,deposit,717.05,5414.56,Amazon,"London, UK",iPhone,Mobile Network,False,False,0
908,withdrawal,139.98,3274.89,Target,"New York, USA",iPhone,Public WiFi,True,False,0
909,withdrawal,391.28,3468.3999999999996,Apple Store,"New York, USA",Android,Mobile Network,False,False,0
910,withdrawal,135.16,3688.73,Best Buy,"London, UK",iPhone,Mobile Network,False,False,0
911,deposit,346.06,2288.78,Amazon,"New York, USA",Android,Public WiFi,False,False,0
912,withdrawal,178.16,2512.2200000000003,Walmart,"Los Angeles, USA",iPhone,Corporate Network,False,False,0
913,deposit,391.36,2787.88,Amazon,"New York, USA",iPhone,Public WiFi,False,False,0
914,deposit,689.42,5350.75,Amazon,"Tokyo, Japan",iPhone,Corporate Network,False,False,0
915,withdrawal,186.34,1052.69,Amazon,"Paris, France",iPhone,Public WiFi,False,True,0
916,deposit,245.11,2747.9900000000002,Amazon,"Paris, France",iPhone,Public WiFi,False,False,0
917,deposit,375.64,4370.21,Amazon,"Los Angeles, USA",iPhone,Mobile Network,False,False,0
917,email_change,0.0,4370.21,0,"Berlin, Germany",iPhone,Public WiFi,False,False,0
918,deposit,236.66,4116.51,Amazon,"Los Angeles, USA",Android,Corporate Network,False,False,0
919,deposit,580.1,3543.48,Walmart,"Berlin, Germany",MacBook,Corporate Network,False,False,0
920,deposit,404.1,4022.91,Amazon,"Los Angeles, USA",iPhone,Public WiFi,True,False,0
921,withdrawal,123.63,925.39,Walmart,"New York, USA",iPad,Mobile Network,False,False,0
922,deposit,471.61,5225.049999999999,Starbucks,"Los Angeles, USA",Windows Laptop,Public WiFi,True,False,0
922,email_change,0.0,5225.049999999999,0,"Los Angeles, USA",MacBook,Public WiFi,False,False,0
923,withdrawal,473.77,4459.82,Amazon,"New York, USA",Linux PC,Mobile Network,False,False,0
924,deposit,932.68,3246.16,Apple Store,"Los Angeles, USA",Windows Laptop,Public WiFi,False,False,0
925,withdrawal,235.74,4662.320000000001,Walmart,"Paris, France",Linux PC,Home WiFi,False,True,0
926,deposit,819.92,4774.44,Starbucks,"Los Angeles, USA",iPhone,Mobile Network,True,False,0
927,deposit,481.02,2529.53,Best Buy,"Los Angeles, USA",Android,Mobile Network,False,False,0
928,deposit,235.46,4122.48,Apple Store,"Los Angeles, USA",MacBook,Corporate Network,False,False,0
928,phone_change,0.0,4122.48,0,"Paris, France",MacBook,Mobile Network,False,False,0
929,deposit,717.53,3924.5699999999997,Amazon,"Tokyo, Japan",MacBook,Public WiFi,False,False,0
929,phone_change,0.0,3924.5699999999997,0,"London, UK",Android,Public WiFi,False,False,0
930,withdrawal,251.1,2943.56,Amazon,"Los Angeles, USA",iPhone,Public WiFi,False,False,0
930,email_change,0.0,2943.56,0,"Berlin, Germany",iPhone,Corporate Network,False,False,0
931,deposit,330.3,5032.72,Amazon,"London, UK",Android,Mobile Network,False,False,0
932,deposit,276.71,3448.29,Best Buy,"London, UK",iPhone,Mobile Network,False,False,0
933,deposit,369.77,1662.21,Amazon,"London, UK",Windows Laptop,Public WiFi,False,False,0
934,withdrawal,138.98,2477.16,Amazon,"Tokyo, Japan",Linux PC,Mobile Network,False,False,0
935,withdrawal,345.1,875.12,Target,"Los Angeles, USA",iPhone,Mobile Network,False,False,0
936,deposit,998.06,4331.95,Amazon,"New York, USA",Windows Laptop,Home WiFi,False,False,0
937,deposit,766.44,3006.87,Target,"New York, USA",MacBook,Home WiFi,False,False,0
938,deposit,255.88,5024.63,Amazon,"London, UK",MacBook,Home WiFi,False,False,0
939,deposit,680.25,5601.54,Amazon,"Los Angeles, USA",MacBook,Public WiFi,False,False,0
940,withdrawal,116.99,3383.0800000000004,Starbucks,"Los Angeles, USA",Windows Laptop,Public WiFi,False,False,0
941,withdrawal,80.88,2390.99,Best Buy,"Paris, France",Android,Corporate Network,False,True,0
942,withdrawal,480.04,3753.7200000000003,Walmart,"Tokyo, Japan",iPad,Mobile Network,False,False,0
943,deposit,353.89,3479.18,Amazon,"Paris, France",Windows Laptop,Mobile Network,False,False,0
944,deposit,344.92,1744.26,Best Buy,"New York, USA",Android,Corporate Network,False,False,0
945,withdrawal,172.2,4591.83,Walmart,"New York, USA",Android,Mobile Network,False,False,0
946,withdrawal,456.69,851.3,Amazon,"Los Angeles, USA",MacBook,Home WiFi,False,False,0
947,deposit,387.5,4059.67,Walmart,"Paris, France",Windows Laptop,Mobile Network,False,False,0
948,withdrawal,112.62,1867.37,Target,"Los Angeles, USA",Windows Laptop,Corporate Network,False,False,0
949,withdrawal,474.28,3482.84,Walmart,"Los Angeles, USA",iPhone,Public WiFi,False,False,0
950,deposit,687.63,3188.77,Target,"New York, USA",Android,Corporate Network,False,False,0
951,deposit,117.22,5003.51,Target,"Paris, France",Windows Laptop,Corporate Network,False,False,0
952,deposit,493.22,2386.23,Amazon,"Tokyo, Japan",Windows Laptop,Mobile Network,False,False,0
953,deposit,147.37,4868.59,Walmart,"New York, USA",iPhone,Home WiFi,False,False,0
953,password_change,0.0,4868.59,0,"Paris, France",iPhone,Public WiFi,False,False,0
954,deposit,949.1,5135.47,Target,"Berlin, Germany",iPhone,Home WiFi,False,False,0
954,email_change,0.0,5135.47,0,"Tokyo, Japan",iPhone,Corporate Network,False,False,0
955,deposit,786.27,3420.28,Amazon,"New York, USA",iPhone,Public WiFi,False,False,0
956,deposit,498.56,5233.700000000001,Target,"New York, USA",Windows Laptop,Mobile Network,False,False,0
956,phone_change,0.0,5233.700000000001,0,"Berlin, Germany",Windows Laptop,Mobile Network,False,False,0
957,deposit,905.42,2809.56,Best Buy,"London, UK",MacBook,Corporate Network,False,False,0
958,withdrawal,180.11,1411.9099999999999,Amazon,"Los Angeles, USA",Windows Laptop,Corporate Network,False,False,0
959,deposit,322.72,4112.26,Walmart,"Los Angeles, USA",MacBook,Mobile Network,False,False,0
959,phone_change,0.0,4112.26,0,"Los Angeles, USA",iPhone,Home WiFi,False,False,0
960,deposit,145.0,3859.42,Target,"Tokyo, Japan",iPhone,Public WiFi,False,False,0
961,withdrawal,86.06,2899.4700000000003,Starbucks,"Paris, France",iPhone,Corporate Network,False,False,0
961,email_change,0.0,2899.4700000000003,0,"London, UK",iPhone,Corporate Network,False,False,0
962,deposit,727.07,5296.95,Best Buy,"New York, USA",iPhone,Public WiFi,False,False,0
962,email_change,0.0,5296.95,0,"New York, USA",Linux PC,Corporate Network,False,False,0
963,deposit,106.85,4857.97,Amazon,"Tokyo, Japan",iPhone,Mobile Network,False,False,0
964,deposit,107.43,2874.7,Amazon,"London, UK",Windows Laptop,Public WiFi,False,False,0
965,deposit,426.94,5347.69,Apple Store,"Paris, France",Windows Laptop,Corporate Network,False,False,0
966,deposit,905.5,4200.01,Amazon,"Los Angeles, USA",Android,Home WiFi,False,False,0
967,withdrawal,298.69,3967.7000000000003,Amazon,"Los Angeles, USA",Android,Home WiFi,False,False,0
968,withdrawal,367.91,3914.49,Target,"New York, USA",Android,Mobile Network,False,False,0
969,deposit,904.68,4374.62,Walmart,"London, UK",iPhone,Home WiFi,True,False,0
970,deposit,960.77,5891.32,Amazon,"New York, USA",Android,Corporate Network,False,False,0
970,phone_change,0.0,5891.32,0,"Los Angeles, USA",iPhone,Corporate Network,False,False,0
971,withdrawal,451.34,3019.92,Apple Store,"London, UK",iPad,Mobile Network,False,False,0
972,withdrawal,234.82,1886.4199999999998,Amazon,"Tokyo, Japan",iPhone,Home WiFi,False,False,0
973,withdrawal,98.79,4027.6899999999996,Starbucks,"London, UK",iPhone,Corporate Network,False,False,0
974,deposit,129.71,2428.15,Target,"Berlin, Germany",Android,Public WiFi,False,False,0
975,withdrawal,324.27,2190.37,Amazon,"London, UK",Windows Laptop,Public WiFi,False,False,0
976,withdrawal,235.53,3908.4,Best Buy,"New York, USA",Android,Home WiFi,False,False,0
977,withdrawal,120.07,2144.5099999999998,Amazon,"Los Angeles, USA",iPhone,Public WiFi,False,False,0
978,deposit,987.51,3766.5600000000004,Target,"Berlin, Germany",Android,Home WiFi,False,False,0
979,withdrawal,189.43,1662.9399999999998,Walmart,"New York, USA",MacBook,Corporate Network,False,False,0
980,deposit,689.92,5297.29,Apple Store,"London, UK",iPhone,Public WiFi,False,False,0
981,deposit,519.61,3323.38,Starbucks,"New York, USA",Windows Laptop,Mobile Network,False,False,0
981,phone_change,0.0,3323.38,0,"New York, USA",MacBook,Home WiFi,False,True,0
982,deposit,925.95,4350.74,Target,"New York, USA",MacBook,Public WiFi,False,False,0
983,withdrawal,304.05,2181.3999999999996,Starbucks,"Paris, France",iPad,Home WiFi,False,False,0
984,deposit,747.5,3917.88,Target,"Berlin, Germany",Android,Mobile Network,False,False,0
985,deposit,651.04,2584.6800000000003,Walmart,"Paris, France",iPad,Mobile Network,False,False,0
986,deposit,437.37,3373.35,Best Buy,"New York, USA",Windows Laptop,Mobile Network,False,True,0
987,withdrawal,177.31,1460.3200000000002,Amazon,"Paris, France",Android,Home WiFi,False,False,0
988,withdrawal,173.99,2458.75,Amazon,"New York, USA",Windows Laptop,Corporate Network,False,False,0
989,withdrawal,292.23,1665.85,Target,"Paris, France",iPhone,Public WiFi,False,False,0
990,withdrawal,431.27,2454.7,Starbucks,"New York, USA",Android,Public WiFi,False,False,0
991,withdrawal,261.52,3750.67,Amazon,"New York, USA",Windows Laptop,Mobile Network,False,False,0
991,phone_change,0.0,3750.67,0,"Los Angeles, USA",MacBook,Corporate Network,False,False,0
992,deposit,407.91,3113.43,Amazon,"Berlin, Germany",MacBook,Public WiFi,False,False,0
993,withdrawal,155.96,1407.79,Target,"New York, USA",Windows Laptop,Mobile Network,True,False,0
993,phone_change,0.0,1407.79,0,"New York, USA",iPhone,Public WiFi,False,False,0
994,deposit,444.04,5344.79,Target,"Los Angeles, USA",Linux PC,Home WiFi,False,False,0
995,deposit,339.86,1840.5900000000001,Target,"Tokyo, Japan",MacBook,Home WiFi,False,False,0
995,email_change,0.0,1840.5900000000001,0,"New York, USA",iPhone,Corporate Network,False,False,0
996,deposit,974.39,2728.03,Walmart,"Los Angeles, USA",MacBook,Public WiFi,False,False,0
997,withdrawal,81.22,4154.49,Walmart,"New York, USA",iPhone,Corporate Network,False,False,0
998,deposit,794.43,1841.46,Amazon,"London, UK",iPhone,Mobile Network,False,False,0
999,withdrawal,358.38,1752.58,Apple Store,"Tokyo, Japan",Android,Public WiFi,False,False,0
999,password_change,0.0,1752.58,0,"New York, USA",iPhone,Home WiFi,False,False,0
100,fraud,1401.24,1746.6000000000001,Starbucks,"London, UK",Windows Laptop,Home WiFi,False,False,1
101,fraud,5617.31,-2502.5400000000004,Target,"Los Angeles, USA",MacBook,Public WiFi,False,False,1
102,fraud,235.49,1043.76,Walmart,"Tokyo, Japan",iPad,Mobile Network,False,False,1
103,fraud,180.04,3532.91,Starbucks,"London, UK",Windows Laptop,Mobile Network,False,False,1
104,fraud,1579.08,-337.76,Amazon,"New York, USA",Windows Laptop,Corporate Network,False,False,1
104,suspicious_login,0.0,-337.76,0,"Los Angeles, USA",iPhone,Mobile Network,False,False,1
105,fraud,9370.71,-5566.129999999999,Amazon,"Berlin, Germany",Windows Laptop,Public WiFi,False,False,1
105,phone_change,0.0,-5566.129999999999,0,"New York, USA",Windows Laptop,Home WiFi,False,False,1
106,fraud,2456.28,823.6599999999999,Walmart,"Paris, France",MacBook,Corporate Network,False,True,1
107,fraud,1441.78,3386.5600000000004,Walmart,"Los Angeles, USA",Android,Corporate Network,False,False,1
107,withdrawal,0.0,3386.5600000000004,0,"Berlin, Germany",Android,Mobile Network,False,False,1
108,fraud,95.66,3195.0499999999997,Best Buy,"Tokyo, Japan",Android,Home WiFi,False,False,1
108,failed_login,0.0,3195.0499999999997,0,"Los Angeles, USA",iPhone,Corporate Network,False,False,1
109,fraud,5263.94,-618.9299999999994,Walmart,"Berlin, Germany",Windows Laptop,Mobile Network,False,False,1
110,fraud,903.68,3875.24,Amazon,"Los Angeles, USA",Android,Home WiFi,False,False,1
110,phone_change,0.0,3875.24,0,"Berlin, Germany",iPhone,Home WiFi,False,False,1
111,fraud,3614.56,4723.55,Apple Store,"New York, USA",Windows Laptop,Corporate Network,False,False,1
111,withdrawal,0.0,4723.55,0,"Berlin, Germany",Windows Laptop,Corporate Network,False,False,1
112,fraud,1639.52,1707.44,Amazon,"Berlin, Germany",Windows Laptop,Corporate Network,False,False,1
113,fraud,175.89,1539.4699999999998,Target,"New York, USA",Android,Corporate Network,False,False,1
113,email_change,0.0,1539.4699999999998,0,"Los Angeles, USA",Linux PC,Corporate Network,False,False,1
114,fraud,59.78,4875.57,Starbucks,"New York, USA",MacBook,Public WiFi,False,False,1
115,fraud,170.52,1600.99,Walmart,"New York, USA",Linux PC,Corporate Network,False,False,1
116,fraud,549.62,2706.44,Walmart,"Tokyo, Japan",Windows Laptop,Corporate Network,False,False,1
116,email_change,0.0,2706.44,0,"New York, USA",Android,Home WiFi,False,False,1
117,fraud,47.04,4311.38,Amazon,"New York, USA",Windows Laptop,Mobile Network,False,False,1
118,fraud,1041.92,205.88999999999987,Apple Store,"Los Angeles, USA",iPhone,Public WiFi,False,False,1
118,failed_login,0.0,205.88999999999987,0,"Paris, France",iPhone,Home WiFi,False,False,1
119,fraud,6246.2,-1648.3999999999996,Apple Store,"Berlin, Germany",iPhone,Mobile Network,False,False,1
120,fraud,146.49,1298.09,Amazon,"New York, USA",iPhone,Home WiFi,False,False,1
120,password_change,0.0,1298.09,0,"Paris, France",Android,Mobile Network,False,False,1
121,fraud,4807.0,-2266.21,Starbucks,"New York, USA",iPhone,Public WiFi,False,False,1
121,phone_change,0.0,-2266.21,0,"London, UK",Windows Laptop,Public WiFi,False,False,1
122,fraud,4259.27,7664.42,Walmart,"Paris, France",iPhone,Home WiFi,True,False,1
122,withdrawal,0.0,7664.42,0,"New York, USA",MacBook,Home WiFi,False,False,1
123,fraud,1168.62,2614.6,Amazon,"Los Angeles, USA",Windows Laptop,Corporate Network,False,False,1
124,fraud,1340.44,1461.0099999999998,Starbucks,"Berlin, Germany",Linux PC,Public WiFi,False,False,1
125,fraud,3921.92,6001.92,Amazon,"Tokyo, Japan",Windows Laptop,Mobile Network,False,True,1
126,fraud,1442.11,-241.51,Starbucks,"Tokyo, Japan",Android,Corporate Network,False,True,1
126,withdrawal,0.0,-241.51,0,"New York, USA",Windows Laptop,Mobile Network,False,False,1
127,fraud,2340.24,1916.5,Amazon,"Tokyo, Japan",Windows Laptop,Public WiFi,False,False,1
127,suspicious_login,0.0,1916.5,0,"Los Angeles, USA",iPhone,Public WiFi,False,True,1
128,fraud,4604.33,6919.15,Amazon,"New York, USA",MacBook,Home WiFi,False,False,1
128,withdrawal,0.0,6919.15,0,"New York, USA",Windows Laptop,Corporate Network,True,False,1
129,fraud,751.67,3793.41,Best Buy,"London, UK",Windows Laptop,Corporate Network,False,False,1
129,phone_change,0.0,3793.41,0,"Tokyo, Japan",Android,Home WiFi,False,False,1
130,fraud,2637.68,-77.41999999999962,Walmart,"Paris, France",iPhone,Mobile Network,False,False,1
130,withdrawal,0.0,-77.41999999999962,0,"New York, USA",MacBook,Home WiFi,False,False,1
131,fraud,1760.36,-681.53,Walmart,"London, UK",iPhone,Mobile Network,False,False,1
132,fraud,135.59,2555.75,Apple Store,"London, UK",Windows Laptop,Public WiFi,False,False,1
133,fraud,24.54,2377.81,Best Buy,"Tokyo, Japan",Windows Laptop,Mobile Network,False,False,1
134,fraud,322.19,3520.75,Amazon,"New York, USA",iPhone,Public WiFi,False,False,1
134,email_change,0.0,3520.75,0,"Los Angeles, USA",Android,Home WiFi,False,False,1
135,fraud,2613.27,-592.25,Amazon,"Paris, France",Android,Corporate Network,False,False,1
135,suspicious_login,0.0,-592.25,0,"Tokyo, Japan",iPad,Mobile Network,False,True,1
136,fraud,4378.67,-2851.69,Target,"New York, USA",Windows Laptop,Home WiFi,False,False,1
137,fraud,369.5,2041.9499999999998,Amazon,"Tokyo, Japan",Windows Laptop,Public WiFi,False,True,1
138,fraud,1869.86,3866.25,Walmart,"New York, USA",Windows Laptop,Mobile Network,False,False,1
139,fraud,22.35,3300.5299999999997,Target,"Los Angeles, USA",MacBook,Home WiFi,False,False,1
139,failed_login,0.0,3300.5299999999997,0,"Los Angeles, USA",Android,Home WiFi,False,False,1
140,fraud,743.26,2230.27,Target,"Los Angeles, USA",Android,Mobile Network,False,False,1
141,fraud,780.46,4895.52,Amazon,"London, UK",iPhone,Home WiFi,False,False,1
142,fraud,61.9,1395.5700000000002,Best Buy,"Los Angeles, USA",iPhone,Corporate Network,False,False,1
143,fraud,3098.64,1676.4699999999998,Walmart,"New York, USA",Android,Public WiFi,False,False,1
143,withdrawal,0.0,1676.4699999999998,0,"London, UK",Windows Laptop,Public WiFi,False,False,1
144,fraud,8080.95,-5963.76,Walmart,"Los Angeles, USA",iPhone,Mobile Network,False,False,1
145,fraud,9240.14,-5538.15,Starbucks,"Los Angeles, USA",MacBook,Public WiFi,True,False,1
145,deposit,0.0,-5538.15,0,"Berlin, Germany",Android,Public WiFi,False,False,1
146,fraud,944.86,4536.82,Walmart,"New York, USA",iPhone,Mobile Network,False,False,1
147,fraud,84.5,2805.04,Best Buy,"Paris, France",Android,Corporate Network,False,False,1
147,withdrawal,0.0,2805.04,0,"New York, USA",Windows Laptop,Home WiFi,False,False,1
148,fraud,3838.41,-894.96,Starbucks,"Los Angeles, USA",iPhone,Public WiFi,False,False,1
149,fraud,1387.88,-294.24,Target,"Los Angeles, USA",Windows Laptop,Mobile Network,False,False,1
150,fraud,101.36,2449.56,Amazon,"New York, USA",Android,Public WiFi,False,False,1
150,phone_change,0.0,2449.56,0,"New York, USA",iPhone,Home WiFi,False,True,1
151,fraud,1527.27,-402.56999999999994,Walmart,"New York, USA",Android,Public WiFi,False,False,1
152,fraud,4618.55,9178.380000000001,Amazon,"Berlin, Germany",iPhone,Mobile Network,False,False,1
153,fraud,821.92,5364.91,Best Buy,"Los Angeles, USA",iPhone,Public WiFi,False,False,1
154,fraud,348.78,3430.42,Target,"New York, USA",Android,Corporate Network,False,False,1
154,email_change,0.0,3430.42,0,"London, UK",Android,Public WiFi,False,False,1
155,fraud,2411.72,-761.6899999999998,Starbucks,"Tokyo, Japan",MacBook,Public WiFi,False,False,1
155,suspicious_login,0.0,-761.6899999999998,0,"New York, USA",iPhone,Public WiFi,False,False,1
156,fraud,1032.64,2156.9300000000003,Starbucks,"Tokyo, Japan",iPad,Corporate Network,False,False,1
157,fraud,351.51,3128.2299999999996,Amazon,"Tokyo, Japan",MacBook,Corporate Network,False,False,1
158,fraud,88.23,2348.9,Starbucks,"Paris, France",Windows Laptop,Public WiFi,False,False,1
159,fraud,399.38,1910.73,Amazon,"Berlin, Germany",iPhone,Public WiFi,False,False,1
160,fraud,283.15,984.68,Target,"London, UK",Android,Home WiFi,False,False,1
161,fraud,1236.36,3693.3200000000006,Apple Store,"New York, USA",Windows Laptop,Home WiFi,False,False,1
162,fraud,49.6,4514.72,Best Buy,"New York, USA",Android,Home WiFi,False,False,1
163,fraud,1716.06,2285.87,Best Buy,"Paris, France",Android,Home WiFi,False,True,1
164,fraud,6091.37,-1688.62,Target,"Tokyo, Japan",iPhone,Home WiFi,False,True,1
164,phone_change,0.0,-1688.62,0,"New York, USA",MacBook,Public WiFi,False,False,1
165,fraud,510.39,2073.02,Amazon,"Tokyo, Japan",Android,Corporate Network,False,False,1
165,withdrawal,0.0,2073.02,0,"Paris, France",iPhone,Public WiFi,False,False,1
166,fraud,1399.44,1180.9299999999998,Apple Store,"Los Angeles, USA",iPhone,Mobile Network,False,False,1
167,fraud,1317.81,602.1600000000001,Best Buy,"Los Angeles, USA",Windows Laptop,Corporate Network,False,False,1
167,withdrawal,0.0,602.1600000000001,0,"Tokyo, Japan",Linux PC,Mobile Network,False,False,1
168,fraud,1951.05,925.4399999999998,Walmart,"New York, USA",Android,Home WiFi,False,False,1
169,fraud,107.58,4038.6,Target,"Los Angeles, USA",iPhone,Public WiFi,False,False,1
170,fraud,84.15,3255.65,Apple Store,"Los Angeles, USA",Linux PC,Mobile Network,False,False,1
170,password_change,0.0,3255.65,0,"Los Angeles, USA",MacBook,Public WiFi,False,False,1
171,fraud,1080.67,2064.2599999999998,Starbucks,"Berlin, Germany",Windows Laptop,Corporate Network,True,False,1
171,failed_login,0.0,2064.2599999999998,0,"Paris, France",Windows Laptop,Corporate Network,False,False,1
172,fraud,1036.7,4485.9,Best Buy,"Berlin, Germany",iPhone,Mobile Network,False,False,1
173,fraud,68.16,1934.27,Amazon,"London, UK",MacBook,Mobile Network,False,False,1
174,fraud,1869.95,4978.95,Target,"New York, USA",iPhone,Corporate Network,False,False,1
174,deposit,0.0,4978.95,0,"New York, USA",iPhone,Public WiFi,False,False,1
175,fraud,493.44,598.0799999999999,Walmart,"New York, USA",Android,Mobile Network,False,False,1
176,fraud,1642.64,-542.8700000000001,Starbucks,"London, UK",Android,Corporate Network,False,False,1
176,withdrawal,0.0,-542.8700000000001,0,"Los Angeles, USA",iPad,Public WiFi,False,False,1
177,fraud,28.99,4135.599999999999,Amazon,"Los Angeles, USA",iPhone,Public WiFi,False,False,1
178,fraud,541.72,4285.009999999999,Best Buy,"New York, USA",Windows Laptop,Mobile Network,False,False,1
178,failed_login,0.0,4285.009999999999,0,"New York, USA",Android,Home WiFi,False,False,1
179,fraud,695.81,3061.09,Best Buy,"Los Angeles, USA",iPhone,Mobile Network,False,False,1
180,fraud,543.81,1776.84,Amazon,"Berlin, Germany",iPhone,Home WiFi,True,False,1
180,password_change,0.0,1776.84,0,"Berlin, Germany",Linux PC,Home WiFi,False,False,1
181,fraud,131.7,1187.87,Target,"Paris, France",iPhone,Public WiFi,False,False,1
181,password_change,0.0,1187.87,0,"Berlin, Germany",Windows Laptop,Home WiFi,False,False,1
182,fraud,2624.41,2003.2200000000003,Amazon,"Los Angeles, USA",iPhone,Home WiFi,False,False,1
182,failed_login,0.0,2003.2200000000003,0,"Los Angeles, USA",Windows Laptop,Home WiFi,False,False,1
183,fraud,209.61,4677.679999999999,Walmart,"New York, USA",Android,Public WiFi,False,False,1
183,password_change,0.0,4677.679999999999,0,"Berlin, Germany",MacBook,Mobile Network,False,False,1
184,fraud,166.34,2857.4300000000003,Target,"Los Angeles, USA",Android,Corporate Network,False,False,1
184,phone_change,0.0,2857.4300000000003,0,"New York, USA",Android,Corporate Network,False,False,1
185,fraud,1906.5,2828.54,Walmart,"London, UK",MacBook,Corporate Network,False,False,1
185,withdrawal,0.0,2828.54,0,"Paris, France",iPhone,Corporate Network,False,False,1
186,fraud,2854.84,4075.01,Target,"London, UK",iPhone,Mobile Network,False,False,1
187,fraud,1205.7,1826.43,Best Buy,"Paris, France",iPad,Home WiFi,False,False,1
188,fraud,30.03,1185.95,Walmart,"Los Angeles, USA",Android,Public WiFi,False,False,1
189,fraud,1732.35,2088.4,Apple Store,"Los Angeles, USA",MacBook,Public WiFi,False,False,1
190,fraud,2618.33,983.0,Apple Store,"New York, USA",Android,Mobile Network,False,False,1
191,fraud,3895.17,-2674.19,Best Buy,"Tokyo, Japan",iPad,Home WiFi,False,False,1
191,withdrawal,0.0,-2674.19,0,"Los Angeles, USA",iPhone,Corporate Network,False,False,1
192,fraud,1407.35,2702.47,Target,"New York, USA",Windows Laptop,Mobile Network,False,False,1
193,fraud,104.01,4976.09,Starbucks,"New York, USA",MacBook,Corporate Network,False,False,1
194,fraud,945.52,4563.38,Target,"London, UK",Android,Public WiFi,False,False,1
195,fraud,316.61,4635.9400000000005,Apple Store,"Tokyo, Japan",Windows Laptop,Home WiFi,False,False,1
196,fraud,1370.56,3161.27,Best Buy,"London, UK",Linux PC,Home WiFi,False,False,1
197,fraud,8796.45,-5186.790000000001,Starbucks,"Tokyo, Japan",iPhone,Public WiFi,False,False,1
198,fraud,187.9,2330.98,Walmart,"Tokyo, Japan",iPhone,Mobile Network,False,False,1
199,fraud,181.85,1229.1599999999999,Amazon,"Tokyo, Japan",iPhone,Home WiFi,False,False,1
199,withdrawal,0.0,1229.1599999999999,0,"Berlin, Germany",Windows Laptop,Corporate Network,False,False,1
200,fraud,2906.57,467.64999999999964,Apple Store,"Los Angeles, USA",Android,Corporate Network,False,False,1
200,password_change,0.0,467.64999999999964,0,"New York, USA",MacBook,Corporate Network,False,False,1
201,fraud,593.58,1949.8400000000001,Starbucks,"New York, USA",Android,Home WiFi,False,False,1
202,fraud,1908.1,2020.54,Best Buy,"Tokyo, Japan",MacBook,Corporate Network,False,False,1
202,withdrawal,0.0,2020.54,0,"London, UK",Windows Laptop,Public WiFi,False,False,1
203,fraud,205.8,3295.72,Best Buy,"Paris, France",Windows Laptop,Mobile Network,False,False,1
204,fraud,3743.19,4894.72,Amazon,"London, UK",iPhone,Home WiFi,True,False,1
204,withdrawal,0.0,4894.72,0,"New York, USA",Android,Public WiFi,False,False,1
205,fraud,61.97,2490.33,Amazon,"London, UK",iPhone,Home WiFi,False,False,1
205,withdrawal,0.0,2490.33,0,"London, UK",Windows Laptop,Public WiFi,False,False,1
206,fraud,1450.37,3249.54,Walmart,"Tokyo, Japan",Android,Home WiFi,False,False,1
206,failed_login,0.0,3249.54,0,"Los Angeles, USA",iPhone,Mobile Network,False,False,1
207,fraud,2812.88,452.28999999999996,Starbucks,"Paris, France",Windows Laptop,Public WiFi,False,False,1
207,withdrawal,0.0,452.28999999999996,0,"Los Angeles, USA",iPhone,Home WiFi,False,False,1
208,fraud,1128.32,2904.8999999999996,Apple Store,"Tokyo, Japan",iPhone,Home WiFi,False,False,1
208,deposit,0.0,2904.8999999999996,0,"New York, USA",Android,Mobile Network,False,False,1
209,fraud,888.34,2200.07,Amazon,"Los Angeles, USA",Windows Laptop,Corporate Network,False,False,1
209,deposit,0.0,2200.07,0,"New York, USA",iPad,Home WiFi,True,False,1
210,fraud,4763.85,7039.02,Amazon,"New York, USA",iPhone,Corporate Network,False,False,1
211,fraud,8245.2,-4929.550000000001,Target,"Los Angeles, USA",Android,Corporate Network,False,False,1
212,fraud,992.56,2711.8999999999996,Best Buy,"Los Angeles, USA",iPhone,Corporate Network,False,False,1
212,password_change,0.0,2711.8999999999996,0,"Los Angeles, USA",Windows Laptop,Home WiFi,False,False,1
213,fraud,1803.54,3459.27,Starbucks,"New York, USA",MacBook,Mobile Network,False,False,1
214,fraud,7784.28,-4939.93,Amazon,"Paris, France",Android,Corporate Network,True,False,1
215,fraud,4133.44,167.28000000000065,Starbucks,"Tokyo, Japan",iPhone,Corporate Network,False,False,1
215,deposit,0.0,167.28000000000065,0,"New York, USA",iPad,Mobile Network,False,False,1
216,fraud,9805.37,-6618.380000000001,Amazon,"Tokyo, Japan",iPad,Home WiFi,False,False,1
217,fraud,2625.1,-187.86000000000013,Target,"Berlin, Germany",Windows Laptop,Mobile Network,False,False,1
217,suspicious_login,0.0,-187.86000000000013,0,"New York, USA",Android,Public WiFi,False,False,1
218,fraud,10.25,3606.93,Starbucks,"New York, USA",Android,Corporate Network,False,False,1
219,fraud,160.13,2931.4100000000003,Best Buy,"Paris, France",iPhone,Mobile Network,False,False,1
219,password_change,0.0,2931.4100000000003,0,"Los Angeles, USA",Android,Public WiFi,False,False,1
220,fraud,187.13,4333.2,Amazon,"Los Angeles, USA",iPhone,Corporate Network,False,False,1
221,fraud,222.47,3103.7799999999997,Apple Store,"New York, USA",iPhone,Mobile Network,False,False,1
222,fraud,405.03,2581.5699999999997,Apple Store,"London, UK",MacBook,Public WiFi,False,False,1
222,phone_change,0.0,2581.5699999999997,0,"Tokyo, Japan",iPhone,Public WiFi,False,False,1
223,fraud,3989.19,-2364.65,Apple Store,"Los Angeles, USA",iPhone,Corporate Network,False,False,1
224,fraud,4752.41,-3096.2699999999995,Amazon,"London, UK",iPhone,Corporate Network,False,False,1
224,withdrawal,0.0,-3096.2699999999995,0,"New York, USA",Android,Mobile Network,False,False,1
225,fraud,78.6,1712.55,Starbucks,"Berlin, Germany",Android,Mobile Network,False,False,1
226,fraud,1262.26,4711.43,Target,"Los Angeles, USA",Android,Public WiFi,False,False,1
227,fraud,4144.29,-2970.6,Walmart,"London, UK",iPhone,Mobile Network,False,False,1
227,deposit,0.0,-2970.6,0,"Berlin, Germany",MacBook,Mobile Network,False,False,1
228,fraud,695.35,5670.870000000001,Target,"Los Angeles, USA",Android,Public WiFi,False,False,1
228,password_change,0.0,5670.870000000001,0,"London, UK",iPhone,Mobile Network,False,False,1
229,fraud,778.56,3549.56,Walmart,"Berlin, Germany",Windows Laptop,Mobile Network,False,False,1
230,fraud,199.72,2072.19,Best Buy,"New York, USA",Android,Mobile Network,False,False,1
231,fraud,1782.29,1236.02,Best Buy,"Los Angeles, USA",Android,Mobile Network,False,False,1
232,fraud,37.73,2236.82,Walmart,"New York, USA",Android,Public WiFi,False,False,1
232,password_change,0.0,2236.82,0,"Tokyo, Japan",MacBook,Mobile Network,False,True,1
233,fraud,4534.97,-2271.01,Starbucks,"New York, USA",iPhone,Corporate Network,False,False,1
234,fraud,1473.4,3061.27,Target,"New York, USA",Android,Public WiFi,False,False,1
234,failed_login,0.0,3061.27,0,"Los Angeles, USA",Android,Mobile Network,False,False,1
235,fraud,222.62,942.7099999999999,Apple Store,"New York, USA",Android,Public WiFi,False,False,1
235,password_change,0.0,942.7099999999999,0,"Tokyo, Japan",iPad,Home WiFi,False,False,1
236,fraud,6575.82,-4989.17,Walmart,"Los Angeles, USA",iPad,Home WiFi,False,False,1
236,deposit,0.0,-4989.17,0,"Los Angeles, USA",iPad,Home WiFi,False,False,1
237,fraud,725.14,3801.52,Best Buy,"Paris, France",Android,Home WiFi,False,False,1
237,phone_change,0.0,3801.52,0,"Tokyo, Japan",Android,Home WiFi,False,False,1
238,fraud,1504.85,-261.3299999999999,Target,"Los Angeles, USA",Android,Corporate Network,False,False,1
238,withdrawal,0.0,-261.3299999999999,0,"Berlin, Germany",iPad,Public WiFi,False,False,1
239,fraud,4975.14,-3531.0200000000004,Walmart,"London, UK",iPhone,Corporate Network,False,False,1
239,suspicious_login,0.0,-3531.0200000000004,0,"New York, USA",Android,Public WiFi,False,False,1
240,fraud,56.64,2264.88,Walmart,"Tokyo, Japan",MacBook,Mobile Network,False,True,1
241,fraud,641.39,667.4499999999999,Best Buy,"New York, USA",Android,Public WiFi,False,False,1
242,fraud,340.38,4416.28,Walmart,"New York, USA",iPhone,Mobile Network,False,False,1
243,fraud,24.39,2987.56,Best Buy,"Paris, France",iPhone,Corporate Network,False,False,1
244,fraud,996.7,2311.38,Starbucks,"New York, USA",Windows Laptop,Public WiFi,False,False,1
244,phone_change,0.0,2311.38,0,"Los Angeles, USA",iPad,Mobile Network,False,False,1
245,fraud,1087.86,2255.3100000000004,Amazon,"New York, USA",iPhone,Corporate Network,False,False,1
246,fraud,561.57,3150.1099999999997,Starbucks,"Tokyo, Japan",Android,Corporate Network,False,False,1
247,fraud,623.41,2332.51,Target,"New York, USA",MacBook,Home WiFi,False,False,1
247,failed_login,0.0,2332.51,0,"New York, USA",Windows Laptop,Mobile Network,False,False,1
248,fraud,485.62,3953.56,Amazon,"Tokyo, Japan",Linux PC,Mobile Network,False,True,1
248,password_change,0.0,3953.56,0,"Los Angeles, USA",iPhone,Home WiFi,False,True,1
249,fraud,1257.57,2080.17,Amazon,"New York, USA",MacBook,Corporate Network,False,False,1
250,fraud,550.64,2130.79,Amazon,"London, UK",iPhone,Corporate Network,False,False,1
251,fraud,40.35,4364.570000000001,Best Buy,"New York, USA",Windows Laptop,Public WiFi,False,False,1
252,fraud,380.84,3321.74,Amazon,"Tokyo, Japan",iPhone,Corporate Network,False,False,1
252,phone_change,0.0,3321.74,0,"Tokyo, Japan",Android,Corporate Network,False,False,1
253,fraud,1894.42,2940.0599999999995,Best Buy,"Tokyo, Japan",iPhone,Mobile Network,False,False,1
253,withdrawal,0.0,2940.0599999999995,0,"New York, USA",iPhone,Mobile Network,False,False,1
254,fraud,174.84,3472.76,Target,"New York, USA",Windows Laptop,Mobile Network,False,False,1
254,phone_change,0.0,3472.76,0,"Los Angeles, USA",MacBook,Corporate Network,False,False,1
255,fraud,156.26,1248.14,Target,"New York, USA",Android,Mobile Network,False,False,1
255,withdrawal,0.0,1248.14,0,"London, UK",Windows Laptop,Public WiFi,False,False,1
256,fraud,3629.5,-1493.27,Target,"Paris, France",Windows Laptop,Corporate Network,False,False,1
257,fraud,573.46,5013.53,Starbucks,"Tokyo, Japan",Windows Laptop,Public WiFi,False,False,1
258,fraud,2890.73,2108.19,Walmart,"Paris, France",iPad,Home WiFi,False,False,1
259,fraud,125.64,4921.030000000001,Walmart,"Los Angeles, USA",MacBook,Home WiFi,False,False,1
260,fraud,4506.1,5775.08,Amazon,"Berlin, Germany",Android,Corporate Network,False,False,1
261,fraud,5731.01,-3556.71,Amazon,"New York, USA",iPhone,Corporate Network,False,False,1
262,fraud,1147.84,1550.11,Walmart,"Los Angeles, USA",Windows Laptop,Public WiFi,False,False,1
263,fraud,1684.94,2667.4,Starbucks,"Paris, France",Android,Public WiFi,False,False,1
263,withdrawal,0.0,2667.4,0,"Paris, France",Android,Mobile Network,False,False,1
264,fraud,1274.59,674.8400000000001,Walmart,"New York, USA",iPhone,Corporate Network,False,False,1
265,fraud,790.62,3107.42,Walmart,"New York, USA",MacBook,Corporate Network,False,False,1
265,phone_change,0.0,3107.42,0,"Paris, France",Android,Corporate Network,False,False,1
266,fraud,9401.1,-5597.120000000001,Best Buy,"Berlin, Germany",iPad,Mobile Network,False,False,1
266,withdrawal,0.0,-5597.120000000001,0,"Los Angeles, USA",iPhone,Corporate Network,False,True,1
267,fraud,2061.5,1597.54,Target,"New York, USA",Android,Corporate Network,True,False,1
268,fraud,3075.85,6856.799999999999,Best Buy,"New York, USA",Android,Corporate Network,True,False,1
269,fraud,45.16,2536.8599999999997,Best Buy,"London, UK",Linux PC,Public WiFi,False,False,1
269,withdrawal,0.0,2536.8599999999997,0,"Los Angeles, USA",Android,Corporate Network,True,False,1
270,fraud,324.78,5161.2699999999995,Starbucks,"Tokyo, Japan",Android,Public WiFi,False,False,1
271,fraud,242.09,3545.1299999999997,Walmart,"Paris, France",iPhone,Home WiFi,False,False,1
271,phone_change,0.0,3545.1299999999997,0,"Paris, France",Android,Corporate Network,False,False,1
272,fraud,2671.58,1505.5299999999997,Walmart,"Los Angeles, USA",MacBook,Home WiFi,False,True,1
272,deposit,0.0,1505.5299999999997,0,"Tokyo, Japan",iPhone,Corporate Network,True,False,1
273,fraud,1774.05,5068.28,Walmart,"Tokyo, Japan",iPad,Public WiFi,False,False,1
274,fraud,2609.56,2317.0499999999997,Walmart,"London, UK",MacBook,Mobile Network,False,False,1
275,fraud,157.44,2307.2200000000003,Walmart,"Berlin, Germany",Android,Public WiFi,False,False,1
276,fraud,391.34,2394.2200000000003,Walmart,"Berlin, Germany",iPad,Corporate Network,True,False,1
276,password_change,0.0,2394.2200000000003,0,"Berlin, Germany",MacBook,Corporate Network,False,False,1
277,fraud,6617.32,-3039.2299999999996,Amazon,"New York, USA",Android,Public WiFi,False,False,1
277,deposit,0.0,-3039.2299999999996,0,"Tokyo, Japan",iPhone,Public WiFi,False,False,1
278,fraud,8958.38,-6091.639999999999,Starbucks,"Los Angeles, USA",MacBook,Mobile Network,False,False,1
278,phone_change,0.0,-6091.639999999999,0,"New York, USA",iPhone,Home WiFi,True,False,1
279,fraud,1634.59,120.25999999999999,Starbucks,"London, UK",iPhone,Public WiFi,True,False,1
279,suspicious_login,0.0,120.25999999999999,0,"London, UK",MacBook,Home WiFi,False,False,1
280,fraud,1228.69,3570.03,Amazon,"Tokyo, Japan",iPhone,Public WiFi,False,False,1
280,deposit,0.0,3570.03,0,"London, UK",iPad,Corporate Network,False,True,1
281,fraud,9093.77,-5256.150000000001,Walmart,"Los Angeles, USA",Android,Public WiFi,False,False,1
282,fraud,21.9,4628.879999999999,Apple Store,"Paris, France",Linux PC,Corporate Network,False,False,1
282,withdrawal,0.0,4628.879999999999,0,"New York, USA",Windows Laptop,Public WiFi,False,False,1
283,fraud,1771.93,1863.82,Amazon,"Berlin, Germany",MacBook,Public WiFi,False,False,1
284,fraud,106.09,3138.04,Apple Store,"London, UK",iPhone,Mobile Network,False,False,1
285,fraud,23.59,2884.69,Apple Store,"New York, USA",Windows Laptop,Mobile Network,False,False,1
286,fraud,9755.25,-7740.16,Best Buy,"Los Angeles, USA",Windows Laptop,Mobile Network,False,False,1
286,deposit,0.0,-7740.16,0,"London, UK",Android,Home WiFi,False,False,1
287,fraud,74.56,3697.12,Walmart,"Paris, France",iPhone,Home WiFi,False,False,1
287,withdrawal,0.0,3697.12,0,"New York, USA",MacBook,Home WiFi,False,False,1
288,fraud,2419.54,2496.0600000000004,Amazon,"London, UK",MacBook,Home WiFi,False,False,1
288,phone_change,0.0,2496.0600000000004,0,"Tokyo, Japan",iPhone,Home WiFi,False,False,1
289,fraud,2494.57,1383.04,Amazon,"New York, USA",Windows Laptop,Public WiFi,False,False,1
290,fraud,4110.18,-2132.75,Walmart,"Paris, France",Android,Corporate Network,False,False,1
291,fraud,3184.37,6407.33,Target,"Los Angeles, USA",Android,Mobile Network,False,False,1
291,withdrawal,0.0,6407.33,0,"New York, USA",MacBook,Home WiFi,False,False,1
292,fraud,540.96,2020.1999999999998,Walmart,"Paris, France",Android,Home WiFi,False,False,1
292,withdrawal,0.0,2020.1999999999998,0,"Paris, France",Android,Mobile Network,False,False,1
293,fraud,4766.99,-2013.4299999999998,Best Buy,"New York, USA",Android,Public WiFi,False,False,1
294,fraud,108.96,4513.26,Best Buy,"New York, USA",Android,Corporate Network,False,False,1
295,fraud,3018.63,5779.63,Amazon,"Berlin, Germany",Android,Corporate Network,False,False,1
295,phone_change,0.0,5779.63,0,"Paris, France",iPhone,Home WiFi,False,False,1
296,fraud,921.1,3848.43,Target,"New York, USA",Android,Corporate Network,False,False,1
296,failed_login,0.0,3848.43,0,"Berlin, Germany",iPhone,Corporate Network,False,False,1
297,fraud,70.3,4983.84,Apple Store,"Los Angeles, USA",Android,Home WiFi,True,False,1
297,withdrawal,0.0,4983.84,0,"Los Angeles, USA",iPad,Home WiFi,False,False,1
298,fraud,1167.55,2254.01,Amazon,"Los Angeles, USA",Linux PC,Home WiFi,False,False,1
299,fraud,4236.68,6324.51,Amazon,"Paris, France",MacBook,Corporate Network,False,False,1
299,email_change,0.0,6324.51,0,"Los Angeles, USA",Android,Corporate Network,False,False,1
300,fraud,1905.94,-373.4100000000001,Target,"London, UK",Android,Public WiFi,False,False,1
301,fraud,429.42,793.6799999999998,Amazon,"New York, USA",Windows Laptop,Home WiFi,False,False,1
301,password_change,0.0,793.6799999999998,0,"Los Angeles, USA",iPhone,Home WiFi,False,False,1
302,fraud,462.85,5276.160000000001,Best Buy,"New York, USA",Android,Mobile Network,False,False,1
303,fraud,1153.21,1122.1399999999999,Target,"New York, USA",Android,Mobile Network,False,False,1
303,withdrawal,0.0,1122.1399999999999,0,"Los Angeles, USA",iPhone,Mobile Network,False,False,1
304,fraud,7766.69,-5452.98,Apple Store,"London, UK",iPhone,Mobile Network,False,False,1
305,fraud,567.39,1236.04,Walmart,"New York, USA",Linux PC,Corporate Network,False,False,1
305,withdrawal,0.0,1236.04,0,"Los Angeles, USA",Windows Laptop,Corporate Network,True,False,1
306,fraud,87.31,5001.610000000001,Walmart,"Los Angeles, USA",MacBook,Mobile Network,False,False,1
307,fraud,1983.42,2347.25,Starbucks,"Los Angeles, USA",Windows Laptop,Mobile Network,False,False,1
307,failed_login,0.0,2347.25,0,"Los Angeles, USA",MacBook,Public WiFi,False,False,1
308,fraud,1102.42,1589.63,Starbucks,"New York, USA",Android,Mobile Network,False,False,1
309,fraud,553.03,2852.38,Amazon,"London, UK",Android,Mobile Network,False,False,1
310,fraud,584.89,4948.27,Apple Store,"Los Angeles, USA",iPhone,Corporate Network,False,False,1
311,fraud,305.67,3602.9,Target,"New York, USA",Linux PC,Public WiFi,False,False,1
311,phone_change,0.0,3602.9,0,"Los Angeles, USA",MacBook,Mobile Network,False,False,1
312,fraud,1557.03,1634.45,Amazon,"New York, USA",Android,Home WiFi,False,True,1
312,failed_login,0.0,1634.45,0,"New York, USA",Windows Laptop,Corporate Network,False,False,1
313,fraud,1124.58,4594.66,Walmart,"London, UK",MacBook,Corporate Network,False,False,1
313,phone_change,0.0,4594.66,0,"London, UK",Android,Public WiFi,False,False,1
314,fraud,3956.86,6178.3099999999995,Best Buy,"Los Angeles, USA",Android,Home WiFi,False,False,1
315,fraud,1560.38,2632.99,Best Buy,"London, UK",Windows Laptop,Public WiFi,False,False,1
316,fraud,19.53,1503.21,Best Buy,"New York, USA",Linux PC,Mobile Network,False,False,1
316,failed_login,0.0,1503.21,0,"New York, USA",Android,Public WiFi,False,False,1
317,fraud,2025.74,2823.76,Apple Store,"Los Angeles, USA",iPhone,Public WiFi,False,False,1
318,fraud,1206.68,2622.9399999999996,Amazon,"Berlin, Germany",Android,Public WiFi,False,False,1
319,fraud,4494.14,67.86999999999989,Amazon,"Los Angeles, USA",Windows Laptop,Public WiFi,False,False,1
319,password_change,0.0,67.86999999999989,0,"Los Angeles, USA",Android,Public WiFi,False,False,1
320,fraud,80.21,3350.08,Amazon,"New York, USA",iPhone,Home WiFi,False,False,1
321,fraud,1268.03,605.73,Apple Store,"Berlin, Germany",iPad,Mobile Network,False,False,1
321,withdrawal,0.0,605.73,0,"London, UK",MacBook,Mobile Network,False,False,1
322,fraud,958.21,577.0899999999999,Best Buy,"Los Angeles, USA",Android,Public WiFi,False,True,1
322,failed_login,0.0,577.0899999999999,0,"Los Angeles, USA",Windows Laptop,Corporate Network,False,False,1
323,fraud,7691.63,-5156.09,Amazon,"Los Angeles, USA",Android,Public WiFi,False,False,1
323,phone_change,0.0,-5156.09,0,"Paris, France",iPhone,Mobile Network,False,True,1
324,fraud,4312.39,7613.530000000001,Starbucks,"Tokyo, Japan",Linux PC,Public WiFi,False,False,1
325,fraud,2145.89,1184.1400000000003,Amazon,"London, UK",iPhone,Corporate Network,False,False,1
326,fraud,1334.52,2823.9199999999996,Amazon,"New York, USA",Android,Corporate Network,False,False,1
327,fraud,3014.66,113.13000000000011,Amazon,"Tokyo, Japan",iPhone,Corporate Network,False,False,1
327,withdrawal,0.0,113.13000000000011,0,"New York, USA",iPhone,Mobile Network,False,False,1
328,fraud,2379.14,-633.8499999999999,Target,"Berlin, Germany",iPhone,Corporate Network,False,False,1
329,fraud,98.56,4631.2,Amazon,"London, UK",iPhone,Corporate Network,False,False,1
330,fraud,2433.06,1244.52,Starbucks,"Los Angeles, USA",iPhone,Corporate Network,False,False,1
331,fraud,3969.4,-2664.19,Apple Store,"Tokyo, Japan",iPhone,Mobile Network,False,False,1
331,deposit,0.0,-2664.19,0,"Paris, France",iPhone,Mobile Network,False,False,1
332,fraud,4525.17,-1860.0100000000002,Starbucks,"Los Angeles, USA",Android,Home WiFi,False,False,1
333,fraud,1441.02,1815.83,Starbucks,"New York, USA",iPad,Corporate Network,True,False,1
333,withdrawal,0.0,1815.83,0,"Tokyo, Japan",Android,Home WiFi,False,False,1
334,fraud,932.17,1625.3600000000001,Amazon,"Los Angeles, USA",Windows Laptop,Home WiFi,False,False,1
335,fraud,1537.4,-260.4100000000001,Walmart,"Berlin, Germany",Android,Mobile Network,False,False,1
335,failed_login,0.0,-260.4100000000001,0,"Los Angeles, USA",Android,Public WiFi,False,False,1
336,fraud,261.24,1580.14,Best Buy,"Los Angeles, USA",iPhone,Home WiFi,False,False,1
336,phone_change,0.0,1580.14,0,"New York, USA",MacBook,Public WiFi,False,False,1
337,fraud,1901.28,1607.53,Best Buy,"New York, USA",Windows Laptop,Public WiFi,False,False,1
337,withdrawal,0.0,1607.53,0,"New York, USA",Android,Home WiFi,False,False,1
338,fraud,1766.3,4063.55,Target,"Tokyo, Japan",iPhone,Mobile Network,False,False,1
339,fraud,56.63,2578.3199999999997,Amazon,"Los Angeles, USA",iPhone,Mobile Network,False,False,1
339,email_change,0.0,2578.3199999999997,0,"New York, USA",iPhone,Corporate Network,False,True,1
340,fraud,167.09,2992.69,Starbucks,"Tokyo, Japan",Windows Laptop,Home WiFi,False,False,1
341,fraud,9992.83,-7331.16,Best Buy,"Berlin, Germany",Windows Laptop,Mobile Network,False,False,1
342,fraud,104.78,4223.67,Walmart,"Berlin, Germany",MacBook,Public WiFi,False,False,1
343,fraud,6845.92,-2190.3,Best Buy,"London, UK",Windows Laptop,Public WiFi,False,False,1
343,withdrawal,0.0,-2190.3,0,"Los Angeles, USA",MacBook,Home WiFi,False,False,1
344,fraud,1218.77,3407.1,Best Buy,"Paris, France",Android,Mobile Network,False,False,1
345,fraud,1681.09,4051.0199999999995,Apple Store,"New York, USA",iPhone,Corporate Network,False,False,1
346,fraud,107.07,4884.6900000000005,Target,"Los Angeles, USA",Windows Laptop,Home WiFi,False,False,1
347,fraud,206.41,4231.99,Walmart,"New York, USA",iPhone,Home WiFi,False,False,1
347,phone_change,0.0,4231.99,0,"Berlin, Germany",MacBook,Home WiFi,False,False,1
348,fraud,1931.81,-370.64999999999986,Apple Store,"Los Angeles, USA",Android,Home WiFi,False,False,1
349,fraud,7293.96,-6260.82,Best Buy,"Los Angeles, USA",Windows Laptop,Mobile Network,False,False,1
349,email_change,0.0,-6260.82,0,"Tokyo, Japan",Windows Laptop,Corporate Network,False,False,1
350,fraud,2113.83,1665.1800000000003,Best Buy,"Los Angeles, USA",iPad,Public WiFi,False,False,1
350,deposit,0.0,1665.1800000000003,0,"Los Angeles, USA",Android,Home WiFi,False,False,1
351,fraud,847.26,2964.4300000000003,Apple Store,"London, UK",MacBook,Home WiFi,False,False,1
351,failed_login,0.0,2964.4300000000003,0,"London, UK",iPhone,Home WiFi,False,False,1
352,fraud,533.31,2666.44,Amazon,"Los Angeles, USA",Android,Corporate Network,False,False,1
353,fraud,122.87,2297.62,Amazon,"Tokyo, Japan",MacBook,Corporate Network,False,False,1
353,phone_change,0.0,2297.62,0,"New York, USA",Windows Laptop,Public WiFi,False,False,1
354,fraud,132.88,4439.96,Target,"Los Angeles, USA",iPhone,Home WiFi,True,False,1
354,password_change,0.0,4439.96,0,"New York, USA",iPad,Home WiFi,False,False,1
355,fraud,367.77,4414.620000000001,Best Buy,"Los Angeles, USA",Windows Laptop,Home WiFi,False,False,1
355,password_change,0.0,4414.620000000001,0,"Paris, France",Windows Laptop,Mobile Network,False,False,1
356,fraud,979.09,2044.73,Walmart,"New York, USA",iPad,Corporate Network,False,True,1
356,phone_change,0.0,2044.73,0,"New York, USA",Android,Corporate Network,False,False,1
357,fraud,727.14,3935.15,Walmart,"New York, USA",MacBook,Corporate Network,False,False,1
357,email_change,0.0,3935.15,0,"London, UK",Android,Mobile Network,False,False,1
358,fraud,46.81,3292.72,Best Buy,"New York, USA",Linux PC,Public WiFi,False,False,1
358,failed_login,0.0,3292.72,0,"Tokyo, Japan",Windows Laptop,Public WiFi,False,False,1
359,fraud,3284.37,1026.63,Walmart,"Paris, France",MacBook,Mobile Network,False,False,1
360,fraud,954.77,3500.3700000000003,Amazon,"Tokyo, Japan",iPhone,Mobile Network,False,False,1
361,fraud,51.55,4299.42,Amazon,"New York, USA",MacBook,Mobile Network,False,False,1
362,fraud,710.9,4118.74,Walmart,"Los Angeles, USA",MacBook,Public WiFi,False,False,1
362,password_change,0.0,4118.74,0,"Los Angeles, USA",MacBook,Public WiFi,False,False,1
363,fraud,168.18,4795.63,Starbucks,"Paris, France",iPad,Mobile Network,False,False,1
363,password_change,0.0,4795.63,0,"New York, USA",Windows Laptop,Public WiFi,True,False,1
364,fraud,1587.67,2458.14,Amazon,"Los Angeles, USA",MacBook,Public WiFi,False,False,1
365,fraud,903.02,2881.83,Apple Store,"New York, USA",Windows Laptop,Corporate Network,False,True,1
365,withdrawal,0.0,2881.83,0,"Los Angeles, USA",Android,Mobile Network,False,True,1
366,fraud,5007.87,-2425.91,Amazon,"Tokyo, Japan",iPhone,Mobile Network,False,False,1
367,fraud,418.7,4345.360000000001,Best Buy,"Los Angeles, USA",Android,Mobile Network,False,False,1
367,phone_change,0.0,4345.360000000001,0,"New York, USA",MacBook,Corporate Network,False,False,1
368,fraud,1993.7,-537.75,Walmart,"London, UK",Android,Corporate Network,False,False,1
369,fraud,1826.18,1174.57,Apple Store,"Berlin, Germany",Android,Mobile Network,True,False,1
370,fraud,3026.26,4626.92,Amazon,"Los Angeles, USA",MacBook,Public WiFi,False,False,1
371,fraud,572.52,4268.25,Starbucks,"New York, USA",Windows Laptop,Public WiFi,False,False,1
371,phone_change,0.0,4268.25,0,"Tokyo, Japan",iPhone,Corporate Network,False,False,1
372,fraud,487.1,3984.7000000000003,Apple Store,"New York, USA",Windows Laptop,Corporate Network,False,False,1
373,fraud,2786.84,7617.57,Amazon,"Los Angeles, USA",Android,Corporate Network,False,False,1
374,fraud,716.76,3014.99,Starbucks,"New York, USA",iPhone,Public WiFi,False,False,1
374,password_change,0.0,3014.99,0,"New York, USA",Windows Laptop,Public WiFi,False,False,1
375,fraud,72.65,4726.65,Amazon,"Los Angeles, USA",MacBook,Corporate Network,False,False,1
375,withdrawal,0.0,4726.65,0,"Los Angeles, USA",MacBook,Home WiFi,False,False,1
376,fraud,442.69,1150.6499999999999,Best Buy,"New York, USA",MacBook,Public WiFi,True,False,1
377,fraud,122.49,2021.67,Walmart,"New York, USA",iPhone,Mobile Network,False,False,1
378,fraud,674.03,3435.87,Best Buy,"Tokyo, Japan",iPhone,Corporate Network,True,False,1
378,withdrawal,0.0,3435.87,0,"Berlin, Germany",Windows Laptop,Home WiFi,False,False,1
379,fraud,622.94,4813.9400000000005,Walmart,"New York, USA",iPhone,Corporate Network,True,False,1
379,password_change,0.0,4813.9400000000005,0,"New York, USA",Android,Mobile Network,False,False,1
380,fraud,1036.25,2361.27,Starbucks,"Los Angeles, USA",iPad,Public WiFi,False,False,1
380,phone_change,0.0,2361.27,0,"New York, USA",iPhone,Home WiFi,False,False,1
381,fraud,4795.97,-3123.82,Walmart,"Los Angeles, USA",iPad,Mobile Network,False,False,1
382,fraud,656.79,2880.99,Amazon,"Tokyo, Japan",MacBook,Corporate Network,False,False,1
382,phone_change,0.0,2880.99,0,"New York, USA",Windows Laptop,Corporate Network,False,False,1
383,fraud,1863.26,443.49,Amazon,"Berlin, Germany",iPhone,Public WiFi,False,False,1
383,withdrawal,0.0,443.49,0,"Los Angeles, USA",iPhone,Home WiFi,False,False,1
384,fraud,380.45,2550.35,Starbucks,"Paris, France",iPhone,Home WiFi,False,False,1
384,phone_change,0.0,2550.35,0,"London, UK",Windows Laptop,Home WiFi,False,False,1
385,fraud,7.02,3017.04,Best Buy,"Los Angeles, USA",Windows Laptop,Public WiFi,False,False,1
386,fraud,1482.8,-64.57999999999993,Starbucks,"New York, USA",iPhone,Mobile Network,False,False,1
387,fraud,6342.28,-2500.6,Best Buy,"New York, USA",Windows Laptop,Mobile Network,False,False,1
388,fraud,427.77,4058.6200000000003,Walmart,"London, UK",iPhone,Home WiFi,False,False,1
388,password_change,0.0,4058.6200000000003,0,"Los Angeles, USA",iPhone,Public WiFi,False,False,1
389,fraud,1668.38,5958.35,Starbucks,"London, UK",MacBook,Public WiFi,False,False,1
389,withdrawal,0.0,5958.35,0,"Paris, France",iPad,Mobile Network,False,False,1
390,fraud,143.96,2537.63,Amazon,"Los Angeles, USA",Android,Home WiFi,False,False,1
391,fraud,520.32,852.57,Best Buy,"New York, USA",iPhone,Corporate Network,False,False,1
392,fraud,312.1,2438.3199999999997,Target,"New York, USA",Windows Laptop,Mobile Network,False,False,1
393,fraud,2678.67,-39.92000000000007,Target,"Paris, France",Android,Public WiFi,False,False,1
394,fraud,84.95,2821.3799999999997,Amazon,"Los Angeles, USA",Android,Corporate Network,False,False,1
395,fraud,2822.48,1766.7099999999996,Starbucks,"New York, USA",iPhone,Mobile Network,True,False,1
395,withdrawal,0.0,1766.7099999999996,0,"Los Angeles, USA",MacBook,Corporate Network,True,False,1
396,fraud,913.76,3749.6899999999996,Target,"Berlin, Germany",Windows Laptop,Public WiFi,False,False,1
397,fraud,253.71,2641.72,Starbucks,"Los Angeles, USA",iPad,Home WiFi,False,True,1
397,email_change,0.0,2641.72,0,"New York, USA",iPhone,Public WiFi,False,False,1
398,fraud,2860.85,-345.65999999999985,Target,"Los Angeles, USA",iPhone,Corporate Network,False,True,1
399,fraud,1959.28,1489.57,Walmart,"Los Angeles, USA",iPhone,Home WiFi,False,False,1
399,withdrawal,0.0,1489.57,0,"Berlin, Germany",iPad,Home WiFi,False,False,1
400,fraud,204.39,2374.46,Amazon,"New York, USA",Android,Mobile Network,False,False,1
401,fraud,6396.5,-3259.57,Amazon,"Los Angeles, USA",MacBook,Mobile Network,False,False,1
401,phone_change,0.0,-3259.57,0,"London, UK",Android,Mobile Network,False,False,1
402,fraud,1614.02,2114.68,Apple Store,"Los Angeles, USA",iPhone,Public WiFi,False,False,1
402,suspicious_login,0.0,2114.68,0,"New York, USA",iPhone,Public WiFi,False,False,1
403,fraud,101.15,1630.41,Amazon,"New York, USA",iPhone,Corporate Network,False,False,1
403,withdrawal,0.0,1630.41,0,"Berlin, Germany",Windows Laptop,Public WiFi,False,False,1
404,fraud,193.45,1663.1000000000001,Best Buy,"New York, USA",iPhone,Corporate Network,False,True,1
404,password_change,0.0,1663.1000000000001,0,"Los Angeles, USA",iPhone,Public WiFi,True,False,1
405,fraud,514.93,565.7000000000002,Target,"Paris, France",MacBook,Home WiFi,False,False,1
406,fraud,1745.18,6207.85,Amazon,"Berlin, Germany",Windows Laptop,Public WiFi,False,False,1
406,withdrawal,0.0,6207.85,0,"Los Angeles, USA",Android,Home WiFi,False,False,1
407,fraud,1381.24,1577.3,Target,"London, UK",Windows Laptop,Public WiFi,False,False,1
407,withdrawal,0.0,1577.3,0,"Tokyo, Japan",MacBook,Public WiFi,False,False,1
408,fraud,721.45,4242.77,Amazon,"Los Angeles, USA",iPhone,Home WiFi,False,False,1
408,email_change,0.0,4242.77,0,"Los Angeles, USA",Linux PC,Corporate Network,False,False,1
409,fraud,273.16,4718.37,Amazon,"Paris, France",iPad,Mobile Network,False,False,1
410,fraud,3600.4,1271.7000000000003,Target,"Berlin, Germany",Linux PC,Home WiFi,False,False,1
410,password_change,0.0,1271.7000000000003,0,"New York, USA",iPhone,Mobile Network,False,False,1
411,fraud,1126.45,3129.05,Starbucks,"Berlin, Germany",Windows Laptop,Corporate Network,False,False,1
411,failed_login,0.0,3129.05,0,"New York, USA",Android,Public WiFi,False,False,1
412,fraud,4273.49,5780.53,Starbucks,"New York, USA",MacBook,Corporate Network,False,False,1
412,withdrawal,0.0,5780.53,0,"New York, USA",iPhone,Mobile Network,False,False,1
413,fraud,1718.08,2654.7200000000003,Target,"Los Angeles, USA",Android,Home WiFi,False,False,1
414,fraud,4507.17,-701.0700000000002,Best Buy,"Los Angeles, USA",Windows Laptop,Home WiFi,False,False,1
414,withdrawal,0.0,-701.0700000000002,0,"New York, USA",Windows Laptop,Home WiFi,False,False,1
415,fraud,174.48,1638.56,Target,"Los Angeles, USA",MacBook,Corporate Network,False,False,1
415,password_change,0.0,1638.56,0,"Los Angeles, USA",MacBook,Corporate Network,False,False,1
416,fraud,1633.97,309.46000000000004,Best Buy,"London, UK",Android,Corporate Network,False,False,1
417,fraud,3855.23,-1803.9699999999998,Amazon,"New York, USA",Windows Laptop,Home WiFi,False,False,1
417,deposit,0.0,-1803.9699999999998,0,"Berlin, Germany",MacBook,Public WiFi,False,False,1
418,fraud,1854.28,813.53,Starbucks,"Berlin, Germany",MacBook,Mobile Network,False,False,1
418,phone_change,0.0,813.53,0,"London, UK",iPhone,Corporate Network,False,False,1
419,fraud,2592.63,546.1599999999999,Starbucks,"Paris, France",Linux PC,Home WiFi,False,False,1
420,fraud,356.79,2622.23,Starbucks,"Tokyo, Japan",iPhone,Corporate Network,False,False,1
421,fraud,1035.81,1410.65,Amazon,"Paris, France",MacBook,Home WiFi,False,False,1
422,fraud,2049.56,1346.02,Walmart,"Berlin, Germany",MacBook,Mobile Network,False,False,1
423,fraud,2829.79,-878.46,Amazon,"Tokyo, Japan",iPad,Corporate Network,False,False,1
423,password_change,0.0,-878.46,0,"Paris, France",Android,Mobile Network,False,False,1
424,fraud,3047.21,4260.0,Amazon,"New York, USA",Windows Laptop,Public WiFi,True,False,1
425,fraud,3614.95,7366.889999999999,Target,"New York, USA",Android,Mobile Network,True,False,1
425,phone_change,0.0,7366.889999999999,0,"New York, USA",Windows Laptop,Home WiFi,False,False,1
426,fraud,837.68,4861.2300000000005,Target,"New York, USA",iPhone,Public WiFi,False,False,1
427,fraud,632.44,3355.94,Starbucks,"Tokyo, Japan",Windows Laptop,Home WiFi,False,False,1
427,email_change,0.0,3355.94,0,"London, UK",MacBook,Corporate Network,False,False,1
428,fraud,2489.77,-198.30999999999995,Target,"Los Angeles, USA",MacBook,Public WiFi,False,False,1
428,password_change,0.0,-198.30999999999995,0,"Los Angeles, USA",Android,Home WiFi,False,False,1
429,fraud,185.89,1468.08,Amazon,"Los Angeles, USA",Windows Laptop,Corporate Network,False,False,1
429,email_change,0.0,1468.08,0,"London, UK",Android,Corporate Network,False,False,1
430,fraud,492.63,4290.95,Walmart,"Paris, France",Windows Laptop,Mobile Network,False,False,1
430,email_change,0.0,4290.95,0,"London, UK",iPhone,Corporate Network,False,False,1
431,fraud,1984.14,-684.0600000000002,Walmart,"Tokyo, Japan",Android,Public WiFi,False,False,1
431,withdrawal,0.0,-684.0600000000002,0,"New York, USA",Windows Laptop,Public WiFi,False,False,1
432,fraud,4680.21,7349.18,Apple Store,"Los Angeles, USA",Android,Mobile Network,False,False,1
0,deposit,433.84,3934.92,Starbucks,"New York, USA",iPhone,Mobile Network,False,False,0
1,withdrawal,166.51,2109.05,Target,"Berlin, Germany",MacBook,Mobile Network,False,False,0
1,email_change,0.0,2109.05,0,"London, UK",MacBook,Public WiFi,False,False,0
2,withdrawal,399.18,1858.3,Walmart,"Paris, France",iPhone,Corporate Network,False,False,0
3,withdrawal,114.74,4852.410000000001,Amazon,"London, UK",Windows Laptop,Mobile Network,False,False,0
4,deposit,174.5,4735.22,Amazon,"Tokyo, Japan",iPhone,Public WiFi,False,False,0
4,email_change,0.0,4735.22,0,"Berlin, Germany",Android,Home WiFi,False,False,0
5,deposit,439.48,4238.04,Amazon,"Berlin, Germany",Windows Laptop,Public WiFi,False,False,0
5,phone_change,0.0,4238.04,0,"Los Angeles, USA",MacBook,Mobile Network,False,False,0
6,deposit,759.89,2731.9,Walmart,"Paris, France",MacBook,Corporate Network,False,False,0
6,email_change,0.0,2731.9,0,"Berlin, Germany",iPhone,Home WiFi,False,False,0
7,withdrawal,303.48,1171.92,Walmart,"New York, USA",Android,Mobile Network,False,False,0
7,password_change,0.0,1171.92,0,"Paris, France",Android,Corporate Network,False,False,0
8,withdrawal,333.22,2905.91,Target,"Tokyo, Japan",iPhone,Mobile Network,False,False,0
9,deposit,966.47,4520.26,Target,"London, UK",Android,Mobile Network,False,True,0
10,deposit,143.21,2726.08,Walmart,"Paris, France",Windows Laptop,Home WiFi,False,False,0
11,deposit,864.33,4427.99,Best Buy,"New York, USA",MacBook,Mobile Network,False,False,0
11,password_change,0.0,4427.99,0,"Los Angeles, USA",MacBook,Corporate Network,False,False,0
12,deposit,334.37,4575.69,Target,"New York, USA",Windows Laptop,Public WiFi,False,False,0
12,email_change,0.0,4575.69,0,"Los Angeles, USA",iPhone,Corporate Network,False,False,0
13,deposit,269.72,3214.1500000000005,Best Buy,"New York, USA",Android,Mobile Network,False,True,0
13,phone_change,0.0,3214.1500000000005,0,"Tokyo, Japan",Android,Home WiFi,True,False,0
14,withdrawal,284.98,3486.22,Amazon,"New York, USA",iPhone,Public WiFi,True,False,0
15,deposit,290.43,2342.41,Walmart,"London, UK",iPhone,Public WiFi,False,False,0
15,password_change,0.0,2342.41,0,"Los Angeles, USA",iPhone,Home WiFi,False,False,0
16,withdrawal,265.03,1851.68,Starbucks,"Paris, France",MacBook,Mobile Network,False,False,0
17,deposit,320.6,2495.31,Target,"Los Angeles, USA",Windows Laptop,Mobile Network,False,False,0
18,deposit,374.57,2647.9300000000003,Amazon,"Paris, France",Windows Laptop,Public WiFi,False,False,0
19,withdrawal,374.35,3069.4900000000002,Amazon,"Berlin, Germany",Android,Public WiFi,False,False,0
20,withdrawal,450.07,2418.5899999999997,Target,"Los Angeles, USA",Linux PC,Public WiFi,False,False,0
21,withdrawal,449.02,2490.51,Amazon,"Tokyo, Japan",iPhone,Corporate Network,False,False,0
22,deposit,355.02,5037.450000000001,Amazon,"New York, USA",Android,Corporate Network,False,False,0
22,phone_change,0.0,5037.450000000001,0,"London, UK",Windows Laptop,Mobile Network,False,False,0
23,withdrawal,430.87,3242.6600000000003,Best Buy,"Tokyo, Japan",iPhone,Home WiFi,False,False,0
24,deposit,534.21,1935.53,Apple Store,"Los Angeles, USA",Windows Laptop,Corporate Network,False,False,0
25,withdrawal,241.03,3038.11,Target,"Los Angeles, USA",iPhone,Home WiFi,False,False,0
26,withdrawal,473.83,2650.28,Target,"Paris, France",Windows Laptop,Home WiFi,False,False,0
26,phone_change,0.0,2650.28,0,"Los Angeles, USA",iPhone,Home WiFi,False,False,0
27,withdrawal,240.31,3199.9300000000003,Amazon,"New York, USA",iPad,Corporate Network,False,False,0
28,deposit,302.67,2171.53,Walmart,"Tokyo, Japan",iPhone,Public WiFi,True,False,0
29,deposit,649.13,3764.39,Starbucks,"Los Angeles, USA",Windows Laptop,Home WiFi,False,True,0
30,deposit,747.16,2318.29,Best Buy,"Tokyo, Japan",iPhone,Mobile Network,True,False,0
31,withdrawal,493.98,1260.43,Target,"New York, USA",Windows Laptop,Corporate Network,False,False,0
32,withdrawal,410.7,2491.79,Starbucks,"Los Angeles, USA",Android,Corporate Network,False,False,0
33,deposit,223.64,3179.73,Amazon,"Paris, France",Android,Home WiFi,False,False,0
34,deposit,691.75,2356.84,Best Buy,"Los Angeles, USA",Android,Mobile Network,False,False,0
35,withdrawal,483.85,4081.2900000000004,Walmart,"Paris, France",Android,Corporate Network,False,False,0
36,withdrawal,92.22,1772.55,Walmart,"Berlin, Germany",Windows Laptop,Home WiFi,False,False,0
36,email_change,0.0,1772.55,0,"Tokyo, Japan",Linux PC,Corporate Network,False,False,0
37,withdrawal,374.08,2500.5,Walmart,"New York, USA",Windows Laptop,Home WiFi,False,False,0
38,withdrawal,271.45,3523.62,Amazon,"London, UK",Windows Laptop,Home WiFi,False,False,0
39,withdrawal,112.54,4902.2,Amazon,"London, UK",iPhone,Corporate Network,True,False,0
40,deposit,866.96,3127.67,Target,"Berlin, Germany",Android,Public WiFi,False,False,0
41,deposit,651.63,5735.08,Amazon,"Los Angeles, USA",Windows Laptop,Home WiFi,False,False,0
42,withdrawal,180.98,2670.69,Best Buy,"London, UK",Linux PC,Home WiFi,False,False,0
43,withdrawal,166.49,4141.06,Target,"Tokyo, Japan",Windows Laptop,Home WiFi,False,False,0
44,withdrawal,498.42,3912.96,Best Buy,"New York, USA",iPhone,Home WiFi,False,False,0
45,withdrawal,313.56,2252.37,Target,"Los Angeles, USA",iPhone,Corporate Network,False,False,0
46,deposit,904.28,4149.36,Apple Store,"London, UK",Windows Laptop,Public WiFi,False,False,0
47,withdrawal,444.48,4402.35,Target,"New York, USA",Windows Laptop,Mobile Network,False,False,0
47,password_change,0.0,4402.35,0,"New York, USA",Windows Laptop,Mobile Network,False,False,0
48,withdrawal,393.75,2668.68,Amazon,"Berlin, Germany",MacBook,Mobile Network,False,False,0
49,withdrawal,194.89,2284.0499999999997,Starbucks,"New York, USA",MacBook,Mobile Network,False,False,0
50,deposit,170.05,4076.42,Starbucks,"Paris, France",iPhone,Public WiFi,True,False,0
50,password_change,0.0,4076.42,0,"New York, USA",Windows Laptop,Public WiFi,False,False,0
51,deposit,560.83,5729.92,Amazon,"New York, USA",Android,Public WiFi,False,False,0
51,password_change,0.0,5729.92,0,"London, UK",iPhone,Home WiFi,False,False,0
52,deposit,797.78,5474.5599999999995,Amazon,"Tokyo, Japan",MacBook,Public WiFi,True,False,0
53,withdrawal,293.56,3317.9,Best Buy,"Los Angeles, USA",iPhone,Corporate Network,False,False,0
53,phone_change,0.0,3317.9,0,"New York, USA",iPhone,Mobile Network,False,False,0
54,deposit,328.09,3669.48,Apple Store,"Los Angeles, USA",Android,Corporate Network,False,False,0
55,withdrawal,196.29,3221.6600000000003,Apple Store,"Los Angeles, USA",MacBook,Home WiFi,False,False,0
56,deposit,539.46,1965.2,Amazon,"Los Angeles, USA",Windows Laptop,Mobile Network,False,False,0
57,deposit,540.75,2942.91,Starbucks,"Tokyo, Japan",iPhone,Corporate Network,False,False,0
58,deposit,855.01,3864.42,Walmart,"Tokyo, Japan",Windows Laptop,Public WiFi,False,False,0
59,deposit,422.17,2303.98,Target,"New York, USA",Android,Public WiFi,False,False,0
60,deposit,987.89,3740.71,Starbucks,"New York, USA",Android,Home WiFi,False,False,0
61,deposit,724.07,4256.96,Best Buy,"Los Angeles, USA",Android,Corporate Network,False,False,0
62,deposit,832.67,5226.37,Target,"Paris, France",iPhone,Home WiFi,False,False,0
63,deposit,288.63,2847.4700000000003,Best Buy,"Los Angeles, USA",MacBook,Mobile Network,False,False,0
64,deposit,942.86,1951.2400000000002,Best Buy,"New York, USA",iPad,Mobile Network,False,False,0
65,deposit,423.85,5694.280000000001,Target,"Tokyo, Japan",Android,Public WiFi,False,False,0
66,withdrawal,340.66,4021.4300000000003,Target,"Paris, France",iPhone,Mobile Network,False,False,0
67,withdrawal,196.46,1323.63,Starbucks,"Los Angeles, USA",iPhone,Home WiFi,True,False,0
68,deposit,254.92,3366.9100000000003,Walmart,"Tokyo, Japan",Android,Home WiFi,False,False,0
68,password_change,0.0,3366.9100000000003,0,"Tokyo, Japan",Windows Laptop,Home WiFi,False,False,0
69,deposit,466.08,3779.82,Starbucks,"New York, USA",Windows Laptop,Mobile Network,False,False,0
69,password_change,0.0,3779.82,0,"New York, USA",Linux PC,Mobile Network,False,False,0
70,deposit,703.25,5272.22,Target,"New York, USA",iPhone,Corporate Network,True,False,0
71,deposit,238.23,5153.7,Amazon,"London, UK",Windows Laptop,Mobile Network,False,False,0
71,password_change,0.0,5153.7,0,"London, UK",iPhone,Mobile Network,False,False,0
72,deposit,465.5,2547.78,Walmart,"Berlin, Germany",MacBook,Mobile Network,False,False,0
73,deposit,367.07,3210.0500000000006,Amazon,"Tokyo, Japan",MacBook,Mobile Network,True,False,0
74,deposit,825.02,4211.85,Best Buy,"New York, USA",iPhone,Public WiFi,False,False,0
75,deposit,244.23,4953.37,Walmart,"Tokyo, Japan",MacBook,Public WiFi,False,False,0
76,deposit,203.87,3527.7899999999995,Amazon,"New York, USA",Linux PC,Home WiFi,False,False,0
77,deposit,479.55,4649.19,Best Buy,"Paris, France",MacBook,Public WiFi,False,False,0
78,deposit,877.64,5987.620000000001,Amazon,"Los Angeles, USA",iPhone,Mobile Network,False,False,0
78,password_change,0.0,5987.620000000001,0,"Los Angeles, USA",Windows Laptop,Corporate Network,False,False,0
79,withdrawal,295.7,1438.8999999999999,Target,"Los Angeles, USA",Android,Home WiFi,False,False,0
80,withdrawal,193.58,3911.5200000000004,Target,"Los Angeles, USA",iPhone,Corporate Network,False,False,0
81,deposit,306.43,1781.4,Walmart,"New York, USA",Android,Corporate Network,False,False,0
82,withdrawal,62.39,2043.32,Best Buy,"Los Angeles, USA",iPhone,Corporate Network,False,False,0
83,deposit,960.26,4529.53,Amazon,"New York, USA",Android,Mobile Network,False,False,0
84,deposit,572.29,5984.4400000000005,Best Buy,"New York, USA",Windows Laptop,Corporate Network,False,False,0
85,deposit,930.2,2882.71,Apple Store,"Tokyo, Japan",Linux PC,Public WiFi,False,False,0
86,withdrawal,434.64,2175.67,Target,"Berlin, Germany",Android,Home WiFi,False,False,0
87,deposit,129.41,4898.16,Best Buy,"Los Angeles, USA",Android,Home WiFi,False,False,0
88,withdrawal,220.18,3973.480000000001,Amazon,"Paris, France",Linux PC,Corporate Network,False,False,0
89,deposit,215.22,5282.51,Amazon,"Los Angeles, USA",Windows Laptop,Public WiFi,False,False,0
90,deposit,630.46,3656.67,Target,"London, UK",iPhone,Home WiFi,False,True,0
91,deposit,360.53,1209.1899999999998,Starbucks,"Tokyo, Japan",iPhone,Mobile Network,False,False,0
92,withdrawal,241.55,3048.69,Amazon,"Tokyo, Japan",MacBook,Corporate Network,False,True,0
93,withdrawal,253.61,3342.58,Apple Store,"New York, USA",MacBook,Public WiFi,False,False,0
93,phone_change,0.0,3342.58,0,"Paris, France",Android,Home WiFi,False,False,0
94,deposit,716.97,4193.47,Amazon,"Los Angeles, USA",Android,Public WiFi,False,False,0
95,deposit,611.42,2400.35,Walmart,"Paris, France",Linux PC,Corporate Network,False,False,0
96,deposit,682.35,5492.22,Amazon,"New York, USA",Windows Laptop,Corporate Network,False,False,0
97,deposit,933.69,5482.030000000001,Best Buy,"London, UK",iPhone,Mobile Network,False,False,0
98,deposit,633.95,4322.34,Target,"New York, USA",iPhone,Public WiFi,False,False,0
98,password_change,0.0,4322.34,0,"Los Angeles, USA",Windows Laptop,Public WiFi,False,False,0
99,deposit,661.03,3674.7,Target,"Berlin, Germany",Android,Corporate Network,False,False,0
100,withdrawal,86.17,1972.21,Target,"New York, USA",Android,Corporate Network,False,False,0
101,deposit,609.75,3303.5499999999997,Amazon,"Los Angeles, USA",MacBook,Mobile Network,False,False,0
102,deposit,936.45,3919.0700000000006,Apple Store,"Los Angeles, USA",iPhone,Public WiFi,False,False,0
103,withdrawal,103.08,1577.0800000000002,Amazon,"New York, USA",iPhone,Mobile Network,False,False,0
104,withdrawal,91.49,3636.7900000000004,Best Buy,"New York, USA",Android,Corporate Network,False,True,0
105,deposit,438.32,3052.42,Walmart,"Los Angeles, USA",Android,Mobile Network,False,False,0
106,deposit,225.14,1989.3199999999997,Target,"Tokyo, Japan",iPhone,Mobile Network,False,False,0
107,deposit,380.75,2926.91,Walmart,"New York, USA",iPhone,Home WiFi,False,True,0
108,deposit,151.29,5303.67,Starbucks,"Paris, France",Android,Home WiFi,False,False,0
108,email_change,0.0,5303.67,0,"Paris, France",Android,Corporate Network,False,False,0
109,deposit,939.2,2636.19,Apple Store,"Los Angeles, USA",Android,Home WiFi,False,False,0
110,withdrawal,301.53,2683.84,Amazon,"New York, USA",Android,Public WiFi,False,False,0
111,withdrawal,218.11,2744.5899999999997,Starbucks,"New York, USA",iPhone,Public WiFi,False,False,0
112,deposit,681.81,5211.800000000001,Walmart,"Tokyo, Japan",iPhone,Home WiFi,False,False,0
113,deposit,193.11,3002.6200000000003,Starbucks,"New York, USA",iPhone,Home WiFi,False,True,0
113,phone_change,0.0,3002.6200000000003,0,"Berlin, Germany",Android,Corporate Network,False,False,0
114,withdrawal,392.72,3669.24,Starbucks,"Tokyo, Japan",Android,Home WiFi,False,False,0
115,deposit,113.29,3743.99,Amazon,"Los Angeles, USA",iPhone,Public WiFi,False,True,0
116,deposit,235.65,4865.669999999999,Apple Store,"London, UK",Windows Laptop,Corporate Network,False,False,0
117,withdrawal,219.38,4349.41,Best Buy,"Los Angeles, USA",Android,Corporate Network,False,True,0
117,phone_change,0.0,4349.41,0,"New York, USA",Windows Laptop,Public WiFi,False,False,0
118,withdrawal,81.44,2038.15,Best Buy,"Los Angeles, USA",MacBook,Home WiFi,False,False,0
118,password_change,0.0,2038.15,0,"New York, USA",Linux PC,Home WiFi,False,False,0
119,withdrawal,359.17,1618.81,Starbucks,"Tokyo, Japan",iPad,Public WiFi,False,False,0
120,deposit,345.22,4423.11,Amazon,"New York, USA",Linux PC,Corporate Network,False,False,0
120,phone_change,0.0,4423.11,0,"New York, USA",iPhone,Home WiFi,False,False,0
121,withdrawal,347.38,1415.96,Best Buy,"London, UK",iPhone,Home WiFi,False,True,0
122,withdrawal,163.18,1779.2999999999997,Best Buy,"Tokyo, Japan",iPhone,Mobile Network,False,False,0
123,deposit,811.42,2593.79,Target,"Paris, France",iPhone,Public WiFi,False,False,0
124,deposit,742.97,2608.98,Best Buy,"London, UK",iPhone,Home WiFi,False,False,0
124,email_change,0.0,2608.98,0,"Los Angeles, USA",iPhone,Home WiFi,False,False,0
125,deposit,204.01,5037.92,Best Buy,"Tokyo, Japan",Windows Laptop,Corporate Network,False,False,0
126,deposit,108.1,5266.660000000001,Target,"New York, USA",MacBook,Mobile Network,False,False,0
127,deposit,450.63,5963.86,Walmart,"Los Angeles, USA",iPhone,Corporate Network,False,True,0
128,withdrawal,419.47,2717.49,Starbucks,"Tokyo, Japan",Windows Laptop,Home WiFi,False,False,0
129,deposit,878.01,5328.9400000000005,Target,"New York, USA",Android,Mobile Network,False,False,0
130,withdrawal,268.06,5017.69,Target,"New York, USA",Android,Mobile Network,False,False,0
131,withdrawal,124.74,2732.46,Amazon,"Berlin, Germany",iPhone,Corporate Network,False,False,0
131,phone_change,0.0,2732.46,0,"New York, USA",Android,Home WiFi,False,False,0
132,deposit,818.13,1856.44,Amazon,"Paris, France",Linux PC,Home WiFi,False,False,0
132,email_change,0.0,1856.44,0,"London, UK",iPhone,Mobile Network,False,False,0
133,withdrawal,215.43,3140.93,Starbucks,"Los Angeles, USA",iPhone,Public WiFi,False,False,0
134,deposit,976.21,4091.42,Starbucks,"Los Angeles, USA",iPhone,Corporate Network,False,True,0
135,deposit,986.56,4226.58,Amazon,"Los Angeles, USA",iPad,Mobile Network,False,False,0
136,deposit,739.02,3310.7400000000002,Apple Store,"Tokyo, Japan",iPhone,Public WiFi,False,False,0
137,withdrawal,69.07,2300.98,Amazon,"Los Angeles, USA",iPhone,Public WiFi,False,False,0
138,deposit,637.81,4676.24,Walmart,"Berlin, Germany",MacBook,Home WiFi,True,False,0
139,deposit,598.44,2502.1400000000003,Amazon,"New York, USA",iPhone,Public WiFi,False,False,0
139,email_change,0.0,2502.1400000000003,0,"New York, USA",MacBook,Public WiFi,False,False,0
140,withdrawal,245.09,4652.0599999999995,Apple Store,"Berlin, Germany",MacBook,Mobile Network,False,False,0
141,deposit,925.52,2835.8999999999996,Amazon,"Tokyo, Japan",MacBook,Home WiFi,False,False,0
141,password_change,0.0,2835.8999999999996,0,"New York, USA",Windows Laptop,Home WiFi,False,False,0
142,withdrawal,308.39,596.5799999999999,Walmart,"New York, USA",Android,Home WiFi,False,False,0
143,deposit,250.91,5485.209999999999,Amazon,"Paris, France",Linux PC,Public WiFi,False,False,0
144,withdrawal,370.76,3246.0299999999997,Amazon,"Berlin, Germany",iPad,Mobile Network,False,False,0
144,phone_change,0.0,3246.0299999999997,0,"Los Angeles, USA",iPhone,Corporate Network,False,False,0
145,deposit,813.38,4545.679999999999,Best Buy,"Los Angeles, USA",Windows Laptop,Home WiFi,False,True,0
146,deposit,662.7,4555.150000000001,Best Buy,"Tokyo, Japan",iPhone,Public WiFi,False,False,0
147,withdrawal,368.35,1371.85,Walmart,"New York, USA",iPhone,Corporate Network,False,True,0
148,deposit,411.45,3397.5299999999997,Walmart,"New York, USA",Windows Laptop,Public WiFi,False,False,0
149,withdrawal,178.47,2493.32,Amazon,"New York, USA",iPhone,Home WiFi,False,False,0
150,withdrawal,459.4,3896.9600000000005,Apple Store,"New York, USA",iPhone,Public WiFi,False,False,0
150,phone_change,0.0,3896.9600000000005,0,"Los Angeles, USA",iPhone,Home WiFi,True,False,0
151,withdrawal,296.41,3824.21,Starbucks,"London, UK",Windows Laptop,Public WiFi,False,False,0
152,deposit,202.54,4333.05,Apple Store,"New York, USA",Android,Public WiFi,False,False,0
152,email_change,0.0,4333.05,0,"Tokyo, Japan",Windows Laptop,Corporate Network,False,False,0
153,withdrawal,285.35,1890.27,Amazon,"Berlin, Germany",Android,Mobile Network,False,False,0
153,email_change,0.0,1890.27,0,"New York, USA",Android,Public WiFi,False,False,0
154,deposit,563.44,2223.15,Best Buy,"London, UK",MacBook,Mobile Network,False,True,0
155,deposit,705.09,5442.92,Amazon,"Berlin, Germany",Android,Public WiFi,False,False,0
156,deposit,256.94,3889.86,Amazon,"New York, USA",Windows Laptop,Corporate Network,False,False,0
157,deposit,393.12,4211.47,Amazon,"Tokyo, Japan",Windows Laptop,Corporate Network,False,False,0
158,deposit,617.88,3988.4100000000003,Walmart,"Paris, France",Windows Laptop,Home WiFi,False,False,0
159,deposit,685.45,1752.42,Walmart,"New York, USA",Android,Corporate Network,False,False,0
160,withdrawal,236.65,1840.5,Amazon,"London, UK",Android,Mobile Network,False,False,0
161,deposit,202.48,3792.67,Starbucks,"Tokyo, Japan",MacBook,Home WiFi,False,False,0
162,deposit,308.61,2044.79,Starbucks,"London, UK",Windows Laptop,Mobile Network,False,False,0
163,withdrawal,473.74,3565.84,Amazon,"Tokyo, Japan",Android,Home WiFi,False,False,0
164,deposit,534.5,2068.1800000000003,Best Buy,"London, UK",MacBook,Corporate Network,False,False,0
165,withdrawal,138.54,2352.42,Starbucks,"New York, USA",MacBook,Mobile Network,False,False,0
165,password_change,0.0,2352.42,0,"New York, USA",Android,Corporate Network,False,False,0
166,deposit,844.03,3358.38,Apple Store,"Los Angeles, USA",iPhone,Home WiFi,False,False,0
166,password_change,0.0,3358.38,0,"New York, USA",Android,Home WiFi,False,False,0
167,deposit,770.34,3273.2000000000003,Amazon,"New York, USA",iPhone,Mobile Network,False,False,0
168,deposit,666.87,3303.63,Amazon,"Berlin, Germany",Linux PC,Corporate Network,False,False,0
169,withdrawal,292.39,387.88,Apple Store,"London, UK",Windows Laptop,Corporate Network,False,False,0
169,password_change,0.0,387.88,0,"Berlin, Germany",iPhone,Home WiFi,False,False,0
170,withdrawal,471.13,910.5499999999998,Target,"London, UK",Windows Laptop,Corporate Network,False,False,0
171,withdrawal,78.46,3988.9799999999996,Walmart,"New York, USA",Windows Laptop,Home WiFi,False,False,0
172,deposit,238.72,2141.97,Amazon,"Berlin, Germany",Android,Corporate Network,False,False,0
173,deposit,706.7,5316.78,Apple Store,"New York, USA",iPhone,Corporate Network,False,False,0
174,withdrawal,385.95,1532.3799999999999,Apple Store,"Tokyo, Japan",MacBook,Home WiFi,False,False,0
175,deposit,157.11,931.91,Best Buy,"New York, USA",Windows Laptop,Public WiFi,True,False,0
175,phone_change,0.0,931.91,0,"New York, USA",Android,Home WiFi,False,False,0
176,deposit,313.44,2603.71,Best Buy,"Tokyo, Japan",Android,Corporate Network,False,False,0
177,deposit,574.67,4642.88,Target,"New York, USA",MacBook,Public WiFi,False,False,0
178,deposit,632.25,3217.11,Starbucks,"Berlin, Germany",Windows Laptop,Public WiFi,False,False,0
178,email_change,0.0,3217.11,0,"Tokyo, Japan",iPhone,Mobile Network,False,False,0
179,deposit,550.39,3105.19,Target,"Berlin, Germany",iPhone,Corporate Network,False,False,0
180,deposit,702.19,6037.51,Walmart,"Los Angeles, USA",Android,Public WiFi,False,False,0
181,deposit,503.13,4068.98,Walmart,"New York, USA",Android,Public WiFi,False,False,0
181,email_change,0.0,4068.98,0,"Tokyo, Japan",MacBook,Mobile Network,False,False,0
182,deposit,161.89,2882.99,Walmart,"Tokyo, Japan",iPhone,Mobile Network,False,False,0
183,withdrawal,444.25,2542.33,Amazon,"London, UK",MacBook,Mobile Network,False,False,0
184,deposit,169.04,1961.35,Amazon,"London, UK",Windows Laptop,Home WiFi,False,False,0
185,withdrawal,270.64,2910.96,Target,"Tokyo, Japan",Android,Corporate Network,False,False,0
186,deposit,636.02,5935.060000000001,Best Buy,"London, UK",iPhone,Corporate Network,False,True,0
187,withdrawal,258.7,2299.67,Walmart,"New York, USA",Windows Laptop,Mobile Network,False,False,0
188,deposit,302.11,3081.8,Amazon,"Los Angeles, USA",iPhone,Home WiFi,False,False,0
189,deposit,739.94,2935.38,Apple Store,"Los Angeles, USA",MacBook,Home WiFi,False,False,0
190,deposit,654.79,3310.76,Walmart,"New York, USA",Android,Public WiFi,False,False,0
191,withdrawal,273.75,4133.91,Walmart,"New York, USA",iPhone,Public WiFi,False,False,0
192,deposit,246.38,1265.75,Starbucks,"New York, USA",Android,Home WiFi,False,False,0
193,deposit,684.04,2084.24,Amazon,"Los Angeles, USA",Android,Mobile Network,False,False,0
193,password_change,0.0,2084.24,0,"Paris, France",Android,Home WiFi,False,False,0
194,withdrawal,489.68,1953.4799999999998,Walmart,"London, UK",MacBook,Home WiFi,False,True,0
195,withdrawal,338.23,2789.57,Walmart,"Los Angeles, USA",Android,Home WiFi,False,False,0
196,withdrawal,199.04,2698.28,Target,"Paris, France",iPhone,Mobile Network,False,False,0
197,deposit,924.36,4791.88,Walmart,"Paris, France",Linux PC,Mobile Network,False,False,0
197,password_change,0.0,4791.88,0,"Tokyo, Japan",MacBook,Mobile Network,False,False,0
198,deposit,136.3,4125.45,Walmart,"Berlin, Germany",Windows Laptop,Corporate Network,False,False,0
198,password_change,0.0,4125.45,0,"Los Angeles, USA",Android,Home WiFi,False,False,0
199,withdrawal,426.81,2990.78,Walmart,"Tokyo, Japan",iPhone,Home WiFi,False,False,0
200,deposit,279.6,3012.92,Amazon,"Los Angeles, USA",iPhone,Mobile Network,False,True,0
200,email_change,0.0,3012.92,0,"Tokyo, Japan",Android,Corporate Network,False,False,0
201,withdrawal,196.12,3637.09,Amazon,"Berlin, Germany",iPad,Public WiFi,False,False,0
201,phone_change,0.0,3637.09,0,"New York, USA",Linux PC,Corporate Network,False,False,0
202,deposit,971.89,5000.99,Walmart,"New York, USA",Linux PC,Mobile Network,False,False,0
202,email_change,0.0,5000.99,0,"Berlin, Germany",Windows Laptop,Public WiFi,False,False,0
203,withdrawal,226.47,2286.48,Target,"New York, USA",MacBook,Mobile Network,False,False,0
204,deposit,888.42,5616.19,Amazon,"Paris, France",iPhone,Home WiFi,False,False,0
205,deposit,890.82,3074.59,Amazon,"Paris, France",iPhone,Home WiFi,False,False,0
206,deposit,394.46,2943.65,Target,"London, UK",Android,Corporate Network,False,False,0
207,deposit,202.0,3134.0,Amazon,"London, UK",Linux PC,Mobile Network,False,False,0
208,deposit,935.55,3847.4400000000005,Walmart,"New York, USA",MacBook,Mobile Network,False,False,0
209,deposit,992.24,2329.41,Best Buy,"Paris, France",Android,Mobile Network,False,False,0
210,deposit,708.43,4289.55,Apple Store,"Los Angeles, USA",Windows Laptop,Corporate Network,False,False,0
211,deposit,878.24,2554.6400000000003,Starbucks,"New York, USA",iPad,Mobile Network,False,False,0
212,deposit,683.86,5462.04,Amazon,"Paris, France",Windows Laptop,Home WiFi,False,False,0
213,withdrawal,118.63,5370.08,Walmart,"Los Angeles, USA",iPhone,Public WiFi,False,False,0
214,withdrawal,366.76,4054.0299999999997,Amazon,"London, UK",Android,Corporate Network,False,False,0
214,phone_change,0.0,4054.0299999999997,0,"Paris, France",iPad,Mobile Network,False,False,0
215,deposit,837.96,5676.98,Amazon,"London, UK",Android,Corporate Network,False,False,0
216,withdrawal,457.18,4260.629999999999,Apple Store,"Los Angeles, USA",MacBook,Home WiFi,False,False,0
217,withdrawal,207.53,4079.5799999999995,Amazon,"Los Angeles, USA",iPhone,Home WiFi,False,False,0
218,withdrawal,81.76,2299.6699999999996,Amazon,"Tokyo, Japan",MacBook,Public WiFi,False,False,0
219,deposit,176.74,2048.69,Best Buy,"Berlin, Germany",iPhone,Home WiFi,False,False,0
220,deposit,725.49,4765.3,Target,"Berlin, Germany",Windows Laptop,Corporate Network,True,False,0
220,password_change,0.0,4765.3,0,"Berlin, Germany",iPhone,Corporate Network,False,False,0
221,deposit,292.64,2198.7799999999997,Walmart,"Berlin, Germany",MacBook,Mobile Network,False,False,0
221,phone_change,0.0,2198.7799999999997,0,"London, UK",Windows Laptop,Mobile Network,False,False,0
222,deposit,845.99,5280.54,Apple Store,"Los Angeles, USA",iPad,Mobile Network,False,True,0
223,deposit,625.8,1993.67,Amazon,"London, UK",MacBook,Public WiFi,False,False,0
224,withdrawal,432.41,432.1499999999999,Best Buy,"Berlin, Germany",Android,Mobile Network,False,False,0
224,email_change,0.0,432.1499999999999,0,"Tokyo, Japan",Windows Laptop,Mobile Network,False,False,0
225,deposit,872.08,4134.59,Amazon,"Paris, France",Windows Laptop,Public WiFi,False,False,0
226,deposit,390.31,3427.07,Apple Store,"New York, USA",Android,Mobile Network,False,False,0
226,email_change,0.0,3427.07,0,"Los Angeles, USA",iPhone,Home WiFi,False,False,0
227,withdrawal,412.83,1878.12,Amazon,"Paris, France",Windows Laptop,Home WiFi,False,True,0
228,deposit,804.91,4502.490000000001,Walmart,"New York, USA",MacBook,Corporate Network,False,False,0
229,deposit,586.48,1878.44,Best Buy,"New York, USA",iPad,Home WiFi,False,False,0
230,withdrawal,177.13,2352.96,Walmart,"London, UK",MacBook,Home WiFi,False,False,0
231,deposit,906.24,5283.679999999999,Amazon,"London, UK",Android,Corporate Network,False,False,0
232,withdrawal,204.62,1956.65,Best Buy,"New York, USA",MacBook,Home WiFi,False,False,0
233,withdrawal,228.96,1269.76,Walmart,"Tokyo, Japan",MacBook,Mobile Network,False,False,0
234,deposit,295.48,2645.6,Amazon,"Tokyo, Japan",Android,Mobile Network,False,False,0
234,email_change,0.0,2645.6,0,"Los Angeles, USA",iPhone,Corporate Network,False,False,0
235,withdrawal,441.65,2763.1,Target,"Tokyo, Japan",Linux PC,Public WiFi,False,False,0
236,deposit,916.69,6366.370000000001,Target,"Tokyo, Japan",Windows Laptop,Corporate Network,False,False,0
237,deposit,225.77,2507.54,Walmart,"New York, USA",Android,Home WiFi,False,False,0
238,deposit,534.16,4169.14,Best Buy,"London, UK",Android,Mobile Network,False,False,0
239,deposit,856.77,3731.87,Amazon,"New York, USA",Windows Laptop,Public WiFi,False,False,0
240,deposit,484.79,2476.4300000000003,Best Buy,"Los Angeles, USA",Windows Laptop,Mobile Network,False,False,0
241,withdrawal,307.96,2687.45,Walmart,"New York, USA",iPhone,Public WiFi,False,False,0
242,deposit,989.56,4424.129999999999,Apple Store,"Los Angeles, USA",iPhone,Public WiFi,False,True,0
243,deposit,609.53,3291.45,Amazon,"London, UK",iPhone,Mobile Network,False,False,0
244,withdrawal,126.56,3071.7200000000003,Apple Store,"Tokyo, Japan",Windows Laptop,Public WiFi,False,False,0
245,withdrawal,180.54,1174.23,Starbucks,"London, UK",Windows Laptop,Corporate Network,False,False,0
245,phone_change,0.0,1174.23,0,"New York, USA",iPhone,Public WiFi,False,False,0
246,deposit,762.5,2243.46,Walmart,"London, UK",MacBook,Mobile Network,False,False,0
247,deposit,355.66,1481.51,Walmart,"London, UK",Windows Laptop,Home WiFi,False,False,0
248,withdrawal,432.2,3162.4800000000005,Target,"London, UK",iPhone,Corporate Network,True,False,0
249,deposit,349.45,2331.85,Apple Store,"Berlin, Germany",Android,Public WiFi,False,False,0
250,deposit,403.34,2562.9700000000003,Target,"Berlin, Germany",iPhone,Home WiFi,False,False,0
250,password_change,0.0,2562.9700000000003,0,"New York, USA",iPhone,Mobile Network,False,False,0
251,deposit,194.14,2701.9,Target,"Paris, France",Android,Corporate Network,False,False,0
252,withdrawal,499.9,412.80000000000007,Amazon,"Los Angeles, USA",iPhone,Home WiFi,False,False,0
253,deposit,801.71,3357.17,Amazon,"Berlin, Germany",MacBook,Corporate Network,False,False,0
254,withdrawal,68.33,3804.8900000000003,Amazon,"Berlin, Germany",Windows Laptop,Home WiFi,False,False,0
255,withdrawal,356.6,1728.5900000000001,Target,"New York, USA",iPhone,Public WiFi,False,False,0
256,deposit,466.56,3864.32,Best Buy,"Berlin, Germany",iPhone,Home WiFi,False,False,0
257,withdrawal,477.09,4874.339999999999,Best Buy,"Los Angeles, USA",Windows Laptop,Corporate Network,True,False,0
258,withdrawal,305.83,1483.13,Starbucks,"Tokyo, Japan",iPhone,Public WiFi,False,False,0
259,withdrawal,467.43,3370.01,Amazon,"Los Angeles, USA",Android,Public WiFi,False,False,0
260,deposit,628.81,3492.78,Starbucks,"Berlin, Germany",Android,Public WiFi,True,False,0
261,deposit,421.74,5415.15,Amazon,"New York, USA",Android,Mobile Network,False,False,0
261,password_change,0.0,5415.15,0,"Tokyo, Japan",Windows Laptop,Public WiFi,False,False,0
262,deposit,504.05,5214.6,Starbucks,"London, UK",Windows Laptop,Corporate Network,False,True,0
263,deposit,110.25,2677.63,Apple Store,"Tokyo, Japan",Android,Mobile Network,False,False,0
263,phone_change,0.0,2677.63,0,"Los Angeles, USA",iPhone,Corporate Network,False,False,0
264,withdrawal,326.14,899.9900000000001,Amazon,"Los Angeles, USA",Windows Laptop,Mobile Network,False,False,0
265,deposit,780.1,4299.2699999999995,Amazon,"New York, USA",Windows Laptop,Home WiFi,False,False,0
266,withdrawal,79.85,3784.7400000000002,Amazon,"Los Angeles, USA",MacBook,Corporate Network,False,False,0
267,deposit,600.02,3094.19,Amazon,"New York, USA",Windows Laptop,Home WiFi,False,False,0
267,phone_change,0.0,3094.19,0,"New York, USA",Linux PC,Home WiFi,False,False,0
268,deposit,562.93,1788.1,Apple Store,"Los Angeles, USA",iPhone,Mobile Network,False,False,0
268,password_change,0.0,1788.1,0,"Berlin, Germany",iPad,Mobile Network,False,False,0
269,deposit,346.36,4829.37,Amazon,"Berlin, Germany",iPhone,Public WiFi,False,False,0
270,withdrawal,461.86,1663.04,Walmart,"New York, USA",iPhone,Home WiFi,False,False,0
270,email_change,0.0,1663.04,0,"London, UK",Windows Laptop,Home WiFi,False,False,0
271,withdrawal,398.68,1300.7,Amazon,"Berlin, Germany",Windows Laptop,Corporate Network,False,True,0
272,deposit,651.41,2553.0499999999997,Amazon,"Los Angeles, USA",iPhone,Corporate Network,False,False,0
272,email_change,0.0,2553.0499999999997,0,"London, UK",MacBook,Home WiFi,False,False,0
273,deposit,121.45,5610.22,Amazon,"Los Angeles, USA",iPad,Corporate Network,False,False,0
274,deposit,996.29,2710.85,Target,"New York, USA",iPhone,Home WiFi,False,False,0
275,deposit,990.98,5353.629999999999,Target,"London, UK",Windows Laptop,Home WiFi,False,False,0
276,deposit,954.05,3268.46,Target,"Los Angeles, USA",iPhone,Mobile Network,False,False,0
277,deposit,845.24,3226.2299999999996,Amazon,"Los Angeles, USA",iPad,Home WiFi,False,False,0
278,deposit,858.49,2506.75,Walmart,"New York, USA",MacBook,Mobile Network,False,False,0
279,withdrawal,315.24,4209.47,Target,"Berlin, Germany",iPhone,Home WiFi,False,False,0
280,withdrawal,482.51,2897.0,Apple Store,"Tokyo, Japan",Windows Laptop,Corporate Network,False,False,0
281,deposit,908.06,4389.29,Target,"Los Angeles, USA",Android,Home WiFi,False,False,0
282,withdrawal,119.46,4310.35,Amazon,"New York, USA",Windows Laptop,Home WiFi,False,False,0
282,phone_change,0.0,4310.35,0,"Paris, France",Android,Public WiFi,False,False,0
283,withdrawal,403.49,1764.16,Walmart,"Paris, France",Android,Mobile Network,False,False,0
284,deposit,785.44,3002.94,Target,"London, UK",Android,Mobile Network,False,False,0
285,deposit,383.43,1202.13,Best Buy,"Tokyo, Japan",iPhone,Home WiFi,False,True,0
286,deposit,512.15,3817.39,Amazon,"Los Angeles, USA",iPhone,Mobile Network,False,False,0
287,deposit,558.27,5867.01,Best Buy,"London, UK",iPad,Corporate Network,False,False,0
288,deposit,460.24,2503.15,Amazon,"Tokyo, Japan",iPad,Corporate Network,False,False,0
289,withdrawal,406.64,3128.86,Amazon,"London, UK",Android,Public WiFi,False,False,0
289,email_change,0.0,3128.86,0,"Berlin, Germany",iPhone,Mobile Network,False,False,0
290,deposit,657.88,2870.84,Walmart,"New York, USA",iPhone,Public WiFi,False,False,0
291,deposit,641.44,2848.11,Best Buy,"Los Angeles, USA",MacBook,Home WiFi,False,False,0
291,password_change,0.0,2848.11,0,"New York, USA",iPhone,Home WiFi,False,False,0
292,deposit,196.33,2393.2200000000003,Best Buy,"New York, USA",Android,Home WiFi,False,False,0
292,password_change,0.0,2393.2200000000003,0,"London, UK",iPhone,Mobile Network,True,False,0
293,deposit,936.87,4525.5,Walmart,"New York, USA",Windows Laptop,Mobile Network,False,False,0
293,password_change,0.0,4525.5,0,"Paris, France",iPhone,Corporate Network,False,False,0
294,deposit,229.9,4114.94,Starbucks,"London, UK",iPhone,Public WiFi,False,False,0
295,withdrawal,134.09,3940.9900000000002,Best Buy,"London, UK",Android,Mobile Network,False,False,0
296,withdrawal,270.01,3315.0099999999993,Amazon,"Paris, France",Android,Public WiFi,False,False,0
297,withdrawal,483.86,2106.22,Amazon,"New York, USA",Android,Public WiFi,True,False,0
298,withdrawal,422.23,778.8700000000001,Apple Store,"Los Angeles, USA",Android,Public WiFi,False,False,0
299,deposit,743.15,2694.87,Walmart,"New York, USA",Windows Laptop,Mobile Network,False,False,0
299,phone_change,0.0,2694.87,0,"New York, USA",iPhone,Home WiFi,False,False,0
300,withdrawal,57.55,3351.94,Apple Store,"London, UK",Windows Laptop,Public WiFi,False,False,0
300,phone_change,0.0,3351.94,0,"Paris, France",Windows Laptop,Public WiFi,False,False,0
301,deposit,843.27,2836.1899999999996,Amazon,"Berlin, Germany",Windows Laptop,Public WiFi,False,False,0
302,deposit,695.39,3118.67,Best Buy,"Tokyo, Japan",Android,Home WiFi,False,False,0
303,withdrawal,368.62,2519.71,Walmart,"New York, USA",iPhone,Home WiFi,False,False,0
303,email_change,0.0,2519.71,0,"New York, USA",Android,Mobile Network,False,False,0
304,deposit,612.53,2403.77,Target,"Tokyo, Japan",Android,Public WiFi,False,False,0
305,deposit,263.12,5904.570000000001,Amazon,"London, UK",iPhone,Mobile Network,False,False,0
306,deposit,315.49,2658.74,Target,"New York, USA",Android,Public WiFi,False,False,0
307,deposit,380.49,3208.96,Amazon,"London, UK",iPhone,Home WiFi,False,False,0
308,deposit,102.74,2088.46,Best Buy,"Paris, France",iPhone,Corporate Network,False,True,0
308,password_change,0.0,2088.46,0,"New York, USA",iPhone,Home WiFi,False,False,0
309,withdrawal,165.94,2416.3700000000003,Amazon,"Paris, France",MacBook,Mobile Network,False,False,0
310,withdrawal,234.02,2481.94,Amazon,"Tokyo, Japan",iPhone,Corporate Network,False,False,0
311,withdrawal,429.94,3705.0099999999998,Walmart,"London, UK",MacBook,Public WiFi,False,False,0
312,deposit,417.68,2287.33,Amazon,"New York, USA",Android,Mobile Network,False,False,0
313,withdrawal,314.23,675.61,Amazon,"London, UK",iPad,Corporate Network,False,False,0
313,email_change,0.0,675.61,0,"Los Angeles, USA",MacBook,Corporate Network,False,False,0
314,withdrawal,497.77,820.1299999999999,Best Buy,"London, UK",Windows Laptop,Public WiFi,False,False,0
315,deposit,706.41,2939.16,Best Buy,"New York, USA",MacBook,Corporate Network,False,False,0
316,deposit,800.72,3981.45,Walmart,"New York, USA",MacBook,Home WiFi,False,False,0
317,withdrawal,137.09,3158.7599999999998,Apple Store,"New York, USA",MacBook,Public WiFi,False,False,0
318,withdrawal,194.33,2198.78,Best Buy,"Paris, France",Android,Mobile Network,False,True,0
318,email_change,0.0,2198.78,0,"Los Angeles, USA",iPhone,Home WiFi,False,False,0
319,deposit,834.92,3735.67,Apple Store,"Los Angeles, USA",MacBook,Corporate Network,False,False,0
320,deposit,897.43,4755.05,Starbucks,"New York, USA",Android,Public WiFi,False,False,0
321,deposit,361.51,2392.59,Walmart,"London, UK",Android,Home WiFi,False,False,0
322,deposit,275.55,5331.9400000000005,Amazon,"Los Angeles, USA",Windows Laptop,Public WiFi,False,False,0
323,withdrawal,151.63,1744.6,Apple Store,"London, UK",iPhone,Public WiFi,False,False,0
324,deposit,855.79,4206.55,Amazon,"Los Angeles, USA",MacBook,Home WiFi,False,False,0
325,deposit,420.56,1590.72,Amazon,"Berlin, Germany",iPhone,Mobile Network,False,False,0
325,email_change,0.0,1590.72,0,"Tokyo, Japan",MacBook,Public WiFi,False,False,0
326,deposit,379.46,4247.72,Amazon,"London, UK",iPhone,Public WiFi,False,False,0
327,withdrawal,460.76,2993.45,Amazon,"Los Angeles, USA",Windows Laptop,Home WiFi,False,False,0
328,deposit,410.77,4474.0599999999995,Amazon,"New York, USA",Android,Home WiFi,False,False,0
328,email_change,0.0,4474.0599999999995,0,"Los Angeles, USA",MacBook,Corporate Network,False,False,0
329,deposit,194.32,2283.4300000000003,Best Buy,"New York, USA",iPhone,Public WiFi,False,False,0
330,withdrawal,487.17,3343.92,Walmart,"Paris, France",MacBook,Mobile Network,False,False,0
330,email_change,0.0,3343.92,0,"Berlin, Germany",Android,Home WiFi,False,False,0
331,withdrawal,113.24,4611.04,Apple Store,"New York, USA",Android,Public WiFi,False,False,0
331,phone_change,0.0,4611.04,0,"London, UK",Windows Laptop,Mobile Network,False,False,0
332,deposit,592.05,5071.68,Best Buy,"New York, USA",Windows Laptop,Public WiFi,False,False,0
333,withdrawal,221.19,2352.29,Apple Store,"Berlin, Germany",iPhone,Home WiFi,False,False,0
333,password_change,0.0,2352.29,0,"New York, USA",iPhone,Corporate Network,False,False,0
334,deposit,147.54,2032.39,Amazon,"Los Angeles, USA",MacBook,Corporate Network,False,False,0
335,withdrawal,255.4,1386.84,Apple Store,"Los Angeles, USA",iPhone,Public WiFi,False,False,0
335,phone_change,0.0,1386.84,0,"New York, USA",Android,Corporate Network,False,False,0
336,deposit,497.73,5014.379999999999,Apple Store,"New York, USA",Windows Laptop,Mobile Network,False,False,0
337,deposit,962.93,5170.610000000001,Apple Store,"New York, USA",MacBook,Public WiFi,False,False,0
338,withdrawal,111.22,4680.849999999999,Apple Store,"London, UK",Android,Mobile Network,False,False,0
339,withdrawal,497.14,4215.28,Target,"Los Angeles, USA",iPhone,Public WiFi,False,False,0
340,withdrawal,56.59,3376.52,Best Buy,"New York, USA",Android,Home WiFi,False,False,0
340,email_change,0.0,3376.52,0,"New York, USA",MacBook,Public WiFi,False,False,0
341,deposit,114.25,4414.88,Target,"London, UK",Windows Laptop,Corporate Network,False,False,0
342,withdrawal,453.7,1097.37,Target,"London, UK",MacBook,Mobile Network,False,False,0
342,phone_change,0.0,1097.37,0,"Paris, France",Linux PC,Home WiFi,False,False,0
343,withdrawal,156.73,3309.2599999999998,Walmart,"Berlin, Germany",Windows Laptop,Mobile Network,False,False,0
344,withdrawal,491.91,2630.59,Best Buy,"Tokyo, Japan",iPhone,Mobile Network,False,True,0
345,deposit,112.64,2295.06,Starbucks,"Tokyo, Japan",Windows Laptop,Public WiFi,False,False,0
346,deposit,530.9,4591.87,Amazon,"Berlin, Germany",iPhone,Mobile Network,False,False,0
347,withdrawal,264.66,1863.2899999999997,Amazon,"Paris, France",Android,Mobile Network,False,False,0
348,withdrawal,297.14,4549.24,Best Buy,"New York, USA",Windows Laptop,Mobile Network,False,False,0
349,deposit,827.67,4232.74,Target,"Berlin, Germany",Android,Public WiFi,False,False,0
350,deposit,925.73,3661.8900000000003,Amazon,"New York, USA",MacBook,Home WiFi,False,False,0
351,deposit,177.65,2797.49,Amazon,"New York, USA",Windows Laptop,Mobile Network,True,False,0
352,withdrawal,75.09,2114.3999999999996,Walmart,"Tokyo, Japan",MacBook,Home WiFi,False,False,0
353,deposit,269.64,3248.8799999999997,Best Buy,"Berlin, Germany",Android,Corporate Network,True,False,0
354,deposit,321.91,2159.14,Amazon,"London, UK",iPad,Corporate Network,False,False,0
355,withdrawal,140.87,4083.92,Target,"New York, USA",MacBook,Corporate Network,False,False,0
356,withdrawal,95.58,2133.9,Amazon,"New York, USA",iPad,Mobile Network,False,False,0
357,deposit,266.38,4329.04,Amazon,"Los Angeles, USA",iPhone,Home WiFi,False,False,0
358,deposit,941.13,5429.849999999999,Walmart,"Tokyo, Japan",Android,Home WiFi,False,False,0
359,deposit,755.58,5215.88,Apple Store,"Paris, France",Android,Public WiFi,False,False,0
360,withdrawal,50.6,5516.18,Apple Store,"Paris, France",iPhone,Public WiFi,False,False,0
361,withdrawal,451.13,1738.63,Target,"New York, USA",Windows Laptop,Mobile Network,False,True,0
361,password_change,0.0,1738.63,0,"London, UK",MacBook,Home WiFi,False,False,0
362,withdrawal,480.99,4704.16,Amazon,"London, UK",iPad,Corporate Network,False,False,0
363,withdrawal,413.41,1596.02,Walmart,"New York, USA",MacBook,Mobile Network,False,False,0
364,deposit,127.79,5455.79,Target,"Los Angeles, USA",Android,Public WiFi,False,True,0
365,deposit,501.3,4893.99,Target,"Tokyo, Japan",Windows Laptop,Public WiFi,False,False,0
366,withdrawal,276.34,2135.12,Target,"Paris, France",iPhone,Public WiFi,False,False,0
367,withdrawal,338.36,2346.68,Starbucks,"Los Angeles, USA",MacBook,Mobile Network,False,False,0
368,withdrawal,68.99,2936.0900000000006,Best Buy,"Los Angeles, USA",iPhone,Public WiFi,False,False,0
368,password_change,0.0,2936.0900000000006,0,"Tokyo, Japan",Windows Laptop,Public WiFi,False,False,0
369,deposit,494.14,4531.9800000000005,Walmart,"Los Angeles, USA",Android,Home WiFi,False,False,0
370,deposit,953.28,5200.39,Walmart,"Tokyo, Japan",Windows Laptop,Public WiFi,False,False,0
370,phone_change,0.0,5200.39,0,"Paris, France",Android,Home WiFi,False,False,0
371,deposit,888.02,4915.22,Apple Store,"New York, USA",Linux PC,Public WiFi,False,False,0
372,withdrawal,294.29,3209.8900000000003,Amazon,"Los Angeles, USA",MacBook,Public WiFi,False,False,0
373,deposit,506.38,4443.59,Apple Store,"Paris, France",iPhone,Corporate Network,False,False,0
374,withdrawal,489.41,4142.38,Walmart,"Tokyo, Japan",Android,Home WiFi,False,False,0
374,password_change,0.0,4142.38,0,"Los Angeles, USA",MacBook,Public WiFi,False,False,0
375,deposit,895.16,3530.43,Apple Store,"Paris, France",Windows Laptop,Home WiFi,False,False,0
376,deposit,467.2,2584.73,Amazon,"Berlin, Germany",Windows Laptop,Home WiFi,False,False,0
377,withdrawal,458.72,2436.8099999999995,Apple Store,"Berlin, Germany",iPhone,Public WiFi,False,False,0
378,deposit,892.73,5983.539999999999,Best Buy,"Los Angeles, USA",Android,Public WiFi,False,False,0
379,withdrawal,405.82,2705.99,Best Buy,"Tokyo, Japan",Windows Laptop,Corporate Network,False,True,0
380,deposit,380.69,5265.04,Target,"Paris, France",Windows Laptop,Mobile Network,False,False,0
381,withdrawal,222.06,1484.4099999999999,Starbucks,"Tokyo, Japan",Android,Home WiFi,False,False,0
381,phone_change,0.0,1484.4099999999999,0,"Tokyo, Japan",Android,Mobile Network,False,False,0
382,deposit,731.6,2078.8,Amazon,"London, UK",iPhone,Mobile Network,False,False,0
383,deposit,740.77,3849.54,Walmart,"Paris, France",iPhone,Home WiFi,False,False,0
384,withdrawal,272.29,3924.8900000000003,Amazon,"New York, USA",Windows Laptop,Home WiFi,False,False,0
385,deposit,955.79,5514.11,Amazon,"New York, USA",iPhone,Public WiFi,False,False,0
386,withdrawal,135.48,1828.6,Apple Store,"New York, USA",iPhone,Corporate Network,False,False,0
387,withdrawal,442.17,1263.8799999999999,Apple Store,"London, UK",Android,Mobile Network,False,False,0
388,deposit,363.58,3770.35,Apple Store,"Los Angeles, USA",Windows Laptop,Public WiFi,False,False,0
389,deposit,687.14,4849.55,Apple Store,"London, UK",iPhone,Mobile Network,False,False,0
390,deposit,709.59,4678.34,Amazon,"Paris, France",Android,Corporate Network,False,False,0
391,deposit,960.11,6028.41,Target,"Berlin, Germany",Windows Laptop,Public WiFi,False,False,0
392,withdrawal,128.59,4203.14,Amazon,"Berlin, Germany",iPhone,Home WiFi,False,False,0
393,deposit,843.64,4547.56,Best Buy,"Paris, France",MacBook,Corporate Network,True,False,0
394,deposit,494.44,3185.15,Amazon,"London, UK",iPhone,Home WiFi,False,False,0
395,deposit,276.79,1318.8700000000001,Target,"Tokyo, Japan",Windows Laptop,Home WiFi,False,False,0
395,phone_change,0.0,1318.8700000000001,0,"New York, USA",iPhone,Mobile Network,False,True,0
396,withdrawal,71.53,3950.36,Amazon,"Berlin, Germany",Android,Mobile Network,False,False,0
397,withdrawal,331.67,426.9500000000001,Amazon,"New York, USA",iPad,Corporate Network,False,False,0
398,withdrawal,280.13,1284.6100000000001,Apple Store,"New York, USA",iPhone,Mobile Network,False,False,0
399,withdrawal,242.81,2969.07,Walmart,"London, UK",iPhone,Mobile Network,False,False,0
400,deposit,302.55,4735.700000000001,Target,"Berlin, Germany",iPhone,Mobile Network,False,False,0
401,deposit,986.73,1678.84,Apple Store,"New York, USA",Linux PC,Public WiFi,False,False,0
402,deposit,685.73,4528.389999999999,Target,"Tokyo, Japan",MacBook,Home WiFi,False,False,0
403,withdrawal,141.83,3625.91,Amazon,"Los Angeles, USA",Android,Home WiFi,False,False,0
404,withdrawal,82.35,2942.42,Best Buy,"New York, USA",Android,Home WiFi,False,False,0
405,deposit,684.58,3110.13,Apple Store,"London, UK",Android,Home WiFi,False,False,0
406,deposit,339.11,3793.2300000000005,Amazon,"Los Angeles, USA",iPhone,Home WiFi,False,False,0
407,withdrawal,290.63,1465.1099999999997,Amazon,"Tokyo, Japan",iPhone,Home WiFi,False,True,0
408,withdrawal,366.79,2891.77,Amazon,"Paris, France",iPhone,Corporate Network,False,False,0
409,deposit,966.32,4146.37,Apple Store,"Los Angeles, USA",iPhone,Corporate Network,False,False,0
410,deposit,991.56,1899.25,Best Buy,"New York, USA",iPad,Home WiFi,False,False,0
410,phone_change,0.0,1899.25,0,"Tokyo, Japan",Android,Public WiFi,False,False,0
411,withdrawal,263.02,4069.97,Target,"Los Angeles, USA",iPhone,Mobile Network,False,False,0
411,email_change,0.0,4069.97,0,"New York, USA",MacBook,Corporate Network,False,False,0
412,deposit,374.73,5137.5,Amazon,"Berlin, Germany",iPhone,Public WiFi,False,False,0
413,deposit,499.6,4620.25,Amazon,"New York, USA",Windows Laptop,Public WiFi,False,False,0
414,withdrawal,485.67,1876.0100000000002,Target,"London, UK",iPhone,Mobile Network,True,False,0
415,deposit,361.5,5051.26,Walmart,"New York, USA",iPhone,Home WiFi,False,False,0
416,withdrawal,488.24,2240.13,Amazon,"Los Angeles, USA",Windows Laptop,Mobile Network,False,True,0
417,deposit,306.55,4241.1900000000005,Amazon,"Paris, France",MacBook,Mobile Network,False,False,0
418,deposit,501.58,5206.76,Amazon,"Paris, France",Linux PC,Home WiFi,False,False,0
418,password_change,0.0,5206.76,0,"Los Angeles, USA",iPhone,Mobile Network,False,False,0
419,deposit,638.82,4492.28,Amazon,"New York, USA",iPhone,Mobile Network,False,False,0
419,phone_change,0.0,4492.28,0,"Tokyo, Japan",Android,Public WiFi,False,False,0
420,withdrawal,401.31,1331.5300000000002,Starbucks,"Berlin, Germany",Android,Corporate Network,False,False,0
421,withdrawal,78.69,3420.2599999999998,Starbucks,"Paris, France",MacBook,Public WiFi,False,False,0
422,withdrawal,463.61,3157.4999999999995,Best Buy,"Paris, France",iPhone,Public WiFi,False,False,0
423,deposit,292.15,1856.7400000000002,Amazon,"New York, USA",Linux PC,Corporate Network,False,False,0
424,withdrawal,311.5,3046.29,Amazon,"Paris, France",iPhone,Home WiFi,False,False,0
425,deposit,101.34,2823.91,Apple Store,"London, UK",iPhone,Home WiFi,False,False,0
426,deposit,419.66,2540.0199999999995,Amazon,"New York, USA",Android,Public WiFi,False,False,0
427,deposit,866.55,2877.55,Apple Store,"New York, USA",MacBook,Corporate Network,False,False,0
428,withdrawal,210.19,1493.84,Target,"New York, USA",Linux PC,Home WiFi,False,False,0
429,withdrawal,250.97,4112.87,Walmart,"Paris, France",Android,Corporate Network,False,False,0
430,withdrawal,63.25,977.0999999999999,Target,"Berlin, Germany",Android,Corporate Network,False,False,0
431,withdrawal,87.17,3226.5699999999997,Apple Store,"New York, USA",iPhone,Home WiFi,False,True,0
432,deposit,214.89,4069.12,Best Buy,"Los Angeles, USA",MacBook,Corporate Network,False,False,0
433,deposit,844.26,4381.55,Apple Store,"New York, USA",Android,Home WiFi,False,False,0
433,phone_change,0.0,4381.55,0,"Los Angeles, USA",Linux PC,Mobile Network,False,False,0
434,withdrawal,140.86,2055.03,Walmart,"Paris, France",iPhone,Public WiFi,False,False,0
435,deposit,756.58,4206.75,Amazon,"New York, USA",iPhone,Home WiFi,False,False,0
435,email_change,0.0,4206.75,0,"New York, USA",Windows Laptop,Public WiFi,False,False,0
436,withdrawal,124.0,3178.24,Best Buy,"Los Angeles, USA",iPhone,Mobile Network,False,False,0
437,withdrawal,499.29,1285.0700000000002,Walmart,"Los Angeles, USA",MacBook,Home WiFi,False,False,0
438,deposit,487.66,5066.34,Starbucks,"New York, USA",MacBook,Corporate Network,False,False,0
439,withdrawal,181.56,1083.44,Walmart,"London, UK",iPhone,Corporate Network,False,False,0
440,withdrawal,417.71,2362.61,Walmart,"Tokyo, Japan",iPhone,Public WiFi,False,False,0
441,withdrawal,326.76,3668.9399999999996,Target,"New York, USA",Windows Laptop,Public WiFi,True,False,0
442,withdrawal,295.86,4401.87,Starbucks,"New York, USA",Android,Mobile Network,False,False,0
443,withdrawal,205.55,4568.6900000000005,Amazon,"Los Angeles, USA",Android,Home WiFi,False,True,0
443,phone_change,0.0,4568.6900000000005,0,"Los Angeles, USA",MacBook,Corporate Network,False,False,0
444,withdrawal,239.13,2579.7999999999997,Walmart,"New York, USA",MacBook,Corporate Network,False,False,0
444,password_change,0.0,2579.7999999999997,0,"Tokyo, Japan",iPhone,Mobile Network,False,False,0
445,deposit,433.82,5116.83,Best Buy,"Los Angeles, USA",iPhone,Public WiFi,False,False,0
446,withdrawal,274.32,2792.92,Walmart,"Tokyo, Japan",MacBook,Corporate Network,True,False,0
446,password_change,0.0,2792.92,0,"Tokyo, Japan",iPhone,Public WiFi,False,False,0
447,withdrawal,207.49,4320.09,Target,"Paris, France",iPhone,Public WiFi,True,False,0
448,deposit,438.1,4152.36,Apple Store,"New York, USA",Windows Laptop,Home WiFi,False,False,0
449,deposit,600.59,2294.05,Apple Store,"Tokyo, Japan",iPhone,Corporate Network,False,False,0
450,deposit,198.25,5468.87,Walmart,"Tokyo, Japan",iPhone,Home WiFi,False,False,0
451,withdrawal,255.02,630.5600000000001,Amazon,"London, UK",iPhone,Home WiFi,False,False,0
451,phone_change,0.0,630.5600000000001,0,"Berlin, Germany",MacBook,Home WiFi,False,False,0
452,deposit,947.12,5180.36,Best Buy,"Tokyo, Japan",MacBook,Corporate Network,False,False,0
453,deposit,896.67,2966.4700000000003,Target,"Tokyo, Japan",iPhone,Public WiFi,False,False,0
454,deposit,882.23,4167.92,Target,"Los Angeles, USA",MacBook,Public WiFi,True,False,0
455,withdrawal,368.48,4234.389999999999,Amazon,"Los Angeles, USA",iPad,Home WiFi,False,False,0
455,email_change,0.0,4234.389999999999,0,"London, UK",MacBook,Home WiFi,False,False,0
456,deposit,147.07,5210.789999999999,Walmart,"London, UK",iPhone,Public WiFi,False,False,0
457,deposit,891.6,6545.43,Target,"Los Angeles, USA",Windows Laptop,Public WiFi,False,False,0
457,phone_change,0.0,6545.43,0,"Tokyo, Japan",Windows Laptop,Home WiFi,False,False,0
458,withdrawal,346.84,2938.19,Best Buy,"Tokyo, Japan",Windows Laptop,Public WiFi,False,True,0
459,withdrawal,278.63,4409.29,Walmart,"Tokyo, Japan",iPhone,Corporate Network,False,False,0
460,deposit,233.97,4556.16,Apple Store,"New York, USA",Android,Home WiFi,False,False,0
460,password_change,0.0,4556.16,0,"New York, USA",MacBook,Public WiFi,False,False,0
461,deposit,757.31,5546.48,Best Buy,"Tokyo, Japan",iPhone,Corporate Network,False,False,0
462,deposit,457.62,2133.69,Walmart,"Tokyo, Japan",iPhone,Public WiFi,True,False,0
462,email_change,0.0,2133.69,0,"Paris, France",MacBook,Public WiFi,False,False,0
463,deposit,993.2,4746.5599999999995,Starbucks,"Berlin, Germany",Windows Laptop,Corporate Network,False,False,0
464,deposit,724.25,4581.79,Starbucks,"London, UK",Windows Laptop,Mobile Network,False,False,0
464,phone_change,0.0,4581.79,0,"New York, USA",Windows Laptop,Home WiFi,True,False,0
465,deposit,693.03,3307.1899999999996,Walmart,"New York, USA",iPhone,Home WiFi,False,False,0
465,email_change,0.0,3307.1899999999996,0,"London, UK",Windows Laptop,Mobile Network,False,False,0
466,deposit,683.86,4317.08,Amazon,"New York, USA",iPhone,Mobile Network,False,False,0
467,withdrawal,237.33,5045.06,Walmart,"Berlin, Germany",iPhone,Corporate Network,False,False,0
468,withdrawal,382.69,2960.7799999999997,Walmart,"New York, USA",Windows Laptop,Public WiFi,False,False,0
468,password_change,0.0,2960.7799999999997,0,"Paris, France",iPhone,Public WiFi,False,False,0
469,deposit,467.45,2943.1099999999997,Apple Store,"New York, USA",Windows Laptop,Mobile Network,False,False,0
470,withdrawal,250.73,1783.56,Walmart,"New York, USA",Android,Corporate Network,False,False,0
471,deposit,357.71,3289.51,Amazon,"New York, USA",Linux PC,Public WiFi,True,False,0
471,email_change,0.0,3289.51,0,"New York, USA",Windows Laptop,Public WiFi,False,False,0
472,deposit,720.88,5700.22,Amazon,"Berlin, Germany",Windows Laptop,Home WiFi,False,False,0
473,withdrawal,251.87,813.5399999999998,Apple Store,"Tokyo, Japan",Windows Laptop,Corporate Network,False,False,0
474,deposit,683.19,4250.969999999999,Amazon,"London, UK",iPhone,Mobile Network,False,False,0
475,deposit,497.24,4741.169999999999,Best Buy,"New York, USA",Linux PC,Home WiFi,False,True,0
476,withdrawal,166.35,3090.7200000000003,Amazon,"New York, USA",iPhone,Public WiFi,False,False,0
477,deposit,942.63,4394.85,Apple Store,"New York, USA",Android,Home WiFi,False,False,0
478,deposit,185.81,5345.61,Target,"Los Angeles, USA",Linux PC,Home WiFi,False,False,0
479,deposit,804.6,5546.530000000001,Apple Store,"Los Angeles, USA",iPad,Corporate Network,False,False,0
480,withdrawal,335.74,452.78999999999996,Best Buy,"Los Angeles, USA",iPhone,Corporate Network,False,False,0
480,email_change,0.0,452.78999999999996,0,"Berlin, Germany",Android,Public WiFi,False,False,0
481,withdrawal,352.31,3177.41,Best Buy,"Berlin, Germany",Android,Corporate Network,False,False,0
482,deposit,488.91,2571.19,Apple Store,"Los Angeles, USA",iPhone,Public WiFi,False,False,0
482,phone_change,0.0,2571.19,0,"Los Angeles, USA",MacBook,Corporate Network,False,False,0
483,withdrawal,187.84,4849.14,Best Buy,"London, UK",Linux PC,Corporate Network,False,True,0
484,deposit,455.67,2778.45,Amazon,"London, UK",MacBook,Mobile Network,False,False,0
484,phone_change,0.0,2778.45,0,"New York, USA",Windows Laptop,Mobile Network,False,False,0
485,withdrawal,214.23,5179.13,Starbucks,"Los Angeles, USA",iPhone,Public WiFi,False,False,0
486,deposit,685.68,2647.0099999999998,Amazon,"Tokyo, Japan",Windows Laptop,Mobile Network,False,False,0
486,password_change,0.0,2647.0099999999998,0,"London, UK",iPhone,Corporate Network,False,False,0
487,withdrawal,148.6,2926.63,Apple Store,"New York, USA",iPhone,Corporate Network,False,False,0
488,deposit,169.0,3591.54,Walmart,"Berlin, Germany",Windows Laptop,Corporate Network,False,False,0
489,deposit,855.54,5346.79,Best Buy,"New York, USA",Windows Laptop,Home WiFi,False,False,0
490,deposit,118.68,4370.11,Best Buy,"New York, USA",iPhone,Corporate Network,False,False,0
491,deposit,218.68,3406.5299999999997,Apple Store,"New York, USA",iPhone,Public WiFi,False,False,0
492,deposit,996.45,4169.59,Best Buy,"New York, USA",Android,Mobile Network,False,True,0
493,deposit,900.35,5516.27,Walmart,"Tokyo, Japan",Windows Laptop,Corporate Network,False,False,0
494,deposit,997.13,4782.23,Walmart,"Los Angeles, USA",iPhone,Mobile Network,False,False,0
495,deposit,698.17,3371.92,Best Buy,"Tokyo, Japan",Android,Public WiFi,False,False,0
496,withdrawal,441.8,2614.7799999999997,Amazon,"Tokyo, Japan",iPhone,Mobile Network,False,False,0
497,deposit,397.9,4959.17,Amazon,"Los Angeles, USA",Android,Home WiFi,False,False,0
497,phone_change,0.0,4959.17,0,"Tokyo, Japan",MacBook,Public WiFi,False,False,0
498,deposit,579.36,5016.639999999999,Best Buy,"Berlin, Germany",Windows Laptop,Public WiFi,False,False,0
498,phone_change,0.0,5016.639999999999,0,"New York, USA",iPhone,Home WiFi,False,False,0
499,deposit,423.13,4821.99,Amazon,"New York, USA",MacBook,Public WiFi,False,False,0
500,withdrawal,121.93,1477.4199999999998,Best Buy,"London, UK",Linux PC,Mobile Network,False,False,0
501,deposit,116.01,4073.98,Amazon,"Los Angeles, USA",Windows Laptop,Home WiFi,False,False,0
502,deposit,834.63,2852.42,Apple Store,"New York, USA",Windows Laptop,Home WiFi,False,False,0
503,deposit,411.02,1328.2199999999998,Best Buy,"Los Angeles, USA",Android,Home WiFi,False,False,0
504,withdrawal,131.22,5036.19,Walmart,"New York, USA",iPhone,Public WiFi,False,False,0
504,password_change,0.0,5036.19,0,"Tokyo, Japan",Android,Mobile Network,False,False,0
505,deposit,654.01,3878.4399999999996,Amazon,"Tokyo, Japan",Android,Corporate Network,False,False,0
506,deposit,672.36,4661.400000000001,Best Buy,"Tokyo, Japan",Android,Home WiFi,False,False,0
507,withdrawal,361.15,1288.27,Apple Store,"Berlin, Germany",iPhone,Public WiFi,True,True,0
508,deposit,734.05,3864.0699999999997,Walmart,"New York, USA",Windows Laptop,Corporate Network,False,False,0
509,withdrawal,290.87,3296.83,Amazon,"Tokyo, Japan",Android,Home WiFi,False,False,0
510,withdrawal,218.34,4262.63,Starbucks,"London, UK",Android,Public WiFi,False,False,0
511,deposit,266.32,4845.299999999999,Target,"New York, USA",iPad,Home WiFi,False,False,0
512,deposit,144.03,2367.26,Amazon,"New York, USA",Android,Public WiFi,False,False,0
513,deposit,692.52,3485.15,Walmart,"London, UK",iPad,Mobile Network,False,False,0
513,phone_change,0.0,3485.15,0,"London, UK",iPhone,Public WiFi,False,False,0
514,withdrawal,282.75,2075.62,Target,"Los Angeles, USA",iPhone,Mobile Network,False,False,0
515,deposit,661.24,1582.19,Starbucks,"New York, USA",iPad,Corporate Network,False,False,0
516,withdrawal,423.35,1160.0,Best Buy,"Paris, France",iPhone,Home WiFi,True,False,0
517,withdrawal,327.24,2555.26,Amazon,"Paris, France",iPhone,Home WiFi,False,False,0
518,withdrawal,467.36,3385.78,Amazon,"London, UK",iPhone,Mobile Network,False,False,0
518,phone_change,0.0,3385.78,0,"Los Angeles, USA",Windows Laptop,Home WiFi,False,True,0
519,withdrawal,90.28,3754.9799999999996,Amazon,"Paris, France",Android,Mobile Network,False,False,0
520,withdrawal,355.87,1826.87,Best Buy,"Tokyo, Japan",Windows Laptop,Corporate Network,False,False,0
521,withdrawal,103.6,3466.66,Starbucks,"Los Angeles, USA",iPhone,Corporate Network,False,False,0
522,withdrawal,140.28,4700.88,Best Buy,"New York, USA",iPhone,Home WiFi,False,False,0
523,deposit,721.74,3715.2700000000004,Best Buy,"Tokyo, Japan",Windows Laptop,Mobile Network,False,False,0
524,deposit,836.58,5546.37,Walmart,"Tokyo, Japan",iPhone,Public WiFi,False,False,0
525,deposit,818.2,1918.26,Starbucks,"Paris, France",iPad,Mobile Network,False,False,0
526,withdrawal,208.2,4439.92,Walmart,"Tokyo, Japan",Linux PC,Public WiFi,False,False,0
527,withdrawal,350.94,2118.9900000000002,Amazon,"London, UK",Linux PC,Mobile Network,False,False,0
528,deposit,865.02,4367.9400000000005,Target,"New York, USA",iPhone,Public WiFi,False,False,0
529,deposit,473.31,3952.1899999999996,Walmart,"Los Angeles, USA",Android,Corporate Network,False,False,0
529,password_change,0.0,3952.1899999999996,0,"Paris, France",MacBook,Mobile Network,False,False,0
530,deposit,287.94,1270.97,Starbucks,"Berlin, Germany",MacBook,Public WiFi,False,False,0
531,deposit,361.36,3899.5499999999997,Amazon,"Paris, France",Android,Public WiFi,False,False,0
532,deposit,855.09,6187.63,Target,"New York, USA",iPhone,Home WiFi,False,False,0
533,withdrawal,425.86,3518.1099999999997,Amazon,"New York, USA",Android,Mobile Network,False,False,0
534,deposit,464.69,5138.97,Best Buy,"New York, USA",iPhone,Mobile Network,False,False,0
534,password_change,0.0,5138.97,0,"London, UK",iPhone,Home WiFi,False,False,0
535,deposit,833.92,3689.53,Amazon,"Paris, France",Android,Corporate Network,False,False,0
536,withdrawal,355.84,3833.95,Target,"Tokyo, Japan",iPhone,Home WiFi,False,False,0
537,deposit,713.48,1838.2800000000002,Target,"New York, USA",Android,Mobile Network,False,False,0
537,password_change,0.0,1838.2800000000002,0,"Paris, France",Android,Corporate Network,False,False,0
538,deposit,818.07,6140.849999999999,Amazon,"Los Angeles, USA",iPad,Mobile Network,False,False,0
539,deposit,161.62,4632.379999999999,Best Buy,"Tokyo, Japan",Windows Laptop,Public WiFi,False,False,0
540,deposit,249.27,5222.56,Walmart,"Los Angeles, USA",Android,Mobile Network,False,False,0
540,email_change,0.0,5222.56,0,"New York, USA",MacBook,Home WiFi,False,False,0
541,withdrawal,342.07,1861.93,Amazon,"New York, USA",Windows Laptop,Corporate Network,False,False,0
542,deposit,601.25,3159.33,Walmart,"Los Angeles, USA",MacBook,Mobile Network,False,False,0
543,deposit,808.14,4567.59,Walmart,"Paris, France",Windows Laptop,Home WiFi,False,False,0
543,phone_change,0.0,4567.59,0,"Los Angeles, USA",iPhone,Home WiFi,False,False,0
544,withdrawal,474.24,2647.0700000000006,Amazon,"New York, USA",Windows Laptop,Mobile Network,False,False,0
544,password_change,0.0,2647.0700000000006,0,"Berlin, Germany",Android,Corporate Network,False,False,0
545,withdrawal,345.32,2019.6299999999999,Amazon,"Tokyo, Japan",MacBook,Home WiFi,False,False,0
546,deposit,218.1,3209.2200000000003,Best Buy,"Tokyo, Japan",Android,Corporate Network,False,False,0
546,phone_change,0.0,3209.2200000000003,0,"Tokyo, Japan",iPhone,Corporate Network,False,False,0
547,deposit,701.65,4412.98,Walmart,"New York, USA",iPhone,Public WiFi,False,False,0
548,deposit,375.32,4086.06,Starbucks,"Los Angeles, USA",Android,Mobile Network,True,False,0
548,phone_change,0.0,4086.06,0,"New York, USA",Android,Home WiFi,False,False,0
549,withdrawal,397.59,4344.76,Best Buy,"New York, USA",iPhone,Home WiFi,False,False,0
550,withdrawal,314.7,3999.79,Amazon,"New York, USA",iPhone,Mobile Network,False,False,0
550,email_change,0.0,3999.79,0,"Tokyo, Japan",MacBook,Mobile Network,False,False,0
551,deposit,139.13,3369.4300000000003,Target,"Los Angeles, USA",Android,Mobile Network,False,False,0
551,email_change,0.0,3369.4300000000003,0,"Tokyo, Japan",MacBook,Corporate Network,False,False,0
552,deposit,122.27,3712.02,Target,"Paris, France",iPhone,Home WiFi,False,False,0
553,deposit,376.09,3270.2,Amazon,"Los Angeles, USA",iPhone,Corporate Network,False,True,0
554,withdrawal,130.25,2512.73,Amazon,"Berlin, Germany",Windows Laptop,Public WiFi,False,False,0
555,deposit,896.47,6133.400000000001,Amazon,"Paris, France",iPhone,Mobile Network,True,False,0
556,deposit,612.17,5684.37,Walmart,"Tokyo, Japan",Android,Corporate Network,False,False,0
556,phone_change,0.0,5684.37,0,"Tokyo, Japan",iPhone,Home WiFi,False,False,0
557,withdrawal,411.24,2939.63,Target,"Los Angeles, USA",Android,Mobile Network,False,False,0
558,deposit,599.09,3567.36,Apple Store,"Los Angeles, USA",iPhone,Public WiFi,False,False,0
559,deposit,672.49,5318.049999999999,Target,"Los Angeles, USA",Android,Mobile Network,False,False,0
560,withdrawal,155.48,4650.14,Best Buy,"New York, USA",Windows Laptop,Mobile Network,False,False,0
561,withdrawal,440.67,2936.9399999999996,Walmart,"London, UK",iPhone,Home WiFi,False,False,0
562,deposit,946.44,5237.780000000001,Best Buy,"London, UK",Android,Corporate Network,False,False,0
563,deposit,221.99,4122.7,Starbucks,"Berlin, Germany",Windows Laptop,Mobile Network,False,False,0
564,deposit,826.85,3119.65,Apple Store,"Tokyo, Japan",Windows Laptop,Mobile Network,False,False,0
564,phone_change,0.0,3119.65,0,"Los Angeles, USA",Android,Public WiFi,False,False,0
565,withdrawal,266.77,3738.15,Apple Store,"New York, USA",Windows Laptop,Mobile Network,False,False,0
566,deposit,318.94,3679.9500000000003,Starbucks,"New York, USA",Windows Laptop,Public WiFi,False,False,0
567,deposit,761.79,2532.5699999999997,Walmart,"New York, USA",iPad,Corporate Network,False,False,0
567,phone_change,0.0,2532.5699999999997,0,"London, UK",iPhone,Mobile Network,False,False,0
568,withdrawal,361.06,1021.54,Amazon,"Tokyo, Japan",MacBook,Home WiFi,False,False,0
569,withdrawal,402.84,983.3900000000001,Target,"Los Angeles, USA",Windows Laptop,Corporate Network,False,False,0
570,deposit,501.58,2563.0299999999997,Amazon,"New York, USA",Android,Corporate Network,False,False,0
570,email_change,0.0,2563.0299999999997,0,"New York, USA",MacBook,Corporate Network,False,True,0
571,withdrawal,137.76,1400.9099999999999,Amazon,"New York, USA",Windows Laptop,Corporate Network,False,False,0
572,deposit,467.9,5527.849999999999,Amazon,"Los Angeles, USA",iPhone,Mobile Network,False,False,0
573,withdrawal,156.79,1479.44,Best Buy,"Tokyo, Japan",iPhone,Mobile Network,False,False,0
574,withdrawal,79.38,1261.7799999999997,Amazon,"London, UK",iPhone,Mobile Network,True,False,0
575,deposit,249.83,2982.92,Target,"Paris, France",Windows Laptop,Home WiFi,False,False,0
576,deposit,202.43,5601.990000000001,Amazon,"Los Angeles, USA",Android,Home WiFi,False,False,0
576,phone_change,0.0,5601.990000000001,0,"London, UK",Windows Laptop,Home WiFi,False,False,0
577,deposit,267.47,1575.65,Amazon,"New York, USA",iPhone,Home WiFi,False,False,0
578,withdrawal,301.22,3566.1899999999996,Amazon,"London, UK",MacBook,Home WiFi,False,False,0
579,deposit,743.21,3515.2999999999997,Apple Store,"New York, USA",Linux PC,Mobile Network,False,False,0
580,deposit,424.7,4903.0,Target,"New York, USA",iPhone,Corporate Network,False,False,0
581,deposit,154.74,3803.6000000000004,Amazon,"London, UK",Android,Corporate Network,False,False,0
582,deposit,564.25,1758.5099999999998,Walmart,"New York, USA",Android,Mobile Network,False,False,0
583,deposit,117.96,3918.44,Target,"New York, USA",Android,Mobile Network,False,False,0
583,phone_change,0.0,3918.44,0,"London, UK",Android,Home WiFi,False,False,0
584,deposit,883.51,3149.75,Best Buy,"New York, USA",Android,Corporate Network,False,False,0
585,withdrawal,469.1,2726.4500000000003,Amazon,"Berlin, Germany",Linux PC,Public WiFi,False,False,0
586,withdrawal,180.99,1563.09,Target,"New York, USA",Android,Public WiFi,False,True,0
587,deposit,195.18,3162.8599999999997,Best Buy,"New York, USA",Windows Laptop,Mobile Network,False,False,0
587,email_change,0.0,3162.8599999999997,0,"Paris, France",Android,Public WiFi,True,False,0
588,deposit,860.91,2374.95,Starbucks,"New York, USA",iPhone,Corporate Network,False,False,0
589,deposit,234.55,4964.860000000001,Apple Store,"New York, USA",MacBook,Corporate Network,False,False,0
590,deposit,907.84,3992.08,Amazon,"London, UK",Android,Public WiFi,False,False,0
591,withdrawal,71.12,2918.2300000000005,Amazon,"Tokyo, Japan",MacBook,Public WiFi,False,False,0
592,deposit,851.36,5222.21,Apple Store,"Los Angeles, USA",Linux PC,Public WiFi,False,False,0
592,phone_change,0.0,5222.21,0,"New York, USA",iPhone,Home WiFi,False,False,0
593,deposit,860.3,3469.88,Starbucks,"Los Angeles, USA",Windows Laptop,Public WiFi,False,False,0
593,email_change,0.0,3469.88,0,"Berlin, Germany",iPhone,Home WiFi,False,False,0
594,deposit,845.18,4380.87,Best Buy,"Los Angeles, USA",iPhone,Home WiFi,False,False,0
594,email_change,0.0,4380.87,0,"Berlin, Germany",Windows Laptop,Corporate Network,False,False,0
595,deposit,940.18,3205.24,Walmart,"London, UK",iPhone,Corporate Network,False,False,0
596,deposit,171.44,2347.41,Starbucks,"New York, USA",iPad,Public WiFi,False,False,0
596,phone_change,0.0,2347.41,0,"Tokyo, Japan",Windows Laptop,Home WiFi,False,False,0
597,deposit,483.74,5765.81,Amazon,"New York, USA",Windows Laptop,Corporate Network,False,False,0
597,phone_change,0.0,5765.81,0,"Los Angeles, USA",Android,Home WiFi,False,False,0
598,deposit,659.53,4315.61,Amazon,"London, UK",Android,Corporate Network,False,False,0
599,deposit,192.74,3781.09,Amazon,"London, UK",Android,Corporate Network,False,False,0
600,withdrawal,308.85,4212.96,Amazon,"Tokyo, Japan",Android,Home WiFi,False,False,0
601,withdrawal,58.69,4374.88,Apple Store,"Los Angeles, USA",Windows Laptop,Mobile Network,False,False,0
602,withdrawal,477.38,1042.0,Starbucks,"New York, USA",Android,Corporate Network,False,False,0
602,phone_change,0.0,1042.0,0,"Los Angeles, USA",iPhone,Corporate Network,False,False,0
603,withdrawal,241.96,1830.7799999999997,Target,"New York, USA",MacBook,Home WiFi,False,False,0
603,password_change,0.0,1830.7799999999997,0,"New York, USA",Windows Laptop,Public WiFi,False,False,0
604,deposit,128.42,2405.31,Best Buy,"London, UK",iPhone,Mobile Network,False,False,0
604,phone_change,0.0,2405.31,0,"Berlin, Germany",Windows Laptop,Home WiFi,False,False,0
605,withdrawal,119.12,2118.57,Starbucks,"Tokyo, Japan",Windows Laptop,Corporate Network,False,False,0
606,deposit,313.25,4808.95,Walmart,"Tokyo, Japan",iPhone,Mobile Network,False,False,0
607,deposit,340.74,5945.18,Amazon,"New York, USA",Windows Laptop,Home WiFi,False,False,0
608,withdrawal,220.03,2749.89,Target,"Berlin, Germany",iPad,Mobile Network,False,False,0
609,withdrawal,335.65,1411.8600000000001,Apple Store,"New York, USA",iPhone,Home WiFi,False,False,0
610,withdrawal,442.44,4084.7900000000004,Amazon,"London, UK",iPhone,Public WiFi,False,False,0
611,withdrawal,451.55,3479.8599999999997,Starbucks,"Los Angeles, USA",Android,Public WiFi,False,False,0
612,deposit,922.76,6284.24,Amazon,"Los Angeles, USA",MacBook,Corporate Network,False,False,0
613,deposit,651.54,2485.96,Apple Store,"New York, USA",Windows Laptop,Mobile Network,False,False,0
614,deposit,540.45,5505.29,Amazon,"London, UK",Windows Laptop,Mobile Network,False,False,0
615,withdrawal,102.86,2552.45,Target,"New York, USA",Windows Laptop,Corporate Network,False,False,0
616,withdrawal,258.3,2152.5,Best Buy,"Berlin, Germany",Android,Corporate Network,False,False,0
617,deposit,150.14,1605.5,Amazon,"Paris, France",Android,Home WiFi,False,False,0
618,deposit,400.14,3821.58,Starbucks,"Los Angeles, USA",iPad,Corporate Network,False,False,0
618,email_change,0.0,3821.58,0,"Berlin, Germany",MacBook,Corporate Network,False,False,0
619,withdrawal,483.75,1331.78,Walmart,"London, UK",Android,Mobile Network,False,True,0
620,deposit,402.61,5953.089999999999,Amazon,"New York, USA",Android,Public WiFi,False,False,0
621,deposit,180.85,2133.1,Apple Store,"Los Angeles, USA",iPhone,Public WiFi,False,False,0
622,deposit,100.52,1986.14,Walmart,"Berlin, Germany",iPhone,Home WiFi,False,False,0
623,withdrawal,193.01,2553.09,Walmart,"New York, USA",iPad,Public WiFi,False,False,0
624,deposit,874.46,3137.92,Starbucks,"New York, USA",iPad,Public WiFi,False,False,0
625,withdrawal,165.36,2951.01,Starbucks,"New York, USA",Android,Home WiFi,False,False,0
626,withdrawal,300.34,1934.0200000000002,Best Buy,"New York, USA",Android,Home WiFi,False,False,0
626,email_change,0.0,1934.0200000000002,0,"Los Angeles, USA",Android,Corporate Network,False,False,0
627,deposit,145.9,5736.449999999999,Starbucks,"New York, USA",Windows Laptop,Public WiFi,False,False,0
628,deposit,361.9,5106.11,Amazon,"New York, USA",Android,Home WiFi,False,False,0
629,withdrawal,398.14,4087.1299999999997,Best Buy,"New York, USA",Windows Laptop,Mobile Network,False,False,0
630,withdrawal,195.77,2975.54,Amazon,"New York, USA",Windows Laptop,Mobile Network,False,False,0
631,withdrawal,132.54,4080.26,Walmart,"Los Angeles, USA",iPhone,Home WiFi,False,False,0
632,withdrawal,165.38,4374.049999999999,Target,"Los Angeles, USA",Linux PC,Home WiFi,False,False,0
633,deposit,244.69,1237.3799999999999,Starbucks,"New York, USA",iPhone,Mobile Network,False,False,0
633,phone_change,0.0,1237.3799999999999,0,"New York, USA",iPhone,Mobile Network,False,False,0
634,withdrawal,439.97,2883.49,Walmart,"New York, USA",iPhone,Public WiFi,False,False,0
634,email_change,0.0,2883.49,0,"Los Angeles, USA",Windows Laptop,Mobile Network,False,False,0
635,deposit,575.0,3493.42,Best Buy,"London, UK",iPhone,Public WiFi,False,False,0
635,phone_change,0.0,3493.42,0,"New York, USA",iPhone,Home WiFi,False,False,0
636,deposit,546.05,3138.8500000000004,Starbucks,"Paris, France",Linux PC,Corporate Network,False,False,0
637,withdrawal,366.22,3645.83,Best Buy,"Tokyo, Japan",MacBook,Mobile Network,False,False,0
638,deposit,331.84,3163.1,Starbucks,"London, UK",Windows Laptop,Corporate Network,True,False,0
639,withdrawal,332.98,2079.7999999999997,Amazon,"New York, USA",MacBook,Home WiFi,False,False,0
639,email_change,0.0,2079.7999999999997,0,"Los Angeles, USA",Windows Laptop,Mobile Network,False,True,0
640,deposit,657.05,2301.0299999999997,Walmart,"New York, USA",Android,Mobile Network,False,False,0
641,deposit,556.13,3417.4,Best Buy,"New York, USA",iPad,Corporate Network,False,False,0
642,deposit,182.56,3339.08,Walmart,"Paris, France",Android,Public WiFi,False,False,0
643,deposit,364.14,5733.22,Starbucks,"Berlin, Germany",Linux PC,Corporate Network,False,False,0
643,phone_change,0.0,5733.22,0,"New York, USA",Android,Home WiFi,False,False,0
644,deposit,167.64,4637.3,Amazon,"New York, USA",iPhone,Corporate Network,False,False,0
645,deposit,277.25,1624.79,Amazon,"New York, USA",iPad,Home WiFi,False,False,0
646,deposit,603.7,3308.0699999999997,Walmart,"New York, USA",Android,Public WiFi,False,False,0
647,deposit,419.07,2349.61,Apple Store,"London, UK",iPhone,Mobile Network,False,False,0
648,deposit,703.79,5154.03,Amazon,"Paris, France",Android,Home WiFi,False,False,0
649,deposit,160.01,2433.6499999999996,Target,"London, UK",Windows Laptop,Corporate Network,True,False,0
649,phone_change,0.0,2433.6499999999996,0,"Los Angeles, USA",MacBook,Corporate Network,False,False,0
650,deposit,217.87,4500.72,Apple Store,"Los Angeles, USA",MacBook,Public WiFi,False,False,0
651,deposit,915.44,5293.629999999999,Starbucks,"Paris, France",MacBook,Home WiFi,False,False,0
652,deposit,275.87,2180.0499999999997,Starbucks,"Paris, France",Android,Public WiFi,False,False,0
653,deposit,771.65,5659.049999999999,Walmart,"Los Angeles, USA",Android,Public WiFi,False,False,0
653,phone_change,0.0,5659.049999999999,0,"New York, USA",Android,Home WiFi,False,False,0
654,withdrawal,214.83,2275.8100000000004,Amazon,"Tokyo, Japan",iPhone,Mobile Network,False,False,0
655,deposit,815.65,5299.4,Walmart,"Paris, France",iPhone,Public WiFi,False,False,0
656,deposit,290.19,5186.59,Starbucks,"New York, USA",Linux PC,Corporate Network,False,False,0
657,deposit,835.33,5546.0199999999995,Starbucks,"London, UK",Android,Public WiFi,False,False,0
658,withdrawal,52.39,1958.82,Amazon,"New York, USA",iPhone,Public WiFi,False,False,0
659,withdrawal,122.4,4588.13,Amazon,"New York, USA",MacBook,Public WiFi,False,False,0
660,deposit,824.16,2817.91,Target,"Los Angeles, USA",Android,Public WiFi,False,False,0
661,withdrawal,293.35,3673.9199999999996,Target,"New York, USA",iPhone,Mobile Network,False,False,0
661,phone_change,0.0,3673.9199999999996,0,"Tokyo, Japan",iPhone,Mobile Network,False,True,0
662,withdrawal,423.16,1649.36,Amazon,"London, UK",Windows Laptop,Corporate Network,False,False,0
662,password_change,0.0,1649.36,0,"Berlin, Germany",iPhone,Public WiFi,False,False,0
663,withdrawal,283.57,4027.5099999999998,Target,"Tokyo, Japan",Windows Laptop,Mobile Network,False,False,0
664,withdrawal,219.52,3171.27,Amazon,"Tokyo, Japan",iPhone,Mobile Network,False,False,0
665,withdrawal,150.32,5453.18,Starbucks,"Los Angeles, USA",MacBook,Corporate Network,False,False,0
666,deposit,923.71,6745.88,Best Buy,"New York, USA",iPhone,Public WiFi,False,False,0
667,withdrawal,174.2,3587.29,Best Buy,"London, UK",iPhone,Public WiFi,False,False,0
668,withdrawal,99.22,4778.88,Starbucks,"London, UK",Android,Home WiFi,False,False,0
669,deposit,698.71,3034.08,Best Buy,"New York, USA",iPhone,Mobile Network,True,False,0
670,withdrawal,62.75,4495.469999999999,Amazon,"New York, USA",iPhone,Public WiFi,False,False,0
671,withdrawal,94.11,1869.14,Amazon,"Tokyo, Japan",Windows Laptop,Mobile Network,False,False,0
671,password_change,0.0,1869.14,0,"Paris, France",iPhone,Mobile Network,False,False,0
672,withdrawal,290.55,2195.08,Starbucks,"New York, USA",iPhone,Corporate Network,False,True,0
673,deposit,581.67,4665.74,Amazon,"Los Angeles, USA",Android,Mobile Network,False,False,0
674,withdrawal,365.59,3038.8799999999997,Starbucks,"Tokyo, Japan",Linux PC,Mobile Network,False,False,0
675,withdrawal,238.45,3604.92,Amazon,"Berlin, Germany",Android,Mobile Network,True,False,0
676,withdrawal,399.55,4314.969999999999,Walmart,"London, UK",Linux PC,Corporate Network,False,False,0
676,phone_change,0.0,4314.969999999999,0,"New York, USA",Linux PC,Public WiFi,False,False,0
677,withdrawal,167.12,1855.8600000000001,Apple Store,"New York, USA",Windows Laptop,Corporate Network,False,False,0
677,phone_change,0.0,1855.8600000000001,0,"Los Angeles, USA",iPad,Mobile Network,False,False,0
678,deposit,703.03,2371.7799999999997,Apple Store,"Paris, France",iPhone,Corporate Network,False,False,0
679,deposit,505.8,3189.9200000000005,Apple Store,"Tokyo, Japan",Android,Public WiFi,False,False,0
680,withdrawal,249.72,3101.92,Amazon,"New York, USA",Android,Corporate Network,False,False,0
681,withdrawal,260.59,1037.2600000000002,Target,"New York, USA",MacBook,Home WiFi,False,False,0
682,withdrawal,83.52,2002.1100000000001,Walmart,"London, UK",iPhone,Home WiFi,False,False,0
683,deposit,290.97,5435.59,Starbucks,"New York, USA",Android,Mobile Network,False,False,0
684,deposit,915.99,2932.99,Best Buy,"New York, USA",Android,Mobile Network,False,False,0
685,deposit,771.34,5029.6900000000005,Amazon,"Paris, France",MacBook,Home WiFi,False,False,0
685,phone_change,0.0,5029.6900000000005,0,"New York, USA",iPhone,Mobile Network,False,False,0
686,deposit,513.24,6177.21,Walmart,"Paris, France",Android,Mobile Network,False,False,0
687,deposit,914.04,4306.86,Amazon,"New York, USA",Windows Laptop,Corporate Network,False,False,0
688,withdrawal,356.63,1243.71,Amazon,"Los Angeles, USA",Android,Mobile Network,False,False,0
689,deposit,980.93,2691.74,Amazon,"London, UK",iPhone,Corporate Network,False,False,0
689,email_change,0.0,2691.74,0,"Tokyo, Japan",MacBook,Corporate Network,False,False,0
690,deposit,461.75,2142.28,Walmart,"New York, USA",MacBook,Public WiFi,True,False,0
690,password_change,0.0,2142.28,0,"London, UK",Linux PC,Public WiFi,False,False,0
691,withdrawal,305.85,2965.2500000000005,Amazon,"Paris, France",Android,Home WiFi,False,False,0
691,email_change,0.0,2965.2500000000005,0,"New York, USA",Android,Corporate Network,False,False,0
692,deposit,594.81,3751.75,Walmart,"Los Angeles, USA",MacBook,Corporate Network,False,True,0
693,withdrawal,367.24,4124.97,Target,"Berlin, Germany",Android,Home WiFi,False,False,0
694,withdrawal,483.99,4121.450000000001,Walmart,"New York, USA",Android,Mobile Network,False,False,0
695,deposit,120.99,2236.99,Amazon,"New York, USA",Windows Laptop,Home WiFi,False,False,0
696,withdrawal,105.98,2410.81,Starbucks,"Paris, France",Windows Laptop,Home WiFi,False,False,0
697,withdrawal,240.93,740.3399999999999,Amazon,"New York, USA",iPhone,Home WiFi,False,False,0
698,deposit,239.79,4246.04,Best Buy,"Tokyo, Japan",MacBook,Home WiFi,False,False,0
699,deposit,642.24,2650.37,Target,"Los Angeles, USA",iPhone,Corporate Network,False,False,0
699,password_change,0.0,2650.37,0,"New York, USA",iPad,Mobile Network,False,False,0
700,deposit,323.77,2781.89,Best Buy,"New York, USA",iPhone,Home WiFi,False,False,0
701,withdrawal,258.76,1681.03,Starbucks,"London, UK",iPad,Home WiFi,True,False,0
702,deposit,409.08,3391.54,Starbucks,"New York, USA",iPhone,Home WiFi,False,False,0
703,withdrawal,435.33,3935.8599999999997,Amazon,"Paris, France",iPhone,Public WiFi,False,False,0
704,withdrawal,66.41,2347.17,Target,"New York, USA",Windows Laptop,Corporate Network,True,False,0
704,password_change,0.0,2347.17,0,"Tokyo, Japan",MacBook,Home WiFi,False,False,0
705,deposit,664.38,4423.0,Best Buy,"Paris, France",iPhone,Corporate Network,False,False,0
706,deposit,397.76,4881.02,Walmart,"Los Angeles, USA",MacBook,Mobile Network,False,False,0
706,password_change,0.0,4881.02,0,"New York, USA",iPhone,Home WiFi,False,False,0
707,deposit,295.41,3231.6699999999996,Best Buy,"Berlin, Germany",iPhone,Mobile Network,False,False,0
707,phone_change,0.0,3231.6699999999996,0,"London, UK",Android,Public WiFi,False,False,0
708,deposit,182.81,5630.9400000000005,Walmart,"Paris, France",Windows Laptop,Corporate Network,False,False,0
709,withdrawal,60.32,2512.5,Amazon,"London, UK",MacBook,Public WiFi,False,False,0
710,withdrawal,70.59,1723.7,Walmart,"Berlin, Germany",Windows Laptop,Mobile Network,False,False,0
711,deposit,641.36,4028.3,Walmart,"Paris, France",Windows Laptop,Mobile Network,False,False,0
712,deposit,625.68,5928.490000000001,Starbucks,"Paris, France",Android,Public WiFi,False,False,0
713,deposit,120.56,5315.42,Apple Store,"Los Angeles, USA",Linux PC,Public WiFi,False,False,0
714,deposit,425.95,2417.84,Amazon,"Los Angeles, USA",iPhone,Home WiFi,False,False,0
715,deposit,769.28,5913.37,Best Buy,"London, UK",iPhone,Public WiFi,False,False,0
716,deposit,522.13,1803.81,Target,"New York, USA",iPhone,Home WiFi,False,False,0
717,withdrawal,151.76,2704.09,Target,"New York, USA",iPhone,Corporate Network,False,False,0
718,deposit,240.75,4924.08,Amazon,"London, UK",MacBook,Corporate Network,False,False,0
718,email_change,0.0,4924.08,0,"London, UK",iPhone,Mobile Network,False,False,0
719,deposit,585.16,4163.76,Target,"New York, USA",Android,Home WiFi,False,False,0
720,deposit,283.35,1792.7000000000003,Target,"London, UK",iPhone,Public WiFi,False,False,0
720,phone_change,0.0,1792.7000000000003,0,"New York, USA",iPhone,Corporate Network,False,False,0
721,deposit,445.0,3711.13,Best Buy,"Los Angeles, USA",iPhone,Public WiFi,False,False,0
722,deposit,895.85,3766.88,Amazon,"Los Angeles, USA",iPhone,Corporate Network,False,False,0
722,phone_change,0.0,3766.88,0,"New York, USA",Windows Laptop,Public WiFi,False,False,0
723,deposit,725.48,2740.9700000000003,Amazon,"Paris, France",Windows Laptop,Public WiFi,True,False,0
723,password_change,0.0,2740.9700000000003,0,"Los Angeles, USA",Android,Home WiFi,False,False,0
724,withdrawal,480.96,5320.67,Walmart,"London, UK",MacBook,Mobile Network,False,False,0
725,deposit,442.22,2907.92,Amazon,"New York, USA",Android,Public WiFi,False,False,0
725,phone_change,0.0,2907.92,0,"Berlin, Germany",iPhone,Home WiFi,False,False,0
726,deposit,786.97,5960.72,Walmart,"New York, USA",iPhone,Corporate Network,False,False,0
727,withdrawal,407.01,2236.6399999999994,Walmart,"London, UK",iPhone,Corporate Network,False,True,0
727,phone_change,0.0,2236.6399999999994,0,"Los Angeles, USA",Windows Laptop,Corporate Network,False,False,0
728,deposit,829.55,5499.75,Amazon,"London, UK",Windows Laptop,Home WiFi,False,False,0
728,phone_change,0.0,5499.75,0,"New York, USA",iPhone,Public WiFi,False,False,0
729,withdrawal,485.77,3267.35,Amazon,"New York, USA",Android,Public WiFi,False,False,0
730,withdrawal,265.22,1240.09,Apple Store,"Tokyo, Japan",iPhone,Corporate Network,False,False,0
730,phone_change,0.0,1240.09,0,"London, UK",MacBook,Public WiFi,False,False,0
731,deposit,394.8,2664.9900000000002,Walmart,"Tokyo, Japan",Android,Mobile Network,False,False,0
732,deposit,448.73,3829.17,Walmart,"New York, USA",Windows Laptop,Corporate Network,False,False,0
733,withdrawal,59.02,2189.58,Amazon,"Paris, France",iPad,Home WiFi,False,False,0
734,deposit,937.93,4316.96,Target,"London, UK",Windows Laptop,Home WiFi,False,False,0
735,deposit,837.99,4468.46,Apple Store,"New York, USA",Windows Laptop,Home WiFi,False,False,0
736,withdrawal,128.44,2494.47,Amazon,"Paris, France",MacBook,Home WiFi,False,False,0
737,deposit,770.52,1632.9699999999998,Walmart,"New York, USA",Windows Laptop,Home WiFi,False,False,0
738,deposit,855.59,5161.66,Amazon,"New York, USA",MacBook,Corporate Network,False,False,0
738,password_change,0.0,5161.66,0,"Los Angeles, USA",MacBook,Corporate Network,False,False,0
739,withdrawal,70.8,2988.0699999999997,Walmart,"Tokyo, Japan",iPhone,Public WiFi,False,False,0
739,email_change,0.0,2988.0699999999997,0,"Paris, France",MacBook,Home WiFi,False,False,0
740,deposit,121.83,4288.79,Starbucks,"Los Angeles, USA",Windows Laptop,Public WiFi,False,False,0
741,withdrawal,178.31,4728.709999999999,Amazon,"New York, USA",iPhone,Corporate Network,True,False,0
742,deposit,858.64,3632.77,Amazon,"Paris, France",MacBook,Corporate Network,False,False,0
742,phone_change,0.0,3632.77,0,"Los Angeles, USA",iPad,Corporate Network,False,False,0
743,deposit,179.6,4049.41,Amazon,"New York, USA",Android,Home WiFi,True,False,0
744,deposit,548.9,5173.95,Amazon,"London, UK",Windows Laptop,Home WiFi,False,False,0
745,withdrawal,327.95,5130.280000000001,Best Buy,"New York, USA",MacBook,Public WiFi,False,False,0
746,deposit,990.53,3897.46,Starbucks,"New York, USA",iPhone,Mobile Network,False,False,0
746,phone_change,0.0,3897.46,0,"New York, USA",Linux PC,Corporate Network,False,False,0
747,deposit,501.68,3983.44,Amazon,"Los Angeles, USA",Android,Public WiFi,False,False,0
748,deposit,850.24,4871.53,Target,"London, UK",MacBook,Public WiFi,False,False,0
748,phone_change,0.0,4871.53,0,"Tokyo, Japan",iPhone,Mobile Network,False,False,0
749,deposit,411.41,3672.4,Apple Store,"Los Angeles, USA",iPhone,Corporate Network,False,False,0
750,deposit,482.1,4845.360000000001,Walmart,"Los Angeles, USA",iPhone,Public WiFi,False,False,0
751,deposit,137.68,3812.5899999999997,Target,"London, UK",Linux PC,Corporate Network,False,False,0
752,withdrawal,312.17,1090.4699999999998,Target,"Los Angeles, USA",iPhone,Home WiFi,False,False,0
753,deposit,202.14,5784.490000000001,Walmart,"New York, USA",Linux PC,Mobile Network,False,False,0
754,withdrawal,448.54,412.79,Starbucks,"Los Angeles, USA",Linux PC,Mobile Network,False,False,0
755,withdrawal,243.69,5119.27,Apple Store,"New York, USA",MacBook,Mobile Network,False,True,0
755,phone_change,0.0,5119.27,0,"Tokyo, Japan",iPhone,Mobile Network,False,False,0
756,deposit,624.23,5522.48,Amazon,"Los Angeles, USA",MacBook,Corporate Network,False,False,0
757,withdrawal,409.08,2556.5400000000004,Apple Store,"Los Angeles, USA",iPhone,Corporate Network,False,False,0
758,deposit,426.07,4759.919999999999,Walmart,"Paris, France",Windows Laptop,Home WiFi,False,False,0
759,deposit,464.3,4415.98,Best Buy,"Berlin, Germany",Android,Home WiFi,False,False,0
760,deposit,978.7,5092.0,Walmart,"New York, USA",iPhone,Public WiFi,False,False,0
761,deposit,836.69,3655.4,Amazon,"Los Angeles, USA",Android,Corporate Network,False,False,0
761,password_change,0.0,3655.4,0,"New York, USA",Windows Laptop,Public WiFi,False,False,0
762,deposit,663.59,4852.21,Amazon,"Berlin, Germany",iPhone,Mobile Network,False,False,0
762,password_change,0.0,4852.21,0,"Paris, France",Windows Laptop,Mobile Network,False,False,0
763,withdrawal,290.49,691.0600000000001,Target,"Berlin, Germany",Android,Mobile Network,False,False,0
764,withdrawal,227.25,4064.330000000001,Best Buy,"New York, USA",iPhone,Corporate Network,False,True,0
765,deposit,646.53,4314.05,Best Buy,"Los Angeles, USA",Android,Home WiFi,False,False,0
766,withdrawal,128.33,2567.0099999999998,Walmart,"Tokyo, Japan",iPhone,Mobile Network,True,False,0
767,withdrawal,184.51,2197.5600000000004,Amazon,"Tokyo, Japan",Android,Public WiFi,False,False,0
768,deposit,951.39,4772.21,Amazon,"Tokyo, Japan",iPhone,Corporate Network,False,False,0
768,phone_change,0.0,4772.21,0,"New York, USA",Android,Mobile Network,False,False,0
769,withdrawal,326.95,4452.860000000001,Best Buy,"London, UK",MacBook,Mobile Network,False,False,0
770,withdrawal,106.15,1713.62,Target,"Paris, France",Android,Corporate Network,False,False,0
771,deposit,221.87,2747.66,Amazon,"Paris, France",iPad,Mobile Network,False,False,0
772,deposit,815.64,2555.68,Starbucks,"Los Angeles, USA",Android,Mobile Network,False,False,0
773,withdrawal,155.98,4811.4800000000005,Amazon,"Paris, France",Android,Home WiFi,True,False,0
774,withdrawal,137.25,4242.2,Apple Store,"New York, USA",iPhone,Public WiFi,False,False,0
774,password_change,0.0,4242.2,0,"New York, USA",iPad,Public WiFi,False,False,0
775,deposit,967.89,5419.27,Best Buy,"New York, USA",iPhone,Mobile Network,False,False,0
776,deposit,410.41,6040.39,Apple Store,"New York, USA",iPhone,Public WiFi,False,False,0
777,deposit,824.51,6592.88,Amazon,"Berlin, Germany",iPhone,Public WiFi,False,False,0
778,withdrawal,304.6,2400.9600000000005,Amazon,"London, UK",Windows Laptop,Corporate Network,False,False,0
779,deposit,387.58,3209.27,Amazon,"Berlin, Germany",Windows Laptop,Mobile Network,False,False,0
780,deposit,111.19,4193.219999999999,Amazon,"Tokyo, Japan",iPhone,Mobile Network,False,False,0
780,phone_change,0.0,4193.219999999999,0,"New York, USA",iPhone,Home WiFi,False,False,0
781,deposit,919.34,2901.79,Starbucks,"Tokyo, Japan",iPhone,Corporate Network,False,False,0
781,password_change,0.0,2901.79,0,"London, UK",Android,Public WiFi,False,False,0
782,withdrawal,367.36,3794.06,Apple Store,"New York, USA",Linux PC,Public WiFi,False,False,0
783,withdrawal,288.22,4869.879999999999,Best Buy,"Tokyo, Japan",iPhone,Mobile Network,False,True,0
784,withdrawal,389.19,3908.0299999999993,Amazon,"London, UK",iPhone,Mobile Network,False,False,0
785,deposit,562.14,4490.18,Amazon,"Los Angeles, USA",iPhone,Mobile Network,False,False,0
786,withdrawal,137.31,5188.4,Amazon,"Berlin, Germany",Android,Home WiFi,False,False,0
787,deposit,127.4,4132.94,Starbucks,"Berlin, Germany",Android,Public WiFi,False,False,0
787,password_change,0.0,4132.94,0,"London, UK",iPhone,Public WiFi,True,False,0
788,deposit,149.64,2887.6,Amazon,"New York, USA",iPhone,Public WiFi,False,False,0
789,deposit,266.6,2817.62,Walmart,"Paris, France",iPhone,Home WiFi,True,False,0
790,deposit,745.69,5985.51,Amazon,"London, UK",Windows Laptop,Public WiFi,False,False,0
791,withdrawal,287.74,2164.59,Amazon,"New York, USA",iPhone,Corporate Network,False,False,0
792,deposit,577.46,4204.55,Apple Store,"Berlin, Germany",Android,Mobile Network,False,False,0
793,withdrawal,114.64,1878.41,Amazon,"London, UK",iPhone,Public WiFi,True,False,0
793,phone_change,0.0,1878.41,0,"New York, USA",Android,Public WiFi,False,False,0
794,withdrawal,234.77,3999.18,Amazon,"New York, USA",iPad,Public WiFi,False,False,0
795,withdrawal,112.87,1539.23,Best Buy,"London, UK",iPad,Public WiFi,False,False,0
796,deposit,137.36,2209.63,Apple Store,"London, UK",Android,Corporate Network,False,False,0
797,deposit,347.24,6137.9400000000005,Best Buy,"Los Angeles, USA",iPhone,Public WiFi,False,False,0
797,password_change,0.0,6137.9400000000005,0,"London, UK",MacBook,Corporate Network,False,False,0
798,deposit,517.69,3839.32,Best Buy,"New York, USA",Android,Home WiFi,False,True,0
799,withdrawal,186.35,4657.04,Walmart,"Paris, France",MacBook,Public WiFi,False,False,0
800,withdrawal,152.49,2104.08,Amazon,"Berlin, Germany",iPhone,Corporate Network,False,False,0
801,withdrawal,412.52,3171.61,Apple Store,"Paris, France",Android,Corporate Network,False,False,0
802,deposit,201.5,3220.15,Apple Store,"Berlin, Germany",Android,Public WiFi,False,True,0
803,deposit,764.74,2423.74,Apple Store,"Los Angeles, USA",Android,Public WiFi,False,False,0
804,deposit,706.79,4138.92,Walmart,"New York, USA",iPad,Corporate Network,False,False,0
804,phone_change,0.0,4138.92,0,"Paris, France",iPad,Home WiFi,False,False,0
805,deposit,554.65,2603.9300000000003,Amazon,"London, UK",iPhone,Mobile Network,False,False,0
806,deposit,943.13,6321.3,Walmart,"Tokyo, Japan",Windows Laptop,Public WiFi,False,False,0
807,withdrawal,83.51,2202.7799999999997,Starbucks,"New York, USA",iPhone,Mobile Network,False,False,0
808,withdrawal,269.52,3370.81,Apple Store,"Tokyo, Japan",MacBook,Corporate Network,False,False,0
809,deposit,238.53,1675.13,Amazon,"Tokyo, Japan",Android,Public WiFi,False,False,0
810,deposit,993.33,5632.21,Amazon,"Tokyo, Japan",Android,Mobile Network,False,False,0
811,deposit,107.8,5911.370000000001,Starbucks,"Tokyo, Japan",MacBook,Mobile Network,False,False,0
811,phone_change,0.0,5911.370000000001,0,"Los Angeles, USA",Windows Laptop,Public WiFi,False,False,0
812,deposit,538.61,3971.65,Starbucks,"New York, USA",iPhone,Public WiFi,False,False,0
813,deposit,780.49,6577.48,Walmart,"Paris, France",Android,Corporate Network,False,False,0
814,withdrawal,448.47,1754.2500000000002,Apple Store,"New York, USA",Android,Mobile Network,False,False,0
815,deposit,325.0,2378.35,Amazon,"New York, USA",iPhone,Home WiFi,False,False,0
816,withdrawal,303.2,1346.9299999999998,Starbucks,"London, UK",Windows Laptop,Public WiFi,False,False,0
817,deposit,675.96,4846.8,Walmart,"New York, USA",MacBook,Home WiFi,False,False,0
817,phone_change,0.0,4846.8,0,"Berlin, Germany",Linux PC,Public WiFi,False,False,0
818,deposit,477.37,2773.3,Best Buy,"London, UK",Windows Laptop,Home WiFi,False,False,0
819,deposit,959.26,2094.21,Amazon,"New York, USA",iPhone,Public WiFi,False,False,0
819,phone_change,0.0,2094.21,0,"New York, USA",iPhone,Home WiFi,False,False,0
820,withdrawal,290.48,1677.0700000000002,Walmart,"Los Angeles, USA",iPad,Public WiFi,False,False,0
821,deposit,458.62,4431.37,Apple Store,"Los Angeles, USA",Android,Corporate Network,False,False,0
822,deposit,326.9,4361.34,Walmart,"Paris, France",Android,Public WiFi,False,False,0
823,withdrawal,197.88,1238.1,Amazon,"Los Angeles, USA",MacBook,Mobile Network,False,False,0
824,withdrawal,66.04,3272.9900000000002,Walmart,"New York, USA",MacBook,Public WiFi,False,False,0
825,deposit,959.35,5792.35,Amazon,"Paris, France",Windows Laptop,Public WiFi,False,False,0
825,email_change,0.0,5792.35,0,"Los Angeles, USA",iPhone,Mobile Network,False,False,0
826,withdrawal,434.79,3424.0099999999998,Amazon,"Los Angeles, USA",Android,Home WiFi,False,False,0
827,withdrawal,276.37,1310.9300000000003,Starbucks,"London, UK",Android,Mobile Network,False,False,0
828,deposit,614.89,2598.3199999999997,Amazon,"Berlin, Germany",iPad,Home WiFi,False,False,0
829,deposit,795.08,2545.55,Apple Store,"New York, USA",Windows Laptop,Corporate Network,False,False,0
830,deposit,658.22,1730.3999999999999,Starbucks,"Los Angeles, USA",iPhone,Mobile Network,False,False,0
831,deposit,573.08,4456.570000000001,Target,"Tokyo, Japan",iPad,Mobile Network,True,False,0
832,deposit,827.84,4698.03,Amazon,"Paris, France",iPhone,Public WiFi,False,False,0
833,deposit,268.52,4005.6200000000003,Apple Store,"Paris, France",iPad,Mobile Network,False,False,0
833,email_change,0.0,4005.6200000000003,0,"Berlin, Germany",Android,Home WiFi,False,False,0
834,withdrawal,390.93,4394.13,Walmart,"Berlin, Germany",Linux PC,Public WiFi,False,False,0
835,deposit,265.29,4416.43,Walmart,"New York, USA",MacBook,Public WiFi,False,False,0
835,password_change,0.0,4416.43,0,"Los Angeles, USA",Windows Laptop,Home WiFi,False,True,0
836,deposit,243.69,4052.9900000000002,Amazon,"Los Angeles, USA",iPhone,Mobile Network,False,False,0
837,withdrawal,257.06,2370.13,Best Buy,"Los Angeles, USA",MacBook,Public WiFi,False,False,0
838,deposit,432.28,6004.789999999999,Best Buy,"London, UK",Android,Mobile Network,False,False,0
839,deposit,528.83,5309.99,Walmart,"New York, USA",Windows Laptop,Mobile Network,False,False,0
840,withdrawal,409.08,1644.2600000000002,Apple Store,"London, UK",Windows Laptop,Mobile Network,False,False,0
841,deposit,498.43,2487.02,Target,"London, UK",iPhone,Public WiFi,False,False,0
842,deposit,744.67,5595.06,Amazon,"Los Angeles, USA",Windows Laptop,Home WiFi,False,False,0
843,withdrawal,332.38,2026.08,Amazon,"London, UK",MacBook,Public WiFi,False,False,0
843,email_change,0.0,2026.08,0,"London, UK",iPhone,Corporate Network,False,False,0
844,withdrawal,92.17,5385.75,Target,"Berlin, Germany",iPhone,Mobile Network,False,False,0
845,deposit,277.91,4758.139999999999,Amazon,"Berlin, Germany",Android,Corporate Network,False,False,0
846,deposit,754.82,3784.4900000000002,Best Buy,"Los Angeles, USA",Windows Laptop,Corporate Network,False,False,0
846,email_change,0.0,3784.4900000000002,0,"Los Angeles, USA",MacBook,Mobile Network,False,False,0
847,deposit,700.87,6410.97,Amazon,"London, UK",MacBook,Mobile Network,False,False,0
847,phone_change,0.0,6410.97,0,"London, UK",Android,Corporate Network,False,False,0
848,withdrawal,422.89,4879.72,Amazon,"Tokyo, Japan",MacBook,Corporate Network,False,False,0
848,email_change,0.0,4879.72,0,"Berlin, Germany",Android,Corporate Network,False,False,0
849,deposit,750.56,6086.83,Amazon,"Tokyo, Japan",Windows Laptop,Mobile Network,False,False,0
850,deposit,857.64,3146.2999999999997,Walmart,"Los Angeles, USA",iPhone,Mobile Network,False,False,0
851,deposit,969.17,2814.6,Starbucks,"Paris, France",Android,Home WiFi,False,False,0
852,withdrawal,132.12,1231.13,Starbucks,"Los Angeles, USA",MacBook,Home WiFi,False,False,0
853,withdrawal,493.53,2955.6400000000003,Walmart,"London, UK",iPhone,Home WiFi,False,False,0
854,deposit,979.81,1699.2799999999997,Amazon,"Paris, France",iPhone,Home WiFi,False,False,0
855,deposit,785.33,4475.54,Apple Store,"Los Angeles, USA",Android,Mobile Network,False,False,0
856,withdrawal,383.45,2640.04,Starbucks,"New York, USA",Windows Laptop,Home WiFi,False,False,0
856,phone_change,0.0,2640.04,0,"Tokyo, Japan",iPhone,Public WiFi,False,False,0
857,deposit,238.61,5613.14,Amazon,"New York, USA",Android,Mobile Network,False,False,0
858,deposit,905.25,2320.64,Walmart,"Tokyo, Japan",MacBook,Corporate Network,False,False,0
859,deposit,281.75,2458.48,Walmart,"New York, USA",Android,Public WiFi,False,False,0
860,deposit,358.49,4927.969999999999,Target,"Berlin, Germany",MacBook,Mobile Network,False,False,0
860,password_change,0.0,4927.969999999999,0,"New York, USA",Windows Laptop,Mobile Network,False,False,0
861,deposit,746.21,5855.28,Target,"Los Angeles, USA",iPhone,Public WiFi,False,False,0
862,deposit,615.35,5615.03,Walmart,"New York, USA",MacBook,Mobile Network,False,True,0
863,deposit,566.8,2373.21,Amazon,"New York, USA",iPad,Corporate Network,False,False,0
864,deposit,815.21,3232.16,Amazon,"Los Angeles, USA",iPhone,Home WiFi,True,False,0
865,deposit,352.79,4124.030000000001,Apple Store,"New York, USA",Android,Mobile Network,False,False,0
866,withdrawal,314.93,2121.1500000000005,Best Buy,"Tokyo, Japan",Linux PC,Home WiFi,False,False,0
866,email_change,0.0,2121.1500000000005,0,"New York, USA",Android,Corporate Network,False,False,0
867,withdrawal,333.5,5033.64,Apple Store,"Los Angeles, USA",Android,Mobile Network,False,False,0
868,deposit,606.13,4088.7700000000004,Amazon,"Los Angeles, USA",Windows Laptop,Corporate Network,False,False,0
869,deposit,871.88,2929.31,Walmart,"London, UK",iPhone,Mobile Network,False,False,0
870,deposit,233.13,4655.35,Amazon,"New York, USA",Windows Laptop,Public WiFi,False,False,0
871,withdrawal,209.1,1855.13,Apple Store,"London, UK",iPhone,Home WiFi,False,False,0
872,withdrawal,77.1,4639.07,Amazon,"New York, USA",MacBook,Mobile Network,False,False,0
873,withdrawal,159.16,3526.62,Amazon,"Paris, France",Windows Laptop,Mobile Network,False,False,0
873,email_change,0.0,3526.62,0,"London, UK",MacBook,Home WiFi,False,False,0
874,withdrawal,97.28,2489.0099999999998,Amazon,"New York, USA",MacBook,Public WiFi,False,False,0
875,deposit,523.75,3007.0299999999997,Starbucks,"London, UK",Windows Laptop,Public WiFi,False,True,0
875,password_change,0.0,3007.0299999999997,0,"Paris, France",Windows Laptop,Corporate Network,False,False,0
876,deposit,378.14,2612.29,Starbucks,"Los Angeles, USA",Android,Public WiFi,False,False,0
877,withdrawal,450.12,1593.02,Starbucks,"Berlin, Germany",Android,Mobile Network,False,False,0
877,phone_change,0.0,1593.02,0,"Paris, France",iPhone,Corporate Network,False,False,0
878,deposit,979.36,2063.94,Starbucks,"New York, USA",iPhone,Home WiFi,False,False,0
879,deposit,607.79,4589.860000000001,Amazon,"New York, USA",Android,Home WiFi,False,True,0
880,deposit,523.46,4831.83,Starbucks,"London, UK",Android,Home WiFi,False,True,0
881,withdrawal,198.66,5043.78,Best Buy,"New York, USA",Windows Laptop,Corporate Network,False,False,0
882,deposit,304.46,1012.8100000000002,Amazon,"Tokyo, Japan",iPhone,Home WiFi,False,True,0
883,withdrawal,428.53,2900.4300000000003,Starbucks,"London, UK",Windows Laptop,Home WiFi,False,True,0
884,deposit,144.06,3993.11,Amazon,"New York, USA",MacBook,Public WiFi,False,False,0
884,phone_change,0.0,3993.11,0,"New York, USA",Windows Laptop,Public WiFi,False,False,0
885,withdrawal,326.22,3964.2599999999993,Target,"Tokyo, Japan",iPhone,Home WiFi,False,False,0
886,deposit,300.85,4847.320000000001,Walmart,"New York, USA",iPhone,Corporate Network,False,False,0
887,deposit,344.92,4705.55,Apple Store,"Los Angeles, USA",MacBook,Home WiFi,False,False,0
888,deposit,793.63,5851.36,Walmart,"London, UK",iPhone,Home WiFi,False,False,0
889,withdrawal,355.15,1701.44,Target,"Los Angeles, USA",Windows Laptop,Mobile Network,False,False,0
890,deposit,393.46,5077.73,Apple Store,"London, UK",Windows Laptop,Mobile Network,False,False,0
891,withdrawal,439.07,4425.64,Amazon,"London, UK",Android,Home WiFi,False,False,0
892,deposit,222.64,4711.86,Amazon,"Los Angeles, USA",Windows Laptop,Public WiFi,False,False,0
892,password_change,0.0,4711.86,0,"Paris, France",Android,Public WiFi,False,False,0
893,withdrawal,260.27,1361.0200000000002,Target,"New York, USA",Android,Mobile Network,False,False,0
894,deposit,337.26,4572.1,Target,"Berlin, Germany",Android,Corporate Network,False,False,0
894,email_change,0.0,4572.1,0,"New York, USA",Windows Laptop,Home WiFi,False,False,0
895,withdrawal,155.86,3856.6299999999997,Target,"Los Angeles, USA",iPhone,Mobile Network,False,False,0
896,deposit,780.53,5635.58,Walmart,"Berlin, Germany",iPad,Public WiFi,False,False,0
897,deposit,408.21,2329.3399999999997,Starbucks,"New York, USA",Windows Laptop,Public WiFi,False,False,0
898,deposit,154.91,3532.04,Best Buy,"London, UK",iPhone,Public WiFi,False,False,0
899,deposit,119.58,5261.570000000001,Walmart,"London, UK",Android,Home WiFi,False,False,0
900,withdrawal,379.13,2723.54,Walmart,"New York, USA",Windows Laptop,Public WiFi,False,False,0
901,withdrawal,335.27,2181.73,Target,"Tokyo, Japan",MacBook,Public WiFi,False,True,0
902,deposit,589.78,2261.99,Apple Store,"New York, USA",Windows Laptop,Public WiFi,False,False,0
903,withdrawal,121.59,3725.49,Best Buy,"Berlin, Germany",Linux PC,Home WiFi,False,True,0
904,deposit,255.43,4519.360000000001,Target,"Berlin, Germany",iPhone,Home WiFi,False,False,0
905,withdrawal,64.85,3469.1700000000005,Best Buy,"Paris, France",Windows Laptop,Home WiFi,False,True,0
906,deposit,841.5,3666.7799999999997,Walmart,"Tokyo, Japan",Windows Laptop,Mobile Network,False,False,0
907,withdrawal,255.48,5159.080000000001,Amazon,"Los Angeles, USA",iPad,Mobile Network,False,True,0
908,deposit,579.38,3854.27,Best Buy,"Paris, France",iPhone,Mobile Network,False,False,0
909,withdrawal,72.83,3395.5699999999997,Target,"Paris, France",MacBook,Mobile Network,False,False,0
910,deposit,776.04,4464.77,Walmart,"Los Angeles, USA",iPhone,Home WiFi,False,False,0
911,deposit,931.64,3220.42,Target,"London, UK",MacBook,Mobile Network,False,False,0
912,deposit,125.19,2637.4100000000003,Amazon,"Tokyo, Japan",iPhone,Mobile Network,False,False,0
913,deposit,154.25,2942.13,Amazon,"Paris, France",Android,Public WiFi,False,False,0
914,deposit,653.46,6004.21,Amazon,"Los Angeles, USA",Android,Mobile Network,False,False,0
914,phone_change,0.0,6004.21,0,"London, UK",Android,Public WiFi,False,False,0
915,deposit,561.57,1614.2600000000002,Starbucks,"New York, USA",Windows Laptop,Corporate Network,False,False,0
916,withdrawal,348.15,2399.84,Walmart,"Tokyo, Japan",Windows Laptop,Mobile Network,False,True,0
917,deposit,814.89,5185.1,Target,"Paris, France",iPhone,Home WiFi,False,False,0
918,deposit,862.26,4978.77,Walmart,"Los Angeles, USA",Windows Laptop,Home WiFi,False,False,0
919,withdrawal,203.3,3340.18,Starbucks,"London, UK",Android,Home WiFi,False,False,0
919,password_change,0.0,3340.18,0,"Los Angeles, USA",Windows Laptop,Mobile Network,False,False,0
920,deposit,199.11,4222.0199999999995,Starbucks,"New York, USA",Windows Laptop,Mobile Network,False,True,0
921,withdrawal,476.01,449.38,Amazon,"London, UK",Linux PC,Public WiFi,False,False,0
921,phone_change,0.0,449.38,0,"Paris, France",iPhone,Public WiFi,False,False,0
922,deposit,225.48,5450.529999999999,Amazon,"Paris, France",iPad,Corporate Network,False,False,0
922,email_change,0.0,5450.529999999999,0,"Berlin, Germany",iPad,Corporate Network,False,False,0
923,deposit,951.67,5411.49,Best Buy,"New York, USA",Android,Public WiFi,False,False,0
923,phone_change,0.0,5411.49,0,"Tokyo, Japan",iPhone,Public WiFi,False,False,0
924,deposit,814.43,4060.5899999999997,Starbucks,"Los Angeles, USA",MacBook,Home WiFi,False,False,0
925,withdrawal,355.96,4306.360000000001,Walmart,"Los Angeles, USA",Windows Laptop,Corporate Network,False,False,0
926,deposit,503.22,5277.66,Amazon,"New York, USA",Windows Laptop,Public WiFi,False,False,0
927,deposit,543.25,3072.78,Amazon,"Berlin, Germany",Android,Mobile Network,False,False,0
927,phone_change,0.0,3072.78,0,"Paris, France",iPhone,Mobile Network,False,False,0
928,withdrawal,319.83,3802.6499999999996,Walmart,"London, UK",Android,Home WiFi,False,False,0
929,withdrawal,205.09,3719.4799999999996,Starbucks,"Tokyo, Japan",Windows Laptop,Home WiFi,False,False,0
929,phone_change,0.0,3719.4799999999996,0,"Paris, France",Windows Laptop,Home WiFi,True,False,0
930,deposit,810.87,3754.43,Best Buy,"London, UK",iPhone,Public WiFi,False,False,0
931,deposit,415.26,5447.9800000000005,Walmart,"Los Angeles, USA",iPhone,Home WiFi,False,False,0
932,deposit,843.95,4292.24,Amazon,"New York, USA",Windows Laptop,Mobile Network,False,False,0
933,deposit,975.75,2637.96,Apple Store,"London, UK",Windows Laptop,Home WiFi,False,False,0
934,deposit,202.09,2679.25,Apple Store,"London, UK",Android,Mobile Network,False,False,0
935,deposit,545.45,1420.5700000000002,Best Buy,"Tokyo, Japan",MacBook,Mobile Network,False,False,0
936,deposit,753.7,5085.65,Apple Store,"Tokyo, Japan",iPhone,Home WiFi,False,False,0
937,deposit,409.37,3416.24,Target,"Los Angeles, USA",Android,Mobile Network,False,False,0
937,password_change,0.0,3416.24,0,"Los Angeles, USA",iPhone,Home WiFi,False,False,0
938,deposit,727.36,5751.99,Walmart,"Paris, France",Android,Home WiFi,False,False,0
939,withdrawal,194.49,5407.05,Starbucks,"New York, USA",Android,Corporate Network,False,False,0
940,withdrawal,434.2,2948.8800000000006,Best Buy,"Los Angeles, USA",MacBook,Public WiFi,False,False,0
940,email_change,0.0,2948.8800000000006,0,"New York, USA",Android,Home WiFi,False,False,0
941,withdrawal,456.94,1934.0499999999997,Best Buy,"Los Angeles, USA",Android,Corporate Network,True,False,0
942,withdrawal,253.74,3499.9800000000005,Apple Store,"Tokyo, Japan",Windows Laptop,Corporate Network,False,False,0
943,withdrawal,453.91,3025.27,Apple Store,"New York, USA",Windows Laptop,Home WiFi,False,False,0
944,withdrawal,327.93,1416.33,Amazon,"New York, USA",iPhone,Mobile Network,False,False,0
944,email_change,0.0,1416.33,0,"Los Angeles, USA",MacBook,Home WiFi,False,False,0
945,withdrawal,129.65,4462.18,Amazon,"London, UK",Windows Laptop,Mobile Network,False,False,0
946,deposit,361.62,1212.92,Starbucks,"Berlin, Germany",iPhone,Public WiFi,False,False,0
946,password_change,0.0,1212.92,0,"Berlin, Germany",iPhone,Home WiFi,False,False,0
947,deposit,945.57,5005.24,Starbucks,"Los Angeles, USA",Android,Corporate Network,False,False,0
947,email_change,0.0,5005.24,0,"New York, USA",MacBook,Home WiFi,False,False,0
948,deposit,808.66,2676.0299999999997,Amazon,"Tokyo, Japan",iPhone,Mobile Network,True,False,0
949,withdrawal,269.17,3213.67,Walmart,"Los Angeles, USA",iPhone,Home WiFi,False,False,0
950,deposit,758.26,3947.0299999999997,Apple Store,"New York, USA",Android,Public WiFi,False,False,0
951,deposit,581.92,5585.43,Walmart,"Paris, France",Windows Laptop,Corporate Network,False,False,0
952,withdrawal,468.37,1917.8600000000001,Amazon,"London, UK",iPad,Public WiFi,False,False,0
953,withdrawal,412.41,4456.18,Walmart,"New York, USA",iPhone,Corporate Network,False,False,0
954,withdrawal,259.77,4875.700000000001,Amazon,"New York, USA",Windows Laptop,Home WiFi,False,False,0
955,deposit,930.9,4351.18,Walmart,"Paris, France",MacBook,Mobile Network,False,False,0
956,deposit,215.91,5449.610000000001,Target,"Los Angeles, USA",iPad,Corporate Network,False,False,0
957,deposit,962.04,3771.6,Amazon,"Los Angeles, USA",MacBook,Corporate Network,False,False,0
958,deposit,713.82,2125.73,Apple Store,"Los Angeles, USA",MacBook,Mobile Network,False,False,0
958,password_change,0.0,2125.73,0,"Tokyo, Japan",iPhone,Home WiFi,False,False,0
959,deposit,579.65,4691.91,Best Buy,"Tokyo, Japan",iPhone,Corporate Network,False,False,0
960,deposit,424.51,4283.93,Apple Store,"New York, USA",Windows Laptop,Home WiFi,False,False,0
961,deposit,368.3,3267.7700000000004,Best Buy,"Los Angeles, USA",iPhone,Mobile Network,False,False,0
962,withdrawal,55.68,5241.2699999999995,Walmart,"London, UK",iPad,Corporate Network,False,False,0
963,withdrawal,64.22,4793.75,Amazon,"Paris, France",iPhone,Corporate Network,False,False,0
964,deposit,925.76,3800.46,Target,"New York, USA",Linux PC,Mobile Network,False,False,0
964,email_change,0.0,3800.46,0,"New York, USA",iPhone,Mobile Network,False,False,0
965,withdrawal,301.09,5046.599999999999,Amazon,"New York, USA",MacBook,Public WiFi,False,False,0
966,withdrawal,250.45,3949.5600000000004,Target,"New York, USA",Android,Home WiFi,False,True,0
967,withdrawal,263.23,3704.4700000000003,Amazon,"Tokyo, Japan",Android,Corporate Network,False,False,0
968,deposit,333.77,4248.26,Amazon,"Los Angeles, USA",iPhone,Public WiFi,False,False,0
968,password_change,0.0,4248.26,0,"Los Angeles, USA",MacBook,Public WiFi,False,False,0
969,withdrawal,481.93,3892.69,Best Buy,"London, UK",MacBook,Public WiFi,False,False,0
970,deposit,574.98,6466.299999999999,Apple Store,"Los Angeles, USA",Windows Laptop,Public WiFi,False,False,0
970,email_change,0.0,6466.299999999999,0,"Los Angeles, USA",iPhone,Mobile Network,False,False,0
971,deposit,926.0,3945.92,Walmart,"New York, USA",MacBook,Mobile Network,False,False,0
971,password_change,0.0,3945.92,0,"New York, USA",Android,Home WiFi,False,False,0
972,withdrawal,271.51,1614.9099999999999,Amazon,"Los Angeles, USA",Android,Public WiFi,False,False,0
973,deposit,600.86,4628.549999999999,Best Buy,"Los Angeles, USA",iPhone,Corporate Network,False,False,0
974,withdrawal,276.95,2151.2000000000003,Amazon,"Tokyo, Japan",iPhone,Public WiFi,False,False,0
975,deposit,379.28,2569.6499999999996,Target,"Tokyo, Japan",Android,Mobile Network,False,False,0
976,deposit,217.97,4126.37,Starbucks,"Berlin, Germany",Linux PC,Public WiFi,False,False,0
977,deposit,966.87,3111.3799999999997,Amazon,"New York, USA",iPhone,Mobile Network,False,False,0
978,withdrawal,211.49,3555.0700000000006,Starbucks,"New York, USA",Android,Corporate Network,False,False,0
979,deposit,267.16,1930.1,Best Buy,"New York, USA",Linux PC,Corporate Network,False,False,0
980,deposit,245.48,5542.7699999999995,Walmart,"London, UK",MacBook,Corporate Network,False,False,0
980,email_change,0.0,5542.7699999999995,0,"London, UK",MacBook,Mobile Network,False,False,0
981,deposit,106.14,3429.52,Apple Store,"London, UK",Windows Laptop,Corporate Network,True,False,0
982,deposit,229.71,4580.45,Best Buy,"Berlin, Germany",Android,Public WiFi,False,False,0
983,deposit,503.58,2684.9799999999996,Best Buy,"New York, USA",iPhone,Corporate Network,False,False,0
984,withdrawal,283.59,3634.29,Amazon,"Berlin, Germany",Windows Laptop,Corporate Network,False,False,0
985,deposit,472.47,3057.1500000000005,Target,"Los Angeles, USA",Windows Laptop,Public WiFi,False,False,0
986,deposit,559.98,3933.33,Target,"London, UK",Windows Laptop,Home WiFi,False,False,0
986,phone_change,0.0,3933.33,0,"New York, USA",Android,Home WiFi,False,False,0
987,deposit,616.95,2077.2700000000004,Walmart,"New York, USA",Android,Mobile Network,False,False,0
988,deposit,960.54,3419.29,Target,"Los Angeles, USA",iPhone,Mobile Network,False,False,0
989,deposit,131.41,1797.26,Walmart,"Tokyo, Japan",iPhone,Home WiFi,False,False,0
990,deposit,819.63,3274.33,Walmart,"Paris, France",Windows Laptop,Mobile Network,False,False,0
991,deposit,975.93,4726.6,Target,"Tokyo, Japan",iPhone,Mobile Network,False,False,0
991,password_change,0.0,4726.6,0,"Paris, France",iPhone,Home WiFi,False,True,0
992,deposit,723.7,3837.13,Target,"New York, USA",Linux PC,Corporate Network,False,False,0
993,withdrawal,155.37,1252.42,Starbucks,"New York, USA",iPad,Mobile Network,False,False,0
994,deposit,199.61,5544.4,Walmart,"New York, USA",Windows Laptop,Corporate Network,False,False,0
995,deposit,183.23,2023.8200000000002,Apple Store,"New York, USA",Android,Home WiFi,False,False,0
996,deposit,570.95,3298.9800000000005,Walmart,"Los Angeles, USA",Windows Laptop,Public WiFi,False,False,0
996,phone_change,0.0,3298.9800000000005,0,"Tokyo, Japan",iPad,Home WiFi,False,False,0
997,deposit,622.0,4776.49,Apple Store,"Tokyo, Japan",MacBook,Corporate Network,False,False,0
998,withdrawal,72.27,1769.19,Starbucks,"London, UK",Linux PC,Home WiFi,True,False,0
998,phone_change,0.0,1769.19,0,"New York, USA",Windows Laptop,Mobile Network,False,False,0
999,withdrawal,198.38,1554.1999999999998,Target,"Paris, France",iPhone,Home WiFi,True,False,0
100,fraud,610.07,2356.67,Amazon,"New York, USA",Windows Laptop,Corporate Network,False,False,1
101,fraud,1691.88,-4194.42,Amazon,"New York, USA",iPhone,Public WiFi,False,False,1
102,fraud,3045.3,-2001.5400000000002,Best Buy,"London, UK",Android,Public WiFi,False,True,1
102,deposit,0.0,-2001.5400000000002,0,"New York, USA",iPhone,Mobile Network,False,False,1
103,fraud,4351.52,7884.43,Walmart,"Tokyo, Japan",MacBook,Home WiFi,False,False,1
103,withdrawal,0.0,7884.43,0,"New York, USA",iPhone,Public WiFi,False,False,1
104,fraud,4142.07,-4479.83,Best Buy,"Berlin, Germany",MacBook,Corporate Network,False,False,1
104,suspicious_login,0.0,-4479.83,0,"London, UK",MacBook,Public WiFi,False,False,1
105,fraud,1676.94,-7243.07,Starbucks,"London, UK",MacBook,Public WiFi,True,False,1
106,fraud,3068.08,-2244.42,Amazon,"New York, USA",iPhone,Corporate Network,False,False,1
106,suspicious_login,0.0,-2244.42,0,"New York, USA",iPad,Mobile Network,False,False,1
107,fraud,1152.33,2234.2300000000005,Walmart,"Berlin, Germany",Windows Laptop,Mobile Network,False,False,1
107,failed_login,0.0,2234.2300000000005,0,"London, UK",Android,Public WiFi,False,False,1
108,fraud,1003.86,2191.1899999999996,Amazon,"New York, USA",Windows Laptop,Public WiFi,False,False,1
109,fraud,1902.28,-2521.209999999999,Walmart,"New York, USA",Android,Public WiFi,False,False,1
110,fraud,161.19,4036.43,Apple Store,"Tokyo, Japan",iPhone,Mobile Network,False,False,1
111,fraud,680.45,5404.0,Walmart,"London, UK",MacBook,Home WiFi,False,False,1
111,password_change,0.0,5404.0,0,"Tokyo, Japan",Windows Laptop,Public WiFi,False,False,1
112,fraud,602.87,1104.5700000000002,Walmart,"New York, USA",iPhone,Corporate Network,False,False,1
112,failed_login,0.0,1104.5700000000002,0,"London, UK",iPhone,Mobile Network,False,False,1
113,fraud,133.42,1406.0499999999997,Walmart,"New York, USA",Linux PC,Home WiFi,False,False,1
113,password_change,0.0,1406.0499999999997,0,"Los Angeles, USA",MacBook,Home WiFi,False,False,1
114,fraud,2472.46,7348.03,Best Buy,"Paris, France",iPad,Mobile Network,False,False,1
114,withdrawal,0.0,7348.03,0,"Los Angeles, USA",Windows Laptop,Mobile Network,False,False,1
115,fraud,2138.52,3739.51,Best Buy,"New York, USA",Android,Mobile Network,False,False,1
115,withdrawal,0.0,3739.51,0,"New York, USA",MacBook,Corporate Network,False,False,1
116,fraud,477.93,3184.37,Target,"Berlin, Germany",iPhone,Public WiFi,False,True,1
117,fraud,3521.51,7832.89,Starbucks,"New York, USA",Android,Public WiFi,False,False,1
117,withdrawal,0.0,7832.89,0,"Berlin, Germany",Android,Public WiFi,False,False,1
118,fraud,4006.08,4211.969999999999,Target,"Berlin, Germany",Android,Corporate Network,False,False,1
118,deposit,0.0,4211.969999999999,0,"Tokyo, Japan",Linux PC,Mobile Network,False,False,1
119,fraud,406.2,-1242.1999999999996,Amazon,"Tokyo, Japan",MacBook,Mobile Network,False,True,1
119,email_change,0.0,-1242.1999999999996,0,"Los Angeles, USA",Linux PC,Public WiFi,False,False,1
120,fraud,2652.58,-1354.49,Amazon,"Berlin, Germany",iPhone,Mobile Network,False,False,1
121,fraud,62.85,-2203.36,Starbucks,"New York, USA",iPad,Public WiFi,False,False,1
121,failed_login,0.0,-2203.36,0,"London, UK",Android,Mobile Network,False,False,1
122,fraud,3587.12,4077.3,Walmart,"New York, USA",iPhone,Public WiFi,False,False,1
122,email_change,0.0,4077.3,0,"London, UK",MacBook,Home WiFi,False,False,1
123,fraud,1714.69,4329.29,Walmart,"Paris, France",iPhone,Home WiFi,False,False,1
124,fraud,35.85,1496.8599999999997,Walmart,"Los Angeles, USA",Windows Laptop,Public WiFi,False,False,1
124,email_change,0.0,1496.8599999999997,0,"Los Angeles, USA",iPad,Public WiFi,False,False,1
125,fraud,4502.98,1498.9400000000005,Starbucks,"Tokyo, Japan",MacBook,Public WiFi,False,False,1
126,fraud,4090.48,-4331.99,Apple Store,"New York, USA",Android,Mobile Network,False,False,1
127,fraud,2599.3,4515.8,Target,"Tokyo, Japan",Windows Laptop,Public WiFi,False,False,1
127,withdrawal,0.0,4515.8,0,"Los Angeles, USA",Windows Laptop,Corporate Network,False,False,1
128,fraud,286.35,6632.799999999999,Starbucks,"London, UK",iPhone,Home WiFi,False,False,1
128,password_change,0.0,6632.799999999999,0,"London, UK",iPad,Corporate Network,False,False,1
129,fraud,2294.63,1498.7799999999997,Apple Store,"Tokyo, Japan",Android,Public WiFi,False,False,1
129,password_change,0.0,1498.7799999999997,0,"New York, USA",Windows Laptop,Mobile Network,False,False,1
130,fraud,4939.83,4862.41,Amazon,"New York, USA",iPhone,Corporate Network,False,False,1
131,fraud,4359.39,3677.8600000000006,Target,"New York, USA",Android,Corporate Network,False,False,1
132,fraud,147.26,2703.01,Amazon,"New York, USA",Windows Laptop,Mobile Network,False,False,1
133,fraud,1445.53,932.28,Amazon,"Berlin, Germany",iPhone,Home WiFi,False,False,1
134,fraud,525.05,4045.8,Target,"New York, USA",Android,Public WiFi,False,True,1
135,fraud,2728.72,-3320.97,Apple Store,"London, UK",Windows Laptop,Home WiFi,False,False,1
135,password_change,0.0,-3320.97,0,"Tokyo, Japan",iPhone,Home WiFi,False,False,1
136,fraud,4292.01,-7143.700000000001,Starbucks,"New York, USA",iPhone,Mobile Network,False,False,1
136,suspicious_login,0.0,-7143.700000000001,0,"London, UK",Windows Laptop,Home WiFi,False,False,1
137,fraud,4488.82,6530.7699999999995,Amazon,"New York, USA",Android,Mobile Network,False,False,1
138,fraud,79.38,3945.63,Best Buy,"Paris, France",iPhone,Home WiFi,False,False,1
138,suspicious_login,0.0,3945.63,0,"Tokyo, Japan",MacBook,Mobile Network,False,True,1
139,fraud,916.98,4217.51,Best Buy,"New York, USA",Windows Laptop,Home WiFi,False,False,1
139,email_change,0.0,4217.51,0,"Tokyo, Japan",Windows Laptop,Corporate Network,False,False,1
140,fraud,584.4,2814.67,Amazon,"Paris, France",Android,Home WiFi,False,False,1
141,fraud,85.56,4981.080000000001,Best Buy,"New York, USA",Android,Public WiFi,False,False,1
142,fraud,3578.73,-2183.16,Starbucks,"Los Angeles, USA",iPad,Corporate Network,False,False,1
142,suspicious_login,0.0,-2183.16,0,"Tokyo, Japan",iPad,Home WiFi,False,False,1
143,fraud,8985.79,-7309.3200000000015,Walmart,"Los Angeles, USA",iPad,Corporate Network,True,False,1
143,email_change,0.0,-7309.3200000000015,0,"New York, USA",iPhone,Mobile Network,False,False,1
144,fraud,1897.09,-7860.85,Amazon,"New York, USA",Windows Laptop,Public WiFi,False,False,1
145,fraud,8884.93,-14423.08,Target,"Los Angeles, USA",iPhone,Home WiFi,False,False,1
146,fraud,1737.2,2799.62,Walmart,"Berlin, Germany",Windows Laptop,Mobile Network,False,True,1
147,fraud,2412.99,392.0500000000002,Walmart,"Tokyo, Japan",Android,Corporate Network,False,False,1
147,failed_login,0.0,392.0500000000002,0,"Los Angeles, USA",iPhone,Corporate Network,False,False,1
148,fraud,3539.85,-4434.8099999999995,Amazon,"London, UK",MacBook,Mobile Network,False,False,1
148,suspicious_login,0.0,-4434.8099999999995,0,"New York, USA",iPad,Home WiFi,False,False,1
149,fraud,3723.47,-4017.71,Amazon,"Paris, France",MacBook,Home WiFi,False,False,1
149,deposit,0.0,-4017.71,0,"Berlin, Germany",iPad,Mobile Network,False,False,1
150,fraud,2765.38,-315.82000000000016,Target,"New York, USA",iPad,Home WiFi,False,False,1
150,failed_login,0.0,-315.82000000000016,0,"Berlin, Germany",iPhone,Corporate Network,False,False,1
151,fraud,85.66,-316.90999999999997,Walmart,"Berlin, Germany",Windows Laptop,Mobile Network,False,False,1
152,fraud,1180.13,10358.510000000002,Best Buy,"Tokyo, Japan",Android,Mobile Network,False,False,1
152,deposit,0.0,10358.510000000002,0,"Los Angeles, USA",iPhone,Home WiFi,False,False,1
153,fraud,175.89,5189.0199999999995,Best Buy,"Los Angeles, USA",MacBook,Home WiFi,True,False,1
154,fraud,4450.0,-1019.5799999999999,Starbucks,"London, UK",Android,Home WiFi,False,False,1
154,failed_login,0.0,-1019.5799999999999,0,"Los Angeles, USA",Android,Corporate Network,False,False,1
155,fraud,30.99,-730.6999999999998,Best Buy,"New York, USA",iPhone,Mobile Network,False,False,1
155,withdrawal,0.0,-730.6999999999998,0,"New York, USA",Android,Public WiFi,False,False,1
156,fraud,1914.29,242.64000000000033,Target,"New York, USA",iPhone,Corporate Network,False,False,1
157,fraud,489.91,3618.1399999999994,Walmart,"New York, USA",MacBook,Corporate Network,False,False,1
157,phone_change,0.0,3618.1399999999994,0,"New York, USA",MacBook,Mobile Network,False,False,1
158,fraud,544.38,2893.28,Walmart,"Paris, France",iPhone,Home WiFi,False,False,1
159,fraud,1035.0,875.73,Best Buy,"New York, USA",Android,Mobile Network,False,False,1
159,email_change,0.0,875.73,0,"Los Angeles, USA",iPhone,Home WiFi,False,False,1
160,fraud,11.5,996.18,Target,"Los Angeles, USA",iPhone,Mobile Network,False,False,1
160,withdrawal,0.0,996.18,0,"New York, USA",Android,Mobile Network,False,False,1
161,fraud,68.46,3761.7800000000007,Amazon,"Tokyo, Japan",Android,Public WiFi,False,False,1
161,suspicious_login,0.0,3761.7800000000007,0,"New York, USA",Windows Laptop,Public WiFi,False,False,1
162,fraud,1978.07,2536.6500000000005,Target,"Paris, France",iPad,Home WiFi,True,False,1
163,fraud,1077.17,1208.6999999999998,Target,"London, UK",iPhone,Home WiFi,False,False,1
163,withdrawal,0.0,1208.6999999999998,0,"London, UK",iPhone,Corporate Network,False,False,1
164,fraud,4873.5,3184.88,Target,"New York, USA",Windows Laptop,Public WiFi,False,False,1
164,phone_change,0.0,3184.88,0,"Paris, France",Android,Home WiFi,False,True,1
165,fraud,1396.22,3469.24,Amazon,"Paris, France",iPad,Corporate Network,False,False,1
166,fraud,40.79,1221.7199999999998,Amazon,"New York, USA",Linux PC,Mobile Network,False,False,1
166,email_change,0.0,1221.7199999999998,0,"Los Angeles, USA",Android,Home WiFi,False,False,1
167,fraud,443.96,1046.1200000000001,Walmart,"Paris, France",Windows Laptop,Public WiFi,False,False,1
168,fraud,1661.15,-735.7100000000003,Walmart,"Paris, France",iPhone,Public WiFi,False,False,1
169,fraud,1331.42,2707.18,Best Buy,"Tokyo, Japan",Android,Corporate Network,True,False,1
169,suspicious_login,0.0,2707.18,0,"Paris, France",iPhone,Public WiFi,False,False,1
170,fraud,1636.88,1618.77,Target,"London, UK",iPhone,Mobile Network,False,False,1
171,fraud,540.93,1523.33,Target,"London, UK",iPhone,Home WiFi,False,False,1
172,fraud,4284.04,201.85999999999967,Best Buy,"New York, USA",iPad,Home WiFi,False,False,1
173,fraud,55.58,1989.85,Starbucks,"Los Angeles, USA",iPhone,Mobile Network,False,False,1
174,fraud,13.07,4992.0199999999995,Best Buy,"London, UK",MacBook,Home WiFi,False,False,1
175,fraud,638.99,-40.91000000000008,Amazon,"New York, USA",iPhone,Public WiFi,False,False,1
175,failed_login,0.0,-40.91000000000008,0,"Los Angeles, USA",Windows Laptop,Public WiFi,False,True,1
176,fraud,43.76,-499.1100000000001,Amazon,"Los Angeles, USA",Windows Laptop,Mobile Network,False,False,1
176,withdrawal,0.0,-499.1100000000001,0,"New York, USA",Android,Public WiFi,False,False,1
177,fraud,73.19,4062.4099999999994,Apple Store,"London, UK",Windows Laptop,Corporate Network,False,False,1
177,email_change,0.0,4062.4099999999994,0,"Los Angeles, USA",Android,Public WiFi,False,False,1
178,fraud,75.17,4209.839999999999,Best Buy,"Paris, France",Android,Public WiFi,False,False,1
179,fraud,15.68,3076.77,Walmart,"Los Angeles, USA",Android,Corporate Network,False,False,1
180,fraud,2097.19,-320.35000000000014,Starbucks,"Los Angeles, USA",iPhone,Public WiFi,True,False,1
181,fraud,88.42,1276.29,Amazon,"London, UK",iPhone,Home WiFi,False,False,1
182,fraud,3608.65,-1605.4299999999998,Amazon,"London, UK",Windows Laptop,Home WiFi,False,False,1
182,withdrawal,0.0,-1605.4299999999998,0,"London, UK",iPhone,Mobile Network,True,False,1
183,fraud,4279.98,8957.66,Best Buy,"Berlin, Germany",MacBook,Public WiFi,False,False,1
183,deposit,0.0,8957.66,0,"New York, USA",Android,Home WiFi,False,False,1
184,fraud,3084.97,5942.4,Target,"Tokyo, Japan",MacBook,Mobile Network,False,False,1
184,deposit,0.0,5942.4,0,"Los Angeles, USA",Android,Corporate Network,False,False,1
185,fraud,2445.64,382.9000000000001,Apple Store,"Los Angeles, USA",iPhone,Mobile Network,False,False,1
185,failed_login,0.0,382.9000000000001,0,"Tokyo, Japan",Android,Corporate Network,False,False,1
186,fraud,948.32,5023.33,Apple Store,"New York, USA",MacBook,Public WiFi,False,False,1
187,fraud,925.84,900.59,Amazon,"Los Angeles, USA",Android,Mobile Network,False,False,1
188,fraud,4132.0,-2946.05,Target,"New York, USA",MacBook,Home WiFi,False,False,1
189,fraud,756.11,2844.51,Best Buy,"London, UK",iPhone,Home WiFi,False,False,1
189,email_change,0.0,2844.51,0,"Tokyo, Japan",iPhone,Corporate Network,False,False,1
190,fraud,537.08,445.91999999999996,Best Buy,"Paris, France",iPhone,Public WiFi,False,False,1
190,withdrawal,0.0,445.91999999999996,0,"Los Angeles, USA",iPhone,Public WiFi,False,False,1
191,fraud,3879.14,-6553.33,Best Buy,"Los Angeles, USA",Android,Home WiFi,False,False,1
192,fraud,1333.71,1368.7599999999998,Apple Store,"New York, USA",Windows Laptop,Public WiFi,False,False,1
192,failed_login,0.0,1368.7599999999998,0,"Los Angeles, USA",Windows Laptop,Corporate Network,False,False,1
193,fraud,1412.04,6388.13,Walmart,"Los Angeles, USA",Android,Corporate Network,False,False,1
194,fraud,7251.85,-2688.4700000000003,Best Buy,"New York, USA",MacBook,Home WiFi,False,False,1
194,phone_change,0.0,-2688.4700000000003,0,"Tokyo, Japan",iPhone,Public WiFi,False,False,1
195,fraud,68.97,4704.910000000001,Amazon,"London, UK",MacBook,Home WiFi,False,False,1
196,fraud,1908.82,1252.45,Best Buy,"Berlin, Germany",Windows Laptop,Mobile Network,False,False,1
196,withdrawal,0.0,1252.45,0,"New York, USA",Android,Mobile Network,False,False,1
197,fraud,254.94,-5441.7300000000005,Walmart,"New York, USA",Android,Mobile Network,False,False,1
198,fraud,5853.17,-3522.19,Walmart,"Tokyo, Japan",iPhone,Home WiFi,False,False,1
198,email_change,0.0,-3522.19,0,"Los Angeles, USA",iPhone,Home WiFi,False,False,1
199,fraud,2621.48,3850.64,Apple Store,"Berlin, Germany",Linux PC,Home WiFi,False,False,1
199,deposit,0.0,3850.64,0,"London, UK",Windows Laptop,Public WiFi,False,False,1
200,fraud,4148.66,-3681.01,Target,"Los Angeles, USA",iPhone,Public WiFi,False,False,1
200,suspicious_login,0.0,-3681.01,0,"New York, USA",iPhone,Public WiFi,False,False,1
201,fraud,23.66,1973.5000000000002,Starbucks,"New York, USA",Android,Public WiFi,False,False,1
201,withdrawal,0.0,1973.5000000000002,0,"Berlin, Germany",iPhone,Home WiFi,False,False,1
202,fraud,3864.29,-1843.75,Apple Store,"New York, USA",iPad,Public WiFi,False,False,1
203,fraud,320.5,3616.22,Starbucks,"New York, USA",Android,Corporate Network,False,False,1
203,phone_change,0.0,3616.22,0,"London, UK",Android,Home WiFi,False,False,1
204,fraud,2500.67,2394.05,Walmart,"New York, USA",Android,Public WiFi,False,False,1
204,suspicious_login,0.0,2394.05,0,"Los Angeles, USA",Windows Laptop,Corporate Network,False,False,1
205,fraud,182.11,2672.44,Amazon,"Paris, France",Windows Laptop,Public WiFi,False,False,1
205,failed_login,0.0,2672.44,0,"London, UK",Android,Home WiFi,False,False,1
206,fraud,50.97,3300.5099999999998,Walmart,"London, UK",Android,Mobile Network,False,False,1
207,fraud,171.07,281.21999999999997,Apple Store,"Berlin, Germany",Android,Public WiFi,False,False,1
207,email_change,0.0,281.21999999999997,0,"London, UK",iPad,Public WiFi,True,False,1
208,fraud,1068.32,1836.5799999999997,Walmart,"Tokyo, Japan",Android,Public WiFi,False,False,1
208,failed_login,0.0,1836.5799999999997,0,"London, UK",iPhone,Home WiFi,False,True,1
209,fraud,546.43,1653.6400000000003,Walmart,"London, UK",Android,Corporate Network,False,False,1
209,failed_login,0.0,1653.6400000000003,0,"New York, USA",Windows Laptop,Corporate Network,False,False,1
210,fraud,751.47,7790.490000000001,Amazon,"Los Angeles, USA",Windows Laptop,Home WiFi,False,False,1
210,email_change,0.0,7790.490000000001,0,"Tokyo, Japan",iPhone,Public WiFi,False,False,1
211,fraud,653.92,-5583.470000000001,Amazon,"New York, USA",Android,Corporate Network,False,False,1
211,withdrawal,0.0,-5583.470000000001,0,"Los Angeles, USA",MacBook,Corporate Network,False,False,1
212,fraud,5487.62,-2775.7200000000003,Amazon,"Los Angeles, USA",iPhone,Home WiFi,False,False,1
212,withdrawal,0.0,-2775.7200000000003,0,"Paris, France",iPad,Mobile Network,False,False,1
213,fraud,2285.0,1174.27,Walmart,"Berlin, Germany",Windows Laptop,Mobile Network,False,False,1
214,fraud,1418.61,-6358.54,Walmart,"Paris, France",iPhone,Corporate Network,False,False,1
215,fraud,197.84,365.1200000000007,Apple Store,"London, UK",Linux PC,Corporate Network,False,False,1
215,password_change,0.0,365.1200000000007,0,"New York, USA",Windows Laptop,Home WiFi,False,False,1
216,fraud,1708.24,-8326.62,Target,"London, UK",iPhone,Public WiFi,False,False,1
217,fraud,66.86,-121.00000000000013,Target,"New York, USA",MacBook,Public WiFi,False,False,1
217,suspicious_login,0.0,-121.00000000000013,0,"London, UK",Windows Laptop,Home WiFi,False,False,1
218,fraud,7218.79,-3611.86,Apple Store,"New York, USA",Android,Corporate Network,False,False,1
218,deposit,0.0,-3611.86,0,"London, UK",iPad,Public WiFi,False,False,1
219,fraud,886.48,2044.9300000000003,Starbucks,"New York, USA",iPhone,Home WiFi,False,False,1
219,email_change,0.0,2044.9300000000003,0,"Tokyo, Japan",Android,Public WiFi,False,False,1
220,fraud,4785.92,-452.72000000000025,Best Buy,"Tokyo, Japan",Windows Laptop,Mobile Network,False,False,1
220,withdrawal,0.0,-452.72000000000025,0,"New York, USA",Windows Laptop,Public WiFi,False,False,1
221,fraud,77.27,3181.0499999999997,Amazon,"New York, USA",Android,Home WiFi,False,False,1
222,fraud,736.91,1844.6599999999999,Walmart,"Paris, France",Android,Corporate Network,False,False,1
222,phone_change,0.0,1844.6599999999999,0,"London, UK",Android,Corporate Network,False,False,1
223,fraud,293.61,-2071.04,Target,"Los Angeles, USA",iPhone,Mobile Network,False,False,1
223,phone_change,0.0,-2071.04,0,"New York, USA",Windows Laptop,Corporate Network,False,False,1
224,fraud,1135.91,-4232.179999999999,Amazon,"New York, USA",MacBook,Public WiFi,False,False,1
225,fraud,106.31,1818.86,Target,"New York, USA",iPad,Mobile Network,False,False,1
225,phone_change,0.0,1818.86,0,"New York, USA",Linux PC,Public WiFi,False,False,1
226,fraud,88.41,4799.84,Walmart,"London, UK",Android,Home WiFi,False,False,1
227,fraud,2567.35,-5537.95,Apple Store,"New York, USA",iPhone,Home WiFi,False,False,1
228,fraud,2457.27,3213.600000000001,Amazon,"Los Angeles, USA",iPhone,Public WiFi,False,False,1
229,fraud,4121.86,-572.2999999999997,Amazon,"New York, USA",Linux PC,Corporate Network,False,False,1
230,fraud,271.89,2344.08,Walmart,"Paris, France",MacBook,Mobile Network,False,False,1
231,fraud,76.18,1312.2,Apple Store,"Los Angeles, USA",Windows Laptop,Mobile Network,False,False,1
232,fraud,687.88,2924.7000000000003,Walmart,"Los Angeles, USA",Android,Home WiFi,False,False,1
232,password_change,0.0,2924.7000000000003,0,"Tokyo, Japan",Linux PC,Mobile Network,False,False,1
233,fraud,273.83,-1997.1800000000003,Starbucks,"Paris, France",Android,Public WiFi,False,False,1
233,password_change,0.0,-1997.1800000000003,0,"Tokyo, Japan",MacBook,Home WiFi,False,False,1
234,fraud,62.57,3123.84,Amazon,"New York, USA",iPad,Public WiFi,False,False,1
234,suspicious_login,0.0,3123.84,0,"Los Angeles, USA",MacBook,Mobile Network,False,False,1
235,fraud,109.19,1051.8999999999999,Walmart,"New York, USA",Windows Laptop,Home WiFi,False,False,1
236,fraud,268.92,-5258.09,Best Buy,"Los Angeles, USA",Windows Laptop,Home WiFi,False,False,1
236,phone_change,0.0,-5258.09,0,"New York, USA",iPad,Public WiFi,False,False,1
237,fraud,31.36,3832.88,Best Buy,"London, UK",iPhone,Corporate Network,False,False,1
237,email_change,0.0,3832.88,0,"New York, USA",Windows Laptop,Corporate Network,False,False,1
238,fraud,1207.29,-1468.62,Walmart,"London, UK",Windows Laptop,Public WiFi,False,False,1
239,fraud,2659.48,-6190.5,Apple Store,"Berlin, Germany",MacBook,Public WiFi,False,False,1
239,phone_change,0.0,-6190.5,0,"Berlin, Germany",Android,Home WiFi,False,True,1
240,fraud,2036.87,4301.75,Amazon,"New York, USA",iPhone,Home WiFi,False,False,1
241,fraud,211.43,456.0199999999999,Amazon,"New York, USA",Windows Laptop,Home WiFi,False,False,1
242,fraud,1913.0,2503.2799999999997,Amazon,"New York, USA",Android,Public WiFi,True,False,1
243,fraud,67.68,3055.24,Amazon,"London, UK",Android,Corporate Network,False,False,1
244,fraud,389.18,1922.2,Target,"Tokyo, Japan",Android,Home WiFi,False,False,1
244,email_change,0.0,1922.2,0,"New York, USA",iPhone,Public WiFi,False,False,1
245,fraud,73.09,2328.4000000000005,Target,"London, UK",Windows Laptop,Mobile Network,False,False,1
245,password_change,0.0,2328.4000000000005,0,"London, UK",Windows Laptop,Mobile Network,False,False,1
246,fraud,1808.86,1341.2499999999998,Amazon,"Tokyo, Japan",iPhone,Home WiFi,False,False,1
247,fraud,1863.96,468.5500000000002,Amazon,"London, UK",Linux PC,Public WiFi,False,False,1
247,withdrawal,0.0,468.5500000000002,0,"London, UK",Android,Corporate Network,False,False,1
248,fraud,60.28,4013.84,Walmart,"Berlin, Germany",Windows Laptop,Public WiFi,False,False,1
249,fraud,2197.81,4277.98,Target,"London, UK",Windows Laptop,Mobile Network,False,False,1
249,withdrawal,0.0,4277.98,0,"New York, USA",MacBook,Corporate Network,False,False,1
250,fraud,1395.06,735.73,Starbucks,"Los Angeles, USA",Android,Corporate Network,False,False,1
251,fraud,1068.95,3295.620000000001,Amazon,"Berlin, Germany",Windows Laptop,Public WiFi,False,False,1
251,email_change,0.0,3295.620000000001,0,"Berlin, Germany",Windows Laptop,Home WiFi,False,False,1
252,fraud,44.11,3365.85,Walmart,"Berlin, Germany",Android,Public WiFi,False,False,1
252,withdrawal,0.0,3365.85,0,"New York, USA",MacBook,Home WiFi,False,False,1
253,fraud,394.14,3334.1999999999994,Amazon,"Tokyo, Japan",MacBook,Corporate Network,False,False,1
254,fraud,2304.12,5776.88,Apple Store,"Tokyo, Japan",MacBook,Corporate Network,False,False,1
254,withdrawal,0.0,5776.88,0,"Berlin, Germany",Android,Corporate Network,False,False,1
255,fraud,8132.79,-6884.65,Starbucks,"Los Angeles, USA",MacBook,Home WiFi,False,False,1
256,fraud,775.96,-2269.23,Target,"Paris, France",Android,Corporate Network,False,True,1
257,fraud,154.56,5168.09,Amazon,"Paris, France",MacBook,Home WiFi,False,False,1
258,fraud,66.05,2174.2400000000002,Walmart,"Tokyo, Japan",MacBook,Public WiFi,False,False,1
259,fraud,2718.92,7639.950000000001,Best Buy,"Paris, France",iPhone,Public WiFi,False,False,1
260,fraud,436.37,6211.45,Target,"Paris, France",iPad,Home WiFi,False,False,1
261,fraud,4872.22,-8428.93,Best Buy,"Berlin, Germany",Android,Home WiFi,False,False,1
261,suspicious_login,0.0,-8428.93,0,"Paris, France",Android,Public WiFi,False,False,1
262,fraud,487.2,1062.9099999999999,Amazon,"Paris, France",iPhone,Public WiFi,False,False,1
263,fraud,4648.32,-1980.9199999999996,Walmart,"Los Angeles, USA",iPad,Public WiFi,False,False,1
264,fraud,1800.91,-1126.07,Amazon,"New York, USA",Windows Laptop,Mobile Network,False,False,1
264,withdrawal,0.0,-1126.07,0,"New York, USA",MacBook,Mobile Network,False,False,1
265,fraud,957.62,4065.04,Target,"New York, USA",Android,Mobile Network,False,False,1
266,fraud,4448.71,-1148.4100000000008,Starbucks,"New York, USA",iPad,Home WiFi,False,False,1
266,deposit,0.0,-1148.4100000000008,0,"New York, USA",Windows Laptop,Corporate Network,False,False,1
267,fraud,927.14,2524.68,Best Buy,"Berlin, Germany",MacBook,Mobile Network,True,False,1
268,fraud,4906.77,1950.0299999999988,Amazon,"Berlin, Germany",iPhone,Mobile Network,False,False,1
269,fraud,1858.73,678.1299999999997,Amazon,"Tokyo, Japan",MacBook,Public WiFi,False,False,1
269,withdrawal,0.0,678.1299999999997,0,"Paris, France",Windows Laptop,Public WiFi,False,False,1
270,fraud,840.19,6001.459999999999,Target,"Paris, France",iPad,Home WiFi,False,False,1
270,phone_change,0.0,6001.459999999999,0,"Los Angeles, USA",iPhone,Corporate Network,False,False,1
271,fraud,1068.03,2477.0999999999995,Amazon,"New York, USA",iPhone,Mobile Network,False,False,1
271,phone_change,0.0,2477.0999999999995,0,"New York, USA",iPhone,Mobile Network,False,False,1
272,fraud,237.34,1268.1899999999998,Best Buy,"Tokyo, Japan",Android,Mobile Network,False,False,1
273,fraud,1715.06,3353.22,Best Buy,"Paris, France",Android,Corporate Network,False,True,1
274,fraud,3730.15,-1413.1000000000004,Starbucks,"New York, USA",iPhone,Public WiFi,False,False,1
274,failed_login,0.0,-1413.1000000000004,0,"New York, USA",Android,Mobile Network,False,False,1
275,fraud,4918.79,-2611.5699999999997,Walmart,"London, UK",iPhone,Public WiFi,False,False,1
275,suspicious_login,0.0,-2611.5699999999997,0,"Tokyo, Japan",MacBook,Public WiFi,False,False,1
276,fraud,3146.53,5540.75,Amazon,"Los Angeles, USA",Windows Laptop,Corporate Network,False,False,1
276,deposit,0.0,5540.75,0,"New York, USA",iPhone,Corporate Network,False,False,1
277,fraud,917.47,-3956.7,Amazon,"New York, USA",iPhone,Mobile Network,False,False,1
278,fraud,730.0,-6821.639999999999,Amazon,"Los Angeles, USA",iPad,Public WiFi,True,False,1
278,failed_login,0.0,-6821.639999999999,0,"Tokyo, Japan",Android,Home WiFi,False,False,1
279,fraud,43.46,163.72,Apple Store,"London, UK",iPhone,Public WiFi,False,False,1
279,withdrawal,0.0,163.72,0,"Berlin, Germany",MacBook,Home WiFi,False,False,1
280,fraud,31.6,3601.63,Walmart,"Paris, France",iPhone,Public WiFi,False,False,1
281,fraud,1423.61,-6679.76,Walmart,"Paris, France",Linux PC,Public WiFi,False,False,1
282,fraud,3412.75,1216.1299999999992,Amazon,"London, UK",Android,Public WiFi,False,False,1
282,failed_login,0.0,1216.1299999999992,0,"New York, USA",Windows Laptop,Home WiFi,False,False,1
283,fraud,349.19,1514.6299999999999,Amazon,"Berlin, Germany",MacBook,Public WiFi,False,False,1
284,fraud,129.34,3267.38,Walmart,"Los Angeles, USA",MacBook,Home WiFi,False,False,1
284,withdrawal,0.0,3267.38,0,"London, UK",MacBook,Corporate Network,False,False,1
285,fraud,2907.76,-23.070000000000164,Best Buy,"Paris, France",Android,Mobile Network,False,False,1
286,fraud,1632.27,-9372.43,Amazon,"London, UK",Windows Laptop,Public WiFi,False,False,1
286,phone_change,0.0,-9372.43,0,"New York, USA",iPhone,Corporate Network,False,False,1
287,fraud,9.73,3706.85,Walmart,"Los Angeles, USA",iPhone,Home WiFi,False,False,1
287,withdrawal,0.0,3706.85,0,"New York, USA",Windows Laptop,Mobile Network,False,False,1
288,fraud,1768.46,727.6000000000004,Best Buy,"New York, USA",iPhone,Corporate Network,False,False,1
289,fraud,99.12,1482.1599999999999,Apple Store,"Paris, France",iPhone,Public WiFi,False,False,1
289,suspicious_login,0.0,1482.1599999999999,0,"Los Angeles, USA",iPhone,Corporate Network,True,False,1
290,fraud,290.66,-2423.41,Amazon,"Los Angeles, USA",Android,Mobile Network,False,False,1
291,fraud,27.33,6434.66,Amazon,"Los Angeles, USA",Windows Laptop,Home WiFi,False,False,1
292,fraud,1540.06,480.1399999999999,Amazon,"Los Angeles, USA",Linux PC,Public WiFi,False,False,1
293,fraud,46.84,-1966.59,Amazon,"New York, USA",Windows Laptop,Corporate Network,False,False,1
294,fraud,1568.66,2944.6000000000004,Apple Store,"Los Angeles, USA",iPhone,Corporate Network,False,False,1
295,fraud,53.82,5833.45,Amazon,"Los Angeles, USA",iPhone,Corporate Network,False,False,1
296,fraud,3861.72,-13.289999999999964,Apple Store,"Paris, France",Windows Laptop,Mobile Network,False,False,1
297,fraud,66.65,4917.1900000000005,Target,"New York, USA",Linux PC,Corporate Network,False,False,1
297,email_change,0.0,4917.1900000000005,0,"New York, USA",MacBook,Public WiFi,False,False,1
298,fraud,1291.73,962.2800000000002,Amazon,"Los Angeles, USA",Android,Home WiFi,False,False,1
298,withdrawal,0.0,962.2800000000002,0,"New York, USA",iPhone,Public WiFi,False,False,1
299,fraud,1087.98,5236.530000000001,Starbucks,"Paris, France",Windows Laptop,Home WiFi,False,False,1
299,email_change,0.0,5236.530000000001,0,"New York, USA",Android,Corporate Network,False,True,1
300,fraud,171.8,-201.61000000000007,Amazon,"Tokyo, Japan",Android,Mobile Network,False,False,1
301,fraud,1839.19,-1045.5100000000002,Target,"Berlin, Germany",Windows Laptop,Corporate Network,False,False,1
302,fraud,764.39,6040.550000000001,Target,"Berlin, Germany",Android,Public WiFi,False,False,1
303,fraud,553.1,569.0399999999998,Starbucks,"London, UK",Android,Corporate Network,False,False,1
303,withdrawal,0.0,569.0399999999998,0,"New York, USA",iPhone,Public WiFi,False,False,1
304,fraud,1313.78,-6766.759999999999,Target,"Tokyo, Japan",iPhone,Corporate Network,False,False,1
304,phone_change,0.0,-6766.759999999999,0,"New York, USA",Android,Corporate Network,False,False,1
305,fraud,104.34,1131.7,Amazon,"Berlin, Germany",Android,Home WiFi,False,False,1
306,fraud,2468.68,2532.9300000000007,Apple Store,"New York, USA",Windows Laptop,Home WiFi,False,False,1
307,fraud,3031.72,5378.969999999999,Target,"Los Angeles, USA",Android,Corporate Network,False,False,1
307,email_change,0.0,5378.969999999999,0,"London, UK",Linux PC,Public WiFi,False,False,1
308,fraud,436.85,1152.7800000000002,Amazon,"London, UK",iPhone,Mobile Network,False,False,1
308,password_change,0.0,1152.7800000000002,0,"Los Angeles, USA",Android,Public WiFi,False,False,1
309,fraud,1684.91,1167.47,Amazon,"Tokyo, Japan",Windows Laptop,Corporate Network,False,False,1
309,withdrawal,0.0,1167.47,0,"New York, USA",iPhone,Corporate Network,True,False,1
310,fraud,257.45,4690.820000000001,Apple Store,"Berlin, Germany",Android,Mobile Network,False,False,1
310,password_change,0.0,4690.820000000001,0,"New York, USA",iPad,Corporate Network,False,False,1
311,fraud,8094.74,-4491.84,Target,"Tokyo, Japan",Windows Laptop,Mobile Network,False,False,1
311,deposit,0.0,-4491.84,0,"Los Angeles, USA",iPhone,Corporate Network,False,False,1
312,fraud,2104.11,-469.6600000000001,Walmart,"London, UK",iPhone,Home WiFi,False,False,1
313,fraud,1237.0,3357.66,Best Buy,"New York, USA",Windows Laptop,Corporate Network,False,False,1
314,fraud,1049.97,5128.339999999999,Apple Store,"New York, USA",iPhone,Corporate Network,False,False,1
315,fraud,2821.08,-188.09000000000015,Walmart,"New York, USA",Android,Public WiFi,False,False,1
315,failed_login,0.0,-188.09000000000015,0,"New York, USA",iPhone,Home WiFi,False,False,1
316,fraud,2517.62,-1014.4099999999999,Walmart,"Berlin, Germany",iPhone,Home WiFi,False,False,1
317,fraud,1834.6,989.1600000000003,Amazon,"New York, USA",iPhone,Mobile Network,False,False,1
318,fraud,4846.79,7469.73,Amazon,"London, UK",MacBook,Public WiFi,False,False,1
319,fraud,124.71,192.57999999999987,Amazon,"New York, USA",Android,Mobile Network,False,False,1
320,fraud,3064.42,285.65999999999985,Target,"London, UK",Windows Laptop,Public WiFi,False,False,1
321,fraud,214.57,820.3,Target,"New York, USA",MacBook,Home WiFi,False,False,1
322,fraud,332.11,244.9799999999999,Amazon,"Tokyo, Japan",iPhone,Mobile Network,False,False,1
323,fraud,965.35,-4190.74,Walmart,"Berlin, Germany",Windows Laptop,Home WiFi,False,False,1
324,fraud,1058.64,6554.89,Best Buy,"Tokyo, Japan",Windows Laptop,Public WiFi,False,False,1
325,fraud,443.1,1627.2400000000002,Target,"Los Angeles, USA",iPhone,Home WiFi,False,False,1
326,fraud,1.89,2825.8099999999995,Starbucks,"Los Angeles, USA",iPhone,Mobile Network,False,False,1
327,fraud,244.19,-131.0599999999999,Target,"Tokyo, Japan",Android,Mobile Network,False,True,1
328,fraud,6728.35,-7362.200000000001,Amazon,"Berlin, Germany",Windows Laptop,Public WiFi,False,False,1
329,fraud,1608.02,3023.18,Amazon,"London, UK",Linux PC,Mobile Network,False,False,1
329,withdrawal,0.0,3023.18,0,"Tokyo, Japan",MacBook,Mobile Network,False,False,1
330,fraud,270.23,1514.75,Target,"London, UK",iPhone,Home WiFi,False,False,1
331,fraud,4012.41,1348.2199999999998,Starbucks,"Los Angeles, USA",Windows Laptop,Corporate Network,False,False,1
331,withdrawal,0.0,1348.2199999999998,0,"New York, USA",iPhone,Home WiFi,False,False,1
332,fraud,1596.44,-3456.4500000000003,Walmart,"Los Angeles, USA",Android,Home WiFi,False,False,1
333,fraud,10.98,1826.81,Target,"London, UK",Windows Laptop,Public WiFi,False,False,1
334,fraud,758.8,2384.16,Starbucks,"New York, USA",Windows Laptop,Mobile Network,False,True,1
335,fraud,47.41,-213.00000000000009,Best Buy,"Tokyo, Japan",Android,Corporate Network,False,False,1
335,withdrawal,0.0,-213.00000000000009,0,"Berlin, Germany",Windows Laptop,Home WiFi,False,False,1
336,fraud,1219.75,360.3900000000001,Walmart,"Tokyo, Japan",iPhone,Public WiFi,False,False,1
337,fraud,1543.42,64.1099999999999,Apple Store,"New York, USA",Windows Laptop,Mobile Network,False,False,1
338,fraud,97.63,4161.18,Walmart,"New York, USA",Android,Corporate Network,False,False,1
339,fraud,1413.66,1164.6599999999996,Amazon,"Tokyo, Japan",Windows Laptop,Public WiFi,False,False,1
339,withdrawal,0.0,1164.6599999999996,0,"New York, USA",Android,Home WiFi,False,False,1
340,fraud,2009.74,982.95,Starbucks,"London, UK",MacBook,Home WiFi,False,False,1
341,fraud,112.26,-7443.42,Amazon,"Tokyo, Japan",MacBook,Mobile Network,False,False,1
342,fraud,1818.18,2405.49,Starbucks,"Paris, France",iPhone,Corporate Network,False,False,1
342,phone_change,0.0,2405.49,0,"Los Angeles, USA",Windows Laptop,Home WiFi,False,False,1
343,fraud,1890.67,-4080.9700000000003,Best Buy,"Los Angeles, USA",iPhone,Public WiFi,False,False,1
343,withdrawal,0.0,-4080.9700000000003,0,"New York, USA",iPhone,Public WiFi,False,False,1
344,fraud,4108.38,-701.2800000000002,Apple Store,"London, UK",MacBook,Corporate Network,False,False,1
345,fraud,2789.11,6840.129999999999,Starbucks,"Los Angeles, USA",MacBook,Corporate Network,False,False,1
345,deposit,0.0,6840.129999999999,0,"New York, USA",iPhone,Home WiFi,False,False,1
346,fraud,372.76,5257.450000000001,Best Buy,"Los Angeles, USA",Linux PC,Mobile Network,False,False,1
347,fraud,2582.92,1649.0699999999997,Best Buy,"Berlin, Germany",Windows Laptop,Mobile Network,False,False,1
347,withdrawal,0.0,1649.0699999999997,0,"Tokyo, Japan",Windows Laptop,Mobile Network,False,False,1
348,fraud,1686.43,-2057.08,Amazon,"New York, USA",Android,Home WiFi,False,False,1
349,fraud,536.75,-5724.07,Amazon,"Los Angeles, USA",iPad,Public WiFi,False,False,1
350,fraud,3896.68,-2231.4999999999995,Amazon,"London, UK",Windows Laptop,Home WiFi,False,False,1
351,fraud,2167.18,797.2500000000005,Best Buy,"New York, USA",Windows Laptop,Mobile Network,False,False,1
352,fraud,282.53,2383.91,Apple Store,"London, UK",iPhone,Corporate Network,False,False,1
352,phone_change,0.0,2383.91,0,"Los Angeles, USA",iPhone,Mobile Network,False,False,1
353,fraud,1047.45,1250.1699999999998,Amazon,"London, UK",MacBook,Public WiFi,False,False,1
353,suspicious_login,0.0,1250.1699999999998,0,"New York, USA",Windows Laptop,Home WiFi,False,False,1
354,fraud,4931.47,-491.5100000000002,Amazon,"New York, USA",Linux PC,Public WiFi,False,False,1
355,fraud,790.63,5205.250000000001,Amazon,"Paris, France",MacBook,Home WiFi,False,False,1
355,password_change,0.0,5205.250000000001,0,"New York, USA",Android,Mobile Network,False,False,1
356,fraud,909.63,2954.36,Best Buy,"Los Angeles, USA",MacBook,Corporate Network,False,False,1
356,phone_change,0.0,2954.36,0,"Tokyo, Japan",iPhone,Corporate Network,False,False,1
357,fraud,333.5,3601.65,Amazon,"London, UK",iPhone,Public WiFi,False,False,1
358,fraud,541.65,2751.0699999999997,Amazon,"New York, USA",iPad,Public WiFi,False,False,1
358,failed_login,0.0,2751.0699999999997,0,"New York, USA",Android,Home WiFi,False,False,1
359,fraud,394.93,1421.5600000000002,Starbucks,"London, UK",Android,Corporate Network,False,False,1
360,fraud,2012.47,1487.9000000000003,Walmart,"New York, USA",Android,Public WiFi,False,False,1
361,fraud,4387.09,-87.67000000000007,Amazon,"New York, USA",Android,Mobile Network,False,False,1
362,fraud,2109.49,2009.25,Target,"Berlin, Germany",iPhone,Public WiFi,False,False,1
363,fraud,2188.49,2607.1400000000003,Walmart,"New York, USA",Windows Laptop,Public WiFi,False,False,1
363,failed_login,0.0,2607.1400000000003,0,"Los Angeles, USA",iPhone,Mobile Network,False,False,1
364,fraud,1891.85,566.29,Amazon,"New York, USA",MacBook,Home WiFi,False,False,1
364,withdrawal,0.0,566.29,0,"London, UK",iPhone,Mobile Network,False,False,1
365,fraud,2090.54,791.29,Walmart,"Los Angeles, USA",Android,Mobile Network,False,False,1
365,suspicious_login,0.0,791.29,0,"Paris, France",MacBook,Public WiFi,False,False,1
366,fraud,2203.14,-222.76999999999998,Starbucks,"Berlin, Germany",Android,Public WiFi,False,False,1
367,fraud,79.79,4425.150000000001,Walmart,"London, UK",Windows Laptop,Corporate Network,False,False,1
367,suspicious_login,0.0,4425.150000000001,0,"Paris, France",Windows Laptop,Mobile Network,False,False,1
368,fraud,1756.66,-2294.41,Target,"Los Angeles, USA",Android,Mobile Network,False,False,1
369,fraud,4689.38,-3514.8100000000004,Amazon,"New York, USA",Android,Corporate Network,False,False,1
370,fraud,4981.79,-354.8699999999999,Walmart,"Los Angeles, USA",Android,Mobile Network,False,False,1
370,withdrawal,0.0,-354.8699999999999,0,"Los Angeles, USA",Android,Corporate Network,False,False,1
371,fraud,1620.2,2648.05,Amazon,"London, UK",iPhone,Home WiFi,False,False,1
372,fraud,8334.31,-4349.609999999999,Best Buy,"New York, USA",Android,Home WiFi,False,False,1
373,fraud,1367.21,6250.36,Starbucks,"New York, USA",Android,Mobile Network,False,False,1
373,failed_login,0.0,6250.36,0,"Tokyo, Japan",MacBook,Corporate Network,False,False,1
374,fraud,1749.69,4764.68,Target,"Los Angeles, USA",iPhone,Public WiFi,False,False,1
374,deposit,0.0,4764.68,0,"Los Angeles, USA",iPhone,Mobile Network,True,False,1
375,fraud,4851.61,9578.259999999998,Apple Store,"New York, USA",iPhone,Mobile Network,False,False,1
376,fraud,883.56,2034.2099999999998,Best Buy,"Tokyo, Japan",iPhone,Public WiFi,False,False,1
376,phone_change,0.0,2034.2099999999998,0,"New York, USA",iPhone,Home WiFi,False,False,1
377,fraud,156.85,1864.8200000000002,Amazon,"Los Angeles, USA",Android,Mobile Network,False,False,1
378,fraud,9525.39,-6089.5199999999995,Amazon,"Los Angeles, USA",Android,Mobile Network,False,False,1
379,fraud,2714.04,2099.9000000000005,Apple Store,"Los Angeles, USA",Windows Laptop,Home WiFi,False,False,1
380,fraud,1490.94,870.3299999999999,Starbucks,"New York, USA",iPhone,Public WiFi,False,False,1
381,fraud,1125.71,-4249.530000000001,Amazon,"New York, USA",Windows Laptop,Home WiFi,False,False,1
381,withdrawal,0.0,-4249.530000000001,0,"New York, USA",MacBook,Public WiFi,False,False,1
382,fraud,1835.45,1045.5399999999997,Amazon,"Berlin, Germany",Windows Laptop,Mobile Network,True,True,1
382,withdrawal,0.0,1045.5399999999997,0,"Los Angeles, USA",Android,Public WiFi,False,False,1
383,fraud,584.44,-140.95000000000005,Best Buy,"London, UK",Android,Mobile Network,False,False,1
383,withdrawal,0.0,-140.95000000000005,0,"New York, USA",MacBook,Public WiFi,False,False,1
384,fraud,218.52,2768.87,Best Buy,"Los Angeles, USA",iPhone,Corporate Network,False,False,1
384,phone_change,0.0,2768.87,0,"Los Angeles, USA",iPhone,Mobile Network,False,False,1
385,fraud,2741.07,275.9699999999998,Apple Store,"Paris, France",iPhone,Mobile Network,False,False,1
386,fraud,1730.21,1665.63,Amazon,"New York, USA",iPhone,Home WiFi,False,False,1
386,phone_change,0.0,1665.63,0,"London, UK",iPad,Mobile Network,False,False,1
387,fraud,1518.5,-4019.1,Amazon,"Berlin, Germany",Android,Mobile Network,False,False,1
388,fraud,3976.8,81.82000000000016,Walmart,"Los Angeles, USA",Windows Laptop,Corporate Network,False,False,1
388,suspicious_login,0.0,81.82000000000016,0,"New York, USA",Windows Laptop,Corporate Network,False,False,1
389,fraud,234.52,5723.83,Walmart,"Berlin, Germany",MacBook,Public WiFi,False,False,1
390,fraud,16.6,2554.23,Apple Store,"Tokyo, Japan",MacBook,Mobile Network,False,False,1
391,fraud,108.41,960.98,Apple Store,"Tokyo, Japan",iPhone,Home WiFi,True,False,1
392,fraud,2533.55,-95.23000000000047,Apple Store,"Los Angeles, USA",iPad,Public WiFi,False,False,1
392,withdrawal,0.0,-95.23000000000047,0,"New York, USA",Android,Corporate Network,True,False,1
393,fraud,2696.33,2656.41,Starbucks,"New York, USA",MacBook,Mobile Network,False,False,1
394,fraud,1587.82,1233.5599999999997,Amazon,"Berlin, Germany",Windows Laptop,Home WiFi,False,False,1
395,fraud,989.35,777.3599999999996,Best Buy,"Los Angeles, USA",MacBook,Home WiFi,False,False,1
395,withdrawal,0.0,777.3599999999996,0,"Los Angeles, USA",MacBook,Mobile Network,False,False,1
396,fraud,954.71,2794.9799999999996,Target,"Los Angeles, USA",iPhone,Home WiFi,False,False,1
396,withdrawal,0.0,2794.9799999999996,0,"New York, USA",iPhone,Corporate Network,False,False,1
397,fraud,1160.87,1480.85,Amazon,"Tokyo, Japan",Android,Home WiFi,True,False,1
397,failed_login,0.0,1480.85,0,"Tokyo, Japan",Android,Public WiFi,False,False,1
398,fraud,166.03,-179.62999999999985,Walmart,"Berlin, Germany",iPhone,Mobile Network,False,False,1
399,fraud,80.4,1569.97,Amazon,"Los Angeles, USA",Windows Laptop,Corporate Network,False,False,1
399,phone_change,0.0,1569.97,0,"New York, USA",Windows Laptop,Public WiFi,False,False,1
400,fraud,860.91,3235.37,Best Buy,"New York, USA",Windows Laptop,Home WiFi,False,False,1
401,fraud,174.39,-3085.1800000000003,Walmart,"Los Angeles, USA",MacBook,Public WiFi,False,False,1
401,password_change,0.0,-3085.1800000000003,0,"Los Angeles, USA",Android,Public WiFi,True,False,1
402,fraud,1308.46,806.2199999999998,Amazon,"Paris, France",MacBook,Mobile Network,False,False,1
402,withdrawal,0.0,806.2199999999998,0,"Los Angeles, USA",Android,Mobile Network,False,False,1
403,fraud,1145.77,484.6400000000001,Target,"New York, USA",Windows Laptop,Home WiFi,False,False,1
404,fraud,1267.46,395.6400000000001,Target,"New York, USA",Android,Home WiFi,False,False,1
405,fraud,2046.57,-1480.87,Best Buy,"New York, USA",Windows Laptop,Home WiFi,False,False,1
406,fraud,8660.69,-2452.84,Starbucks,"New York, USA",Windows Laptop,Home WiFi,False,False,1
406,withdrawal,0.0,-2452.84,0,"Los Angeles, USA",MacBook,Mobile Network,True,False,1
407,fraud,9610.69,-8033.39,Best Buy,"Los Angeles, USA",Windows Laptop,Home WiFi,False,False,1
408,fraud,133.83,4376.6,Best Buy,"Tokyo, Japan",Android,Public WiFi,True,False,1
409,fraud,567.0,4151.37,Amazon,"Los Angeles, USA",Android,Mobile Network,False,False,1
409,withdrawal,0.0,4151.37,0,"London, UK",iPhone,Corporate Network,False,False,1
410,fraud,780.71,2052.4100000000003,Starbucks,"London, UK",Android,Public WiFi,False,False,1
411,fraud,181.41,3310.46,Starbucks,"Berlin, Germany",iPhone,Corporate Network,False,False,1
411,password_change,0.0,3310.46,0,"Berlin, Germany",iPad,Public WiFi,False,False,1
412,fraud,40.72,5821.25,Amazon,"Tokyo, Japan",MacBook,Home WiFi,False,False,1
412,suspicious_login,0.0,5821.25,0,"Tokyo, Japan",MacBook,Home WiFi,False,False,1
413,fraud,1544.0,1110.7200000000003,Amazon,"London, UK",MacBook,Corporate Network,False,False,1
414,fraud,5.63,-695.4400000000002,Apple Store,"New York, USA",MacBook,Mobile Network,False,False,1
414,withdrawal,0.0,-695.4400000000002,0,"Los Angeles, USA",MacBook,Home WiFi,False,False,1
415,fraud,480.37,2118.93,Best Buy,"New York, USA",Android,Public WiFi,False,False,1
415,email_change,0.0,2118.93,0,"London, UK",MacBook,Public WiFi,False,False,1
416,fraud,1012.58,-703.12,Amazon,"Tokyo, Japan",MacBook,Corporate Network,False,False,1
416,withdrawal,0.0,-703.12,0,"London, UK",Android,Home WiFi,False,False,1
417,fraud,837.69,-966.2799999999997,Best Buy,"London, UK",Android,Public WiFi,False,False,1
417,phone_change,0.0,-966.2799999999997,0,"Tokyo, Japan",MacBook,Public WiFi,False,False,1
418,fraud,1263.33,2076.8599999999997,Best Buy,"Berlin, Germany",iPad,Home WiFi,True,False,1
419,fraud,726.31,-180.1500000000001,Amazon,"New York, USA",MacBook,Corporate Network,False,True,1
420,fraud,905.15,3527.38,Best Buy,"Berlin, Germany",iPhone,Mobile Network,False,False,1
421,fraud,2723.66,-1313.0099999999998,Amazon,"London, UK",Android,Mobile Network,False,False,1
422,fraud,357.53,1703.55,Apple Store,"London, UK",iPad,Mobile Network,False,False,1
423,fraud,485.76,-392.70000000000005,Amazon,"Paris, France",MacBook,Public WiFi,False,False,1
423,password_change,0.0,-392.70000000000005,0,"Los Angeles, USA",iPad,Public WiFi,True,False,1
424,fraud,2726.56,1533.44,Target,"Los Angeles, USA",iPhone,Corporate Network,False,False,1
425,fraud,964.7,6402.19,Apple Store,"New York, USA",Android,Public WiFi,False,False,1
426,fraud,1636.63,3224.6000000000004,Amazon,"Los Angeles, USA",iPhone,Public WiFi,False,False,1
426,password_change,0.0,3224.6000000000004,0,"Los Angeles, USA",MacBook,Public WiFi,False,False,1
427,fraud,319.62,3036.32,Apple Store,"New York, USA",Android,Corporate Network,False,False,1
428,fraud,1168.89,-1367.2,Walmart,"London, UK",Android,Home WiFi,False,False,1
428,withdrawal,0.0,-1367.2,0,"Los Angeles, USA",Linux PC,Corporate Network,False,False,1
429,fraud,110.47,1578.55,Amazon,"London, UK",iPhone,Corporate Network,False,False,1
430,fraud,1592.55,2698.3999999999996,Starbucks,"Tokyo, Japan",MacBook,Corporate Network,False,False,1
431,fraud,4533.1,-5217.160000000001,Best Buy,"Los Angeles, USA",Android,Corporate Network,False,False,1
431,deposit,0.0,-5217.160000000001,0,"Los Angeles, USA",Windows Laptop,Home WiFi,False,False,1
432,fraud,579.42,6769.76,Best Buy,"New York, USA",iPhone,Corporate Network,False,False,1
432,email_change,0.0,6769.76,0,"Paris, France",MacBook,Corporate Network,False,False,1
0,deposit,542.37,4477.29,Amazon,"Los Angeles, USA",iPad,Home WiFi,False,False,0
1,withdrawal,286.91,1822.14,Walmart,"Paris, France",iPhone,Home WiFi,True,False,0
2,withdrawal,155.35,1702.95,Apple Store,"Tokyo, Japan",iPhone,Mobile Network,False,False,0
3,withdrawal,129.63,4722.780000000001,Walmart,"Berlin, Germany",iPhone,Home WiFi,False,True,0
4,deposit,888.81,5624.030000000001,Target,"New York, USA",Windows Laptop,Corporate Network,False,False,0
4,phone_change,0.0,5624.030000000001,0,"Tokyo, Japan",iPhone,Corporate Network,False,False,0
5,deposit,245.99,4484.03,Starbucks,"New York, USA",iPhone,Corporate Network,False,False,0
6,withdrawal,166.92,2564.98,Amazon,"New York, USA",Android,Corporate Network,False,False,0
7,deposit,247.86,1419.7800000000002,Walmart,"New York, USA",Android,Public WiFi,False,False,0
8,deposit,529.39,3435.2999999999997,Target,"New York, USA",MacBook,Corporate Network,False,False,0
9,deposit,521.94,5042.200000000001,Walmart,"Los Angeles, USA",iPhone,Corporate Network,False,False,0
10,deposit,473.86,3199.94,Amazon,"London, UK",Android,Corporate Network,False,False,0
11,deposit,155.65,4583.639999999999,Amazon,"Los Angeles, USA",Windows Laptop,Mobile Network,False,False,0
12,withdrawal,420.78,4154.91,Starbucks,"Paris, France",iPhone,Public WiFi,False,False,0
13,deposit,783.63,3997.7800000000007,Walmart,"Los Angeles, USA",MacBook,Mobile Network,False,False,0
14,withdrawal,128.01,3358.21,Amazon,"London, UK",iPad,Mobile Network,False,False,0
15,withdrawal,274.32,2068.0899999999997,Best Buy,"Tokyo, Japan",Android,Mobile Network,False,False,0
16,deposit,359.84,2211.52,Amazon,"London, UK",Android,Home WiFi,False,False,0
17,withdrawal,258.21,2237.1,Starbucks,"London, UK",MacBook,Home WiFi,False,False,0
18,withdrawal,132.23,2515.7000000000003,Walmart,"Berlin, Germany",Android,Corporate Network,True,True,0
19,deposit,949.07,4018.5600000000004,Amazon,"Tokyo, Japan",MacBook,Public WiFi,False,True,0
20,deposit,762.56,3181.1499999999996,Amazon,"Tokyo, Japan",iPhone,Public WiFi,False,False,0
21,deposit,421.22,2911.7300000000005,Starbucks,"Los Angeles, USA",iPhone,Mobile Network,False,False,0
22,withdrawal,234.58,4802.870000000001,Target,"London, UK",iPhone,Public WiFi,False,False,0
23,withdrawal,201.41,3041.2500000000005,Target,"Los Angeles, USA",MacBook,Public WiFi,False,False,0
23,password_change,0.0,3041.2500000000005,0,"New York, USA",Windows Laptop,Public WiFi,False,False,0
24,withdrawal,364.64,1570.8899999999999,Amazon,"Paris, France",Android,Corporate Network,False,False,0
24,phone_change,0.0,1570.8899999999999,0,"New York, USA",MacBook,Corporate Network,False,False,0
25,deposit,849.68,3887.79,Best Buy,"Paris, France",Linux PC,Mobile Network,False,False,0
26,deposit,163.4,2813.6800000000003,Starbucks,"Los Angeles, USA",Linux PC,Home WiFi,True,True,0
27,deposit,827.47,4027.4000000000005,Amazon,"Los Angeles, USA",iPhone,Corporate Network,False,False,0
28,withdrawal,494.15,1677.38,Best Buy,"Tokyo, Japan",iPhone,Home WiFi,False,False,0
29,withdrawal,324.96,3439.43,Amazon,"London, UK",iPhone,Home WiFi,False,False,0
30,withdrawal,250.49,2067.8,Best Buy,"Berlin, Germany",Android,Corporate Network,True,False,0
31,withdrawal,394.17,866.26,Amazon,"Tokyo, Japan",iPhone,Mobile Network,False,False,0
32,deposit,514.23,3006.02,Walmart,"New York, USA",Android,Mobile Network,False,False,0
32,email_change,0.0,3006.02,0,"Tokyo, Japan",Windows Laptop,Mobile Network,False,False,0
33,withdrawal,456.84,2722.89,Target,"Los Angeles, USA",MacBook,Public WiFi,False,False,0
34,withdrawal,408.51,1948.3300000000002,Target,"New York, USA",MacBook,Public WiFi,False,False,0
35,deposit,855.36,4936.650000000001,Apple Store,"Berlin, Germany",iPhone,Corporate Network,False,False,0
36,withdrawal,272.16,1500.3899999999999,Amazon,"New York, USA",iPad,Public WiFi,False,False,0
37,deposit,224.53,2725.03,Amazon,"Los Angeles, USA",Windows Laptop,Mobile Network,False,False,0
38,deposit,676.43,4200.05,Amazon,"Los Angeles, USA",Linux PC,Public WiFi,False,False,0
39,deposit,986.67,5888.87,Best Buy,"Tokyo, Japan",Android,Corporate Network,False,False,0
40,deposit,759.46,3887.13,Best Buy,"Los Angeles, USA",Android,Corporate Network,False,False,0
40,password_change,0.0,3887.13,0,"Berlin, Germany",iPad,Public WiFi,False,False,0
41,deposit,913.69,6648.77,Apple Store,"Berlin, Germany",iPhone,Corporate Network,False,False,0
42,deposit,178.19,2848.88,Target,"New York, USA",iPhone,Mobile Network,False,False,0
42,phone_change,0.0,2848.88,0,"Tokyo, Japan",Android,Corporate Network,False,False,0
43,withdrawal,297.6,3843.4600000000005,Apple Store,"Los Angeles, USA",iPad,Corporate Network,False,False,0
44,withdrawal,286.17,3626.79,Best Buy,"New York, USA",iPhone,Home WiFi,False,False,0
45,deposit,616.04,2868.41,Target,"London, UK",Windows Laptop,Corporate Network,False,False,0
46,deposit,308.24,4457.599999999999,Target,"New York, USA",Android,Corporate Network,False,False,0
47,withdrawal,179.06,4223.29,Target,"London, UK",Android,Mobile Network,False,False,0
47,phone_change,0.0,4223.29,0,"New York, USA",iPhone,Public WiFi,False,False,0
48,withdrawal,387.51,2281.17,Target,"New York, USA",Android,Corporate Network,False,False,0
49,withdrawal,293.26,1990.7899999999997,Target,"Los Angeles, USA",iPhone,Mobile Network,False,False,0
50,deposit,781.58,4858.0,Best Buy,"New York, USA",MacBook,Mobile Network,False,False,0
51,deposit,468.66,6198.58,Target,"Tokyo, Japan",Android,Corporate Network,False,False,0
52,deposit,942.8,6417.36,Walmart,"London, UK",Windows Laptop,Home WiFi,False,False,0
53,deposit,712.46,4030.36,Best Buy,"New York, USA",Windows Laptop,Mobile Network,False,False,0
54,withdrawal,84.26,3585.22,Amazon,"New York, USA",MacBook,Corporate Network,False,False,0
55,withdrawal,287.5,2934.1600000000003,Apple Store,"Los Angeles, USA",iPhone,Corporate Network,False,False,0
56,withdrawal,71.62,1893.58,Apple Store,"Los Angeles, USA",Android,Mobile Network,False,False,0
57,deposit,715.06,3657.97,Walmart,"Paris, France",iPhone,Mobile Network,False,False,0
58,deposit,442.56,4306.9800000000005,Amazon,"Los Angeles, USA",Windows Laptop,Mobile Network,False,False,0
58,phone_change,0.0,4306.9800000000005,0,"Los Angeles, USA",iPhone,Corporate Network,False,False,0
59,withdrawal,195.32,2108.66,Walmart,"New York, USA",MacBook,Corporate Network,False,False,0
59,email_change,0.0,2108.66,0,"Los Angeles, USA",Windows Laptop,Mobile Network,False,False,0
60,deposit,310.03,4050.74,Walmart,"Los Angeles, USA",Windows Laptop,Mobile Network,False,False,0
61,deposit,899.56,5156.52,Best Buy,"New York, USA",Windows Laptop,Mobile Network,False,False,0
62,deposit,717.25,5943.62,Starbucks,"Tokyo, Japan",iPhone,Public WiFi,False,False,0
63,withdrawal,356.96,2490.51,Walmart,"New York, USA",Windows Laptop,Mobile Network,False,False,0
64,deposit,485.69,2436.9300000000003,Amazon,"New York, USA",iPad,Mobile Network,False,False,0
64,phone_change,0.0,2436.9300000000003,0,"Tokyo, Japan",iPhone,Corporate Network,False,False,0
65,withdrawal,425.24,5269.040000000001,Best Buy,"Berlin, Germany",MacBook,Public WiFi,False,False,0
66,deposit,541.0,4562.43,Amazon,"Los Angeles, USA",Linux PC,Home WiFi,False,False,0
67,withdrawal,203.89,1119.7400000000002,Amazon,"Los Angeles, USA",Android,Corporate Network,False,False,0
67,password_change,0.0,1119.7400000000002,0,"Los Angeles, USA",iPhone,Public WiFi,False,False,0
68,deposit,381.42,3748.3300000000004,Best Buy,"Berlin, Germany",MacBook,Corporate Network,False,False,0
69,withdrawal,125.84,3653.98,Target,"Los Angeles, USA",Windows Laptop,Corporate Network,False,False,0
69,password_change,0.0,3653.98,0,"Berlin, Germany",iPad,Mobile Network,False,False,0
70,deposit,482.33,5754.55,Target,"Tokyo, Japan",iPhone,Home WiFi,False,False,0
71,withdrawal,342.67,4811.03,Best Buy,"Berlin, Germany",MacBook,Home WiFi,False,False,0
72,deposit,831.98,3379.76,Apple Store,"Tokyo, Japan",iPad,Public WiFi,False,False,0
73,withdrawal,147.5,3062.5500000000006,Walmart,"Los Angeles, USA",Linux PC,Home WiFi,False,False,0
74,deposit,827.68,5039.530000000001,Best Buy,"Paris, France",iPhone,Home WiFi,False,False,0
75,withdrawal,227.73,4725.64,Amazon,"New York, USA",Windows Laptop,Public WiFi,False,False,0
76,withdrawal,363.66,3164.1299999999997,Best Buy,"New York, USA",Android,Mobile Network,False,False,0
77,deposit,440.16,5089.349999999999,Target,"New York, USA",MacBook,Home WiFi,False,False,0
78,deposit,774.32,6761.9400000000005,Walmart,"London, UK",Android,Home WiFi,False,False,0
79,deposit,117.03,1555.9299999999998,Starbucks,"Los Angeles, USA",MacBook,Corporate Network,False,False,0
80,deposit,701.49,4613.01,Target,"Los Angeles, USA",Android,Mobile Network,False,False,0
81,deposit,893.22,2674.62,Best Buy,"New York, USA",iPhone,Public WiFi,False,False,0
81,phone_change,0.0,2674.62,0,"Paris, France",Windows Laptop,Corporate Network,False,False,0
82,deposit,908.1,2951.42,Target,"Tokyo, Japan",iPhone,Corporate Network,False,True,0
83,deposit,686.48,5216.01,Target,"New York, USA",MacBook,Public WiFi,False,False,0
84,deposit,698.61,6683.05,Walmart,"Paris, France",iPhone,Home WiFi,False,False,0
84,phone_change,0.0,6683.05,0,"New York, USA",Android,Public WiFi,False,False,0
85,deposit,528.36,3411.07,Starbucks,"Tokyo, Japan",Android,Corporate Network,False,False,0
86,withdrawal,61.94,2113.73,Walmart,"Tokyo, Japan",Android,Corporate Network,False,False,0
87,deposit,406.17,5304.33,Target,"New York, USA",MacBook,Corporate Network,False,False,0
88,withdrawal,271.56,3701.920000000001,Apple Store,"New York, USA",iPhone,Mobile Network,False,False,0
89,deposit,976.87,6259.38,Amazon,"Paris, France",iPhone,Home WiFi,False,False,0
90,deposit,715.2,4371.87,Starbucks,"London, UK",Android,Home WiFi,False,False,0
91,withdrawal,161.75,1047.4399999999998,Walmart,"Tokyo, Japan",Windows Laptop,Public WiFi,False,False,0
92,deposit,640.07,3688.76,Apple Store,"Berlin, Germany",Windows Laptop,Public WiFi,False,False,0
93,deposit,577.91,3920.49,Walmart,"London, UK",Android,Home WiFi,False,False,0
94,withdrawal,262.42,3931.05,Starbucks,"London, UK",MacBook,Home WiFi,False,False,0
95,deposit,156.63,2556.98,Starbucks,"London, UK",iPhone,Mobile Network,False,False,0
96,deposit,713.41,6205.63,Starbucks,"Paris, France",MacBook,Corporate Network,False,False,0
97,withdrawal,365.26,5116.77,Walmart,"London, UK",Android,Mobile Network,False,False,0
98,deposit,286.21,4608.55,Amazon,"Los Angeles, USA",Android,Corporate Network,False,False,0
99,withdrawal,301.92,3372.7799999999997,Best Buy,"Berlin, Germany",Android,Corporate Network,False,False,0
100,withdrawal,86.61,1885.6000000000001,Amazon,"Los Angeles, USA",Linux PC,Corporate Network,False,False,0
101,deposit,120.98,3424.5299999999997,Walmart,"Paris, France",iPhone,Mobile Network,False,False,0
102,deposit,956.24,4875.31,Amazon,"New York, USA",MacBook,Public WiFi,False,False,0
103,deposit,477.96,2055.04,Starbucks,"Los Angeles, USA",iPhone,Corporate Network,False,False,0
103,phone_change,0.0,2055.04,0,"New York, USA",Android,Home WiFi,True,False,0
104,withdrawal,263.48,3373.3100000000004,Best Buy,"Los Angeles, USA",MacBook,Corporate Network,False,False,0
105,deposit,271.8,3324.2200000000003,Best Buy,"Los Angeles, USA",Android,Corporate Network,False,False,0
105,password_change,0.0,3324.2200000000003,0,"Tokyo, Japan",MacBook,Corporate Network,False,False,0
106,deposit,990.03,2979.3499999999995,Best Buy,"New York, USA",iPhone,Public WiFi,False,False,0
107,withdrawal,160.13,2766.7799999999997,Amazon,"New York, USA",Linux PC,Home WiFi,False,False,0
108,deposit,165.63,5469.3,Amazon,"New York, USA",Android,Public WiFi,False,False,0
109,withdrawal,484.84,2151.35,Best Buy,"New York, USA",iPhone,Mobile Network,False,False,0
110,withdrawal,187.22,2496.6200000000003,Amazon,"Tokyo, Japan",MacBook,Mobile Network,False,False,0
111,deposit,222.5,2967.0899999999997,Amazon,"New York, USA",Android,Mobile Network,False,False,0
112,withdrawal,413.98,4797.8200000000015,Apple Store,"Tokyo, Japan",iPhone,Mobile Network,False,False,0
113,deposit,781.49,3784.1100000000006,Apple Store,"Paris, France",Linux PC,Corporate Network,False,False,0
114,deposit,473.75,4142.99,Starbucks,"New York, USA",iPhone,Mobile Network,False,False,0
115,deposit,756.87,4500.86,Best Buy,"Los Angeles, USA",Android,Corporate Network,False,False,0
116,deposit,475.89,5341.5599999999995,Target,"Tokyo, Japan",Windows Laptop,Mobile Network,False,False,0
117,deposit,357.67,4707.08,Amazon,"Paris, France",Windows Laptop,Public WiFi,False,False,0
118,deposit,317.51,2355.66,Target,"Paris, France",Android,Corporate Network,True,False,0
118,password_change,0.0,2355.66,0,"Tokyo, Japan",iPhone,Mobile Network,False,False,0
119,deposit,476.6,2095.41,Amazon,"New York, USA",iPhone,Mobile Network,False,False,0
120,deposit,769.57,5192.679999999999,Amazon,"Los Angeles, USA",Windows Laptop,Public WiFi,False,False,0
121,deposit,468.91,1884.8700000000001,Apple Store,"Los Angeles, USA",MacBook,Public WiFi,False,False,0
122,withdrawal,417.61,1361.6899999999996,Amazon,"Los Angeles, USA",iPhone,Mobile Network,False,False,0
123,deposit,255.3,2849.09,Amazon,"Tokyo, Japan",Android,Corporate Network,False,False,0
123,password_change,0.0,2849.09,0,"New York, USA",Android,Public WiFi,False,False,0
124,withdrawal,375.84,2233.14,Target,"New York, USA",MacBook,Mobile Network,False,False,0
125,withdrawal,386.1,4651.82,Walmart,"New York, USA",MacBook,Home WiFi,False,True,0
126,deposit,763.17,6029.830000000001,Starbucks,"Paris, France",MacBook,Public WiFi,False,False,0
127,withdrawal,336.84,5627.0199999999995,Target,"London, UK",MacBook,Public WiFi,False,False,0
128,deposit,700.65,3418.14,Best Buy,"Tokyo, Japan",iPhone,Home WiFi,False,False,0
129,deposit,996.1,6325.040000000001,Amazon,"Los Angeles, USA",Android,Home WiFi,False,False,0
130,deposit,912.58,5930.2699999999995,Walmart,"New York, USA",MacBook,Corporate Network,False,False,0
131,withdrawal,217.71,2514.75,Starbucks,"New York, USA",Windows Laptop,Home WiFi,False,False,0
132,deposit,122.26,1978.7,Target,"New York, USA",iPhone,Public WiFi,False,False,0
133,deposit,616.74,3757.67,Amazon,"Los Angeles, USA",Windows Laptop,Corporate Network,False,False,0
134,deposit,483.61,4575.03,Best Buy,"Paris, France",Linux PC,Mobile Network,False,False,0
135,withdrawal,213.35,4013.23,Amazon,"Los Angeles, USA",iPhone,Corporate Network,False,False,0
135,phone_change,0.0,4013.23,0,"London, UK",Android,Corporate Network,False,False,0
136,withdrawal,62.63,3248.11,Target,"Berlin, Germany",iPhone,Corporate Network,False,False,0
137,withdrawal,449.75,1851.23,Target,"Paris, France",Windows Laptop,Public WiFi,False,False,0
137,password_change,0.0,1851.23,0,"New York, USA",MacBook,Mobile Network,False,False,0
138,withdrawal,400.27,4275.969999999999,Target,"Berlin, Germany",Linux PC,Home WiFi,False,False,0
139,deposit,526.5,3028.6400000000003,Amazon,"Los Angeles, USA",Windows Laptop,Corporate Network,True,False,0
140,deposit,165.54,4817.599999999999,Apple Store,"New York, USA",Android,Corporate Network,False,False,0
141,withdrawal,410.87,2425.0299999999997,Target,"London, UK",iPhone,Public WiFi,False,False,0
142,withdrawal,406.05,190.52999999999992,Walmart,"Los Angeles, USA",MacBook,Corporate Network,False,False,0
142,email_change,0.0,190.52999999999992,0,"Paris, France",Windows Laptop,Mobile Network,False,False,0
143,deposit,846.03,6331.239999999999,Amazon,"Paris, France",MacBook,Public WiFi,False,False,0
144,withdrawal,286.12,2959.91,Apple Store,"New York, USA",Linux PC,Mobile Network,False,True,0
144,phone_change,0.0,2959.91,0,"Los Angeles, USA",iPhone,Public WiFi,False,False,0
145,withdrawal,339.55,4206.129999999999,Apple Store,"New York, USA",iPhone,Home WiFi,False,False,0
146,deposit,478.28,5033.43,Amazon,"New York, USA",Android,Home WiFi,False,False,0
147,deposit,703.66,2075.5099999999998,Starbucks,"Tokyo, Japan",MacBook,Public WiFi,False,False,0
148,deposit,352.57,3750.1,Amazon,"Berlin, Germany",Android,Public WiFi,False,False,0
149,withdrawal,149.86,2343.46,Amazon,"Los Angeles, USA",Android,Mobile Network,False,False,0
150,deposit,408.79,4305.750000000001,Starbucks,"Tokyo, Japan",Windows Laptop,Corporate Network,False,False,0
150,password_change,0.0,4305.750000000001,0,"London, UK",Windows Laptop,Public WiFi,False,False,0
151,withdrawal,459.2,3365.01,Walmart,"New York, USA",MacBook,Corporate Network,False,False,0
152,deposit,791.93,5124.9800000000005,Amazon,"Tokyo, Japan",Android,Home WiFi,False,False,0
153,withdrawal,144.17,1746.1,Amazon,"New York, USA",iPad,Home WiFi,False,False,0
154,deposit,146.97,2370.12,Target,"Tokyo, Japan",Windows Laptop,Home WiFi,False,False,0
155,deposit,334.7,5777.62,Amazon,"Los Angeles, USA",Windows Laptop,Public WiFi,False,False,0
156,deposit,784.62,4674.4800000000005,Walmart,"New York, USA",Linux PC,Home WiFi,False,False,0
157,deposit,556.56,4768.030000000001,Apple Store,"Tokyo, Japan",Android,Mobile Network,False,False,0
158,deposit,103.64,4092.05,Amazon,"London, UK",Windows Laptop,Corporate Network,False,False,0
159,withdrawal,411.07,1341.3500000000001,Walmart,"New York, USA",Windows Laptop,Public WiFi,False,False,0
159,phone_change,0.0,1341.3500000000001,0,"New York, USA",Windows Laptop,Public WiFi,False,False,0
160,deposit,185.58,2026.08,Target,"Tokyo, Japan",Windows Laptop,Public WiFi,False,False,0
160,phone_change,0.0,2026.08,0,"Tokyo, Japan",iPhone,Home WiFi,False,False,0
161,deposit,517.93,4310.6,Target,"Los Angeles, USA",MacBook,Public WiFi,False,False,0
161,phone_change,0.0,4310.6,0,"New York, USA",iPhone,Home WiFi,False,False,0
162,withdrawal,179.67,1865.12,Amazon,"New York, USA",Windows Laptop,Public WiFi,False,False,0
163,withdrawal,234.07,3331.77,Walmart,"London, UK",iPad,Home WiFi,False,False,0
164,withdrawal,151.5,1916.6800000000003,Walmart,"Paris, France",Android,Mobile Network,False,False,0
165,withdrawal,464.3,1888.1200000000001,Amazon,"Berlin, Germany",Windows Laptop,Mobile Network,False,False,0
166,withdrawal,330.09,3028.29,Target,"New York, USA",iPhone,Home WiFi,False,False,0
167,withdrawal,240.9,3032.3,Starbucks,"Los Angeles, USA",Windows Laptop,Public WiFi,False,False,0
168,deposit,341.4,3645.03,Walmart,"Los Angeles, USA",MacBook,Public WiFi,False,False,0
169,deposit,973.13,1361.01,Walmart,"New York, USA",Windows Laptop,Home WiFi,False,False,0
170,withdrawal,235.27,675.2799999999999,Walmart,"Los Angeles, USA",Android,Mobile Network,False,False,0
171,withdrawal,292.82,3696.1599999999994,Amazon,"London, UK",iPhone,Home WiFi,False,False,0
172,withdrawal,415.29,1726.6799999999998,Amazon,"New York, USA",Android,Corporate Network,False,False,0
172,phone_change,0.0,1726.6799999999998,0,"London, UK",Windows Laptop,Public WiFi,False,False,0
173,deposit,878.93,6195.71,Walmart,"Berlin, Germany",iPhone,Mobile Network,False,False,0
174,withdrawal,216.18,1316.1999999999998,Best Buy,"Tokyo, Japan",Windows Laptop,Mobile Network,False,False,0
175,withdrawal,145.95,785.96,Best Buy,"Berlin, Germany",iPhone,Public WiFi,False,False,0
176,withdrawal,387.96,2215.75,Starbucks,"Los Angeles, USA",Android,Public WiFi,False,False,0
177,deposit,906.71,5549.59,Amazon,"Paris, France",iPhone,Corporate Network,False,False,0
178,deposit,572.71,3789.82,Starbucks,"London, UK",MacBook,Mobile Network,False,False,0
179,withdrawal,65.72,3039.4700000000003,Target,"London, UK",iPhone,Corporate Network,False,False,0
180,withdrawal,248.05,5789.46,Walmart,"Los Angeles, USA",Windows Laptop,Corporate Network,False,False,0
180,phone_change,0.0,5789.46,0,"London, UK",Windows Laptop,Mobile Network,False,False,0
181,deposit,946.92,5015.9,Target,"Los Angeles, USA",iPad,Home WiFi,False,False,0
182,withdrawal,458.15,2424.8399999999997,Walmart,"Los Angeles, USA",Android,Home WiFi,False,False,0
183,withdrawal,321.57,2220.7599999999998,Amazon,"London, UK",Windows Laptop,Corporate Network,False,False,0
184,deposit,982.26,2943.6099999999997,Starbucks,"Berlin, Germany",iPhone,Home WiFi,False,False,0
184,phone_change,0.0,2943.6099999999997,0,"London, UK",Windows Laptop,Public WiFi,False,False,0
185,withdrawal,308.85,2602.11,Amazon,"New York, USA",MacBook,Public WiFi,False,False,0
186,withdrawal,442.83,5492.230000000001,Best Buy,"New York, USA",Linux PC,Mobile Network,True,False,0
187,deposit,419.3,2718.9700000000003,Starbucks,"London, UK",iPhone,Corporate Network,False,False,0
188,withdrawal,79.9,3001.9,Target,"Paris, France",iPhone,Home WiFi,False,False,0
189,deposit,593.16,3528.54,Amazon,"Tokyo, Japan",Windows Laptop,Corporate Network,False,False,0
190,deposit,271.92,3582.6800000000003,Amazon,"Los Angeles, USA",iPhone,Mobile Network,False,False,0
190,email_change,0.0,3582.6800000000003,0,"Tokyo, Japan",Windows Laptop,Corporate Network,True,False,0
191,withdrawal,224.33,3909.58,Best Buy,"Los Angeles, USA",Android,Public WiFi,True,False,0
192,withdrawal,489.46,776.29,Amazon,"New York, USA",MacBook,Corporate Network,False,False,0
193,withdrawal,274.22,1810.0199999999998,Walmart,"New York, USA",Android,Public WiFi,False,False,0
194,deposit,417.28,2370.7599999999998,Target,"Paris, France",MacBook,Home WiFi,False,False,0
195,withdrawal,465.59,2323.98,Starbucks,"New York, USA",iPhone,Corporate Network,False,False,0
196,withdrawal,182.75,2515.53,Walmart,"Paris, France",Windows Laptop,Home WiFi,False,False,0
197,withdrawal,109.51,4682.37,Best Buy,"New York, USA",iPad,Corporate Network,False,False,0
198,deposit,419.85,4545.3,Amazon,"Berlin, Germany",Windows Laptop,Corporate Network,False,False,0
199,deposit,927.57,3918.3500000000004,Amazon,"London, UK",iPad,Home WiFi,False,False,0
200,withdrawal,397.78,2615.1400000000003,Amazon,"New York, USA",Windows Laptop,Public WiFi,False,False,0
201,withdrawal,62.23,3574.86,Walmart,"Paris, France",MacBook,Public WiFi,False,False,0
202,withdrawal,125.2,4875.79,Amazon,"Tokyo, Japan",iPhone,Mobile Network,False,False,0
202,password_change,0.0,4875.79,0,"Tokyo, Japan",MacBook,Corporate Network,False,False,0
203,withdrawal,292.39,1994.0900000000001,Target,"Berlin, Germany",Android,Mobile Network,False,False,0
204,deposit,323.82,5940.009999999999,Amazon,"Los Angeles, USA",iPhone,Corporate Network,False,False,0
205,deposit,234.36,3308.9500000000003,Amazon,"Tokyo, Japan",iPhone,Corporate Network,False,False,0
205,phone_change,0.0,3308.9500000000003,0,"Paris, France",Android,Corporate Network,False,False,0
206,withdrawal,390.13,2553.52,Best Buy,"London, UK",Android,Corporate Network,False,False,0
207,withdrawal,158.43,2975.57,Amazon,"New York, USA",Windows Laptop,Public WiFi,False,False,0
207,phone_change,0.0,2975.57,0,"New York, USA",iPad,Corporate Network,False,False,0
208,deposit,169.04,4016.4800000000005,Target,"Los Angeles, USA",Windows Laptop,Home WiFi,False,False,0
209,withdrawal,232.66,2096.75,Target,"Los Angeles, USA",MacBook,Home WiFi,False,False,0
209,phone_change,0.0,2096.75,0,"New York, USA",Android,Public WiFi,False,False,0
210,deposit,298.52,4588.07,Apple Store,"Berlin, Germany",iPhone,Home WiFi,True,False,0
211,deposit,766.36,3321.0000000000005,Apple Store,"Los Angeles, USA",iPhone,Home WiFi,False,False,0
212,deposit,495.64,5957.68,Amazon,"Paris, France",MacBook,Corporate Network,False,False,0
213,deposit,313.09,5683.17,Amazon,"Tokyo, Japan",MacBook,Home WiFi,False,False,0
214,withdrawal,156.89,3897.14,Apple Store,"New York, USA",Windows Laptop,Home WiFi,False,False,0
214,phone_change,0.0,3897.14,0,"New York, USA",MacBook,Mobile Network,False,False,0
215,deposit,138.09,5815.07,Amazon,"New York, USA",MacBook,Home WiFi,False,False,0
215,phone_change,0.0,5815.07,0,"New York, USA",iPhone,Corporate Network,False,False,0
216,deposit,684.44,4945.07,Starbucks,"Paris, France",Linux PC,Corporate Network,False,False,0
216,password_change,0.0,4945.07,0,"Los Angeles, USA",iPhone,Corporate Network,False,False,0
217,deposit,853.54,4933.119999999999,Walmart,"New York, USA",iPhone,Corporate Network,False,False,0
218,deposit,887.37,3187.0399999999995,Walmart,"Tokyo, Japan",iPad,Mobile Network,True,False,0
219,deposit,584.27,2632.96,Amazon,"New York, USA",Android,Corporate Network,False,False,0
220,withdrawal,246.42,4518.88,Best Buy,"Tokyo, Japan",Android,Home WiFi,False,False,0
221,withdrawal,283.55,1915.2299999999998,Best Buy,"New York, USA",MacBook,Corporate Network,False,False,0
222,withdrawal,187.06,5093.48,Best Buy,"Los Angeles, USA",Android,Mobile Network,False,False,0
223,deposit,665.5,2659.17,Amazon,"New York, USA",MacBook,Home WiFi,False,False,0
224,withdrawal,350.31,81.83999999999992,Target,"New York, USA",Windows Laptop,Mobile Network,False,False,0
224,email_change,0.0,81.83999999999992,0,"New York, USA",Windows Laptop,Corporate Network,False,False,0
225,withdrawal,495.43,3639.1600000000003,Target,"New York, USA",Android,Public WiFi,False,False,0
226,withdrawal,463.56,2963.51,Walmart,"London, UK",iPhone,Corporate Network,False,False,0
227,deposit,420.08,2298.2,Target,"New York, USA",iPhone,Corporate Network,False,False,0
228,withdrawal,156.15,4346.340000000001,Best Buy,"New York, USA",MacBook,Public WiFi,False,False,0
229,deposit,294.54,2172.98,Amazon,"London, UK",Android,Mobile Network,False,False,0
230,deposit,778.6,3131.56,Walmart,"New York, USA",iPhone,Public WiFi,False,False,0
231,withdrawal,73.38,5210.299999999999,Starbucks,"Tokyo, Japan",MacBook,Public WiFi,False,False,0
232,withdrawal,338.98,1617.67,Walmart,"Berlin, Germany",iPhone,Home WiFi,False,False,0
233,withdrawal,145.16,1124.6,Best Buy,"Berlin, Germany",iPhone,Public WiFi,False,False,0
234,deposit,204.04,2849.64,Starbucks,"New York, USA",iPhone,Home WiFi,False,False,0
234,phone_change,0.0,2849.64,0,"London, UK",iPhone,Corporate Network,False,False,0
235,deposit,243.47,3006.5699999999997,Best Buy,"New York, USA",Android,Public WiFi,True,False,0
236,withdrawal,302.61,6063.760000000001,Amazon,"New York, USA",iPhone,Public WiFi,False,False,0
237,deposit,689.83,3197.37,Apple Store,"New York, USA",Android,Home WiFi,False,False,0
238,withdrawal,490.35,3678.7900000000004,Best Buy,"New York, USA",iPhone,Corporate Network,False,False,0
239,withdrawal,349.47,3382.3999999999996,Walmart,"Los Angeles, USA",MacBook,Mobile Network,False,False,0
239,password_change,0.0,3382.3999999999996,0,"New York, USA",Windows Laptop,Mobile Network,False,False,0
240,withdrawal,325.96,2150.4700000000003,Apple Store,"Paris, France",MacBook,Public WiFi,False,False,0
241,withdrawal,449.32,2238.1299999999997,Target,"New York, USA",Android,Home WiFi,False,False,0
242,withdrawal,435.7,3988.4299999999994,Amazon,"Paris, France",iPhone,Mobile Network,False,False,0
243,deposit,922.72,4214.17,Starbucks,"New York, USA",iPhone,Mobile Network,False,False,0
244,withdrawal,374.77,2696.9500000000003,Walmart,"Paris, France",Linux PC,Corporate Network,False,False,0
244,password_change,0.0,2696.9500000000003,0,"Los Angeles, USA",iPhone,Home WiFi,True,False,0
245,deposit,121.1,1295.33,Starbucks,"New York, USA",Android,Corporate Network,False,False,0
246,deposit,644.84,2888.3,Best Buy,"London, UK",Android,Mobile Network,False,False,0
247,deposit,703.95,2185.46,Apple Store,"Los Angeles, USA",Android,Home WiFi,False,False,0
248,withdrawal,424.76,2737.7200000000003,Amazon,"Paris, France",Windows Laptop,Corporate Network,False,False,0
249,withdrawal,311.13,2020.7199999999998,Target,"London, UK",Windows Laptop,Corporate Network,False,False,0
250,withdrawal,368.75,2194.2200000000003,Amazon,"New York, USA",Android,Mobile Network,False,False,0
251,withdrawal,479.88,2222.02,Amazon,"Tokyo, Japan",iPhone,Home WiFi,False,False,0
252,deposit,505.88,918.6800000000001,Amazon,"London, UK",MacBook,Mobile Network,False,False,0
253,deposit,913.16,4270.33,Best Buy,"Tokyo, Japan",iPhone,Home WiFi,False,True,0
254,deposit,659.73,4464.620000000001,Target,"London, UK",Android,Home WiFi,False,False,0
255,deposit,619.16,2347.75,Apple Store,"Los Angeles, USA",Windows Laptop,Mobile Network,False,False,0
255,phone_change,0.0,2347.75,0,"Los Angeles, USA",Android,Mobile Network,False,False,0
256,deposit,392.79,4257.110000000001,Amazon,"Paris, France",Linux PC,Public WiFi,False,False,0
257,deposit,448.5,5322.839999999999,Amazon,"Tokyo, Japan",Windows Laptop,Public WiFi,False,False,0
258,withdrawal,433.61,1049.52,Best Buy,"Paris, France",MacBook,Corporate Network,False,False,0
258,password_change,0.0,1049.52,0,"Tokyo, Japan",iPhone,Corporate Network,True,False,0
259,deposit,596.49,3966.5,Amazon,"Los Angeles, USA",MacBook,Corporate Network,False,False,0
259,password_change,0.0,3966.5,0,"Berlin, Germany",Windows Laptop,Home WiFi,False,False,0
260,deposit,368.62,3861.4,Starbucks,"Los Angeles, USA",iPhone,Corporate Network,False,False,0
261,deposit,455.43,5870.58,Amazon,"Paris, France",iPhone,Mobile Network,False,False,0
262,deposit,455.9,5670.5,Walmart,"Los Angeles, USA",iPhone,Public WiFi,False,False,0
262,email_change,0.0,5670.5,0,"Los Angeles, USA",Android,Public WiFi,False,False,0
263,withdrawal,231.37,2446.26,Target,"New York, USA",Windows Laptop,Home WiFi,False,False,0
263,email_change,0.0,2446.26,0,"London, UK",iPhone,Home WiFi,False,False,0
264,deposit,282.84,1182.8300000000002,Target,"New York, USA",iPhone,Public WiFi,False,False,0
265,withdrawal,403.63,3895.6399999999994,Walmart,"Los Angeles, USA",Android,Home WiFi,False,False,0
266,withdrawal,55.52,3729.2200000000003,Amazon,"London, UK",iPhone,Home WiFi,False,False,0
267,deposit,380.54,3474.73,Amazon,"Tokyo, Japan",Windows Laptop,Corporate Network,False,False,0
268,deposit,834.88,2622.98,Walmart,"Tokyo, Japan",MacBook,Corporate Network,False,False,0
269,deposit,122.09,4951.46,Walmart,"New York, USA",iPhone,Mobile Network,False,False,0
270,deposit,307.73,1970.77,Amazon,"London, UK",iPad,Public WiFi,False,False,0
270,phone_change,0.0,1970.77,0,"Tokyo, Japan",MacBook,Home WiFi,False,False,0
271,deposit,706.98,2007.68,Best Buy,"London, UK",MacBook,Public WiFi,False,False,0
272,withdrawal,111.68,2441.37,Target,"Tokyo, Japan",MacBook,Mobile Network,False,False,0
273,deposit,333.92,5944.14,Best Buy,"London, UK",iPad,Corporate Network,False,False,0
273,phone_change,0.0,5944.14,0,"Paris, France",Android,Home WiFi,False,False,0
274,deposit,298.1,3008.95,Best Buy,"Tokyo, Japan",Windows Laptop,Public WiFi,False,False,0
275,deposit,553.68,5907.3099999999995,Best Buy,"Paris, France",Android,Corporate Network,True,False,0
276,deposit,784.33,4052.79,Starbucks,"Paris, France",Windows Laptop,Corporate Network,False,False,0
277,withdrawal,462.37,2763.8599999999997,Amazon,"Los Angeles, USA",iPad,Public WiFi,False,False,0
278,deposit,152.34,2659.09,Target,"New York, USA",Android,Corporate Network,False,False,0
279,deposit,203.01,4412.4800000000005,Best Buy,"Tokyo, Japan",iPhone,Public WiFi,False,False,0
280,deposit,528.07,3425.07,Walmart,"Los Angeles, USA",iPhone,Corporate Network,False,False,0
280,phone_change,0.0,3425.07,0,"Los Angeles, USA",Windows Laptop,Public WiFi,False,False,0
281,deposit,167.17,4556.46,Starbucks,"New York, USA",Windows Laptop,Public WiFi,False,False,0
282,withdrawal,76.22,4234.13,Amazon,"New York, USA",Windows Laptop,Mobile Network,False,False,0
282,phone_change,0.0,4234.13,0,"New York, USA",iPhone,Corporate Network,True,False,0
283,withdrawal,214.97,1549.19,Target,"Paris, France",iPhone,Mobile Network,False,False,0
283,phone_change,0.0,1549.19,0,"New York, USA",iPhone,Mobile Network,False,False,0
284,deposit,890.41,3893.35,Amazon,"New York, USA",iPhone,Public WiFi,False,False,0
285,withdrawal,83.4,1118.73,Target,"New York, USA",Android,Home WiFi,False,False,0
285,email_change,0.0,1118.73,0,"New York, USA",iPhone,Mobile Network,False,False,0
286,withdrawal,405.29,3412.1,Best Buy,"Tokyo, Japan",MacBook,Mobile Network,False,False,0
287,withdrawal,80.47,5786.54,Starbucks,"Berlin, Germany",iPhone,Corporate Network,False,False,0
288,deposit,806.86,3310.01,Apple Store,"London, UK",Windows Laptop,Public WiFi,False,False,0
289,withdrawal,175.57,2953.29,Apple Store,"New York, USA",MacBook,Mobile Network,False,False,0
290,deposit,196.08,3066.92,Amazon,"Berlin, Germany",MacBook,Corporate Network,False,False,0
291,deposit,666.66,3514.77,Target,"Los Angeles, USA",iPhone,Mobile Network,False,False,0
292,deposit,593.12,2986.34,Walmart,"New York, USA",Android,Mobile Network,False,False,0
292,email_change,0.0,2986.34,0,"New York, USA",Android,Corporate Network,False,False,0
293,withdrawal,131.98,4393.52,Walmart,"New York, USA",iPhone,Home WiFi,False,False,0
294,withdrawal,74.69,4040.2499999999995,Apple Store,"Berlin, Germany",iPhone,Home WiFi,False,False,0
294,email_change,0.0,4040.2499999999995,0,"New York, USA",Android,Home WiFi,False,False,0
295,deposit,885.37,4826.360000000001,Amazon,"Los Angeles, USA",iPhone,Mobile Network,False,False,0
296,deposit,752.06,4067.0699999999993,Starbucks,"New York, USA",Windows Laptop,Corporate Network,False,False,0
297,deposit,381.34,2487.56,Best Buy,"London, UK",Android,Home WiFi,False,False,0
298,deposit,209.0,987.8700000000001,Amazon,"Tokyo, Japan",Windows Laptop,Corporate Network,False,False,0
299,deposit,371.3,3066.17,Best Buy,"Los Angeles, USA",iPhone,Corporate Network,False,True,0
300,deposit,266.68,3618.62,Starbucks,"New York, USA",Linux PC,Public WiFi,False,False,0
301,withdrawal,494.69,2341.4999999999995,Walmart,"Los Angeles, USA",MacBook,Corporate Network,False,False,0
301,email_change,0.0,2341.4999999999995,0,"Los Angeles, USA",iPhone,Mobile Network,False,False,0
302,deposit,509.38,3628.05,Starbucks,"London, UK",iPhone,Public WiFi,False,False,0
303,deposit,313.33,2833.04,Amazon,"New York, USA",Android,Mobile Network,False,False,0
304,deposit,759.18,3162.95,Walmart,"Los Angeles, USA",iPhone,Mobile Network,False,False,0
304,phone_change,0.0,3162.95,0,"Berlin, Germany",Linux PC,Home WiFi,False,False,0
305,deposit,631.73,6536.300000000001,Amazon,"London, UK",Windows Laptop,Home WiFi,False,True,0
306,withdrawal,279.28,2379.46,Target,"Los Angeles, USA",iPhone,Home WiFi,True,False,0
306,password_change,0.0,2379.46,0,"Los Angeles, USA",iPhone,Corporate Network,False,False,0
307,withdrawal,425.48,2783.48,Target,"London, UK",Android,Home WiFi,False,False,0
307,password_change,0.0,2783.48,0,"Los Angeles, USA",Android,Home WiFi,False,False,0
308,deposit,842.19,2930.65,Amazon,"Los Angeles, USA",Linux PC,Home WiFi,False,False,0
309,deposit,183.41,2599.78,Target,"Paris, France",iPhone,Corporate Network,False,False,0
310,deposit,249.18,2731.12,Target,"Los Angeles, USA",Android,Corporate Network,False,False,0
311,deposit,212.38,3917.39,Apple Store,"Los Angeles, USA",iPad,Corporate Network,False,False,0
312,withdrawal,264.03,2023.3,Starbucks,"New York, USA",MacBook,Corporate Network,False,False,0
313,withdrawal,270.31,405.3,Amazon,"New York, USA",iPhone,Mobile Network,False,False,0
314,deposit,820.05,1640.1799999999998,Amazon,"Los Angeles, USA",MacBook,Home WiFi,False,False,0
315,deposit,578.26,3517.42,Best Buy,"Berlin, Germany",iPhone,Home WiFi,False,False,0
316,deposit,113.89,4095.3399999999997,Apple Store,"London, UK",Windows Laptop,Public WiFi,False,False,0
316,password_change,0.0,4095.3399999999997,0,"New York, USA",Android,Home WiFi,False,False,0
317,deposit,559.03,3717.79,Apple Store,"Los Angeles, USA",MacBook,Home WiFi,False,False,0
318,withdrawal,456.37,1742.4100000000003,Amazon,"London, UK",Android,Public WiFi,False,False,0
319,deposit,840.84,4576.51,Walmart,"London, UK",iPhone,Mobile Network,False,False,0
320,deposit,371.05,5126.1,Amazon,"London, UK",Android,Mobile Network,False,False,0
321,deposit,497.64,2890.23,Amazon,"Paris, France",MacBook,Home WiFi,False,True,0
321,password_change,0.0,2890.23,0,"London, UK",Windows Laptop,Public WiFi,True,False,0
322,deposit,849.61,6181.55,Amazon,"Berlin, Germany",Android,Corporate Network,False,False,0
323,withdrawal,304.73,1439.87,Walmart,"Tokyo, Japan",iPhone,Public WiFi,False,False,0
324,withdrawal,257.03,3949.5200000000004,Walmart,"New York, USA",Android,Mobile Network,False,False,0
325,withdrawal,381.44,1209.28,Best Buy,"Los Angeles, USA",iPhone,Public WiFi,False,False,0
325,phone_change,0.0,1209.28,0,"Berlin, Germany",iPhone,Home WiFi,False,False,0
326,withdrawal,174.17,4073.55,Walmart,"New York, USA",Android,Mobile Network,True,False,0
327,deposit,567.66,3561.1099999999997,Amazon,"Tokyo, Japan",Windows Laptop,Public WiFi,False,False,0
328,withdrawal,270.01,4204.049999999999,Amazon,"Los Angeles, USA",Windows Laptop,Corporate Network,False,False,0
329,withdrawal,455.6,1827.8300000000004,Best Buy,"New York, USA",Windows Laptop,Home WiFi,False,False,0
330,withdrawal,152.91,3191.01,Walmart,"Paris, France",Windows Laptop,Public WiFi,False,False,0
331,deposit,443.43,5054.47,Amazon,"Los Angeles, USA",iPhone,Home WiFi,False,False,0
331,password_change,0.0,5054.47,0,"New York, USA",iPhone,Public WiFi,False,False,0
332,deposit,135.63,5207.31,Best Buy,"Tokyo, Japan",Android,Mobile Network,True,False,0
332,phone_change,0.0,5207.31,0,"New York, USA",Windows Laptop,Public WiFi,False,False,0
333,deposit,529.27,2881.56,Best Buy,"Los Angeles, USA",MacBook,Public WiFi,False,False,0
334,withdrawal,463.5,1568.89,Target,"London, UK",MacBook,Mobile Network,False,False,0
335,deposit,945.26,2332.1,Starbucks,"London, UK",MacBook,Mobile Network,False,False,0
336,withdrawal,160.87,4853.509999999999,Walmart,"New York, USA",MacBook,Mobile Network,False,False,0
337,deposit,204.26,5374.870000000001,Target,"Tokyo, Japan",Android,Home WiFi,False,False,0
338,deposit,404.02,5084.869999999999,Amazon,"Los Angeles, USA",iPhone,Home WiFi,False,False,0
339,withdrawal,390.93,3824.35,Amazon,"New York, USA",iPad,Corporate Network,False,False,0
340,deposit,845.71,4222.23,Amazon,"Los Angeles, USA",iPhone,Corporate Network,False,False,0
341,withdrawal,242.19,4172.6900000000005,Walmart,"Paris, France",iPhone,Public WiFi,False,False,0
342,deposit,677.58,1774.9499999999998,Amazon,"London, UK",Android,Public WiFi,False,False,0
342,password_change,0.0,1774.9499999999998,0,"Los Angeles, USA",Android,Corporate Network,False,False,0
343,withdrawal,118.46,3190.7999999999997,Target,"Berlin, Germany",iPhone,Corporate Network,False,False,0
343,phone_change,0.0,3190.7999999999997,0,"London, UK",Android,Mobile Network,False,False,0
344,withdrawal,410.51,2220.08,Target,"New York, USA",Android,Corporate Network,False,False,0
344,phone_change,0.0,2220.08,0,"Tokyo, Japan",Windows Laptop,Home WiFi,False,False,0
345,deposit,154.13,2449.19,Walmart,"London, UK",Android,Corporate Network,False,False,0
346,withdrawal,176.0,4415.87,Starbucks,"Los Angeles, USA",iPhone,Home WiFi,False,False,0
347,withdrawal,155.54,1707.7499999999998,Walmart,"Los Angeles, USA",Android,Corporate Network,False,False,0
348,withdrawal,353.82,4195.42,Walmart,"New York, USA",Windows Laptop,Corporate Network,True,False,0
349,deposit,334.16,4566.9,Walmart,"Tokyo, Japan",Windows Laptop,Corporate Network,False,False,0
350,deposit,694.5,4356.39,Starbucks,"London, UK",MacBook,Mobile Network,False,False,0
351,deposit,988.1,3785.5899999999997,Amazon,"Berlin, Germany",Android,Public WiFi,False,False,0
352,withdrawal,439.79,1674.6099999999997,Amazon,"Los Angeles, USA",Windows Laptop,Corporate Network,False,False,0
353,deposit,438.98,3687.8599999999997,Walmart,"New York, USA",MacBook,Mobile Network,False,False,0
353,email_change,0.0,3687.8599999999997,0,"Los Angeles, USA",Android,Home WiFi,False,True,0
354,deposit,795.3,2954.4399999999996,Amazon,"Los Angeles, USA",Windows Laptop,Mobile Network,False,False,0
355,withdrawal,164.67,3919.25,Starbucks,"Tokyo, Japan",Android,Home WiFi,True,True,0
355,phone_change,0.0,3919.25,0,"New York, USA",Linux PC,Public WiFi,False,False,0
356,deposit,883.16,3017.06,Target,"Tokyo, Japan",MacBook,Public WiFi,False,False,0
357,deposit,312.72,4641.76,Target,"Tokyo, Japan",Android,Public WiFi,False,False,0
358,deposit,935.15,6364.999999999999,Target,"New York, USA",Windows Laptop,Mobile Network,False,False,0
359,deposit,920.89,6136.77,Amazon,"London, UK",iPhone,Mobile Network,False,False,0
360,withdrawal,157.28,5358.900000000001,Best Buy,"New York, USA",Android,Home WiFi,False,False,0
360,password_change,0.0,5358.900000000001,0,"Los Angeles, USA",Linux PC,Public WiFi,False,False,0
361,deposit,219.63,1958.2600000000002,Starbucks,"London, UK",Android,Mobile Network,False,False,0
362,deposit,691.37,5395.53,Amazon,"New York, USA",iPhone,Home WiFi,False,False,0
363,withdrawal,186.98,1409.04,Amazon,"New York, USA",Android,Public WiFi,True,False,0
364,withdrawal,227.66,5228.13,Walmart,"Los Angeles, USA",Android,Corporate Network,False,False,0
365,withdrawal,159.15,4734.84,Amazon,"Tokyo, Japan",iPhone,Mobile Network,False,False,0
366,withdrawal,216.16,1918.9599999999998,Walmart,"Los Angeles, USA",Android,Corporate Network,False,False,0
366,email_change,0.0,1918.9599999999998,0,"Los Angeles, USA",MacBook,Home WiFi,False,False,0
367,withdrawal,417.62,1929.06,Amazon,"New York, USA",Android,Home WiFi,False,False,0
368,withdrawal,489.61,2446.4800000000005,Best Buy,"Paris, France",Windows Laptop,Public WiFi,True,False,0
369,deposit,515.27,5047.25,Target,"New York, USA",MacBook,Mobile Network,False,False,0
370,deposit,973.03,6173.42,Walmart,"Los Angeles, USA",Windows Laptop,Corporate Network,False,False,0
371,withdrawal,477.15,4438.070000000001,Amazon,"New York, USA",Android,Corporate Network,False,False,0
371,password_change,0.0,4438.070000000001,0,"Tokyo, Japan",Android,Public WiFi,False,False,0
372,deposit,523.1,3732.9900000000002,Starbucks,"Los Angeles, USA",Android,Mobile Network,False,False,0
372,email_change,0.0,3732.9900000000002,0,"New York, USA",iPhone,Mobile Network,False,False,0
373,deposit,465.05,4908.64,Walmart,"Berlin, Germany",MacBook,Home WiFi,False,False,0
374,deposit,378.5,4520.88,Amazon,"Los Angeles, USA",iPad,Mobile Network,False,False,0
374,phone_change,0.0,4520.88,0,"Tokyo, Japan",MacBook,Corporate Network,False,False,0
375,deposit,688.18,4218.61,Starbucks,"New York, USA",iPhone,Corporate Network,False,False,0
376,deposit,638.8,3223.5299999999997,Best Buy,"New York, USA",MacBook,Mobile Network,False,False,0
377,withdrawal,356.16,2080.6499999999996,Target,"London, UK",iPhone,Public WiFi,False,False,0
378,deposit,998.64,6982.179999999999,Amazon,"New York, USA",iPhone,Mobile Network,False,False,0
379,withdrawal,369.82,2336.1699999999996,Walmart,"New York, USA",iPhone,Mobile Network,False,False,0
379,password_change,0.0,2336.1699999999996,0,"Tokyo, Japan",Linux PC,Public WiFi,False,False,0
380,withdrawal,435.85,4829.19,Apple Store,"Berlin, Germany",Android,Home WiFi,False,False,0
381,withdrawal,465.77,1018.6399999999999,Starbucks,"Paris, France",Android,Corporate Network,False,False,0
382,withdrawal,278.77,1800.0300000000002,Apple Store,"New York, USA",Android,Corporate Network,False,False,0
383,deposit,134.15,3983.69,Amazon,"Tokyo, Japan",Windows Laptop,Public WiFi,False,False,0
384,deposit,522.24,4447.13,Amazon,"Los Angeles, USA",iPhone,Public WiFi,False,False,0
385,withdrawal,381.83,5132.28,Amazon,"Berlin, Germany",Linux PC,Mobile Network,True,False,0
386,withdrawal,296.21,1532.3899999999999,Walmart,"Los Angeles, USA",Android,Corporate Network,False,False,0
386,email_change,0.0,1532.3899999999999,0,"Tokyo, Japan",iPhone,Mobile Network,False,False,0
387,withdrawal,302.44,961.4399999999998,Amazon,"Los Angeles, USA",Android,Public WiFi,False,False,0
387,password_change,0.0,961.4399999999998,0,"Paris, France",Windows Laptop,Corporate Network,True,False,0
388,deposit,312.32,4082.67,Target,"Tokyo, Japan",Android,Public WiFi,False,False,0
389,deposit,181.78,5031.33,Apple Store,"New York, USA",iPhone,Home WiFi,False,False,0
390,withdrawal,430.79,4247.55,Apple Store,"Berlin, Germany",Android,Mobile Network,False,False,0
391,deposit,583.63,6612.04,Best Buy,"New York, USA",MacBook,Home WiFi,False,False,0
392,withdrawal,364.25,3838.8900000000003,Amazon,"Tokyo, Japan",Windows Laptop,Home WiFi,False,False,0
393,withdrawal,440.28,4107.280000000001,Target,"Tokyo, Japan",Android,Mobile Network,False,False,0
394,withdrawal,399.61,2785.54,Best Buy,"Los Angeles, USA",iPhone,Public WiFi,False,False,0
395,withdrawal,407.36,911.5100000000001,Amazon,"New York, USA",Windows Laptop,Home WiFi,False,False,0
396,withdrawal,194.01,3756.3500000000004,Apple Store,"London, UK",Windows Laptop,Home WiFi,False,False,0
397,deposit,920.17,1347.1200000000001,Best Buy,"Paris, France",iPhone,Home WiFi,False,False,0
398,deposit,450.3,1734.91,Best Buy,"London, UK",iPhone,Mobile Network,True,False,0
398,password_change,0.0,1734.91,0,"Los Angeles, USA",Windows Laptop,Mobile Network,False,False,0
399,deposit,596.98,3566.05,Amazon,"New York, USA",MacBook,Mobile Network,True,False,0
399,email_change,0.0,3566.05,0,"London, UK",Windows Laptop,Corporate Network,False,False,0
400,deposit,516.78,5252.4800000000005,Amazon,"New York, USA",Windows Laptop,Corporate Network,True,False,0
401,deposit,359.96,2038.8,Amazon,"Berlin, Germany",Android,Mobile Network,False,False,0
402,deposit,831.37,5359.759999999999,Amazon,"Tokyo, Japan",Android,Mobile Network,False,False,0
403,deposit,901.48,4527.389999999999,Amazon,"Los Angeles, USA",iPad,Home WiFi,False,False,0
404,withdrawal,156.02,2786.4,Walmart,"New York, USA",Android,Home WiFi,False,False,0
404,phone_change,0.0,2786.4,0,"Los Angeles, USA",iPhone,Public WiFi,False,False,0
405,deposit,788.93,3899.06,Starbucks,"Los Angeles, USA",iPhone,Public WiFi,False,False,0
406,withdrawal,489.98,3303.2500000000005,Target,"London, UK",Linux PC,Home WiFi,False,False,0
407,withdrawal,145.02,1320.0899999999997,Target,"London, UK",Android,Mobile Network,False,False,0
408,withdrawal,239.63,2652.14,Walmart,"London, UK",Windows Laptop,Public WiFi,False,False,0
409,withdrawal,329.77,3816.6,Amazon,"New York, USA",Android,Home WiFi,False,True,0
410,deposit,124.24,2023.49,Amazon,"Los Angeles, USA",Android,Mobile Network,False,False,0
410,phone_change,0.0,2023.49,0,"New York, USA",iPhone,Corporate Network,False,False,0
411,withdrawal,226.86,3843.1099999999997,Apple Store,"Tokyo, Japan",Windows Laptop,Home WiFi,True,False,0
412,deposit,616.46,5753.96,Amazon,"Tokyo, Japan",iPhone,Mobile Network,False,False,0
413,deposit,404.88,5025.13,Best Buy,"Berlin, Germany",iPhone,Home WiFi,False,False,0
414,withdrawal,415.65,1460.3600000000001,Amazon,"Paris, France",iPhone,Home WiFi,False,False,0
415,withdrawal,429.4,4621.860000000001,Amazon,"Berlin, Germany",iPhone,Corporate Network,False,False,0
416,deposit,947.1,3187.23,Amazon,"Tokyo, Japan",Windows Laptop,Mobile Network,False,False,0
417,deposit,401.2,4642.39,Amazon,"New York, USA",iPhone,Home WiFi,False,False,0
418,deposit,342.22,5548.9800000000005,Amazon,"Los Angeles, USA",iPad,Corporate Network,False,False,0
419,withdrawal,266.22,4226.0599999999995,Walmart,"New York, USA",MacBook,Mobile Network,False,False,0
420,withdrawal,173.19,1158.3400000000001,Amazon,"New York, USA",Android,Home WiFi,False,False,0
421,deposit,699.32,4119.58,Amazon,"New York, USA",Android,Home WiFi,False,False,0
422,withdrawal,366.59,2790.9099999999994,Amazon,"London, UK",Windows Laptop,Corporate Network,False,False,0
423,deposit,192.5,2049.2400000000002,Walmart,"Tokyo, Japan",iPhone,Corporate Network,False,False,0
424,deposit,992.8,4039.09,Best Buy,"Paris, France",Linux PC,Corporate Network,False,False,0
425,withdrawal,156.26,2667.6499999999996,Amazon,"Los Angeles, USA",iPad,Mobile Network,False,False,0
425,password_change,0.0,2667.6499999999996,0,"New York, USA",Android,Home WiFi,False,False,0
426,withdrawal,353.72,2186.2999999999993,Target,"New York, USA",iPad,Public WiFi,False,False,0
427,deposit,345.99,3223.54,Walmart,"London, UK",Windows Laptop,Mobile Network,False,False,0
428,deposit,433.19,1927.03,Amazon,"New York, USA",Windows Laptop,Home WiFi,False,False,0
429,deposit,781.07,4893.94,Starbucks,"Berlin, Germany",Android,Home WiFi,False,False,0
430,deposit,727.18,1704.2799999999997,Best Buy,"Paris, France",Android,Home WiFi,False,False,0
431,deposit,315.3,3541.87,Apple Store,"Los Angeles, USA",Windows Laptop,Home WiFi,False,False,0
432,withdrawal,258.76,3810.3599999999997,Amazon,"Tokyo, Japan",Windows Laptop,Home WiFi,False,False,0
433,withdrawal,228.48,4153.070000000001,Amazon,"Tokyo, Japan",Android,Home WiFi,False,False,0
434,withdrawal,168.39,1886.6400000000003,Amazon,"London, UK",Android,Corporate Network,False,False,0
435,deposit,821.89,5028.64,Target,"Los Angeles, USA",Windows Laptop,Mobile Network,False,False,0
436,withdrawal,226.27,2951.97,Amazon,"Paris, France",iPad,Public WiFi,False,False,0
436,password_change,0.0,2951.97,0,"Tokyo, Japan",MacBook,Public WiFi,False,False,0
437,deposit,338.87,1623.94,Target,"Tokyo, Japan",iPhone,Mobile Network,False,False,0
438,deposit,592.33,5658.67,Starbucks,"New York, USA",Android,Mobile Network,False,False,0
439,withdrawal,339.11,744.33,Amazon,"New York, USA",MacBook,Home WiFi,False,False,0
439,password_change,0.0,744.33,0,"Los Angeles, USA",iPad,Home WiFi,False,False,0
440,withdrawal,439.15,1923.46,Amazon,"New York, USA",iPad,Home WiFi,False,False,0
441,withdrawal,215.97,3452.97,Walmart,"Los Angeles, USA",Android,Public WiFi,False,False,0
442,deposit,685.44,5087.3099999999995,Target,"New York, USA",iPhone,Corporate Network,False,False,0
443,deposit,242.65,4811.34,Amazon,"Paris, France",Android,Home WiFi,False,False,0
444,deposit,841.76,3421.5599999999995,Amazon,"Los Angeles, USA",iPhone,Corporate Network,False,False,0
445,deposit,996.02,6112.85,Amazon,"New York, USA",iPhone,Corporate Network,False,False,0
446,deposit,570.98,3363.9,Amazon,"New York, USA",Android,Mobile Network,True,False,0
447,withdrawal,424.57,3895.52,Best Buy,"New York, USA",Windows Laptop,Public WiFi,False,False,0
448,deposit,975.43,5127.79,Walmart,"London, UK",MacBook,Mobile Network,False,False,0
449,withdrawal,482.16,1811.89,Amazon,"Tokyo, Japan",iPhone,Home WiFi,False,False,0
450,deposit,873.39,6342.26,Amazon,"Tokyo, Japan",MacBook,Mobile Network,False,False,0
451,withdrawal,239.74,390.82000000000005,Starbucks,"Los Angeles, USA",iPhone,Home WiFi,False,False,0
451,email_change,0.0,390.82000000000005,0,"Tokyo, Japan",MacBook,Public WiFi,False,False,0
452,deposit,521.53,5701.889999999999,Target,"New York, USA",Android,Home WiFi,False,False,0
453,withdrawal,169.88,2796.59,Walmart,"Berlin, Germany",Windows Laptop,Public WiFi,False,False,0
454,withdrawal,197.76,3970.16,Starbucks,"New York, USA",iPhone,Corporate Network,False,False,0
455,deposit,332.46,4566.849999999999,Target,"London, UK",iPhone,Corporate Network,False,False,0
455,password_change,0.0,4566.849999999999,0,"Paris, France",Linux PC,Home WiFi,False,False,0
456,deposit,950.8,6161.589999999999,Apple Store,"Tokyo, Japan",Windows Laptop,Corporate Network,False,False,0
457,deposit,622.19,7167.620000000001,Apple Store,"New York, USA",Android,Corporate Network,False,False,0
458,withdrawal,137.71,2800.48,Starbucks,"Paris, France",Android,Public WiFi,False,False,0
458,email_change,0.0,2800.48,0,"Los Angeles, USA",iPhone,Public WiFi,False,False,0
459,withdrawal,296.15,4113.14,Amazon,"New York, USA",Linux PC,Mobile Network,False,False,0
460,withdrawal,390.05,4166.11,Walmart,"Los Angeles, USA",MacBook,Corporate Network,True,False,0
461,withdrawal,424.6,5121.879999999999,Amazon,"London, UK",iPhone,Corporate Network,False,False,0
462,withdrawal,153.21,1980.48,Walmart,"Los Angeles, USA",Windows Laptop,Home WiFi,False,False,0
463,deposit,229.97,4976.53,Walmart,"Tokyo, Japan",Windows Laptop,Corporate Network,False,False,0
464,deposit,307.97,4889.76,Amazon,"Berlin, Germany",iPhone,Public WiFi,False,False,0
465,withdrawal,106.39,3200.7999999999997,Amazon,"New York, USA",iPad,Public WiFi,False,False,0
466,withdrawal,77.69,4239.39,Amazon,"Berlin, Germany",iPhone,Corporate Network,False,False,0
467,withdrawal,151.32,4893.740000000001,Amazon,"London, UK",Windows Laptop,Corporate Network,False,False,0
468,withdrawal,259.38,2701.3999999999996,Starbucks,"New York, USA",Windows Laptop,Mobile Network,False,False,0
469,deposit,918.69,3861.7999999999997,Amazon,"London, UK",Windows Laptop,Public WiFi,False,False,0
470,deposit,700.25,2483.81,Amazon,"Berlin, Germany",Windows Laptop,Public WiFi,False,False,0
471,deposit,180.65,3470.1600000000003,Starbucks,"Berlin, Germany",MacBook,Mobile Network,False,True,0
472,deposit,692.53,6392.75,Apple Store,"London, UK",Windows Laptop,Home WiFi,False,False,0
473,withdrawal,310.88,502.65999999999985,Best Buy,"Los Angeles, USA",Android,Mobile Network,False,False,0
474,deposit,474.99,4725.959999999999,Target,"London, UK",Android,Home WiFi,False,False,0
474,password_change,0.0,4725.959999999999,0,"Los Angeles, USA",iPhone,Public WiFi,False,False,0
475,deposit,730.52,5471.689999999999,Amazon,"New York, USA",iPhone,Home WiFi,False,False,0
476,deposit,234.84,3325.5600000000004,Walmart,"London, UK",MacBook,Home WiFi,False,False,0
477,withdrawal,169.43,4225.42,Amazon,"New York, USA",Windows Laptop,Public WiFi,False,False,0
478,withdrawal,447.5,4898.11,Amazon,"Los Angeles, USA",iPad,Corporate Network,False,False,0
479,deposit,586.21,6132.740000000001,Best Buy,"Paris, France",iPhone,Public WiFi,False,False,0
479,phone_change,0.0,6132.740000000001,0,"Tokyo, Japan",MacBook,Corporate Network,False,False,0
480,withdrawal,81.52,371.27,Walmart,"Tokyo, Japan",Android,Home WiFi,False,False,0
481,withdrawal,243.32,2934.0899999999997,Walmart,"Berlin, Germany",Windows Laptop,Home WiFi,False,False,0
481,password_change,0.0,2934.0899999999997,0,"Los Angeles, USA",MacBook,Mobile Network,False,False,0
482,deposit,410.05,2981.2400000000002,Best Buy,"Berlin, Germany",Windows Laptop,Home WiFi,False,False,0
483,withdrawal,268.24,4580.900000000001,Best Buy,"Paris, France",MacBook,Home WiFi,False,False,0
484,deposit,539.73,3318.18,Starbucks,"Tokyo, Japan",Android,Mobile Network,False,True,0
485,withdrawal,270.64,4908.49,Best Buy,"London, UK",Android,Public WiFi,False,False,0
486,deposit,875.66,3522.6699999999996,Best Buy,"New York, USA",iPhone,Corporate Network,False,False,0
486,phone_change,0.0,3522.6699999999996,0,"London, UK",iPhone,Mobile Network,True,False,0
487,deposit,257.38,3184.01,Amazon,"London, UK",Android,Public WiFi,False,False,0
488,deposit,155.63,3747.17,Amazon,"London, UK",iPhone,Mobile Network,False,False,0
489,deposit,417.81,5764.6,Amazon,"Tokyo, Japan",Windows Laptop,Corporate Network,False,False,0
490,withdrawal,51.36,4318.75,Walmart,"Paris, France",Android,Corporate Network,False,False,0
490,password_change,0.0,4318.75,0,"Paris, France",Windows Laptop,Corporate Network,False,False,0
491,withdrawal,238.1,3168.43,Walmart,"Berlin, Germany",Android,Mobile Network,False,False,0
492,withdrawal,428.6,3740.9900000000002,Walmart,"London, UK",MacBook,Corporate Network,False,False,0
493,withdrawal,325.15,5191.120000000001,Best Buy,"Paris, France",Android,Mobile Network,False,False,0
494,deposit,525.39,5307.62,Starbucks,"New York, USA",Android,Home WiFi,False,False,0
495,withdrawal,483.28,2888.6400000000003,Apple Store,"Los Angeles, USA",iPad,Corporate Network,False,False,0
496,deposit,673.33,3288.1099999999997,Amazon,"Tokyo, Japan",Android,Corporate Network,False,False,0
497,deposit,477.99,5437.16,Apple Store,"Berlin, Germany",Windows Laptop,Public WiFi,False,False,0
498,deposit,124.3,5140.94,Starbucks,"Paris, France",Windows Laptop,Mobile Network,False,False,0
499,deposit,752.83,5574.82,Best Buy,"Paris, France",Windows Laptop,Corporate Network,False,False,0
500,withdrawal,67.29,1410.1299999999999,Walmart,"New York, USA",Windows Laptop,Mobile Network,False,False,0
501,deposit,354.3,4428.28,Starbucks,"Los Angeles, USA",Windows Laptop,Public WiFi,False,False,0
502,deposit,550.63,3403.05,Amazon,"Paris, France",iPhone,Public WiFi,False,False,0
503,withdrawal,425.26,902.9599999999998,Starbucks,"Paris, France",iPhone,Corporate Network,False,False,0
504,deposit,707.04,5743.23,Target,"Berlin, Germany",iPhone,Mobile Network,False,False,0
505,deposit,966.28,4844.719999999999,Amazon,"Los Angeles, USA",iPhone,Home WiFi,False,False,0
506,deposit,411.51,5072.910000000001,Best Buy,"Paris, France",Windows Laptop,Mobile Network,False,False,0
506,password_change,0.0,5072.910000000001,0,"Tokyo, Japan",iPhone,Mobile Network,False,False,0
507,withdrawal,498.17,790.0999999999999,Walmart,"New York, USA",iPhone,Public WiFi,False,False,0
508,deposit,155.88,4019.95,Best Buy,"Berlin, Germany",Linux PC,Corporate Network,False,False,0
509,withdrawal,105.82,3191.0099999999998,Amazon,"Tokyo, Japan",Android,Mobile Network,False,False,0
510,deposit,559.15,4821.78,Best Buy,"Berlin, Germany",MacBook,Corporate Network,False,False,0
511,withdrawal,485.6,4359.699999999999,Target,"Los Angeles, USA",Android,Public WiFi,False,False,0
512,withdrawal,91.95,2275.3100000000004,Amazon,"Tokyo, Japan",Linux PC,Corporate Network,False,False,0
513,withdrawal,250.55,3234.6,Starbucks,"Los Angeles, USA",Android,Home WiFi,True,False,0
514,deposit,526.68,2602.2999999999997,Best Buy,"Tokyo, Japan",iPhone,Mobile Network,False,False,0
515,withdrawal,234.09,1348.1000000000001,Starbucks,"New York, USA",iPhone,Public WiFi,False,False,0
516,deposit,137.52,1297.52,Target,"Tokyo, Japan",Android,Home WiFi,False,False,0
517,deposit,554.48,3109.7400000000002,Amazon,"Paris, France",Android,Public WiFi,False,False,0
518,withdrawal,326.04,3059.7400000000002,Best Buy,"New York, USA",iPhone,Corporate Network,False,False,0
519,deposit,879.68,4634.66,Walmart,"Paris, France",Android,Mobile Network,True,False,0
520,deposit,825.81,2652.68,Best Buy,"Tokyo, Japan",iPad,Corporate Network,False,False,0
521,withdrawal,427.19,3039.47,Walmart,"Paris, France",Android,Mobile Network,False,False,0
522,deposit,380.91,5081.79,Amazon,"Los Angeles, USA",iPhone,Corporate Network,False,False,0
523,deposit,607.9,4323.17,Amazon,"New York, USA",iPhone,Public WiFi,False,False,0
524,withdrawal,333.87,5212.5,Best Buy,"Berlin, Germany",Android,Corporate Network,True,False,0
525,withdrawal,470.51,1447.75,Best Buy,"Berlin, Germany",Windows Laptop,Home WiFi,False,True,0
526,deposit,518.97,4958.89,Best Buy,"Tokyo, Japan",iPhone,Mobile Network,False,False,0
527,withdrawal,94.63,2024.3600000000001,Starbucks,"Los Angeles, USA",Android,Mobile Network,False,False,0
528,withdrawal,337.79,4030.1500000000005,Walmart,"New York, USA",Android,Public WiFi,False,False,0
529,deposit,419.76,4371.95,Target,"Tokyo, Japan",Windows Laptop,Mobile Network,False,False,0
530,deposit,954.54,2225.51,Apple Store,"Los Angeles, USA",Android,Public WiFi,False,False,0
531,withdrawal,234.04,3665.5099999999998,Starbucks,"Berlin, Germany",iPad,Corporate Network,False,True,0
532,deposit,108.8,6296.43,Starbucks,"London, UK",Windows Laptop,Mobile Network,False,False,0
533,withdrawal,318.08,3200.0299999999997,Best Buy,"Paris, France",Android,Home WiFi,False,False,0
534,withdrawal,283.63,4855.34,Walmart,"Paris, France",Windows Laptop,Public WiFi,False,False,0
535,withdrawal,92.73,3596.8,Best Buy,"New York, USA",iPhone,Public WiFi,True,False,0
536,deposit,186.9,4020.85,Walmart,"New York, USA",iPhone,Home WiFi,False,False,0
536,phone_change,0.0,4020.85,0,"Berlin, Germany",Android,Corporate Network,False,False,0
537,withdrawal,73.28,1765.0000000000002,Amazon,"Berlin, Germany",Windows Laptop,Public WiFi,False,False,0
538,deposit,406.62,6547.469999999999,Amazon,"Los Angeles, USA",MacBook,Home WiFi,False,False,0
539,deposit,278.02,4910.4,Apple Store,"Los Angeles, USA",iPhone,Mobile Network,False,False,0
540,deposit,422.06,5644.620000000001,Amazon,"London, UK",Android,Corporate Network,False,False,0
541,deposit,390.74,2252.67,Starbucks,"Tokyo, Japan",MacBook,Corporate Network,False,False,0
542,withdrawal,343.98,2815.35,Amazon,"Paris, France",iPhone,Mobile Network,False,False,0
543,withdrawal,242.28,4325.31,Starbucks,"Los Angeles, USA",iPhone,Home WiFi,False,False,0
544,deposit,261.12,2908.1900000000005,Starbucks,"London, UK",Windows Laptop,Public WiFi,False,False,0
545,withdrawal,276.37,1743.2599999999998,Amazon,"Paris, France",Android,Corporate Network,False,False,0
546,deposit,105.29,3314.51,Walmart,"New York, USA",iPhone,Home WiFi,False,False,0
547,withdrawal,422.06,3990.9199999999996,Walmart,"Tokyo, Japan",iPad,Mobile Network,False,False,0
548,deposit,813.17,4899.23,Walmart,"New York, USA",Windows Laptop,Corporate Network,False,False,0
549,withdrawal,269.41,4075.3500000000004,Amazon,"Los Angeles, USA",Android,Home WiFi,False,True,0
550,withdrawal,265.15,3734.64,Amazon,"New York, USA",iPhone,Home WiFi,False,False,0
551,deposit,895.7,4265.13,Starbucks,"Tokyo, Japan",MacBook,Home WiFi,False,False,0
552,withdrawal,53.37,3658.65,Best Buy,"New York, USA",iPhone,Home WiFi,False,False,0
553,deposit,997.95,4268.15,Starbucks,"New York, USA",iPhone,Mobile Network,False,False,0
554,withdrawal,474.84,2037.89,Amazon,"Paris, France",Android,Home WiFi,False,False,0
555,withdrawal,496.62,5636.780000000001,Walmart,"New York, USA",iPhone,Home WiFi,False,False,0
556,withdrawal,329.53,5354.84,Target,"New York, USA",iPhone,Mobile Network,False,False,0
556,email_change,0.0,5354.84,0,"Los Angeles, USA",iPhone,Home WiFi,False,False,0
557,deposit,710.58,3650.21,Apple Store,"New York, USA",iPhone,Public WiFi,False,False,0
558,withdrawal,218.24,3349.12,Amazon,"New York, USA",MacBook,Mobile Network,False,False,0
559,deposit,473.36,5791.409999999999,Best Buy,"Los Angeles, USA",iPhone,Corporate Network,False,False,0
560,withdrawal,358.73,4291.41,Walmart,"New York, USA",iPhone,Corporate Network,False,True,0
561,deposit,458.97,3395.91,Amazon,"New York, USA",iPad,Home WiFi,False,False,0
562,withdrawal,225.66,5012.120000000001,Starbucks,"Los Angeles, USA",Android,Corporate Network,False,False,0
563,withdrawal,457.86,3664.8399999999997,Amazon,"New York, USA",Linux PC,Public WiFi,False,False,0
564,deposit,542.62,3662.27,Walmart,"Tokyo, Japan",MacBook,Home WiFi,False,False,0
565,withdrawal,149.82,3588.33,Walmart,"Paris, France",iPad,Public WiFi,False,False,0
566,withdrawal,231.61,3448.34,Target,"Paris, France",iPhone,Corporate Network,False,False,0
567,withdrawal,125.98,2406.5899999999997,Target,"New York, USA",Windows Laptop,Home WiFi,False,False,0
568,deposit,320.91,1342.45,Amazon,"Los Angeles, USA",Android,Home WiFi,False,False,0
569,deposit,407.38,1390.77,Amazon,"New York, USA",iPhone,Mobile Network,False,False,0
570,deposit,399.47,2962.5,Target,"Tokyo, Japan",Android,Mobile Network,False,False,0
571,deposit,732.69,2133.6,Target,"Los Angeles, USA",iPhone,Public WiFi,False,False,0
572,deposit,360.51,5888.36,Amazon,"New York, USA",iPhone,Home WiFi,False,False,0
573,withdrawal,248.27,1231.17,Apple Store,"Tokyo, Japan",Windows Laptop,Corporate Network,False,False,0
574,withdrawal,448.65,813.1299999999998,Walmart,"Berlin, Germany",iPhone,Mobile Network,False,False,0
575,withdrawal,237.57,2745.35,Amazon,"Paris, France",Android,Home WiFi,False,False,0
576,deposit,924.32,6526.31,Amazon,"Paris, France",iPhone,Corporate Network,False,False,0
576,email_change,0.0,6526.31,0,"Tokyo, Japan",iPhone,Corporate Network,True,False,0
577,deposit,434.31,2009.96,Walmart,"London, UK",MacBook,Public WiFi,False,False,0
577,email_change,0.0,2009.96,0,"Berlin, Germany",Android,Corporate Network,False,False,0
578,deposit,744.06,4310.25,Walmart,"Los Angeles, USA",MacBook,Public WiFi,False,False,0
579,deposit,556.12,4071.4199999999996,Starbucks,"Tokyo, Japan",iPhone,Corporate Network,False,False,0
580,withdrawal,355.71,4547.29,Apple Store,"London, UK",Windows Laptop,Home WiFi,False,False,0
581,withdrawal,104.14,3699.4600000000005,Target,"New York, USA",iPhone,Corporate Network,False,True,0
582,withdrawal,264.73,1493.7799999999997,Walmart,"London, UK",iPhone,Corporate Network,True,False,0
583,deposit,336.67,4255.11,Best Buy,"London, UK",Android,Corporate Network,False,False,0
584,withdrawal,72.69,3077.06,Apple Store,"Los Angeles, USA",Windows Laptop,Home WiFi,False,False,0
585,withdrawal,426.27,2300.1800000000003,Amazon,"Los Angeles, USA",MacBook,Mobile Network,False,False,0
585,email_change,0.0,2300.1800000000003,0,"Tokyo, Japan",Android,Corporate Network,False,False,0
586,deposit,702.78,2265.87,Target,"Berlin, Germany",Android,Public WiFi,False,False,0
587,deposit,379.14,3541.9999999999995,Target,"New York, USA",iPad,Public WiFi,False,False,0
588,deposit,364.75,2739.7,Amazon,"Paris, France",Android,Home WiFi,True,False,0
589,deposit,551.46,5516.320000000001,Apple Store,"New York, USA",iPhone,Corporate Network,False,False,0
590,withdrawal,410.18,3581.9,Amazon,"Berlin, Germany",iPhone,Corporate Network,False,False,0
590,password_change,0.0,3581.9,0,"Los Angeles, USA",Android,Corporate Network,False,False,0
591,withdrawal,401.93,2516.3000000000006,Starbucks,"Los Angeles, USA",MacBook,Home WiFi,False,False,0
592,deposit,349.32,5571.53,Starbucks,"Paris, France",Linux PC,Corporate Network,False,False,0
592,password_change,0.0,5571.53,0,"New York, USA",iPhone,Home WiFi,False,False,0
593,deposit,280.79,3750.67,Amazon,"London, UK",MacBook,Public WiFi,False,False,0
594,deposit,566.37,4947.24,Walmart,"New York, USA",iPhone,Home WiFi,False,False,0
594,phone_change,0.0,4947.24,0,"New York, USA",MacBook,Corporate Network,False,False,0
595,withdrawal,101.26,3103.9799999999996,Target,"Los Angeles, USA",Android,Mobile Network,False,False,0
595,email_change,0.0,3103.9799999999996,0,"New York, USA",iPhone,Home WiFi,False,False,0
596,deposit,245.85,2593.2599999999998,Target,"Tokyo, Japan",Windows Laptop,Home WiFi,False,False,0
597,deposit,739.67,6505.4800000000005,Apple Store,"Los Angeles, USA",MacBook,Mobile Network,False,False,0
598,deposit,723.76,5039.37,Starbucks,"New York, USA",iPhone,Home WiFi,False,False,0
598,phone_change,0.0,5039.37,0,"New York, USA",Android,Corporate Network,False,False,0
599,deposit,307.99,4089.08,Starbucks,"New York, USA",Windows Laptop,Mobile Network,False,False,0
600,deposit,293.52,4506.48,Walmart,"Paris, France",Android,Public WiFi,False,False,0
601,deposit,823.97,5198.85,Apple Store,"Tokyo, Japan",Linux PC,Corporate Network,False,False,0
602,withdrawal,382.5,659.5,Amazon,"New York, USA",Android,Home WiFi,False,False,0
603,deposit,760.63,2591.41,Apple Store,"Los Angeles, USA",Android,Corporate Network,False,False,0
604,withdrawal,266.2,2139.11,Starbucks,"London, UK",MacBook,Corporate Network,False,False,0
604,password_change,0.0,2139.11,0,"New York, USA",Android,Mobile Network,False,False,0
605,deposit,155.4,2273.9700000000003,Amazon,"London, UK",MacBook,Corporate Network,False,False,0
606,withdrawal,397.25,4411.7,Walmart,"Berlin, Germany",Windows Laptop,Corporate Network,False,False,0
607,withdrawal,386.02,5559.16,Walmart,"Los Angeles, USA",iPhone,Corporate Network,False,False,0
608,deposit,548.74,3298.63,Target,"London, UK",Windows Laptop,Mobile Network,False,False,0
609,withdrawal,125.85,1286.0100000000002,Best Buy,"Berlin, Germany",MacBook,Public WiFi,False,False,0
610,withdrawal,495.91,3588.8800000000006,Walmart,"Los Angeles, USA",Windows Laptop,Public WiFi,False,False,0
610,password_change,0.0,3588.8800000000006,0,"New York, USA",Android,Home WiFi,False,False,0
611,deposit,974.86,4454.719999999999,Walmart,"Los Angeles, USA",Android,Corporate Network,False,False,0
612,withdrawal,389.86,5894.38,Starbucks,"New York, USA",iPhone,Public WiFi,False,False,0
612,phone_change,0.0,5894.38,0,"Los Angeles, USA",MacBook,Mobile Network,False,False,0
613,deposit,279.9,2765.86,Starbucks,"London, UK",iPhone,Corporate Network,False,False,0
614,deposit,778.39,6283.68,Amazon,"Los Angeles, USA",iPhone,Public WiFi,False,False,0
615,withdrawal,388.53,2163.92,Target,"New York, USA",Android,Mobile Network,False,False,0
616,withdrawal,94.49,2058.01,Apple Store,"New York, USA",Windows Laptop,Public WiFi,False,False,0
617,deposit,678.28,2283.7799999999997,Walmart,"London, UK",Windows Laptop,Public WiFi,False,True,0
617,email_change,0.0,2283.7799999999997,0,"Tokyo, Japan",Windows Laptop,Corporate Network,False,False,0
618,deposit,917.02,4738.6,Walmart,"London, UK",Windows Laptop,Corporate Network,False,False,0
619,withdrawal,361.92,969.8599999999999,Walmart,"Tokyo, Japan",Android,Home WiFi,False,False,0
619,email_change,0.0,969.8599999999999,0,"Tokyo, Japan",iPhone,Mobile Network,False,False,0
620,withdrawal,99.14,5853.949999999999,Best Buy,"New York, USA",MacBook,Corporate Network,False,False,0
621,withdrawal,441.14,1691.96,Best Buy,"Berlin, Germany",Linux PC,Home WiFi,False,False,0
622,withdrawal,462.83,1523.3100000000002,Amazon,"New York, USA",iPhone,Corporate Network,False,False,0
623,deposit,676.51,3229.6000000000004,Walmart,"New York, USA",Android,Home WiFi,False,False,0
624,withdrawal,189.16,2948.76,Amazon,"Paris, France",Android,Public WiFi,False,False,0
625,withdrawal,394.14,2556.8700000000003,Walmart,"New York, USA",iPhone,Corporate Network,False,False,0
626,withdrawal,78.06,1855.9600000000003,Starbucks,"Berlin, Germany",iPhone,Corporate Network,False,False,0
627,withdrawal,216.04,5520.409999999999,Starbucks,"Los Angeles, USA",Android,Home WiFi,False,False,0
628,withdrawal,324.46,4781.65,Best Buy,"Los Angeles, USA",iPhone,Mobile Network,False,False,0
629,withdrawal,460.25,3626.8799999999997,Starbucks,"New York, USA",Android,Mobile Network,True,False,0
630,withdrawal,184.09,2791.45,Starbucks,"Berlin, Germany",Windows Laptop,Home WiFi,False,False,0
631,withdrawal,249.41,3830.8500000000004,Apple Store,"New York, USA",Windows Laptop,Public WiFi,False,False,0
631,phone_change,0.0,3830.8500000000004,0,"London, UK",Windows Laptop,Public WiFi,False,False,0
632,withdrawal,62.92,4311.129999999999,Amazon,"New York, USA",iPad,Corporate Network,False,False,0
632,password_change,0.0,4311.129999999999,0,"New York, USA",Linux PC,Public WiFi,False,False,0
633,withdrawal,376.58,860.8,Amazon,"Los Angeles, USA",Windows Laptop,Mobile Network,True,False,0
634,deposit,771.75,3655.24,Best Buy,"London, UK",iPad,Home WiFi,False,False,0
635,withdrawal,202.31,3291.11,Walmart,"Berlin, Germany",Android,Corporate Network,False,False,0
636,deposit,603.9,3742.7500000000005,Starbucks,"Los Angeles, USA",Linux PC,Mobile Network,True,False,0
637,deposit,796.99,4442.82,Walmart,"Los Angeles, USA",iPhone,Corporate Network,False,False,0
638,deposit,712.49,3875.59,Walmart,"Los Angeles, USA",iPad,Home WiFi,False,False,0
639,deposit,311.99,2391.79,Target,"Tokyo, Japan",MacBook,Public WiFi,False,False,0
640,withdrawal,172.59,2128.4399999999996,Walmart,"Los Angeles, USA",iPhone,Corporate Network,False,False,0
641,withdrawal,373.13,3044.27,Starbucks,"New York, USA",Windows Laptop,Home WiFi,False,False,0
642,withdrawal,250.35,3088.73,Amazon,"New York, USA",Android,Mobile Network,False,False,0
642,email_change,0.0,3088.73,0,"New York, USA",iPhone,Public WiFi,False,False,0
643,withdrawal,180.16,5553.06,Apple Store,"Berlin, Germany",iPhone,Corporate Network,False,False,0
643,password_change,0.0,5553.06,0,"Berlin, Germany",Linux PC,Mobile Network,False,False,0
644,withdrawal,295.31,4341.99,Target,"Berlin, Germany",Windows Laptop,Home WiFi,False,False,0
644,email_change,0.0,4341.99,0,"New York, USA",Windows Laptop,Home WiFi,False,False,0
645,deposit,756.55,2381.34,Target,"Los Angeles, USA",Android,Corporate Network,False,False,0
645,email_change,0.0,2381.34,0,"London, UK",Android,Corporate Network,False,False,0
646,deposit,606.46,3914.5299999999997,Apple Store,"London, UK",iPhone,Mobile Network,False,False,0
647,withdrawal,294.97,2054.6400000000003,Target,"Tokyo, Japan",iPad,Home WiFi,False,False,0
648,withdrawal,142.04,5011.99,Starbucks,"New York, USA",Windows Laptop,Home WiFi,False,False,0
649,withdrawal,69.77,2363.8799999999997,Target,"Los Angeles, USA",Android,Home WiFi,False,False,0
650,withdrawal,132.18,4368.54,Starbucks,"New York, USA",iPhone,Corporate Network,False,False,0
651,withdrawal,394.09,4899.539999999999,Walmart,"Tokyo, Japan",Android,Home WiFi,False,False,0
652,deposit,652.83,2832.8799999999997,Best Buy,"New York, USA",MacBook,Corporate Network,False,False,0
653,withdrawal,471.33,5187.719999999999,Target,"New York, USA",Android,Mobile Network,False,False,0
654,deposit,136.21,2412.0200000000004,Starbucks,"Los Angeles, USA",Windows Laptop,Mobile Network,False,False,0
655,deposit,726.5,6025.9,Walmart,"Los Angeles, USA",Android,Mobile Network,False,False,0
655,phone_change,0.0,6025.9,0,"New York, USA",iPhone,Mobile Network,False,False,0
656,deposit,457.32,5643.91,Apple Store,"Berlin, Germany",MacBook,Public WiFi,False,False,0
657,deposit,235.68,5781.7,Best Buy,"Los Angeles, USA",Android,Home WiFi,False,False,0
658,withdrawal,193.7,1765.12,Best Buy,"London, UK",Android,Corporate Network,False,False,0
659,deposit,965.92,5554.05,Best Buy,"New York, USA",Android,Public WiFi,False,False,0
660,withdrawal,212.45,2605.46,Walmart,"New York, USA",Android,Corporate Network,False,True,0
661,deposit,500.8,4174.719999999999,Amazon,"Berlin, Germany",iPad,Home WiFi,False,False,0
662,deposit,522.78,2172.14,Walmart,"Paris, France",iPad,Home WiFi,False,False,0
663,withdrawal,268.04,3759.47,Amazon,"Tokyo, Japan",Windows Laptop,Mobile Network,False,False,0
664,deposit,300.68,3471.95,Target,"New York, USA",iPhone,Public WiFi,False,False,0
664,password_change,0.0,3471.95,0,"Paris, France",Android,Corporate Network,False,False,0
665,deposit,240.79,5693.97,Best Buy,"Paris, France",Windows Laptop,Public WiFi,False,False,0
666,withdrawal,395.06,6350.82,Best Buy,"New York, USA",Windows Laptop,Mobile Network,False,False,0
667,deposit,778.18,4365.47,Target,"New York, USA",iPhone,Mobile Network,False,False,0
667,phone_change,0.0,4365.47,0,"London, UK",Android,Corporate Network,False,False,0
668,deposit,211.67,4990.55,Target,"Berlin, Germany",iPhone,Mobile Network,False,False,0
669,deposit,420.16,3454.24,Target,"New York, USA",MacBook,Corporate Network,False,False,0
670,withdrawal,381.89,4113.579999999999,Amazon,"London, UK",MacBook,Corporate Network,True,False,0
671,deposit,158.81,2027.95,Target,"Tokyo, Japan",Android,Home WiFi,False,False,0
672,withdrawal,100.97,2094.11,Apple Store,"New York, USA",iPad,Corporate Network,False,False,0
673,deposit,207.89,4873.63,Starbucks,"London, UK",iPhone,Corporate Network,False,False,0
673,password_change,0.0,4873.63,0,"Berlin, Germany",MacBook,Corporate Network,False,False,0
674,deposit,517.93,3556.8099999999995,Amazon,"New York, USA",MacBook,Home WiFi,False,False,0
674,email_change,0.0,3556.8099999999995,0,"London, UK",MacBook,Home WiFi,False,False,0
675,withdrawal,111.52,3493.4,Starbucks,"Tokyo, Japan",MacBook,Public WiFi,False,False,0
676,deposit,116.53,4431.499999999999,Walmart,"London, UK",Windows Laptop,Public WiFi,False,False,0
677,deposit,124.14,1980.0000000000002,Starbucks,"New York, USA",Android,Corporate Network,False,False,0
678,deposit,449.99,2821.7699999999995,Amazon,"Tokyo, Japan",MacBook,Corporate Network,False,False,0
679,deposit,565.84,3755.7600000000007,Target,"Berlin, Germany",Android,Public WiFi,False,False,0
679,phone_change,0.0,3755.7600000000007,0,"Berlin, Germany",Linux PC,Corporate Network,False,False,0
680,deposit,561.77,3663.69,Amazon,"London, UK",Windows Laptop,Corporate Network,False,False,0
681,deposit,243.25,1280.5100000000002,Walmart,"New York, USA",Android,Public WiFi,False,False,0
682,withdrawal,470.03,1532.0800000000002,Amazon,"Tokyo, Japan",Linux PC,Public WiFi,False,False,0
683,deposit,377.73,5813.32,Target,"Los Angeles, USA",iPhone,Mobile Network,True,False,0
683,email_change,0.0,5813.32,0,"Tokyo, Japan",iPhone,Public WiFi,False,False,0
684,deposit,868.51,3801.5,Walmart,"Tokyo, Japan",iPhone,Home WiFi,False,False,0
685,withdrawal,151.82,4877.870000000001,Starbucks,"New York, USA",Android,Home WiFi,False,False,0
685,email_change,0.0,4877.870000000001,0,"Berlin, Germany",Windows Laptop,Corporate Network,False,False,0
686,deposit,606.33,6783.54,Amazon,"New York, USA",Windows Laptop,Public WiFi,False,False,0
687,deposit,729.69,5036.549999999999,Target,"Paris, France",Windows Laptop,Home WiFi,False,False,0
687,email_change,0.0,5036.549999999999,0,"Paris, France",Android,Mobile Network,False,False,0
688,withdrawal,372.7,871.01,Apple Store,"Los Angeles, USA",iPhone,Public WiFi,False,False,0
688,email_change,0.0,871.01,0,"London, UK",Android,Corporate Network,False,False,0
689,deposit,276.13,2967.87,Best Buy,"New York, USA",iPad,Mobile Network,False,False,0
690,deposit,645.04,2787.32,Best Buy,"New York, USA",Windows Laptop,Home WiFi,False,False,0
690,phone_change,0.0,2787.32,0,"New York, USA",iPhone,Home WiFi,True,False,0
691,deposit,717.08,3682.3300000000004,Amazon,"New York, USA",Android,Public WiFi,False,False,0
692,withdrawal,365.81,3385.94,Target,"Paris, France",Linux PC,Corporate Network,False,False,0
693,withdrawal,490.21,3634.76,Apple Store,"New York, USA",MacBook,Corporate Network,False,False,0
694,deposit,727.4,4848.85,Walmart,"New York, USA",Windows Laptop,Public WiFi,False,False,0
695,deposit,326.31,2563.2999999999997,Target,"Paris, France",iPhone,Corporate Network,False,False,0
696,deposit,256.44,2667.25,Amazon,"Tokyo, Japan",Android,Public WiFi,False,False,0
697,deposit,248.83,989.17,Amazon,"New York, USA",Android,Corporate Network,False,False,0
698,withdrawal,86.98,4159.06,Target,"Berlin, Germany",iPhone,Corporate Network,False,False,0
699,withdrawal,280.1,2370.27,Amazon,"New York, USA",Android,Home WiFi,False,False,0
700,withdrawal,250.49,2531.3999999999996,Best Buy,"New York, USA",iPhone,Home WiFi,False,False,0
700,password_change,0.0,2531.3999999999996,0,"New York, USA",Linux PC,Corporate Network,False,False,0
701,withdrawal,381.15,1299.88,Amazon,"Los Angeles, USA",Android,Corporate Network,False,False,0
701,email_change,0.0,1299.88,0,"Los Angeles, USA",Windows Laptop,Mobile Network,False,True,0
702,deposit,936.58,4328.12,Best Buy,"Paris, France",Windows Laptop,Mobile Network,False,False,0
703,deposit,516.0,4451.86,Amazon,"London, UK",iPhone,Mobile Network,False,False,0
703,password_change,0.0,4451.86,0,"Paris, France",Linux PC,Home WiFi,False,False,0
704,deposit,786.23,3133.4,Apple Store,"New York, USA",Android,Mobile Network,False,False,0
705,deposit,582.35,5005.35,Walmart,"Tokyo, Japan",Android,Corporate Network,False,False,0
706,deposit,109.54,4990.56,Target,"New York, USA",iPad,Mobile Network,False,False,0
707,withdrawal,412.33,2819.3399999999997,Best Buy,"New York, USA",iPhone,Corporate Network,False,False,0
708,withdrawal,372.64,5258.3,Target,"New York, USA",Windows Laptop,Public WiFi,False,False,0
709,withdrawal,56.04,2456.46,Walmart,"New York, USA",iPhone,Corporate Network,False,False,0
710,deposit,282.57,2006.27,Amazon,"Tokyo, Japan",Windows Laptop,Public WiFi,False,False,0
710,phone_change,0.0,2006.27,0,"Tokyo, Japan",iPhone,Home WiFi,False,False,0
711,deposit,897.4,4925.7,Amazon,"London, UK",Linux PC,Mobile Network,False,True,0
712,deposit,558.52,6487.01,Best Buy,"New York, USA",iPad,Home WiFi,False,False,0
713,deposit,142.04,5457.46,Amazon,"Los Angeles, USA",iPhone,Home WiFi,False,False,0
714,deposit,303.78,2721.62,Target,"Tokyo, Japan",iPhone,Home WiFi,False,False,0
715,deposit,451.63,6365.0,Best Buy,"Tokyo, Japan",Windows Laptop,Mobile Network,False,True,0
715,email_change,0.0,6365.0,0,"Tokyo, Japan",iPhone,Public WiFi,False,True,0
716,deposit,432.55,2236.36,Best Buy,"London, UK",iPhone,Corporate Network,False,False,0
717,deposit,335.97,3040.0600000000004,Starbucks,"Tokyo, Japan",iPhone,Public WiFi,False,False,0
718,withdrawal,483.63,4440.45,Amazon,"Tokyo, Japan",Windows Laptop,Public WiFi,False,False,0
718,phone_change,0.0,4440.45,0,"New York, USA",Android,Mobile Network,True,False,0
719,deposit,912.82,5076.58,Starbucks,"New York, USA",Android,Mobile Network,False,False,0
720,deposit,305.15,2097.8500000000004,Walmart,"London, UK",MacBook,Home WiFi,False,False,0
721,withdrawal,237.62,3473.51,Walmart,"New York, USA",MacBook,Corporate Network,False,False,0
722,deposit,483.11,4249.99,Walmart,"New York, USA",Linux PC,Corporate Network,False,False,0
723,deposit,535.6,3276.57,Amazon,"Paris, France",iPad,Mobile Network,False,False,0
724,deposit,966.84,6287.51,Amazon,"Los Angeles, USA",iPhone,Corporate Network,False,False,0
725,withdrawal,98.39,2809.53,Amazon,"Paris, France",iPhone,Corporate Network,False,False,0
725,phone_change,0.0,2809.53,0,"London, UK",Android,Corporate Network,False,False,0
726,deposit,728.66,6689.38,Best Buy,"Paris, France",Android,Home WiFi,False,False,0
727,withdrawal,442.48,1794.1599999999994,Amazon,"New York, USA",Android,Public WiFi,False,False,0
727,phone_change,0.0,1794.1599999999994,0,"Los Angeles, USA",Windows Laptop,Mobile Network,False,True,0
728,withdrawal,448.85,5050.9,Amazon,"New York, USA",Windows Laptop,Home WiFi,False,True,0
729,withdrawal,155.52,3111.83,Walmart,"London, UK",Windows Laptop,Home WiFi,False,False,0
730,deposit,992.18,2232.27,Walmart,"London, UK",iPhone,Mobile Network,False,False,0
730,email_change,0.0,2232.27,0,"Berlin, Germany",Windows Laptop,Public WiFi,False,False,0
731,withdrawal,407.44,2257.55,Amazon,"Paris, France",Android,Corporate Network,False,False,0
732,withdrawal,72.64,3756.53,Best Buy,"Los Angeles, USA",iPhone,Public WiFi,False,False,0
732,password_change,0.0,3756.53,0,"Tokyo, Japan",Android,Public WiFi,False,False,0
733,deposit,796.26,2985.84,Amazon,"New York, USA",iPad,Corporate Network,False,False,0
734,deposit,918.31,5235.27,Walmart,"Berlin, Germany",Linux PC,Corporate Network,False,False,0
734,phone_change,0.0,5235.27,0,"Los Angeles, USA",iPhone,Mobile Network,False,False,0
735,withdrawal,433.3,4035.16,Apple Store,"Paris, France",iPhone,Public WiFi,False,False,0
736,withdrawal,431.51,2062.96,Best Buy,"Los Angeles, USA",iPhone,Mobile Network,False,False,0
737,deposit,190.04,1823.0099999999998,Walmart,"New York, USA",iPhone,Corporate Network,False,False,0
738,withdrawal,471.91,4689.75,Apple Store,"New York, USA",MacBook,Mobile Network,False,False,0
739,deposit,639.74,3627.8099999999995,Walmart,"Tokyo, Japan",MacBook,Corporate Network,False,False,0
740,deposit,574.87,4863.66,Starbucks,"Los Angeles, USA",iPhone,Public WiFi,False,False,0
741,deposit,843.62,5572.329999999999,Walmart,"New York, USA",iPhone,Mobile Network,False,False,0
742,deposit,501.5,4134.27,Amazon,"London, UK",iPhone,Public WiFi,False,False,0
743,deposit,481.25,4530.66,Apple Store,"New York, USA",iPhone,Home WiFi,False,False,0
744,deposit,432.16,5606.11,Walmart,"Tokyo, Japan",Android,Mobile Network,False,False,0
745,withdrawal,325.62,4804.660000000001,Amazon,"New York, USA",Android,Home WiFi,False,False,0
746,deposit,112.46,4009.92,Best Buy,"Paris, France",iPhone,Mobile Network,False,False,0
747,deposit,741.53,4724.97,Target,"Berlin, Germany",iPhone,Public WiFi,False,False,0
748,deposit,330.65,5202.179999999999,Target,"New York, USA",iPhone,Corporate Network,False,False,0
748,email_change,0.0,5202.179999999999,0,"New York, USA",Linux PC,Public WiFi,False,False,0
749,deposit,603.36,4275.76,Amazon,"Los Angeles, USA",Android,Public WiFi,False,False,0
749,email_change,0.0,4275.76,0,"New York, USA",iPad,Public WiFi,False,False,0
750,withdrawal,318.56,4526.8,Amazon,"New York, USA",iPhone,Corporate Network,False,False,0
751,withdrawal,251.43,3561.16,Amazon,"New York, USA",iPhone,Mobile Network,False,False,0
752,deposit,439.73,1530.1999999999998,Amazon,"New York, USA",iPhone,Home WiFi,False,True,0
752,email_change,0.0,1530.1999999999998,0,"New York, USA",Windows Laptop,Corporate Network,False,False,0
753,deposit,373.34,6157.830000000001,Walmart,"Los Angeles, USA",Android,Public WiFi,False,False,0
753,phone_change,0.0,6157.830000000001,0,"London, UK",Windows Laptop,Mobile Network,False,False,0
754,deposit,947.61,1360.4,Apple Store,"Los Angeles, USA",Android,Home WiFi,False,False,0
755,withdrawal,437.83,4681.4400000000005,Apple Store,"London, UK",Linux PC,Mobile Network,False,False,0
756,deposit,919.72,6442.2,Target,"Berlin, Germany",Android,Home WiFi,False,False,0
756,phone_change,0.0,6442.2,0,"Berlin, Germany",Android,Corporate Network,False,False,0
757,withdrawal,361.68,2194.8600000000006,Starbucks,"Berlin, Germany",Linux PC,Public WiFi,False,False,0
758,deposit,115.0,4874.919999999999,Amazon,"New York, USA",iPhone,Public WiFi,False,False,0
758,email_change,0.0,4874.919999999999,0,"Los Angeles, USA",Windows Laptop,Corporate Network,False,False,0
759,deposit,621.28,5037.259999999999,Best Buy,"New York, USA",iPhone,Public WiFi,False,False,0
759,password_change,0.0,5037.259999999999,0,"New York, USA",iPad,Mobile Network,False,False,0
760,deposit,858.04,5950.04,Target,"New York, USA",iPhone,Home WiFi,False,False,0
761,deposit,609.49,4264.89,Starbucks,"Los Angeles, USA",MacBook,Home WiFi,False,False,0
762,withdrawal,228.52,4623.69,Target,"Paris, France",MacBook,Mobile Network,False,False,0
763,deposit,348.19,1039.25,Starbucks,"New York, USA",Android,Home WiFi,False,False,0
763,phone_change,0.0,1039.25,0,"New York, USA",Windows Laptop,Public WiFi,False,False,0
764,deposit,544.77,4609.1,Amazon,"Los Angeles, USA",Android,Public WiFi,False,False,0
765,withdrawal,58.56,4255.49,Amazon,"Berlin, Germany",Android,Home WiFi,False,False,0
766,withdrawal,367.52,2199.49,Amazon,"New York, USA",MacBook,Home WiFi,False,False,0
767,deposit,697.33,2894.8900000000003,Walmart,"London, UK",Windows Laptop,Mobile Network,False,False,0
768,deposit,899.44,5671.65,Amazon,"London, UK",Windows Laptop,Public WiFi,False,False,0
769,deposit,262.42,4715.280000000001,Target,"Paris, France",Windows Laptop,Home WiFi,False,False,0
770,withdrawal,79.68,1633.9399999999998,Walmart,"Los Angeles, USA",iPhone,Public WiFi,False,False,0
771,withdrawal,65.05,2682.6099999999997,Starbucks,"New York, USA",Android,Home WiFi,False,False,0
772,withdrawal,85.04,2470.64,Best Buy,"New York, USA",iPhone,Home WiFi,False,False,0
773,deposit,460.52,5272.0,Starbucks,"Paris, France",iPhone,Public WiFi,False,False,0
774,deposit,970.01,5212.21,Amazon,"Los Angeles, USA",iPhone,Home WiFi,True,False,0
774,email_change,0.0,5212.21,0,"Los Angeles, USA",iPhone,Corporate Network,False,False,0
775,deposit,466.35,5885.620000000001,Starbucks,"Tokyo, Japan",Windows Laptop,Home WiFi,False,False,0
776,withdrawal,406.61,5633.780000000001,Target,"London, UK",iPhone,Home WiFi,False,False,0
776,password_change,0.0,5633.780000000001,0,"London, UK",iPhone,Home WiFi,False,False,0
777,withdrawal,217.34,6375.54,Apple Store,"New York, USA",Android,Public WiFi,False,False,0
778,deposit,697.75,3098.7100000000005,Walmart,"Berlin, Germany",Linux PC,Home WiFi,False,False,0
779,withdrawal,450.42,2758.85,Target,"Los Angeles, USA",iPad,Public WiFi,False,False,0
780,deposit,627.44,4820.66,Amazon,"Los Angeles, USA",iPhone,Home WiFi,False,False,0
781,deposit,756.69,3658.48,Walmart,"New York, USA",Windows Laptop,Public WiFi,False,False,0
782,deposit,746.88,4540.94,Walmart,"Tokyo, Japan",Linux PC,Corporate Network,False,False,0
783,deposit,302.36,5172.239999999999,Amazon,"New York, USA",Android,Mobile Network,False,False,0
784,deposit,660.0,4568.029999999999,Target,"New York, USA",Windows Laptop,Corporate Network,False,False,0
784,phone_change,0.0,4568.029999999999,0,"Berlin, Germany",iPhone,Corporate Network,False,False,0
785,withdrawal,430.38,4059.8,Starbucks,"New York, USA",Android,Mobile Network,False,False,0
786,deposit,771.68,5960.08,Walmart,"New York, USA",Windows Laptop,Home WiFi,False,False,0
787,withdrawal,289.06,3843.8799999999997,Amazon,"Tokyo, Japan",iPhone,Public WiFi,False,False,0
788,deposit,896.33,3783.93,Starbucks,"New York, USA",MacBook,Mobile Network,False,False,0
788,email_change,0.0,3783.93,0,"Los Angeles, USA",iPhone,Public WiFi,False,False,0
789,deposit,182.08,2999.7,Amazon,"Paris, France",iPhone,Public WiFi,True,False,0
790,withdrawal,449.73,5535.780000000001,Target,"New York, USA",Windows Laptop,Home WiFi,False,False,0
791,deposit,474.9,2639.4900000000002,Apple Store,"New York, USA",Android,Mobile Network,False,False,0
792,deposit,547.15,4751.7,Best Buy,"Los Angeles, USA",iPhone,Home WiFi,False,False,0
793,withdrawal,198.75,1679.66,Walmart,"New York, USA",iPhone,Public WiFi,False,False,0
794,withdrawal,452.13,3547.0499999999997,Apple Store,"New York, USA",Android,Public WiFi,False,False,0
795,deposit,124.9,1664.13,Amazon,"New York, USA",Android,Mobile Network,False,False,0
795,phone_change,0.0,1664.13,0,"New York, USA",Windows Laptop,Home WiFi,False,False,0
796,withdrawal,182.28,2027.3500000000001,Starbucks,"New York, USA",Windows Laptop,Home WiFi,False,False,0
796,phone_change,0.0,2027.3500000000001,0,"Paris, France",iPhone,Home WiFi,False,False,0
797,deposit,671.75,6809.6900000000005,Target,"Berlin, Germany",Android,Corporate Network,False,False,0
798,withdrawal,477.11,3362.21,Apple Store,"London, UK",iPhone,Mobile Network,True,False,0
799,deposit,149.49,4806.53,Target,"New York, USA",Windows Laptop,Home WiFi,False,False,0
800,deposit,838.96,2943.04,Amazon,"New York, USA",Android,Home WiFi,False,True,0
801,deposit,913.98,4085.59,Best Buy,"Paris, France",Windows Laptop,Home WiFi,False,False,0
802,withdrawal,278.79,2941.36,Walmart,"London, UK",iPhone,Corporate Network,False,False,0
803,deposit,529.33,2953.0699999999997,Amazon,"New York, USA",iPhone,Public WiFi,False,False,0
803,email_change,0.0,2953.0699999999997,0,"Los Angeles, USA",Android,Mobile Network,False,False,0
804,deposit,161.62,4300.54,Target,"Tokyo, Japan",iPhone,Corporate Network,False,False,0
805,deposit,281.75,2885.6800000000003,Starbucks,"New York, USA",MacBook,Corporate Network,False,False,0
806,deposit,837.31,7158.610000000001,Walmart,"Paris, France",Android,Public WiFi,True,False,0
807,withdrawal,443.16,1759.6199999999997,Target,"London, UK",Android,Corporate Network,False,False,0
808,withdrawal,471.83,2898.98,Amazon,"Los Angeles, USA",iPhone,Public WiFi,False,False,0
808,email_change,0.0,2898.98,0,"Berlin, Germany",Windows Laptop,Public WiFi,False,False,0
809,withdrawal,236.34,1438.7900000000002,Target,"Tokyo, Japan",Android,Corporate Network,False,False,0
810,deposit,231.21,5863.42,Apple Store,"Los Angeles, USA",Windows Laptop,Home WiFi,False,False,0
810,email_change,0.0,5863.42,0,"New York, USA",iPad,Mobile Network,True,False,0
811,deposit,633.1,6544.470000000001,Best Buy,"London, UK",Android,Home WiFi,False,False,0
812,withdrawal,471.76,3499.8900000000003,Best Buy,"Tokyo, Japan",Windows Laptop,Public WiFi,False,False,0
813,deposit,581.42,7158.9,Target,"Los Angeles, USA",Android,Home WiFi,False,False,0
813,phone_change,0.0,7158.9,0,"Tokyo, Japan",Windows Laptop,Corporate Network,False,False,0
814,withdrawal,93.51,1660.7400000000002,Amazon,"Tokyo, Japan",MacBook,Mobile Network,False,False,0
815,deposit,992.93,3371.2799999999997,Walmart,"London, UK",iPhone,Home WiFi,False,False,0
816,deposit,244.14,1591.0699999999997,Walmart,"New York, USA",Android,Public WiFi,False,False,0
817,deposit,402.05,5248.85,Walmart,"Los Angeles, USA",iPhone,Public WiFi,False,False,0
818,deposit,661.56,3434.86,Amazon,"New York, USA",Windows Laptop,Corporate Network,False,False,0
818,phone_change,0.0,3434.86,0,"Berlin, Germany",iPhone,Mobile Network,False,False,0
819,withdrawal,341.21,1753.0,Best Buy,"New York, USA",MacBook,Home WiFi,False,False,0
820,deposit,618.99,2296.0600000000004,Amazon,"Berlin, Germany",MacBook,Home WiFi,False,False,0
820,password_change,0.0,2296.0600000000004,0,"New York, USA",Android,Home WiFi,False,False,0
821,deposit,751.3,5182.67,Walmart,"New York, USA",Windows Laptop,Corporate Network,False,False,0
822,deposit,738.97,5100.31,Apple Store,"New York, USA",Linux PC,Public WiFi,False,False,0
823,deposit,836.52,2074.62,Walmart,"Tokyo, Japan",Android,Home WiFi,False,False,0
824,withdrawal,427.59,2845.4,Amazon,"New York, USA",MacBook,Mobile Network,False,False,0
825,deposit,512.43,6304.780000000001,Target,"London, UK",Linux PC,Mobile Network,False,False,0
826,deposit,824.71,4248.719999999999,Target,"New York, USA",Android,Corporate Network,False,False,0
827,deposit,994.55,2305.4800000000005,Walmart,"Los Angeles, USA",Linux PC,Mobile Network,False,False,0
828,withdrawal,76.27,2522.0499999999997,Amazon,"Paris, France",Linux PC,Public WiFi,True,False,0
829,withdrawal,324.51,2221.04,Target,"New York, USA",Windows Laptop,Mobile Network,False,False,0
830,withdrawal,302.13,1428.27,Starbucks,"London, UK",Linux PC,Home WiFi,False,False,0
830,phone_change,0.0,1428.27,0,"Tokyo, Japan",Android,Public WiFi,False,False,0
831,deposit,253.21,4709.780000000001,Best Buy,"New York, USA",MacBook,Corporate Network,False,False,0
832,deposit,794.28,5492.3099999999995,Starbucks,"Berlin, Germany",iPhone,Public WiFi,False,False,0
833,withdrawal,422.25,3583.3700000000003,Apple Store,"Berlin, Germany",Android,Mobile Network,False,False,0
834,withdrawal,200.07,4194.06,Walmart,"Los Angeles, USA",Windows Laptop,Mobile Network,False,False,0
835,withdrawal,95.45,4320.9800000000005,Apple Store,"Tokyo, Japan",Windows Laptop,Mobile Network,False,False,0
836,deposit,728.99,4781.9800000000005,Amazon,"Los Angeles, USA",MacBook,Public WiFi,False,False,0
837,withdrawal,51.21,2318.92,Walmart,"New York, USA",iPhone,Public WiFi,False,False,0
838,deposit,792.69,6797.48,Apple Store,"Berlin, Germany",MacBook,Corporate Network,False,False,0
839,deposit,732.87,6042.86,Walmart,"Paris, France",Linux PC,Public WiFi,False,False,0
840,withdrawal,408.68,1235.5800000000002,Target,"New York, USA",MacBook,Corporate Network,False,False,0
841,deposit,705.85,3192.87,Starbucks,"Berlin, Germany",iPad,Public WiFi,False,False,0
842,deposit,806.52,6401.58,Apple Store,"Tokyo, Japan",MacBook,Home WiFi,False,False,0
843,deposit,746.25,2772.33,Best Buy,"London, UK",Windows Laptop,Mobile Network,True,False,0
844,withdrawal,390.37,4995.38,Walmart,"Paris, France",iPad,Home WiFi,False,False,0
844,phone_change,0.0,4995.38,0,"London, UK",MacBook,Home WiFi,True,False,0
845,withdrawal,450.01,4308.129999999999,Target,"Los Angeles, USA",Windows Laptop,Public WiFi,False,False,0
846,deposit,720.06,4504.55,Target,"Berlin, Germany",Windows Laptop,Corporate Network,False,False,0
847,deposit,502.49,6913.46,Apple Store,"London, UK",Android,Corporate Network,False,False,0
848,withdrawal,455.48,4424.24,Starbucks,"London, UK",iPhone,Home WiFi,False,False,0
848,phone_change,0.0,4424.24,0,"Los Angeles, USA",Windows Laptop,Home WiFi,False,False,0
849,deposit,213.83,6300.66,Amazon,"New York, USA",iPhone,Public WiFi,False,False,0
850,deposit,626.72,3773.0199999999995,Walmart,"New York, USA",iPhone,Corporate Network,False,False,0
851,withdrawal,345.15,2469.45,Target,"Los Angeles, USA",iPhone,Corporate Network,False,False,0
852,deposit,458.69,1689.8200000000002,Walmart,"New York, USA",Android,Corporate Network,False,False,0
853,deposit,839.06,3794.7000000000003,Starbucks,"Los Angeles, USA",iPhone,Public WiFi,False,False,0
854,deposit,732.38,2431.66,Apple Store,"Tokyo, Japan",Windows Laptop,Public WiFi,False,False,0
854,password_change,0.0,2431.66,0,"Tokyo, Japan",iPhone,Home WiFi,False,False,0
855,withdrawal,282.92,4192.62,Walmart,"Paris, France",Windows Laptop,Corporate Network,False,False,0
856,deposit,630.22,3270.26,Walmart,"Paris, France",MacBook,Mobile Network,False,False,0
857,deposit,176.85,5789.990000000001,Amazon,"New York, USA",Windows Laptop,Home WiFi,False,False,0
858,withdrawal,83.68,2236.96,Amazon,"London, UK",Android,Home WiFi,False,False,0
859,withdrawal,109.22,2349.26,Walmart,"Berlin, Germany",Windows Laptop,Home WiFi,False,False,0
860,withdrawal,110.6,4817.369999999999,Amazon,"New York, USA",Android,Corporate Network,False,False,0
861,deposit,524.8,6380.08,Starbucks,"Berlin, Germany",Windows Laptop,Mobile Network,False,False,0
862,deposit,899.68,6514.71,Target,"Los Angeles, USA",Android,Corporate Network,False,False,0
863,deposit,343.53,2716.74,Amazon,"London, UK",Windows Laptop,Corporate Network,False,False,0
864,withdrawal,464.03,2768.13,Best Buy,"Los Angeles, USA",MacBook,Corporate Network,False,False,0
865,deposit,901.67,5025.700000000001,Best Buy,"Los Angeles, USA",MacBook,Mobile Network,False,False,0
865,password_change,0.0,5025.700000000001,0,"Tokyo, Japan",iPhone,Corporate Network,False,True,0
866,withdrawal,476.41,1644.7400000000005,Target,"New York, USA",iPhone,Home WiFi,False,False,0
867,withdrawal,76.32,4957.320000000001,Starbucks,"New York, USA",iPhone,Home WiFi,False,False,0
868,deposit,446.76,4535.530000000001,Walmart,"New York, USA",iPhone,Mobile Network,False,False,0
869,deposit,920.37,3849.68,Target,"Paris, France",Linux PC,Corporate Network,False,False,0
869,password_change,0.0,3849.68,0,"Tokyo, Japan",Windows Laptop,Home WiFi,False,False,0
870,withdrawal,427.06,4228.29,Amazon,"New York, USA",Android,Public WiFi,False,False,0
871,withdrawal,447.04,1408.0900000000001,Amazon,"Los Angeles, USA",iPhone,Public WiFi,False,False,0
872,withdrawal,85.05,4554.0199999999995,Target,"Berlin, Germany",MacBook,Home WiFi,False,False,0
872,phone_change,0.0,4554.0199999999995,0,"Tokyo, Japan",Windows Laptop,Home WiFi,False,False,0
873,withdrawal,112.73,3413.89,Apple Store,"New York, USA",iPhone,Mobile Network,False,False,0
874,deposit,711.6,3200.6099999999997,Walmart,"London, UK",iPhone,Corporate Network,False,False,0
874,phone_change,0.0,3200.6099999999997,0,"Los Angeles, USA",Windows Laptop,Public WiFi,False,False,0
875,deposit,726.29,3733.3199999999997,Amazon,"Paris, France",iPhone,Mobile Network,False,False,0
876,deposit,707.55,3319.84,Amazon,"New York, USA",MacBook,Public WiFi,False,False,0
877,withdrawal,263.89,1329.13,Starbucks,"New York, USA",Android,Corporate Network,False,False,0
878,withdrawal,248.79,1815.15,Best Buy,"New York, USA",Android,Mobile Network,False,False,0
879,deposit,908.24,5498.1,Walmart,"Berlin, Germany",iPad,Corporate Network,False,False,0
880,withdrawal,450.14,4381.69,Walmart,"Los Angeles, USA",iPhone,Home WiFi,False,True,0
881,withdrawal,441.28,4602.5,Best Buy,"London, UK",iPhone,Public WiFi,False,False,0
881,email_change,0.0,4602.5,0,"New York, USA",Android,Home WiFi,False,False,0
882,withdrawal,121.4,891.4100000000002,Best Buy,"Los Angeles, USA",Android,Public WiFi,False,False,0
882,phone_change,0.0,891.4100000000002,0,"London, UK",iPhone,Mobile Network,False,False,0
883,withdrawal,490.83,2409.6000000000004,Best Buy,"Paris, France",Linux PC,Home WiFi,False,True,0
884,deposit,660.39,4653.5,Walmart,"London, UK",Android,Mobile Network,False,False,0
885,deposit,365.78,4330.039999999999,Amazon,"Berlin, Germany",Windows Laptop,Corporate Network,False,False,0
886,withdrawal,404.53,4442.790000000001,Walmart,"Los Angeles, USA",MacBook,Corporate Network,False,False,0
887,deposit,517.93,5223.4800000000005,Target,"Los Angeles, USA",iPhone,Home WiFi,False,False,0
888,deposit,345.4,6196.759999999999,Starbucks,"London, UK",iPhone,Corporate Network,True,False,0
889,deposit,519.58,2221.02,Amazon,"New York, USA",iPhone,Public WiFi,False,False,0
890,withdrawal,467.15,4610.58,Amazon,"Berlin, Germany",MacBook,Public WiFi,False,True,0
891,deposit,892.53,5318.17,Walmart,"New York, USA",MacBook,Corporate Network,False,False,0
891,email_change,0.0,5318.17,0,"Tokyo, Japan",MacBook,Mobile Network,False,False,0
892,deposit,130.08,4841.94,Starbucks,"Paris, France",Android,Public WiFi,False,False,0
892,phone_change,0.0,4841.94,0,"London, UK",MacBook,Public WiFi,False,False,0
893,withdrawal,178.84,1182.1800000000003,Starbucks,"Los Angeles, USA",Android,Public WiFi,False,False,0
894,withdrawal,111.42,4460.68,Amazon,"London, UK",MacBook,Mobile Network,False,True,0
895,deposit,962.93,4819.5599999999995,Starbucks,"Berlin, Germany",Linux PC,Mobile Network,False,False,0
896,deposit,268.73,5904.3099999999995,Walmart,"Tokyo, Japan",iPad,Home WiFi,False,False,0
897,deposit,806.95,3136.29,Target,"New York, USA",Windows Laptop,Home WiFi,False,False,0
898,deposit,306.78,3838.8199999999997,Walmart,"London, UK",Android,Mobile Network,False,False,0
899,deposit,363.99,5625.56,Walmart,"Berlin, Germany",Windows Laptop,Public WiFi,False,False,0
900,deposit,522.75,3246.29,Best Buy,"Los Angeles, USA",MacBook,Home WiFi,False,False,0
900,password_change,0.0,3246.29,0,"New York, USA",Android,Mobile Network,False,True,0
901,withdrawal,498.22,1683.51,Amazon,"London, UK",iPhone,Mobile Network,False,False,0
902,deposit,211.0,2472.99,Best Buy,"London, UK",Android,Corporate Network,False,False,0
903,withdrawal,185.83,3539.66,Walmart,"Tokyo, Japan",Android,Public WiFi,False,False,0
904,deposit,523.91,5043.27,Walmart,"London, UK",MacBook,Mobile Network,False,False,0
905,deposit,198.26,3667.4300000000003,Best Buy,"Los Angeles, USA",MacBook,Corporate Network,False,False,0
905,phone_change,0.0,3667.4300000000003,0,"Tokyo, Japan",MacBook,Home WiFi,False,False,0
906,withdrawal,52.11,3614.6699999999996,Amazon,"Los Angeles, USA",Windows Laptop,Public WiFi,False,False,0
907,deposit,665.57,5824.650000000001,Walmart,"Paris, France",Windows Laptop,Home WiFi,False,False,0
908,deposit,122.42,3976.69,Starbucks,"Los Angeles, USA",Windows Laptop,Corporate Network,False,False,0
909,withdrawal,390.63,3004.9399999999996,Best Buy,"Berlin, Germany",MacBook,Corporate Network,False,False,0
910,withdrawal,183.25,4281.52,Walmart,"Berlin, Germany",Windows Laptop,Mobile Network,False,False,0
911,deposit,350.1,3570.52,Apple Store,"London, UK",Windows Laptop,Public WiFi,False,False,0
911,phone_change,0.0,3570.52,0,"Paris, France",Windows Laptop,Public WiFi,False,False,0
912,withdrawal,199.97,2437.4400000000005,Amazon,"New York, USA",Windows Laptop,Home WiFi,False,False,0
913,withdrawal,281.52,2660.61,Amazon,"Los Angeles, USA",Android,Home WiFi,True,False,0
914,withdrawal,397.6,5606.61,Best Buy,"New York, USA",Android,Mobile Network,False,False,0
915,deposit,587.98,2202.2400000000002,Apple Store,"Los Angeles, USA",Android,Public WiFi,False,False,0
916,deposit,679.99,3079.83,Target,"New York, USA",Windows Laptop,Corporate Network,False,False,0
917,deposit,543.17,5728.27,Amazon,"New York, USA",MacBook,Home WiFi,False,False,0
918,deposit,661.66,5640.43,Amazon,"New York, USA",Windows Laptop,Home WiFi,False,False,0
919,deposit,313.94,3654.12,Walmart,"Tokyo, Japan",Linux PC,Public WiFi,False,False,0
920,withdrawal,183.98,4038.0399999999995,Walmart,"New York, USA",iPhone,Mobile Network,False,False,0
921,deposit,813.62,1263.0,Walmart,"London, UK",iPhone,Home WiFi,False,False,0
921,password_change,0.0,1263.0,0,"New York, USA",Android,Home WiFi,False,False,0
922,deposit,230.14,5680.669999999999,Amazon,"New York, USA",Android,Mobile Network,False,False,0
923,deposit,347.69,5759.179999999999,Target,"Berlin, Germany",MacBook,Mobile Network,False,False,0
924,deposit,421.2,4481.79,Apple Store,"New York, USA",iPhone,Home WiFi,False,False,0
925,deposit,815.14,5121.500000000001,Target,"New York, USA",iPad,Mobile Network,False,True,0
926,deposit,311.98,5589.639999999999,Apple Store,"Los Angeles, USA",iPhone,Home WiFi,False,True,0
927,deposit,154.59,3227.3700000000003,Target,"New York, USA",Android,Mobile Network,False,False,0
928,deposit,165.02,3967.6699999999996,Target,"Berlin, Germany",MacBook,Public WiFi,False,False,0
929,withdrawal,338.8,3380.6799999999994,Starbucks,"New York, USA",iPhone,Corporate Network,False,False,0
930,withdrawal,325.61,3428.8199999999997,Apple Store,"New York, USA",Android,Home WiFi,False,False,0
930,email_change,0.0,3428.8199999999997,0,"Tokyo, Japan",MacBook,Mobile Network,False,False,0
931,withdrawal,220.53,5227.450000000001,Walmart,"Los Angeles, USA",Android,Home WiFi,False,False,0
931,password_change,0.0,5227.450000000001,0,"New York, USA",Windows Laptop,Public WiFi,False,False,0
932,deposit,842.15,5134.389999999999,Amazon,"New York, USA",MacBook,Public WiFi,False,False,0
933,withdrawal,149.77,2488.19,Target,"Los Angeles, USA",iPhone,Home WiFi,False,False,0
934,withdrawal,157.82,2521.43,Amazon,"New York, USA",Android,Public WiFi,False,False,0
935,deposit,424.15,1844.7200000000003,Amazon,"Tokyo, Japan",Windows Laptop,Mobile Network,False,False,0
936,withdrawal,172.58,4913.07,Walmart,"Berlin, Germany",Windows Laptop,Public WiFi,False,False,0
936,email_change,0.0,4913.07,0,"London, UK",MacBook,Corporate Network,False,False,0
937,withdrawal,405.29,3010.95,Apple Store,"Berlin, Germany",iPhone,Corporate Network,False,False,0
938,deposit,267.42,6019.41,Amazon,"Berlin, Germany",Android,Home WiFi,False,False,0
939,deposit,718.99,6126.04,Target,"London, UK",MacBook,Public WiFi,False,False,0
940,withdrawal,354.55,2594.3300000000004,Amazon,"Berlin, Germany",iPhone,Public WiFi,False,False,0
941,withdrawal,273.69,1660.3599999999997,Amazon,"Berlin, Germany",MacBook,Mobile Network,False,False,0
941,phone_change,0.0,1660.3599999999997,0,"Berlin, Germany",Windows Laptop,Mobile Network,False,True,0
942,deposit,685.86,4185.84,Starbucks,"Los Angeles, USA",MacBook,Public WiFi,False,False,0
942,password_change,0.0,4185.84,0,"New York, USA",Android,Home WiFi,False,False,0
943,withdrawal,278.98,2746.29,Apple Store,"Berlin, Germany",iPad,Corporate Network,False,False,0
944,deposit,627.17,2043.5,Target,"New York, USA",iPhone,Home WiFi,False,False,0
945,withdrawal,257.36,4204.820000000001,Apple Store,"New York, USA",iPhone,Public WiFi,False,False,0
946,withdrawal,380.6,832.32,Walmart,"Berlin, Germany",iPhone,Mobile Network,False,False,0
947,deposit,985.11,5990.349999999999,Target,"London, UK",MacBook,Public WiFi,False,False,0
948,withdrawal,386.76,2289.2699999999995,Best Buy,"Tokyo, Japan",Android,Home WiFi,False,False,0
949,deposit,672.54,3886.21,Amazon,"New York, USA",Windows Laptop,Public WiFi,False,False,0
949,phone_change,0.0,3886.21,0,"New York, USA",MacBook,Mobile Network,False,False,0
950,withdrawal,84.1,3862.93,Target,"Berlin, Germany",MacBook,Mobile Network,False,True,0
951,withdrawal,353.36,5232.070000000001,Target,"Tokyo, Japan",MacBook,Mobile Network,False,False,0
952,withdrawal,90.25,1827.6100000000001,Walmart,"Los Angeles, USA",Android,Public WiFi,False,False,0
953,withdrawal,181.79,4274.39,Best Buy,"Tokyo, Japan",Android,Corporate Network,False,False,0
953,phone_change,0.0,4274.39,0,"Tokyo, Japan",iPad,Home WiFi,False,False,0
954,deposit,840.42,5716.120000000001,Target,"London, UK",iPhone,Home WiFi,False,False,0
955,deposit,442.63,4793.81,Target,"New York, USA",Linux PC,Corporate Network,False,False,0
956,deposit,843.66,6293.27,Best Buy,"Tokyo, Japan",Windows Laptop,Public WiFi,False,False,0
956,phone_change,0.0,6293.27,0,"Tokyo, Japan",iPhone,Public WiFi,False,False,0
957,deposit,128.96,3900.56,Walmart,"New York, USA",Android,Mobile Network,False,False,0
958,withdrawal,152.58,1973.15,Target,"New York, USA",iPhone,Mobile Network,True,False,0
958,phone_change,0.0,1973.15,0,"New York, USA",iPhone,Home WiFi,False,False,0
959,withdrawal,454.05,4237.86,Target,"New York, USA",iPhone,Home WiFi,False,False,0
960,deposit,397.15,4681.08,Starbucks,"Tokyo, Japan",MacBook,Corporate Network,False,False,0
960,phone_change,0.0,4681.08,0,"Los Angeles, USA",Android,Public WiFi,False,False,0
961,withdrawal,261.53,3006.2400000000007,Best Buy,"Berlin, Germany",Android,Home WiFi,False,False,0
962,withdrawal,170.83,5070.44,Starbucks,"London, UK",Windows Laptop,Mobile Network,True,False,0
963,deposit,681.96,5475.71,Amazon,"Berlin, Germany",MacBook,Home WiFi,False,False,0
964,deposit,203.27,4003.73,Amazon,"Paris, France",Windows Laptop,Public WiFi,False,False,0
965,withdrawal,402.83,4643.7699999999995,Starbucks,"New York, USA",Windows Laptop,Mobile Network,False,False,0
966,deposit,248.69,4198.25,Walmart,"Los Angeles, USA",Android,Corporate Network,False,True,0
967,withdrawal,423.07,3281.4,Amazon,"Los Angeles, USA",Android,Corporate Network,False,False,0
968,deposit,339.04,4587.3,Amazon,"Los Angeles, USA",Linux PC,Home WiFi,False,False,0
969,deposit,844.39,4737.08,Target,"Tokyo, Japan",Android,Mobile Network,False,False,0
970,deposit,664.71,7131.009999999999,Amazon,"Paris, France",Linux PC,Mobile Network,False,False,0
971,deposit,818.43,4764.35,Apple Store,"New York, USA",Linux PC,Corporate Network,False,False,0
972,deposit,194.53,1809.4399999999998,Walmart,"Tokyo, Japan",iPhone,Home WiFi,True,True,0
973,deposit,378.78,5007.329999999999,Amazon,"London, UK",Android,Public WiFi,False,False,0
973,email_change,0.0,5007.329999999999,0,"New York, USA",Windows Laptop,Public WiFi,False,False,0
974,deposit,461.61,2612.8100000000004,Amazon,"Tokyo, Japan",iPhone,Corporate Network,False,False,0
975,deposit,438.93,3008.5799999999995,Apple Store,"New York, USA",MacBook,Mobile Network,False,False,0
976,deposit,692.42,4818.79,Best Buy,"Los Angeles, USA",iPad,Home WiFi,False,False,0
977,deposit,412.3,3523.68,Apple Store,"Tokyo, Japan",iPhone,Public WiFi,True,False,0
978,withdrawal,311.97,3243.1000000000004,Best Buy,"Los Angeles, USA",MacBook,Home WiFi,False,False,0
979,deposit,566.7,2496.8,Target,"Paris, France",Windows Laptop,Mobile Network,False,False,0
979,password_change,0.0,2496.8,0,"Los Angeles, USA",iPhone,Corporate Network,False,False,0
980,withdrawal,321.53,5221.24,Amazon,"New York, USA",MacBook,Home WiFi,False,False,0
981,deposit,645.75,4075.27,Best Buy,"Tokyo, Japan",iPad,Corporate Network,False,False,0
981,phone_change,0.0,4075.27,0,"New York, USA",Android,Public WiFi,False,False,0
982,deposit,731.02,5311.469999999999,Target,"New York, USA",Android,Mobile Network,False,True,0
983,deposit,634.77,3319.7499999999995,Amazon,"Berlin, Germany",Windows Laptop,Corporate Network,False,False,0
984,deposit,348.71,3983.0,Starbucks,"Tokyo, Japan",Android,Mobile Network,True,False,0
985,withdrawal,480.14,2577.0100000000007,Walmart,"Tokyo, Japan",Windows Laptop,Home WiFi,False,False,0
986,withdrawal,456.07,3477.2599999999998,Amazon,"Paris, France",iPad,Home WiFi,False,False,0
986,phone_change,0.0,3477.2599999999998,0,"Los Angeles, USA",Windows Laptop,Home WiFi,False,False,0
987,withdrawal,276.54,1800.7300000000005,Best Buy,"Tokyo, Japan",iPhone,Home WiFi,False,False,0
988,deposit,280.68,3699.97,Apple Store,"Tokyo, Japan",iPhone,Mobile Network,False,False,0
989,withdrawal,166.18,1631.08,Walmart,"Tokyo, Japan",Windows Laptop,Mobile Network,False,False,0
990,deposit,333.69,3608.02,Starbucks,"New York, USA",iPad,Corporate Network,False,False,0
991,withdrawal,381.14,4345.46,Amazon,"Berlin, Germany",iPad,Mobile Network,False,False,0
992,withdrawal,453.11,3384.02,Amazon,"Berlin, Germany",Android,Corporate Network,False,False,0
993,deposit,980.6,2233.02,Target,"Paris, France",iPhone,Mobile Network,False,False,0
994,withdrawal,478.31,5066.089999999999,Target,"New York, USA",iPad,Home WiFi,False,False,0
995,deposit,814.03,2837.8500000000004,Walmart,"Paris, France",Android,Public WiFi,False,False,0
996,withdrawal,476.21,2822.7700000000004,Apple Store,"London, UK",Linux PC,Corporate Network,False,False,0
996,phone_change,0.0,2822.7700000000004,0,"Berlin, Germany",Android,Public WiFi,True,False,0
997,withdrawal,429.76,4346.73,Apple Store,"London, UK",iPhone,Mobile Network,False,False,0
998,deposit,464.93,2234.12,Best Buy,"Los Angeles, USA",Windows Laptop,Home WiFi,False,False,0
999,withdrawal,327.12,1227.08,Target,"New York, USA",iPhone,Public WiFi,False,False,0
100,fraud,20.08,2376.75,Target,"New York, USA",Windows Laptop,Public WiFi,False,False,1
101,fraud,126.48,-4067.94,Walmart,"London, UK",Android,Corporate Network,False,False,1
102,fraud,1770.84,-3772.38,Amazon,"Tokyo, Japan",Android,Home WiFi,False,False,1
103,fraud,888.34,8772.77,Starbucks,"New York, USA",Windows Laptop,Home WiFi,False,False,1
103,phone_change,0.0,8772.77,0,"New York, USA",Windows Laptop,Mobile Network,False,False,1
104,fraud,19.79,-4460.04,Amazon,"Los Angeles, USA",iPhone,Corporate Network,False,False,1
104,withdrawal,0.0,-4460.04,0,"Los Angeles, USA",Android,Corporate Network,False,False,1
105,fraud,844.5,-6398.57,Walmart,"New York, USA",iPhone,Mobile Network,False,False,1
105,withdrawal,0.0,-6398.57,0,"New York, USA",MacBook,Corporate Network,False,False,1
106,fraud,1972.45,-271.97,Best Buy,"New York, USA",iPad,Corporate Network,False,False,1
107,fraud,1240.21,994.0200000000004,Amazon,"Los Angeles, USA",MacBook,Home WiFi,False,False,1
108,fraud,983.19,3174.3799999999997,Best Buy,"New York, USA",Android,Mobile Network,False,False,1
109,fraud,2942.34,421.130000000001,Target,"New York, USA",iPad,Public WiFi,False,True,1
110,fraud,1903.97,2132.46,Amazon,"Berlin, Germany",Linux PC,Public WiFi,False,False,1
110,failed_login,0.0,2132.46,0,"New York, USA",iPad,Corporate Network,False,False,1
111,fraud,134.36,5538.36,Amazon,"Los Angeles, USA",iPhone,Home WiFi,False,False,1
112,fraud,174.77,1279.3400000000001,Amazon,"Tokyo, Japan",Android,Public WiFi,False,False,1
113,fraud,2580.44,-1174.3900000000003,Amazon,"New York, USA",Windows Laptop,Home WiFi,False,False,1
114,fraud,611.18,7959.21,Best Buy,"Los Angeles, USA",iPad,Public WiFi,False,False,1
114,deposit,0.0,7959.21,0,"Tokyo, Japan",Android,Public WiFi,False,False,1
115,fraud,3225.06,514.4500000000003,Amazon,"London, UK",Windows Laptop,Public WiFi,False,True,1
115,failed_login,0.0,514.4500000000003,0,"London, UK",Android,Home WiFi,False,False,1
116,fraud,2560.25,5744.62,Starbucks,"Los Angeles, USA",iPhone,Corporate Network,False,False,1
117,fraud,3389.74,11222.630000000001,Amazon,"New York, USA",iPad,Public WiFi,False,False,1
117,deposit,0.0,11222.630000000001,0,"Paris, France",iPhone,Home WiFi,False,False,1
118,fraud,372.91,3839.0599999999995,Best Buy,"Tokyo, Japan",Android,Home WiFi,False,False,1
119,fraud,4705.63,-5947.83,Walmart,"Paris, France",Android,Mobile Network,False,False,1
119,withdrawal,0.0,-5947.83,0,"London, UK",Android,Public WiFi,False,False,1
120,fraud,99.29,-1255.2,Walmart,"Tokyo, Japan",Windows Laptop,Mobile Network,False,False,1
121,fraud,347.49,-1855.8700000000001,Walmart,"New York, USA",iPhone,Corporate Network,False,False,1
121,password_change,0.0,-1855.8700000000001,0,"Los Angeles, USA",Windows Laptop,Mobile Network,False,False,1
122,fraud,3752.78,324.52,Apple Store,"Paris, France",iPhone,Corporate Network,False,False,1
122,password_change,0.0,324.52,0,"Los Angeles, USA",Linux PC,Corporate Network,False,False,1
123,fraud,149.96,4479.25,Apple Store,"Berlin, Germany",Android,Public WiFi,False,False,1
123,withdrawal,0.0,4479.25,0,"Los Angeles, USA",Android,Corporate Network,False,True,1
124,fraud,1966.78,-469.9200000000003,Amazon,"New York, USA",Windows Laptop,Mobile Network,False,False,1
125,fraud,4978.88,6477.820000000001,Starbucks,"Berlin, Germany",iPad,Mobile Network,False,False,1
126,fraud,34.87,-4297.12,Target,"Tokyo, Japan",iPhone,Mobile Network,False,False,1
127,fraud,75.83,4439.97,Amazon,"Los Angeles, USA",Android,Mobile Network,False,False,1
128,fraud,4193.6,2439.199999999999,Walmart,"New York, USA",iPhone,Public WiFi,False,False,1
129,fraud,3572.58,-2073.8,Amazon,"Paris, France",iPhone,Public WiFi,False,False,1
129,withdrawal,0.0,-2073.8,0,"Paris, France",MacBook,Corporate Network,True,False,1
130,fraud,3946.56,915.8499999999999,Target,"New York, USA",iPhone,Corporate Network,False,False,1
130,withdrawal,0.0,915.8499999999999,0,"Los Angeles, USA",MacBook,Mobile Network,False,False,1
131,fraud,770.35,2907.5100000000007,Target,"Tokyo, Japan",Windows Laptop,Mobile Network,False,False,1
132,fraud,1801.79,901.2200000000003,Walmart,"Los Angeles, USA",Android,Mobile Network,False,False,1
133,fraud,4.84,937.12,Amazon,"Los Angeles, USA",iPhone,Mobile Network,False,False,1
133,failed_login,0.0,937.12,0,"New York, USA",Linux PC,Corporate Network,False,False,1
134,fraud,302.19,4347.99,Amazon,"Los Angeles, USA",iPad,Public WiFi,False,False,1
134,phone_change,0.0,4347.99,0,"Berlin, Germany",Android,Corporate Network,False,False,1
135,fraud,398.4,-2922.5699999999997,Starbucks,"New York, USA",iPhone,Public WiFi,False,False,1
135,password_change,0.0,-2922.5699999999997,0,"Paris, France",Windows Laptop,Corporate Network,False,False,1
136,fraud,156.01,-6987.6900000000005,Amazon,"New York, USA",iPhone,Public WiFi,False,False,1
136,password_change,0.0,-6987.6900000000005,0,"New York, USA",iPhone,Mobile Network,False,False,1
137,fraud,80.83,6611.599999999999,Best Buy,"Berlin, Germany",Windows Laptop,Public WiFi,False,False,1
137,phone_change,0.0,6611.599999999999,0,"New York, USA",Android,Home WiFi,False,False,1
138,fraud,2486.1,6431.73,Starbucks,"Tokyo, Japan",iPhone,Public WiFi,False,False,1
139,fraud,4188.6,8406.11,Amazon,"Los Angeles, USA",Android,Corporate Network,False,False,1
140,fraud,82.78,2897.4500000000003,Apple Store,"New York, USA",iPhone,Mobile Network,False,False,1
141,fraud,30.66,5011.740000000001,Amazon,"New York, USA",Windows Laptop,Public WiFi,False,False,1
141,failed_login,0.0,5011.740000000001,0,"Tokyo, Japan",MacBook,Corporate Network,False,False,1
142,fraud,3093.82,-5276.98,Amazon,"Paris, France",Android,Public WiFi,False,False,1
142,password_change,0.0,-5276.98,0,"New York, USA",MacBook,Mobile Network,False,False,1
143,fraud,8748.36,-16057.680000000002,Amazon,"New York, USA",Android,Public WiFi,False,False,1
144,fraud,2153.0,-10013.85,Walmart,"Berlin, Germany",iPhone,Corporate Network,False,False,1
144,suspicious_login,0.0,-10013.85,0,"Los Angeles, USA",MacBook,Public WiFi,False,False,1
145,fraud,480.34,-13942.74,Best Buy,"Los Angeles, USA",MacBook,Corporate Network,False,False,1
145,phone_change,0.0,-13942.74,0,"London, UK",iPhone,Corporate Network,False,False,1
146,fraud,1713.76,1085.86,Amazon,"Tokyo, Japan",Android,Mobile Network,False,True,1
147,fraud,471.62,863.6700000000002,Amazon,"New York, USA",iPhone,Public WiFi,False,True,1
148,fraud,1412.36,-5847.169999999999,Target,"Los Angeles, USA",Android,Corporate Network,False,False,1
149,fraud,1392.63,-2625.08,Target,"Tokyo, Japan",Windows Laptop,Mobile Network,False,False,1
150,fraud,921.8,605.9799999999998,Target,"Paris, France",MacBook,Corporate Network,False,False,1
150,phone_change,0.0,605.9799999999998,0,"Los Angeles, USA",Windows Laptop,Mobile Network,False,False,1
151,fraud,188.33,-128.57999999999996,Best Buy,"London, UK",Windows Laptop,Corporate Network,False,False,1
151,withdrawal,0.0,-128.57999999999996,0,"London, UK",Windows Laptop,Corporate Network,False,False,1
152,fraud,1650.68,8707.830000000002,Apple Store,"Tokyo, Japan",MacBook,Home WiFi,False,False,1
153,fraud,925.26,4263.759999999999,Apple Store,"Los Angeles, USA",iPhone,Home WiFi,False,False,1
154,fraud,58.93,-960.65,Target,"London, UK",Windows Laptop,Corporate Network,False,False,1
155,fraud,332.4,-1063.1,Walmart,"London, UK",MacBook,Home WiFi,False,False,1
156,fraud,65.7,308.3400000000003,Apple Store,"London, UK",Windows Laptop,Public WiFi,False,True,1
157,fraud,1486.43,2131.709999999999,Walmart,"New York, USA",iPhone,Public WiFi,False,False,1
158,fraud,3958.25,6851.530000000001,Amazon,"London, UK",iPhone,Mobile Network,False,False,1
158,withdrawal,0.0,6851.530000000001,0,"London, UK",Windows Laptop,Home WiFi,False,False,1
159,fraud,1661.01,2536.74,Amazon,"Berlin, Germany",Android,Mobile Network,False,False,1
159,email_change,0.0,2536.74,0,"New York, USA",Android,Public WiFi,False,True,1
160,fraud,506.36,489.81999999999994,Target,"New York, USA",Android,Corporate Network,False,False,1
161,fraud,346.03,3415.750000000001,Amazon,"London, UK",iPhone,Public WiFi,False,False,1
161,password_change,0.0,3415.750000000001,0,"Los Angeles, USA",Linux PC,Corporate Network,False,True,1
162,fraud,2657.06,-120.4099999999994,Starbucks,"Paris, France",Android,Home WiFi,False,False,1
163,fraud,4759.58,-3550.88,Apple Store,"Tokyo, Japan",iPad,Public WiFi,False,False,1
163,password_change,0.0,-3550.88,0,"Los Angeles, USA",MacBook,Mobile Network,False,False,1
164,fraud,1390.7,1794.18,Best Buy,"London, UK",Linux PC,Public WiFi,False,False,1
164,password_change,0.0,1794.18,0,"Los Angeles, USA",Windows Laptop,Mobile Network,False,False,1
165,fraud,6774.59,-3305.3500000000004,Walmart,"New York, USA",iPhone,Home WiFi,False,False,1
165,withdrawal,0.0,-3305.3500000000004,0,"Los Angeles, USA",iPhone,Home WiFi,True,False,1
166,fraud,1231.93,-10.210000000000264,Target,"London, UK",iPhone,Home WiFi,False,False,1
167,fraud,3373.96,-2327.84,Amazon,"New York, USA",iPhone,Home WiFi,False,False,1
168,fraud,4987.42,4251.71,Best Buy,"Los Angeles, USA",Android,Corporate Network,False,False,1
169,fraud,3397.18,-690.0,Apple Store,"Los Angeles, USA",iPhone,Mobile Network,False,False,1
169,suspicious_login,0.0,-690.0,0,"Los Angeles, USA",Windows Laptop,Home WiFi,False,False,1
170,fraud,110.13,1508.6399999999999,Walmart,"Berlin, Germany",iPhone,Home WiFi,False,False,1
171,fraud,4448.78,5972.11,Apple Store,"London, UK",iPhone,Home WiFi,False,False,1
172,fraud,1862.97,-1661.1100000000004,Amazon,"Paris, France",Android,Mobile Network,False,False,1
172,withdrawal,0.0,-1661.1100000000004,0,"Paris, France",iPhone,Public WiFi,False,False,1
173,fraud,748.65,2738.5,Target,"London, UK",Android,Mobile Network,False,False,1
173,email_change,0.0,2738.5,0,"New York, USA",Android,Corporate Network,False,False,1
174,fraud,567.34,4424.679999999999,Amazon,"Los Angeles, USA",Windows Laptop,Mobile Network,False,False,1
174,withdrawal,0.0,4424.679999999999,0,"Los Angeles, USA",iPhone,Public WiFi,False,False,1
175,fraud,1865.09,-1906.0,Walmart,"Los Angeles, USA",iPhone,Home WiFi,False,False,1
176,fraud,8011.5,-8510.61,Best Buy,"New York, USA",iPhone,Corporate Network,False,False,1
176,withdrawal,0.0,-8510.61,0,"London, UK",Android,Home WiFi,False,False,1
177,fraud,3941.38,121.02999999999929,Amazon,"Paris, France",iPad,Corporate Network,False,False,1
177,withdrawal,0.0,121.02999999999929,0,"New York, USA",MacBook,Public WiFi,False,False,1
178,fraud,1131.62,3078.2199999999993,Walmart,"Berlin, Germany",Android,Mobile Network,False,True,1
179,fraud,1833.76,1243.01,Amazon,"Los Angeles, USA",Android,Home WiFi,False,False,1
179,password_change,0.0,1243.01,0,"Tokyo, Japan",MacBook,Mobile Network,True,False,1
180,fraud,176.35,-144.00000000000014,Apple Store,"New York, USA",iPad,Home WiFi,False,False,1
181,fraud,163.63,1439.92,Amazon,"Paris, France",iPad,Home WiFi,True,False,1
182,fraud,4390.39,-5995.82,Apple Store,"Tokyo, Japan",iPhone,Home WiFi,False,False,1
183,fraud,12.37,8970.03,Target,"London, UK",iPhone,Home WiFi,False,False,1
183,phone_change,0.0,8970.03,0,"Los Angeles, USA",iPhone,Home WiFi,False,False,1
184,fraud,1626.68,4315.719999999999,Walmart,"New York, USA",MacBook,Mobile Network,False,False,1
184,withdrawal,0.0,4315.719999999999,0,"New York, USA",Android,Public WiFi,False,False,1
185,fraud,7972.29,-7589.389999999999,Amazon,"Berlin, Germany",Windows Laptop,Mobile Network,False,False,1
186,fraud,2991.29,8014.62,Target,"London, UK",Android,Home WiFi,False,False,1
187,fraud,725.75,1626.3400000000001,Walmart,"New York, USA",MacBook,Public WiFi,False,False,1
188,fraud,337.41,-3283.46,Target,"Tokyo, Japan",Windows Laptop,Corporate Network,False,False,1
189,fraud,420.5,3265.01,Target,"Los Angeles, USA",MacBook,Corporate Network,False,True,1
190,fraud,55.57,390.34999999999997,Target,"New York, USA",iPhone,Mobile Network,False,False,1
190,password_change,0.0,390.34999999999997,0,"Berlin, Germany",Android,Public WiFi,False,False,1
191,fraud,1382.3,-5171.03,Amazon,"New York, USA",Windows Laptop,Home WiFi,False,False,1
191,deposit,0.0,-5171.03,0,"Los Angeles, USA",MacBook,Home WiFi,False,False,1
192,fraud,1298.87,69.88999999999987,Target,"Tokyo, Japan",Android,Home WiFi,False,False,1
192,failed_login,0.0,69.88999999999987,0,"London, UK",MacBook,Mobile Network,False,False,1
193,fraud,86.64,6474.77,Best Buy,"Tokyo, Japan",iPad,Home WiFi,False,False,1
193,withdrawal,0.0,6474.77,0,"New York, USA",Android,Home WiFi,False,False,1
194,fraud,197.78,-2490.69,Best Buy,"New York, USA",iPhone,Corporate Network,False,False,1
195,fraud,750.95,5455.860000000001,Amazon,"Los Angeles, USA",Linux PC,Public WiFi,False,False,1
196,fraud,3528.45,4780.9,Amazon,"Los Angeles, USA",iPhone,Corporate Network,False,False,1
196,phone_change,0.0,4780.9,0,"Los Angeles, USA",Android,Mobile Network,False,False,1
197,fraud,1.78,-5439.950000000001,Amazon,"London, UK",iPhone,Public WiFi,False,False,1
198,fraud,82.92,-3439.27,Starbucks,"Tokyo, Japan",iPad,Home WiFi,False,False,1
199,fraud,1675.84,2174.8,Best Buy,"Berlin, Germany",MacBook,Corporate Network,False,False,1
200,fraud,1648.01,-5329.02,Best Buy,"New York, USA",iPhone,Mobile Network,False,False,1
200,withdrawal,0.0,-5329.02,0,"Tokyo, Japan",Windows Laptop,Public WiFi,True,False,1
201,fraud,975.24,2948.7400000000002,Starbucks,"Paris, France",Android,Public WiFi,False,True,1
201,phone_change,0.0,2948.7400000000002,0,"Los Angeles, USA",MacBook,Public WiFi,False,False,1
202,fraud,3658.96,-5502.71,Amazon,"New York, USA",iPhone,Corporate Network,False,False,1
202,password_change,0.0,-5502.71,0,"New York, USA",Windows Laptop,Public WiFi,False,False,1
203,fraud,2857.82,758.3999999999996,Best Buy,"Los Angeles, USA",MacBook,Corporate Network,False,False,1
203,suspicious_login,0.0,758.3999999999996,0,"London, UK",Android,Public WiFi,False,False,1
204,fraud,94.86,2488.9100000000003,Walmart,"Berlin, Germany",MacBook,Corporate Network,False,False,1
204,withdrawal,0.0,2488.9100000000003,0,"London, UK",iPad,Mobile Network,False,False,1
205,fraud,1174.57,1497.8700000000001,Apple Store,"Tokyo, Japan",Android,Public WiFi,False,False,1
205,failed_login,0.0,1497.8700000000001,0,"New York, USA",Android,Public WiFi,False,False,1
206,fraud,1103.48,2197.0299999999997,Walmart,"London, UK",iPhone,Mobile Network,False,False,1
206,withdrawal,0.0,2197.0299999999997,0,"London, UK",Android,Public WiFi,False,False,1
207,fraud,2020.98,2302.2,Amazon,"Los Angeles, USA",Windows Laptop,Home WiFi,False,False,1
208,fraud,51.49,1785.0899999999997,Starbucks,"Los Angeles, USA",iPad,Mobile Network,False,False,1
209,fraud,1033.55,620.0900000000004,Amazon,"New York, USA",Android,Home WiFi,False,False,1
210,fraud,775.2,7015.290000000001,Starbucks,"New York, USA",Windows Laptop,Home WiFi,False,False,1
211,fraud,1436.17,-7019.640000000001,Target,"Tokyo, Japan",MacBook,Mobile Network,False,True,1
212,fraud,4040.01,1264.29,Starbucks,"London, UK",Linux PC,Mobile Network,False,False,1
213,fraud,102.25,1276.52,Walmart,"New York, USA",iPhone,Home WiFi,False,False,1
214,fraud,1359.1,-7717.639999999999,Starbucks,"Los Angeles, USA",iPad,Corporate Network,False,False,1
215,fraud,2036.8,-1671.6799999999994,Target,"Tokyo, Japan",Android,Corporate Network,False,False,1
215,suspicious_login,0.0,-1671.6799999999994,0,"Berlin, Germany",MacBook,Corporate Network,False,False,1
216,fraud,34.64,-8291.980000000001,Target,"Berlin, Germany",Linux PC,Corporate Network,False,False,1
217,fraud,951.25,-1072.2500000000002,Target,"Tokyo, Japan",MacBook,Mobile Network,False,False,1
217,failed_login,0.0,-1072.2500000000002,0,"Tokyo, Japan",Linux PC,Public WiFi,False,False,1
218,fraud,1693.82,-1918.0400000000002,Starbucks,"Paris, France",iPhone,Home WiFi,False,False,1
218,withdrawal,0.0,-1918.0400000000002,0,"Los Angeles, USA",Windows Laptop,Home WiFi,False,False,1
219,fraud,4425.74,-2380.8099999999995,Walmart,"New York, USA",iPad,Corporate Network,True,False,1
219,withdrawal,0.0,-2380.8099999999995,0,"Berlin, Germany",iPhone,Public WiFi,False,False,1
220,fraud,1903.2,-2355.92,Amazon,"Tokyo, Japan",Android,Corporate Network,False,False,1
220,phone_change,0.0,-2355.92,0,"Los Angeles, USA",Android,Corporate Network,False,False,1
221,fraud,7535.46,-4354.41,Best Buy,"London, UK",iPhone,Home WiFi,False,False,1
222,fraud,601.38,2446.04,Starbucks,"London, UK",Android,Public WiFi,False,False,1
222,email_change,0.0,2446.04,0,"Los Angeles, USA",iPhone,Corporate Network,False,False,1
223,fraud,2167.96,-4239.0,Walmart,"New York, USA",MacBook,Mobile Network,True,False,1
224,fraud,2812.81,-7044.99,Amazon,"New York, USA",Windows Laptop,Mobile Network,False,False,1
224,phone_change,0.0,-7044.99,0,"Tokyo, Japan",Windows Laptop,Mobile Network,False,False,1
225,fraud,3683.61,-1864.7500000000002,Target,"Berlin, Germany",MacBook,Mobile Network,False,False,1
225,withdrawal,0.0,-1864.7500000000002,0,"Los Angeles, USA",iPhone,Corporate Network,False,False,1
226,fraud,2088.66,2711.1800000000003,Walmart,"Berlin, Germany",Android,Mobile Network,False,False,1
226,withdrawal,0.0,2711.1800000000003,0,"New York, USA",iPhone,Home WiFi,False,False,1
227,fraud,131.06,-5406.889999999999,Apple Store,"Los Angeles, USA",Windows Laptop,Corporate Network,False,False,1
228,fraud,1038.92,2174.6800000000007,Starbucks,"Los Angeles, USA",MacBook,Corporate Network,False,False,1
229,fraud,244.42,-327.87999999999977,Walmart,"Los Angeles, USA",MacBook,Mobile Network,False,False,1
230,fraud,2705.9,-361.82000000000016,Target,"New York, USA",iPhone,Mobile Network,False,False,1
231,fraud,2479.2,3791.3999999999996,Best Buy,"New York, USA",iPhone,Home WiFi,False,False,1
231,withdrawal,0.0,3791.3999999999996,0,"London, UK",Windows Laptop,Public WiFi,False,False,1
232,fraud,1862.23,1062.4700000000003,Apple Store,"Los Angeles, USA",iPhone,Home WiFi,False,False,1
233,fraud,3805.04,-5802.22,Amazon,"Los Angeles, USA",iPhone,Corporate Network,False,False,1
233,password_change,0.0,-5802.22,0,"Tokyo, Japan",Android,Corporate Network,False,False,1
234,fraud,16.05,3139.8900000000003,Best Buy,"Los Angeles, USA",Linux PC,Home WiFi,False,False,1
234,phone_change,0.0,3139.8900000000003,0,"London, UK",MacBook,Mobile Network,False,False,1
235,fraud,3997.5,-2945.6000000000004,Walmart,"New York, USA",Windows Laptop,Mobile Network,False,False,1
236,fraud,9732.27,-14990.36,Amazon,"New York, USA",iPhone,Mobile Network,False,False,1
237,fraud,1751.12,5584.0,Amazon,"Los Angeles, USA",iPad,Corporate Network,False,False,1
238,fraud,194.51,-1274.11,Apple Store,"New York, USA",Android,Mobile Network,False,False,1
239,fraud,655.91,-6846.41,Target,"Tokyo, Japan",iPad,Corporate Network,False,False,1
240,fraud,1543.56,2758.19,Amazon,"London, UK",Android,Public WiFi,False,False,1
241,fraud,147.6,603.6199999999999,Amazon,"Los Angeles, USA",iPhone,Home WiFi,False,False,1
241,withdrawal,0.0,603.6199999999999,0,"New York, USA",Windows Laptop,Public WiFi,False,False,1
242,fraud,716.36,1786.9199999999996,Amazon,"London, UK",Android,Home WiFi,True,False,1
243,fraud,1335.58,1719.6599999999999,Walmart,"Berlin, Germany",iPhone,Home WiFi,False,False,1
243,failed_login,0.0,1719.6599999999999,0,"New York, USA",MacBook,Mobile Network,False,False,1
244,fraud,375.85,2298.05,Best Buy,"Los Angeles, USA",iPhone,Corporate Network,False,False,1
245,fraud,63.29,2265.1100000000006,Amazon,"Los Angeles, USA",MacBook,Corporate Network,False,False,1
245,email_change,0.0,2265.1100000000006,0,"New York, USA",Android,Corporate Network,False,False,1
246,fraud,158.28,1182.9699999999998,Amazon,"Los Angeles, USA",MacBook,Mobile Network,False,False,1
247,fraud,69.49,538.0400000000002,Walmart,"London, UK",Windows Laptop,Public WiFi,False,False,1
248,fraud,64.38,3949.46,Best Buy,"Los Angeles, USA",Android,Corporate Network,False,False,1
249,fraud,1516.85,2761.1299999999997,Best Buy,"New York, USA",Linux PC,Corporate Network,False,False,1
250,fraud,3184.59,3920.32,Best Buy,"Tokyo, Japan",MacBook,Corporate Network,True,False,1
250,phone_change,0.0,3920.32,0,"Los Angeles, USA",iPhone,Corporate Network,False,False,1
251,fraud,391.58,2904.040000000001,Apple Store,"New York, USA",Windows Laptop,Home WiFi,False,False,1
251,phone_change,0.0,2904.040000000001,0,"London, UK",Android,Mobile Network,True,False,1
252,fraud,4507.83,7873.68,Amazon,"Los Angeles, USA",MacBook,Corporate Network,False,False,1
253,fraud,422.02,2912.1799999999994,Best Buy,"New York, USA",iPhone,Public WiFi,False,False,1
254,fraud,136.42,5913.3,Best Buy,"Los Angeles, USA",MacBook,Public WiFi,False,False,1
254,password_change,0.0,5913.3,0,"Berlin, Germany",Android,Mobile Network,False,False,1
255,fraud,729.81,-6154.84,Apple Store,"Paris, France",Windows Laptop,Public WiFi,False,False,1
256,fraud,343.5,-1925.73,Amazon,"Los Angeles, USA",MacBook,Mobile Network,False,True,1
256,password_change,0.0,-1925.73,0,"Los Angeles, USA",Android,Corporate Network,False,False,1
257,fraud,1106.68,4061.41,Amazon,"Los Angeles, USA",iPhone,Home WiFi,False,False,1
257,suspicious_login,0.0,4061.41,0,"London, UK",Android,Public WiFi,False,False,1
258,fraud,2422.57,-248.32999999999993,Walmart,"New York, USA",Windows Laptop,Home WiFi,False,False,1
258,suspicious_login,0.0,-248.32999999999993,0,"Berlin, Germany",Windows Laptop,Corporate Network,True,False,1
259,fraud,96.99,7736.9400000000005,Best Buy,"Tokyo, Japan",MacBook,Mobile Network,False,False,1
259,suspicious_login,0.0,7736.9400000000005,0,"Los Angeles, USA",iPhone,Public WiFi,False,False,1
260,fraud,118.99,6330.44,Best Buy,"Berlin, Germany",iPhone,Corporate Network,False,False,1
261,fraud,27.23,-8401.7,Walmart,"New York, USA",iPhone,Home WiFi,False,False,1
261,withdrawal,0.0,-8401.7,0,"Los Angeles, USA",iPhone,Home WiFi,False,False,1
262,fraud,386.99,675.9199999999998,Target,"Tokyo, Japan",Linux PC,Mobile Network,False,True,1
262,phone_change,0.0,675.9199999999998,0,"Los Angeles, USA",Android,Home WiFi,False,False,1
263,fraud,42.75,-1938.1699999999996,Target,"New York, USA",Android,Corporate Network,False,False,1
263,suspicious_login,0.0,-1938.1699999999996,0,"Berlin, Germany",Windows Laptop,Home WiFi,False,False,1
264,fraud,3728.72,-4854.79,Target,"Los Angeles, USA",iPhone,Mobile Network,False,False,1
264,withdrawal,0.0,-4854.79,0,"New York, USA",Android,Home WiFi,False,False,1
265,fraud,8291.35,-4226.31,Target,"London, UK",Windows Laptop,Home WiFi,False,False,1
265,deposit,0.0,-4226.31,0,"Berlin, Germany",iPad,Corporate Network,True,False,1
266,fraud,26.73,-1121.6800000000007,Best Buy,"Tokyo, Japan",Windows Laptop,Home WiFi,False,False,1
267,fraud,102.74,2627.4199999999996,Amazon,"New York, USA",Android,Mobile Network,False,False,1
267,failed_login,0.0,2627.4199999999996,0,"Los Angeles, USA",iPhone,Mobile Network,False,False,1
268,fraud,1583.31,366.7199999999989,Target,"London, UK",Android,Home WiFi,True,False,1
268,withdrawal,0.0,366.7199999999989,0,"New York, USA",iPhone,Corporate Network,False,False,1
269,fraud,54.76,732.8899999999996,Amazon,"Berlin, Germany",Linux PC,Home WiFi,False,False,1
269,suspicious_login,0.0,732.8899999999996,0,"New York, USA",MacBook,Corporate Network,False,False,1
270,fraud,92.25,6093.709999999999,Best Buy,"Los Angeles, USA",Android,Corporate Network,False,False,1
270,failed_login,0.0,6093.709999999999,0,"Los Angeles, USA",iPhone,Corporate Network,False,False,1
271,fraud,2597.01,-119.91000000000076,Walmart,"Tokyo, Japan",Windows Laptop,Public WiFi,True,False,1
272,fraud,2568.97,3837.16,Walmart,"Los Angeles, USA",Windows Laptop,Public WiFi,False,False,1
273,fraud,8088.16,-4734.9400000000005,Walmart,"Paris, France",iPhone,Corporate Network,False,False,1
274,fraud,500.28,-912.8200000000004,Amazon,"Berlin, Germany",Android,Corporate Network,False,False,1
275,fraud,4393.45,1781.88,Target,"New York, USA",Android,Mobile Network,False,False,1
276,fraud,907.1,6447.85,Walmart,"New York, USA",Android,Mobile Network,False,False,1
277,fraud,487.01,-4443.71,Walmart,"Los Angeles, USA",iPad,Home WiFi,False,False,1
277,phone_change,0.0,-4443.71,0,"Los Angeles, USA",iPhone,Mobile Network,False,False,1
278,fraud,1664.17,-8485.81,Apple Store,"New York, USA",iPhone,Public WiFi,False,False,1
278,withdrawal,0.0,-8485.81,0,"Tokyo, Japan",Linux PC,Public WiFi,False,False,1
279,fraud,1751.16,-1587.44,Starbucks,"New York, USA",Android,Mobile Network,False,False,1
279,password_change,0.0,-1587.44,0,"Tokyo, Japan",iPhone,Public WiFi,False,False,1
280,fraud,1399.61,2202.0200000000004,Best Buy,"Los Angeles, USA",Android,Corporate Network,False,False,1
280,withdrawal,0.0,2202.0200000000004,0,"Los Angeles, USA",Windows Laptop,Home WiFi,False,False,1
281,fraud,8681.71,-15361.47,Best Buy,"Los Angeles, USA",Android,Public WiFi,False,False,1
282,fraud,1345.82,2561.949999999999,Amazon,"Berlin, Germany",Android,Mobile Network,False,False,1
283,fraud,540.13,974.4999999999999,Starbucks,"New York, USA",Windows Laptop,Public WiFi,False,False,1
284,fraud,1368.25,4635.63,Target,"New York, USA",iPhone,Corporate Network,False,False,1
285,fraud,1869.31,-1892.38,Target,"Berlin, Germany",iPhone,Mobile Network,False,True,1
285,failed_login,0.0,-1892.38,0,"London, UK",Windows Laptop,Mobile Network,False,False,1
286,fraud,7048.44,-16420.87,Amazon,"Berlin, Germany",MacBook,Home WiFi,False,False,1
287,fraud,1289.35,2417.5,Walmart,"Los Angeles, USA",iPhone,Home WiFi,False,False,1
287,email_change,0.0,2417.5,0,"Los Angeles, USA",MacBook,Public WiFi,False,False,1
288,fraud,2483.61,3211.2100000000005,Best Buy,"New York, USA",MacBook,Mobile Network,False,False,1
289,fraud,765.65,2247.81,Apple Store,"Los Angeles, USA",Windows Laptop,Mobile Network,False,False,1
289,email_change,0.0,2247.81,0,"New York, USA",Android,Public WiFi,False,False,1
290,fraud,40.86,-2382.5499999999997,Target,"London, UK",iPhone,Mobile Network,False,False,1
290,withdrawal,0.0,-2382.5499999999997,0,"New York, USA",MacBook,Home WiFi,False,False,1
291,fraud,938.63,5496.03,Target,"Los Angeles, USA",Android,Mobile Network,False,False,1
292,fraud,219.65,260.4899999999999,Amazon,"Los Angeles, USA",Android,Corporate Network,False,False,1
292,phone_change,0.0,260.4899999999999,0,"Paris, France",Android,Corporate Network,False,False,1
293,fraud,2886.64,-4853.23,Walmart,"Tokyo, Japan",iPhone,Corporate Network,False,False,1
293,failed_login,0.0,-4853.23,0,"Tokyo, Japan",iPhone,Public WiFi,False,False,1
294,fraud,1840.57,4785.17,Amazon,"London, UK",MacBook,Mobile Network,False,False,1
294,deposit,0.0,4785.17,0,"Tokyo, Japan",Android,Home WiFi,False,False,1
295,fraud,1513.49,7346.94,Apple Store,"Tokyo, Japan",iPhone,Mobile Network,False,False,1
296,fraud,199.66,186.37000000000003,Best Buy,"London, UK",iPhone,Public WiFi,False,False,1
296,phone_change,0.0,186.37000000000003,0,"Los Angeles, USA",Android,Corporate Network,False,False,1
297,fraud,3665.21,1251.9800000000005,Walmart,"New York, USA",Android,Public WiFi,False,False,1
297,failed_login,0.0,1251.9800000000005,0,"Paris, France",Android,Corporate Network,False,False,1
298,fraud,1156.3,-194.01999999999975,Best Buy,"Tokyo, Japan",Android,Mobile Network,False,False,1
298,withdrawal,0.0,-194.01999999999975,0,"London, UK",iPhone,Corporate Network,False,False,1
299,fraud,2130.72,7367.25,Best Buy,"London, UK",iPhone,Home WiFi,False,False,1
299,phone_change,0.0,7367.25,0,"Tokyo, Japan",Windows Laptop,Mobile Network,False,False,1
300,fraud,97.36,-104.25000000000007,Amazon,"Los Angeles, USA",Android,Home WiFi,False,False,1
300,withdrawal,0.0,-104.25000000000007,0,"Berlin, Germany",Android,Public WiFi,False,False,1
301,fraud,877.79,-1923.3000000000002,Amazon,"London, UK",Windows Laptop,Public WiFi,False,False,1
302,fraud,1082.72,7123.270000000001,Starbucks,"Berlin, Germany",Windows Laptop,Mobile Network,False,False,1
303,fraud,564.14,1133.1799999999998,Starbucks,"New York, USA",iPhone,Mobile Network,False,False,1
303,password_change,0.0,1133.1799999999998,0,"Tokyo, Japan",Windows Laptop,Corporate Network,False,False,1
304,fraud,419.91,-7186.669999999999,Target,"Paris, France",iPhone,Public WiFi,False,False,1
304,email_change,0.0,-7186.669999999999,0,"London, UK",MacBook,Mobile Network,False,False,1
305,fraud,1473.72,-342.02,Starbucks,"Paris, France",iPhone,Mobile Network,False,False,1
305,withdrawal,0.0,-342.02,0,"New York, USA",Linux PC,Public WiFi,False,False,1
306,fraud,909.13,3442.060000000001,Target,"Los Angeles, USA",iPhone,Public WiFi,False,False,1
307,fraud,148.41,5527.379999999999,Amazon,"Los Angeles, USA",Windows Laptop,Public WiFi,False,False,1
308,fraud,972.18,2124.96,Walmart,"New York, USA",MacBook,Home WiFi,False,False,1
308,password_change,0.0,2124.96,0,"New York, USA",iPhone,Mobile Network,False,False,1
309,fraud,586.48,1753.95,Starbucks,"Berlin, Germany",Windows Laptop,Mobile Network,False,False,1
309,email_change,0.0,1753.95,0,"Los Angeles, USA",iPhone,Mobile Network,False,False,1
310,fraud,2060.54,2630.2800000000007,Apple Store,"Los Angeles, USA",Android,Corporate Network,False,False,1
310,withdrawal,0.0,2630.2800000000007,0,"New York, USA",Windows Laptop,Home WiFi,False,False,1
311,fraud,1194.24,-5686.08,Apple Store,"New York, USA",iPhone,Public WiFi,False,False,1
311,password_change,0.0,-5686.08,0,"Berlin, Germany",Linux PC,Public WiFi,False,False,1
312,fraud,1015.38,-1485.04,Target,"New York, USA",MacBook,Home WiFi,False,False,1
313,fraud,604.34,3962.0,Amazon,"New York, USA",iPhone,Corporate Network,False,False,1
314,fraud,61.37,5066.969999999999,Starbucks,"Berlin, Germany",Android,Mobile Network,False,False,1
315,fraud,176.58,-11.510000000000133,Amazon,"London, UK",Windows Laptop,Home WiFi,False,False,1
315,email_change,0.0,-11.510000000000133,0,"Berlin, Germany",Android,Home WiFi,False,False,1
316,fraud,460.05,-1474.4599999999998,Starbucks,"London, UK",iPad,Home WiFi,False,False,1
317,fraud,2631.72,-1642.5599999999995,Best Buy,"London, UK",Windows Laptop,Home WiFi,False,False,1
318,fraud,2701.5,4768.23,Amazon,"New York, USA",Windows Laptop,Public WiFi,False,False,1
319,fraud,4842.13,-4649.55,Target,"London, UK",iPhone,Public WiFi,False,False,1
320,fraud,1629.95,-1344.2900000000002,Amazon,"London, UK",iPhone,Corporate Network,False,False,1
321,fraud,1006.09,-185.79000000000008,Best Buy,"New York, USA",iPhone,Home WiFi,False,True,1
321,phone_change,0.0,-185.79000000000008,0,"London, UK",Android,Corporate Network,False,False,1
322,fraud,2094.63,-1849.65,Target,"Paris, France",iPhone,Home WiFi,False,False,1
323,fraud,1801.08,-5991.82,Best Buy,"New York, USA",Windows Laptop,Corporate Network,False,False,1
323,phone_change,0.0,-5991.82,0,"Los Angeles, USA",Android,Public WiFi,False,False,1
324,fraud,2511.63,4043.26,Apple Store,"New York, USA",Linux PC,Public WiFi,False,False,1
324,suspicious_login,0.0,4043.26,0,"New York, USA",iPhone,Public WiFi,False,False,1
325,fraud,133.01,1760.2500000000002,Best Buy,"Los Angeles, USA",Android,Home WiFi,False,False,1
325,password_change,0.0,1760.2500000000002,0,"Tokyo, Japan",iPhone,Mobile Network,False,False,1
326,fraud,1699.74,1126.0699999999995,Walmart,"Los Angeles, USA",iPhone,Home WiFi,False,False,1
327,fraud,6196.67,-6327.73,Target,"Berlin, Germany",iPhone,Mobile Network,False,False,1
327,deposit,0.0,-6327.73,0,"Los Angeles, USA",MacBook,Mobile Network,False,True,1
328,fraud,259.48,-7621.68,Walmart,"Paris, France",iPhone,Corporate Network,False,False,1
329,fraud,1961.53,1061.6499999999999,Best Buy,"New York, USA",Windows Laptop,Public WiFi,False,False,1
330,fraud,1040.61,474.1400000000001,Starbucks,"Tokyo, Japan",Android,Home WiFi,False,False,1
331,fraud,920.27,427.9499999999998,Amazon,"London, UK",Android,Mobile Network,False,False,1
332,fraud,398.6,-3855.05,Target,"Tokyo, Japan",MacBook,Public WiFi,False,False,1
332,phone_change,0.0,-3855.05,0,"New York, USA",Windows Laptop,Mobile Network,False,False,1
333,fraud,950.38,2777.19,Target,"New York, USA",Windows Laptop,Public WiFi,False,False,1
334,fraud,1256.15,1128.0099999999998,Apple Store,"London, UK",Linux PC,Mobile Network,False,False,1
334,failed_login,0.0,1128.0099999999998,0,"London, UK",iPhone,Mobile Network,False,False,1
335,fraud,1668.13,-1881.13,Apple Store,"London, UK",iPhone,Home WiFi,False,False,1
335,failed_login,0.0,-1881.13,0,"New York, USA",Android,Corporate Network,True,True,1
336,fraud,145.98,506.3700000000001,Amazon,"Berlin, Germany",Android,Public WiFi,False,False,1
336,withdrawal,0.0,506.3700000000001,0,"Tokyo, Japan",MacBook,Home WiFi,False,False,1
337,fraud,795.94,860.05,Best Buy,"London, UK",Android,Home WiFi,False,False,1
338,fraud,6346.72,-2185.54,Walmart,"Paris, France",Windows Laptop,Public WiFi,False,False,1
339,fraud,619.82,544.8399999999996,Best Buy,"New York, USA",Windows Laptop,Public WiFi,False,False,1
339,phone_change,0.0,544.8399999999996,0,"New York, USA",iPhone,Home WiFi,False,False,1
340,fraud,3583.68,-2600.7299999999996,Best Buy,"London, UK",Windows Laptop,Public WiFi,False,False,1
340,withdrawal,0.0,-2600.7299999999996,0,"Los Angeles, USA",Windows Laptop,Corporate Network,False,False,1
341,fraud,3171.75,-10615.17,Walmart,"Los Angeles, USA",Android,Public WiFi,False,False,1
342,fraud,5781.19,-3375.7,Walmart,"New York, USA",MacBook,Public WiFi,False,False,1
343,fraud,3719.27,-7800.24,Amazon,"New York, USA",MacBook,Mobile Network,False,False,1
344,fraud,330.28,-371.0000000000002,Amazon,"Tokyo, Japan",Windows Laptop,Mobile Network,False,False,1
345,fraud,1548.84,5291.289999999999,Walmart,"London, UK",Android,Corporate Network,False,False,1
345,failed_login,0.0,5291.289999999999,0,"London, UK",Windows Laptop,Corporate Network,False,False,1
346,fraud,272.23,5529.68,Apple Store,"New York, USA",MacBook,Corporate Network,False,False,1
346,email_change,0.0,5529.68,0,"London, UK",Android,Corporate Network,False,False,1
347,fraud,116.89,1765.9599999999998,Target,"Paris, France",Windows Laptop,Public WiFi,False,False,1
347,password_change,0.0,1765.9599999999998,0,"Paris, France",Android,Corporate Network,False,False,1
348,fraud,94.72,-2151.7999999999997,Starbucks,"Paris, France",Android,Corporate Network,False,False,1
349,fraud,1908.43,-7632.5,Walmart,"Paris, France",iPhone,Public WiFi,False,False,1
349,phone_change,0.0,-7632.5,0,"Paris, France",iPhone,Public WiFi,False,True,1
350,fraud,2698.92,-4930.42,Walmart,"New York, USA",Android,Corporate Network,False,False,1
350,suspicious_login,0.0,-4930.42,0,"Los Angeles, USA",iPhone,Corporate Network,False,False,1
351,fraud,1492.0,2289.2500000000005,Starbucks,"New York, USA",Android,Mobile Network,False,False,1
352,fraud,3634.94,-1251.0300000000002,Apple Store,"New York, USA",Windows Laptop,Home WiFi,False,False,1
353,fraud,111.23,1361.3999999999999,Apple Store,"London, UK",Windows Laptop,Corporate Network,False,False,1
354,fraud,82.97,-574.4800000000002,Target,"Los Angeles, USA",iPhone,Public WiFi,False,False,1
355,fraud,407.99,4797.260000000001,Target,"Los Angeles, USA",Windows Laptop,Public WiFi,False,False,1
355,phone_change,0.0,4797.260000000001,0,"Tokyo, Japan",iPhone,Corporate Network,False,False,1
356,fraud,1554.44,1399.92,Apple Store,"New York, USA",Android,Corporate Network,False,False,1
357,fraud,2236.63,1365.02,Starbucks,"London, UK",Windows Laptop,Public WiFi,False,False,1
357,withdrawal,0.0,1365.02,0,"Berlin, Germany",Windows Laptop,Mobile Network,False,False,1
358,fraud,5687.4,-2936.33,Apple Store,"New York, USA",Windows Laptop,Corporate Network,True,False,1
358,email_change,0.0,-2936.33,0,"Tokyo, Japan",iPhone,Corporate Network,False,False,1
359,fraud,1895.38,-473.81999999999994,Best Buy,"Los Angeles, USA",iPhone,Corporate Network,False,False,1
359,withdrawal,0.0,-473.81999999999994,0,"Tokyo, Japan",Windows Laptop,Public WiFi,False,False,1
360,fraud,7.86,1495.7600000000002,Walmart,"New York, USA",Windows Laptop,Corporate Network,False,False,1
360,failed_login,0.0,1495.7600000000002,0,"New York, USA",Windows Laptop,Corporate Network,False,False,1
361,fraud,148.5,60.82999999999993,Starbucks,"New York, USA",Android,Home WiFi,False,False,1
361,email_change,0.0,60.82999999999993,0,"London, UK",iPhone,Home WiFi,False,False,1
362,fraud,35.5,2044.75,Amazon,"Tokyo, Japan",iPhone,Mobile Network,False,False,1
362,withdrawal,0.0,2044.75,0,"New York, USA",Linux PC,Public WiFi,False,False,1
363,fraud,176.79,2430.3500000000004,Amazon,"Tokyo, Japan",Android,Home WiFi,True,False,1
364,fraud,4444.45,5010.74,Amazon,"New York, USA",iPhone,Public WiFi,False,False,1
365,fraud,35.63,826.92,Amazon,"New York, USA",Windows Laptop,Home WiFi,False,False,1
365,suspicious_login,0.0,826.92,0,"New York, USA",iPhone,Corporate Network,False,False,1
366,fraud,309.96,87.19,Walmart,"New York, USA",Windows Laptop,Corporate Network,False,False,1
366,email_change,0.0,87.19,0,"Tokyo, Japan",Android,Home WiFi,False,False,1
367,fraud,2119.67,2305.4800000000005,Best Buy,"Paris, France",Windows Laptop,Public WiFi,False,False,1
367,withdrawal,0.0,2305.4800000000005,0,"New York, USA",Linux PC,Home WiFi,False,False,1
368,fraud,1225.5,-1068.9099999999999,Amazon,"New York, USA",MacBook,Corporate Network,False,False,1
368,withdrawal,0.0,-1068.9099999999999,0,"Berlin, Germany",Windows Laptop,Corporate Network,True,False,1
369,fraud,197.29,-3317.5200000000004,Target,"New York, USA",Android,Corporate Network,True,True,1
369,failed_login,0.0,-3317.5200000000004,0,"Los Angeles, USA",iPhone,Corporate Network,False,False,1
370,fraud,2644.6,-2999.47,Starbucks,"London, UK",iPhone,Home WiFi,False,False,1
370,deposit,0.0,-2999.47,0,"New York, USA",MacBook,Corporate Network,False,False,1
371,fraud,2810.02,-161.9699999999998,Amazon,"Tokyo, Japan",iPhone,Corporate Network,True,False,1
371,phone_change,0.0,-161.9699999999998,0,"New York, USA",Android,Corporate Network,False,False,1
372,fraud,1851.71,-6201.319999999999,Starbucks,"London, UK",MacBook,Home WiFi,False,False,1
373,fraud,63.34,6313.7,Starbucks,"Berlin, Germany",Windows Laptop,Mobile Network,False,False,1
373,password_change,0.0,6313.7,0,"Los Angeles, USA",MacBook,Home WiFi,False,False,1
374,fraud,2702.89,2061.7900000000004,Best Buy,"New York, USA",Windows Laptop,Mobile Network,False,False,1
375,fraud,117.5,9695.759999999998,Starbucks,"Paris, France",iPad,Public WiFi,True,False,1
375,phone_change,0.0,9695.759999999998,0,"London, UK",iPhone,Mobile Network,False,False,1
376,fraud,1947.96,86.24999999999977,Amazon,"New York, USA",MacBook,Mobile Network,False,False,1
377,fraud,3885.7,-2020.8799999999997,Best Buy,"New York, USA",Android,Corporate Network,False,False,1
377,failed_login,0.0,-2020.8799999999997,0,"Los Angeles, USA",Windows Laptop,Mobile Network,False,False,1
378,fraud,1496.68,-7586.2,Walmart,"London, UK",Windows Laptop,Corporate Network,False,False,1
378,password_change,0.0,-7586.2,0,"Los Angeles, USA",iPhone,Public WiFi,False,False,1
379,fraud,204.75,2304.6500000000005,Apple Store,"Los Angeles, USA",MacBook,Mobile Network,False,False,1
379,email_change,0.0,2304.6500000000005,0,"Los Angeles, USA",Android,Public WiFi,False,False,1
380,fraud,707.08,163.2499999999999,Walmart,"New York, USA",Android,Home WiFi,False,False,1
381,fraud,8993.77,-13243.300000000001,Walmart,"London, UK",MacBook,Public WiFi,False,False,1
382,fraud,2856.32,-1810.7800000000004,Amazon,"New York, USA",Windows Laptop,Public WiFi,False,False,1
383,fraud,1059.05,-1200.0,Amazon,"Los Angeles, USA",MacBook,Corporate Network,False,False,1
383,failed_login,0.0,-1200.0,0,"New York, USA",iPhone,Mobile Network,False,False,1
384,fraud,382.77,2386.1,Amazon,"London, UK",iPhone,Corporate Network,False,False,1
384,email_change,0.0,2386.1,0,"Paris, France",iPhone,Mobile Network,False,False,1
385,fraud,1670.64,-1394.6700000000003,Walmart,"New York, USA",Windows Laptop,Corporate Network,False,False,1
385,password_change,0.0,-1394.6700000000003,0,"Tokyo, Japan",Android,Home WiFi,False,False,1
386,fraud,3912.26,-2246.63,Best Buy,"Paris, France",MacBook,Public WiFi,False,False,1
387,fraud,1117.92,-5137.02,Apple Store,"London, UK",Linux PC,Mobile Network,False,False,1
388,fraud,909.39,-827.5699999999998,Best Buy,"London, UK",Windows Laptop,Home WiFi,False,False,1
389,fraud,1492.59,4231.24,Target,"New York, USA",Android,Public WiFi,False,False,1
389,phone_change,0.0,4231.24,0,"Los Angeles, USA",iPhone,Corporate Network,False,False,1
390,fraud,26.6,2580.83,Apple Store,"Paris, France",Windows Laptop,Corporate Network,False,False,1
391,fraud,3455.46,-2494.48,Best Buy,"London, UK",Windows Laptop,Public WiFi,False,False,1
392,fraud,9981.76,-10076.990000000002,Amazon,"Los Angeles, USA",MacBook,Home WiFi,False,False,1
393,fraud,41.02,2697.43,Starbucks,"Tokyo, Japan",Windows Laptop,Corporate Network,False,False,1
393,withdrawal,0.0,2697.43,0,"Tokyo, Japan",MacBook,Home WiFi,False,False,1
394,fraud,21.53,1255.0899999999997,Starbucks,"New York, USA",iPhone,Corporate Network,False,False,1
395,fraud,237.24,540.1199999999995,Best Buy,"Berlin, Germany",iPhone,Public WiFi,False,False,1
395,phone_change,0.0,540.1199999999995,0,"Tokyo, Japan",iPhone,Public WiFi,False,False,1
396,fraud,152.24,2947.2199999999993,Walmart,"Paris, France",iPhone,Home WiFi,False,False,1
396,failed_login,0.0,2947.2199999999993,0,"New York, USA",Windows Laptop,Mobile Network,False,False,1
397,fraud,1889.99,-409.1400000000001,Amazon,"New York, USA",iPhone,Mobile Network,False,False,1
398,fraud,2053.51,-2233.14,Apple Store,"Berlin, Germany",MacBook,Public WiFi,False,False,1
399,fraud,827.46,2397.4300000000003,Target,"Los Angeles, USA",Android,Home WiFi,True,False,1
400,fraud,971.09,4206.46,Target,"New York, USA",iPhone,Public WiFi,False,False,1
400,password_change,0.0,4206.46,0,"New York, USA",iPhone,Mobile Network,False,False,1
401,fraud,1823.74,-1261.4400000000003,Amazon,"London, UK",Windows Laptop,Home WiFi,False,False,1
402,fraud,249.48,556.7399999999998,Apple Store,"New York, USA",Android,Home WiFi,False,False,1
402,password_change,0.0,556.7399999999998,0,"New York, USA",Android,Public WiFi,False,False,1
403,fraud,4528.95,-4044.3099999999995,Target,"Berlin, Germany",iPhone,Home WiFi,False,False,1
404,fraud,921.5,1317.14,Amazon,"Berlin, Germany",Android,Mobile Network,False,True,1
404,phone_change,0.0,1317.14,0,"New York, USA",Linux PC,Home WiFi,False,True,1
405,fraud,74.9,-1555.77,Target,"Tokyo, Japan",iPhone,Mobile Network,False,False,1
406,fraud,807.2,-1645.64,Target,"Los Angeles, USA",Android,Home WiFi,False,False,1
407,fraud,3993.99,-12027.380000000001,Amazon,"Tokyo, Japan",iPhone,Home WiFi,False,False,1
408,fraud,990.72,3385.88,Target,"Los Angeles, USA",iPhone,Corporate Network,False,False,1
408,failed_login,0.0,3385.88,0,"Paris, France",iPhone,Public WiFi,False,False,1
409,fraud,72.31,4223.68,Amazon,"Tokyo, Japan",iPhone,Corporate Network,False,False,1
409,phone_change,0.0,4223.68,0,"New York, USA",iPhone,Home WiFi,False,False,1
410,fraud,889.44,2941.8500000000004,Walmart,"New York, USA",Windows Laptop,Home WiFi,False,False,1
410,phone_change,0.0,2941.8500000000004,0,"New York, USA",Android,Public WiFi,False,False,1
411,fraud,327.8,2982.66,Best Buy,"Berlin, Germany",iPhone,Mobile Network,False,False,1
412,fraud,49.7,5870.95,Walmart,"Los Angeles, USA",Android,Public WiFi,False,False,1
412,withdrawal,0.0,5870.95,0,"Berlin, Germany",Android,Home WiFi,False,True,1
413,fraud,2751.84,-1641.12,Starbucks,"Los Angeles, USA",Windows Laptop,Mobile Network,False,False,1
414,fraud,1942.6,-2638.04,Starbucks,"Los Angeles, USA",iPhone,Mobile Network,False,False,1
415,fraud,1617.98,500.9499999999998,Apple Store,"New York, USA",MacBook,Mobile Network,False,False,1
415,password_change,0.0,500.9499999999998,0,"Berlin, Germany",Linux PC,Corporate Network,False,False,1
416,fraud,506.2,-196.92000000000002,Best Buy,"New York, USA",iPad,Mobile Network,False,False,1
416,email_change,0.0,-196.92000000000002,0,"Los Angeles, USA",Windows Laptop,Home WiFi,False,False,1
417,fraud,2130.26,1163.9800000000005,Amazon,"Tokyo, Japan",MacBook,Corporate Network,False,False,1
418,fraud,4323.03,6399.889999999999,Best Buy,"New York, USA",Android,Home WiFi,False,True,1
419,fraud,2948.89,-3129.04,Target,"New York, USA",Android,Corporate Network,False,False,1
420,fraud,577.63,4105.01,Walmart,"Paris, France",iPhone,Home WiFi,True,False,1
420,phone_change,0.0,4105.01,0,"Tokyo, Japan",Android,Home WiFi,False,False,1
421,fraud,21.24,-1291.7699999999998,Walmart,"Paris, France",Windows Laptop,Public WiFi,False,False,1
422,fraud,201.56,1501.99,Best Buy,"London, UK",Android,Corporate Network,False,False,1
423,fraud,93.5,-299.20000000000005,Walmart,"London, UK",Linux PC,Public WiFi,False,False,1
423,suspicious_login,0.0,-299.20000000000005,0,"New York, USA",Windows Laptop,Corporate Network,False,False,1
424,fraud,2904.92,-1371.48,Amazon,"London, UK",MacBook,Public WiFi,False,False,1
424,suspicious_login,0.0,-1371.48,0,"Berlin, Germany",iPad,Public WiFi,False,False,1
425,fraud,636.12,5766.07,Target,"Los Angeles, USA",Android,Public WiFi,False,False,1
426,fraud,129.67,3354.2700000000004,Amazon,"Los Angeles, USA",iPhone,Mobile Network,False,False,1
427,fraud,9553.16,-6516.84,Starbucks,"Los Angeles, USA",MacBook,Public WiFi,False,False,1
427,withdrawal,0.0,-6516.84,0,"Paris, France",Android,Public WiFi,False,False,1
428,fraud,33.13,-1334.07,Target,"Los Angeles, USA",Windows Laptop,Corporate Network,False,False,1
428,withdrawal,0.0,-1334.07,0,"Los Angeles, USA",iPhone,Corporate Network,False,False,1
429,fraud,4713.23,-3134.6799999999994,Amazon,"Berlin, Germany",Windows Laptop,Public WiFi,False,False,1
430,fraud,75.61,2622.7899999999995,Target,"London, UK",Windows Laptop,Home WiFi,False,False,1
430,phone_change,0.0,2622.7899999999995,0,"New York, USA",Windows Laptop,Corporate Network,False,False,1
431,fraud,1367.59,-6584.750000000001,Best Buy,"Tokyo, Japan",MacBook,Public WiFi,False,False,1
431,withdrawal,0.0,-6584.750000000001,0,"Los Angeles, USA",iPhone,Corporate Network,False,False,1
432,fraud,4186.84,10956.6,Amazon,"Los Angeles, USA",iPad,Home WiFi,False,False,1
432,deposit,0.0,10956.6,0,"New York, USA",Android,Public WiFi,False,False,1
0,deposit,661.96,5139.25,Amazon,"New York, USA",iPhone,Mobile Network,False,False,0
0,password_change,0.0,5139.25,0,"Los Angeles, USA",Windows Laptop,Public WiFi,False,False,0
1,deposit,219.9,2042.0400000000002,Amazon,"Los Angeles, USA",iPhone,Public WiFi,False,False,0
1,email_change,0.0,2042.0400000000002,0,"London, UK",Android,Home WiFi,False,False,0
2,deposit,931.08,2634.03,Target,"New York, USA",Linux PC,Mobile Network,False,False,0
3,deposit,808.44,5531.220000000001,Amazon,"Los Angeles, USA",iPhone,Home WiFi,False,False,0
3,password_change,0.0,5531.220000000001,0,"London, UK",Android,Corporate Network,False,False,0
4,deposit,750.77,6374.800000000001,Walmart,"Los Angeles, USA",Windows Laptop,Home WiFi,True,False,0
5,deposit,104.36,4588.389999999999,Target,"Berlin, Germany",MacBook,Public WiFi,True,False,0
5,password_change,0.0,4588.389999999999,0,"Tokyo, Japan",iPhone,Mobile Network,False,False,0
6,deposit,508.64,3073.62,Walmart,"Tokyo, Japan",Linux PC,Public WiFi,False,True,0
7,withdrawal,491.57,928.2100000000003,Amazon,"New York, USA",Android,Public WiFi,False,False,0
7,phone_change,0.0,928.2100000000003,0,"Paris, France",Android,Home WiFi,False,True,0
8,deposit,997.09,4432.389999999999,Target,"New York, USA",Windows Laptop,Home WiFi,False,False,0
9,deposit,204.5,5246.700000000001,Starbucks,"Los Angeles, USA",iPhone,Corporate Network,False,False,0
10,deposit,644.0,3843.94,Apple Store,"New York, USA",Android,Home WiFi,False,False,0
10,phone_change,0.0,3843.94,0,"London, UK",iPhone,Home WiFi,False,False,0
11,withdrawal,325.32,4258.32,Amazon,"New York, USA",Windows Laptop,Home WiFi,False,False,0
11,email_change,0.0,4258.32,0,"Tokyo, Japan",MacBook,Mobile Network,False,False,0
12,deposit,824.36,4979.2699999999995,Target,"Los Angeles, USA",iPhone,Public WiFi,False,False,0
13,withdrawal,447.82,3549.9600000000005,Amazon,"Berlin, Germany",MacBook,Home WiFi,False,False,0
14,withdrawal,360.1,2998.11,Amazon,"New York, USA",Windows Laptop,Public WiFi,False,False,0
15,deposit,990.8,3058.8899999999994,Starbucks,"Berlin, Germany",MacBook,Home WiFi,False,False,0
15,email_change,0.0,3058.8899999999994,0,"Los Angeles, USA",iPhone,Public WiFi,False,False,0
16,deposit,955.4,3166.92,Amazon,"New York, USA",MacBook,Home WiFi,False,False,0
17,deposit,535.48,2772.58,Walmart,"Berlin, Germany",Android,Public WiFi,False,False,0
18,deposit,172.82,2688.5200000000004,Amazon,"Tokyo, Japan",iPad,Public WiFi,False,False,0
18,phone_change,0.0,2688.5200000000004,0,"Tokyo, Japan",iPhone,Corporate Network,False,False,0
19,withdrawal,290.65,3727.9100000000003,Amazon,"New York, USA",Android,Public WiFi,False,False,0
20,withdrawal,162.07,3019.0799999999995,Best Buy,"Los Angeles, USA",Android,Mobile Network,False,False,0
20,email_change,0.0,3019.0799999999995,0,"Paris, France",Windows Laptop,Public WiFi,False,False,0
21,deposit,877.93,3789.6600000000003,Target,"New York, USA",Android,Home WiFi,False,False,0
22,withdrawal,153.54,4649.330000000001,Walmart,"Berlin, Germany",Android,Corporate Network,False,False,0
23,deposit,370.84,3412.0900000000006,Apple Store,"Los Angeles, USA",Android,Mobile Network,False,False,0
24,deposit,989.76,2560.6499999999996,Target,"Tokyo, Japan",iPhone,Mobile Network,False,False,0
25,withdrawal,252.54,3635.25,Best Buy,"New York, USA",iPhone,Public WiFi,False,False,0
26,deposit,722.64,3536.32,Best Buy,"London, UK",iPhone,Home WiFi,False,True,0
27,deposit,875.85,4903.250000000001,Best Buy,"Los Angeles, USA",Android,Home WiFi,False,False,0
28,withdrawal,482.69,1194.69,Starbucks,"Tokyo, Japan",Android,Home WiFi,False,False,0
28,phone_change,0.0,1194.69,0,"London, UK",Windows Laptop,Corporate Network,False,False,0
29,withdrawal,50.1,3389.33,Walmart,"New York, USA",iPhone,Corporate Network,False,True,0
29,phone_change,0.0,3389.33,0,"Paris, France",Linux PC,Public WiFi,False,False,0
30,deposit,587.32,2655.1200000000003,Starbucks,"New York, USA",iPhone,Public WiFi,True,False,0
31,deposit,185.15,1051.41,Best Buy,"Tokyo, Japan",Windows Laptop,Corporate Network,False,False,0
32,withdrawal,170.89,2835.13,Best Buy,"Paris, France",Android,Home WiFi,False,False,0
33,deposit,567.66,3290.5499999999997,Apple Store,"London, UK",Android,Home WiFi,False,False,0
34,withdrawal,162.64,1785.69,Amazon,"Tokyo, Japan",Android,Mobile Network,False,False,0
35,deposit,793.6,5730.250000000001,Target,"Berlin, Germany",MacBook,Home WiFi,False,False,0
36,withdrawal,280.0,1220.3899999999999,Walmart,"Paris, France",iPhone,Public WiFi,False,False,0
37,withdrawal,368.61,2356.42,Amazon,"New York, USA",iPhone,Corporate Network,False,False,0
38,deposit,826.71,5026.76,Walmart,"London, UK",Windows Laptop,Corporate Network,False,False,0
39,deposit,956.55,6845.42,Amazon,"New York, USA",Android,Corporate Network,False,False,0
40,deposit,380.95,4268.08,Walmart,"London, UK",MacBook,Public WiFi,False,False,0
40,phone_change,0.0,4268.08,0,"Tokyo, Japan",Linux PC,Public WiFi,False,False,0
41,deposit,489.17,7137.9400000000005,Walmart,"Tokyo, Japan",iPhone,Mobile Network,False,False,0
42,deposit,444.88,3293.76,Walmart,"Los Angeles, USA",iPhone,Corporate Network,False,False,0
42,phone_change,0.0,3293.76,0,"Tokyo, Japan",iPhone,Public WiFi,False,False,0
43,withdrawal,65.76,3777.7000000000003,Amazon,"Los Angeles, USA",Linux PC,Public WiFi,False,False,0
44,deposit,799.58,4426.37,Target,"London, UK",Android,Mobile Network,False,False,0
44,email_change,0.0,4426.37,0,"New York, USA",iPhone,Public WiFi,False,False,0
45,deposit,911.35,3779.7599999999998,Best Buy,"Los Angeles, USA",Windows Laptop,Public WiFi,False,False,0
45,password_change,0.0,3779.7599999999998,0,"New York, USA",MacBook,Public WiFi,False,False,0
46,deposit,681.07,5138.669999999999,Target,"London, UK",iPhone,Home WiFi,True,False,0
47,withdrawal,172.25,4051.04,Walmart,"Los Angeles, USA",Windows Laptop,Home WiFi,False,False,0
48,withdrawal,368.75,1912.42,Best Buy,"New York, USA",Linux PC,Home WiFi,False,False,0
48,email_change,0.0,1912.42,0,"Tokyo, Japan",Windows Laptop,Mobile Network,False,False,0
49,deposit,233.03,2223.8199999999997,Amazon,"Tokyo, Japan",Android,Home WiFi,False,False,0
49,phone_change,0.0,2223.8199999999997,0,"Los Angeles, USA",iPhone,Home WiFi,False,True,0
50,deposit,132.55,4990.55,Target,"London, UK",iPhone,Public WiFi,False,False,0
51,deposit,899.78,7098.36,Walmart,"Berlin, Germany",iPhone,Mobile Network,False,False,0
52,withdrawal,395.5,6021.86,Apple Store,"New York, USA",Android,Corporate Network,False,False,0
53,deposit,965.87,4996.2300000000005,Starbucks,"New York, USA",iPad,Mobile Network,False,False,0
54,withdrawal,247.4,3337.8199999999997,Amazon,"Los Angeles, USA",MacBook,Corporate Network,False,False,0
55,withdrawal,341.05,2593.11,Target,"Tokyo, Japan",iPhone,Public WiFi,False,False,0
56,withdrawal,309.14,1584.44,Amazon,"Tokyo, Japan",iPhone,Public WiFi,False,False,0
57,withdrawal,192.92,3465.0499999999997,Amazon,"Tokyo, Japan",Android,Home WiFi,False,False,0
57,email_change,0.0,3465.0499999999997,0,"New York, USA",Android,Public WiFi,False,False,0
58,deposit,209.62,4516.6,Amazon,"New York, USA",Windows Laptop,Home WiFi,False,False,0
59,withdrawal,358.01,1750.6499999999999,Apple Store,"Tokyo, Japan",MacBook,Corporate Network,False,True,0
59,password_change,0.0,1750.6499999999999,0,"New York, USA",Windows Laptop,Home WiFi,False,False,0
60,withdrawal,91.72,3959.02,Amazon,"Tokyo, Japan",iPad,Home WiFi,False,False,0
61,withdrawal,386.06,4770.46,Best Buy,"Berlin, Germany",MacBook,Home WiFi,False,False,0
62,deposit,499.99,6443.61,Walmart,"London, UK",Android,Public WiFi,False,True,0
62,phone_change,0.0,6443.61,0,"Paris, France",iPhone,Public WiFi,False,False,0
63,withdrawal,340.57,2149.94,Best Buy,"New York, USA",Windows Laptop,Public WiFi,False,False,0
64,deposit,917.07,3354.0000000000005,Best Buy,"London, UK",MacBook,Corporate Network,False,False,0
65,withdrawal,109.12,5159.920000000001,Starbucks,"Los Angeles, USA",Windows Laptop,Public WiFi,False,False,0
66,withdrawal,305.53,4256.900000000001,Amazon,"Tokyo, Japan",iPhone,Public WiFi,False,False,0
67,deposit,974.68,2094.42,Apple Store,"New York, USA",Windows Laptop,Public WiFi,False,False,0
68,deposit,467.79,4216.120000000001,Starbucks,"Los Angeles, USA",Android,Corporate Network,False,False,0
69,deposit,540.68,4194.66,Starbucks,"New York, USA",MacBook,Corporate Network,False,False,0
70,deposit,629.67,6384.22,Starbucks,"Berlin, Germany",iPhone,Home WiFi,False,False,0
71,withdrawal,215.84,4595.19,Walmart,"Tokyo, Japan",Windows Laptop,Mobile Network,False,False,0
72,deposit,441.91,3821.67,Amazon,"New York, USA",Android,Corporate Network,False,False,0
73,deposit,176.32,3238.870000000001,Apple Store,"London, UK",Android,Home WiFi,False,False,0
74,deposit,950.86,5990.39,Starbucks,"Tokyo, Japan",iPhone,Corporate Network,False,False,0
75,deposit,653.52,5379.16,Target,"London, UK",Windows Laptop,Corporate Network,False,False,0
76,withdrawal,379.73,2784.3999999999996,Target,"Los Angeles, USA",iPhone,Home WiFi,False,False,0
77,deposit,741.29,5830.639999999999,Apple Store,"New York, USA",Android,Public WiFi,False,False,0
78,deposit,208.11,6970.05,Amazon,"Los Angeles, USA",Android,Mobile Network,False,True,0
79,deposit,852.77,2408.7,Best Buy,"London, UK",Windows Laptop,Home WiFi,False,False,0
79,email_change,0.0,2408.7,0,"New York, USA",iPhone,Corporate Network,False,False,0
80,deposit,330.44,4943.45,Amazon,"Paris, France",iPhone,Mobile Network,False,False,0
81,withdrawal,251.76,2422.8599999999997,Starbucks,"London, UK",Android,Home WiFi,False,False,0
82,deposit,266.08,3217.5,Target,"New York, USA",MacBook,Mobile Network,False,True,0
83,deposit,964.98,6180.99,Apple Store,"Tokyo, Japan",iPad,Mobile Network,False,False,0
84,deposit,369.35,7052.400000000001,Best Buy,"Los Angeles, USA",Android,Corporate Network,False,False,0
84,phone_change,0.0,7052.400000000001,0,"Paris, France",iPad,Public WiFi,False,False,0
85,deposit,931.42,4342.49,Amazon,"Paris, France",MacBook,Home WiFi,False,False,0
86,deposit,547.77,2661.5,Walmart,"Tokyo, Japan",iPhone,Mobile Network,False,False,0
86,phone_change,0.0,2661.5,0,"Los Angeles, USA",iPad,Mobile Network,False,False,0
87,withdrawal,132.87,5171.46,Best Buy,"Tokyo, Japan",iPhone,Public WiFi,False,False,0
88,deposit,704.14,4406.060000000001,Amazon,"Paris, France",Android,Home WiFi,False,False,0
88,phone_change,0.0,4406.060000000001,0,"Paris, France",Android,Public WiFi,False,False,0
89,withdrawal,434.26,5825.12,Walmart,"New York, USA",Linux PC,Home WiFi,False,False,0
90,deposit,493.0,4864.87,Amazon,"Berlin, Germany",Linux PC,Home WiFi,False,False,0
91,withdrawal,243.55,803.8899999999999,Walmart,"London, UK",iPhone,Home WiFi,False,False,0
92,withdrawal,101.2,3587.5600000000004,Best Buy,"Paris, France",Windows Laptop,Home WiFi,False,False,0
93,deposit,405.96,4326.45,Amazon,"New York, USA",iPhone,Corporate Network,False,False,0
93,phone_change,0.0,4326.45,0,"Los Angeles, USA",iPhone,Public WiFi,False,False,0
94,withdrawal,73.33,3857.7200000000003,Best Buy,"London, UK",Windows Laptop,Public WiFi,False,False,0
95,withdrawal,226.41,2330.57,Best Buy,"New York, USA",MacBook,Mobile Network,False,False,0
95,phone_change,0.0,2330.57,0,"New York, USA",iPhone,Public WiFi,False,False,0
96,withdrawal,335.45,5870.18,Walmart,"Berlin, Germany",Windows Laptop,Corporate Network,False,False,0
97,deposit,508.07,5624.84,Walmart,"Berlin, Germany",iPhone,Home WiFi,False,False,0
98,deposit,170.5,4779.05,Target,"Paris, France",iPad,Mobile Network,False,False,0
99,withdrawal,230.1,3142.68,Walmart,"New York, USA",Windows Laptop,Public WiFi,False,False,0
99,password_change,0.0,3142.68,0,"Tokyo, Japan",iPhone,Public WiFi,False,False,0
100,deposit,353.23,2238.83,Amazon,"London, UK",Android,Mobile Network,False,False,0
101,withdrawal,243.21,3181.3199999999997,Target,"London, UK",Android,Mobile Network,False,False,0
102,deposit,136.67,5011.9800000000005,Starbucks,"New York, USA",Windows Laptop,Mobile Network,False,False,0
103,withdrawal,56.33,1998.71,Walmart,"New York, USA",MacBook,Public WiFi,False,False,0
104,withdrawal,247.89,3125.4200000000005,Target,"Berlin, Germany",iPhone,Mobile Network,False,False,0
105,withdrawal,452.46,2871.76,Target,"Tokyo, Japan",Android,Mobile Network,False,False,0
105,password_change,0.0,2871.76,0,"Berlin, Germany",Windows Laptop,Home WiFi,False,False,0
106,deposit,269.15,3248.4999999999995,Best Buy,"London, UK",Windows Laptop,Public WiFi,False,False,0
106,phone_change,0.0,3248.4999999999995,0,"Los Angeles, USA",iPhone,Public WiFi,False,False,0
107,withdrawal,464.86,2301.9199999999996,Starbucks,"New York, USA",iPhone,Corporate Network,False,False,0
108,deposit,133.32,5602.62,Target,"New York, USA",iPhone,Home WiFi,False,False,0
109,withdrawal,150.11,2001.2399999999998,Walmart,"Berlin, Germany",Windows Laptop,Home WiFi,False,False,0
110,withdrawal,62.03,2434.59,Amazon,"New York, USA",Android,Home WiFi,False,False,0
110,phone_change,0.0,2434.59,0,"Tokyo, Japan",Windows Laptop,Mobile Network,False,False,0
111,withdrawal,89.7,2877.39,Target,"Los Angeles, USA",Windows Laptop,Home WiFi,False,False,0
111,phone_change,0.0,2877.39,0,"Los Angeles, USA",iPad,Public WiFi,False,False,0
112,deposit,296.99,5094.810000000001,Walmart,"New York, USA",iPad,Corporate Network,False,False,0
113,deposit,230.54,4014.6500000000005,Amazon,"New York, USA",MacBook,Public WiFi,False,False,0
114,deposit,444.83,4587.82,Amazon,"New York, USA",MacBook,Public WiFi,True,False,0
115,deposit,856.67,5357.53,Amazon,"Tokyo, Japan",iPhone,Public WiFi,False,False,0
115,phone_change,0.0,5357.53,0,"New York, USA",Android,Corporate Network,False,False,0
116,deposit,363.47,5705.03,Starbucks,"Paris, France",Android,Corporate Network,False,False,0
117,withdrawal,375.21,4331.87,Amazon,"New York, USA",Android,Mobile Network,False,False,0
118,withdrawal,146.95,2208.71,Apple Store,"Tokyo, Japan",iPhone,Home WiFi,False,False,0
119,deposit,475.04,2570.45,Walmart,"Los Angeles, USA",Android,Home WiFi,False,False,0
120,deposit,693.01,5885.69,Amazon,"New York, USA",iPhone,Mobile Network,False,False,0
121,deposit,955.23,2840.1000000000004,Best Buy,"New York, USA",MacBook,Corporate Network,False,False,0
122,deposit,324.94,1686.6299999999997,Target,"Los Angeles, USA",MacBook,Corporate Network,False,False,0
123,deposit,355.5,3204.59,Starbucks,"New York, USA",Windows Laptop,Mobile Network,False,False,0
124,deposit,755.75,2988.89,Apple Store,"New York, USA",Android,Home WiFi,False,False,0
125,withdrawal,337.02,4314.799999999999,Apple Store,"New York, USA",iPhone,Public WiFi,False,False,0
126,withdrawal,256.23,5773.6,Apple Store,"Paris, France",MacBook,Mobile Network,True,False,0
127,withdrawal,363.8,5263.219999999999,Target,"Los Angeles, USA",Windows Laptop,Public WiFi,False,False,0
127,phone_change,0.0,5263.219999999999,0,"Paris, France",MacBook,Home WiFi,False,False,0
128,deposit,748.95,4167.09,Amazon,"Tokyo, Japan",Android,Corporate Network,False,False,0
128,phone_change,0.0,4167.09,0,"New York, USA",MacBook,Corporate Network,False,False,0
129,deposit,161.91,6486.950000000001,Walmart,"New York, USA",iPhone,Public WiFi,False,False,0
130,deposit,869.58,6799.849999999999,Amazon,"London, UK",Android,Public WiFi,False,False,0
131,deposit,569.32,3084.07,Best Buy,"Tokyo, Japan",Android,Mobile Network,False,False,0
132,withdrawal,382.06,1596.64,Walmart,"Los Angeles, USA",Windows Laptop,Public WiFi,False,False,0
133,deposit,196.36,3954.03,Amazon,"Los Angeles, USA",Android,Public WiFi,False,False,0
134,withdrawal,413.44,4161.59,Apple Store,"New York, USA",Android,Public WiFi,False,False,0
135,withdrawal,70.46,3942.77,Amazon,"Paris, France",Linux PC,Corporate Network,False,False,0
136,deposit,634.42,3882.53,Amazon,"Berlin, Germany",iPhone,Home WiFi,False,False,0
137,deposit,543.97,2395.2,Best Buy,"Los Angeles, USA",Android,Corporate Network,False,False,0
138,deposit,778.99,5054.959999999999,Walmart,"Berlin, Germany",Android,Public WiFi,False,False,0
139,deposit,146.47,3175.11,Walmart,"London, UK",Android,Home WiFi,False,False,0
140,deposit,294.22,5111.82,Best Buy,"New York, USA",iPhone,Corporate Network,False,False,0
141,deposit,772.12,3197.1499999999996,Amazon,"Berlin, Germany",iPad,Home WiFi,False,False,0
142,deposit,831.64,1022.1699999999998,Apple Store,"Los Angeles, USA",iPhone,Home WiFi,False,False,0
143,withdrawal,89.06,6242.1799999999985,Walmart,"New York, USA",Android,Home WiFi,False,False,0
143,password_change,0.0,6242.1799999999985,0,"Tokyo, Japan",MacBook,Public WiFi,False,False,0
144,withdrawal,369.65,2590.2599999999998,Amazon,"New York, USA",Linux PC,Home WiFi,False,False,0
144,phone_change,0.0,2590.2599999999998,0,"New York, USA",iPad,Public WiFi,False,False,0
145,withdrawal,285.99,3920.1399999999994,Walmart,"London, UK",MacBook,Mobile Network,False,False,0
146,withdrawal,252.65,4780.780000000001,Target,"London, UK",iPad,Mobile Network,False,False,0
147,deposit,260.15,2335.66,Amazon,"New York, USA",iPhone,Corporate Network,False,False,0
148,withdrawal,96.87,3653.23,Target,"Berlin, Germany",Android,Public WiFi,False,False,0
148,phone_change,0.0,3653.23,0,"London, UK",Windows Laptop,Corporate Network,False,False,0
149,deposit,191.67,2535.13,Walmart,"London, UK",Android,Mobile Network,False,False,0
149,phone_change,0.0,2535.13,0,"Paris, France",MacBook,Mobile Network,False,False,0
150,deposit,965.02,5270.77,Apple Store,"London, UK",Android,Public WiFi,False,False,0
151,deposit,912.78,4277.79,Apple Store,"Paris, France",MacBook,Home WiFi,False,False,0
152,deposit,108.36,5233.34,Target,"Los Angeles, USA",Windows Laptop,Home WiFi,True,False,0
153,deposit,418.36,2164.46,Walmart,"Tokyo, Japan",iPhone,Corporate Network,False,False,0
153,phone_change,0.0,2164.46,0,"Tokyo, Japan",iPhone,Public WiFi,False,False,0
154,deposit,862.38,3232.5,Target,"New York, USA",MacBook,Mobile Network,False,False,0
155,deposit,980.04,6757.66,Walmart,"New York, USA",MacBook,Home WiFi,False,False,0
156,deposit,805.1,5479.580000000001,Walmart,"London, UK",Android,Corporate Network,False,False,0
156,phone_change,0.0,5479.580000000001,0,"London, UK",iPhone,Mobile Network,False,False,0
157,deposit,947.15,5715.18,Target,"Berlin, Germany",iPad,Corporate Network,False,False,0
158,deposit,374.86,4466.91,Amazon,"Los Angeles, USA",MacBook,Mobile Network,False,False,0
159,deposit,441.1,1782.4500000000003,Apple Store,"New York, USA",iPhone,Corporate Network,False,False,0
160,withdrawal,228.7,1797.3799999999999,Walmart,"New York, USA",Android,Home WiFi,False,False,0
161,deposit,734.15,5044.75,Target,"Tokyo, Japan",Android,Public WiFi,False,False,0
162,deposit,842.06,2707.18,Walmart,"New York, USA",Windows Laptop,Corporate Network,False,False,0
163,deposit,541.42,3873.19,Walmart,"Los Angeles, USA",iPhone,Public WiFi,False,False,0
164,deposit,826.2,2742.88,Best Buy,"Paris, France",Windows Laptop,Public WiFi,False,False,0
165,deposit,726.31,2614.4300000000003,Best Buy,"London, UK",Android,Corporate Network,False,False,0
166,withdrawal,376.18,2652.11,Amazon,"Tokyo, Japan",iPhone,Corporate Network,False,False,0
167,deposit,249.94,3282.2400000000002,Amazon,"Berlin, Germany",Android,Public WiFi,False,False,0
167,email_change,0.0,3282.2400000000002,0,"Los Angeles, USA",Android,Home WiFi,False,False,0
168,withdrawal,280.91,3364.1200000000003,Apple Store,"Paris, France",iPhone,Corporate Network,False,False,0
169,deposit,516.35,1877.3600000000001,Walmart,"New York, USA",Windows Laptop,Corporate Network,False,True,0
170,deposit,647.97,1323.25,Amazon,"Berlin, Germany",iPhone,Corporate Network,False,False,0
171,withdrawal,325.29,3370.8699999999994,Walmart,"Tokyo, Japan",Linux PC,Public WiFi,False,True,0
172,withdrawal,475.8,1250.8799999999999,Walmart,"Los Angeles, USA",Android,Mobile Network,False,False,0
173,deposit,285.58,6481.29,Amazon,"Los Angeles, USA",MacBook,Corporate Network,False,False,0
173,phone_change,0.0,6481.29,0,"New York, USA",iPad,Home WiFi,False,False,0
174,withdrawal,179.45,1136.7499999999998,Starbucks,"New York, USA",iPhone,Home WiFi,False,False,0
175,withdrawal,307.65,478.31000000000006,Walmart,"Tokyo, Japan",iPad,Mobile Network,False,False,0
176,withdrawal,136.14,2079.61,Apple Store,"New York, USA",iPhone,Home WiFi,True,False,0
177,deposit,865.65,6415.24,Starbucks,"London, UK",Android,Home WiFi,False,False,0
178,withdrawal,68.02,3721.8,Target,"Berlin, Germany",iPad,Public WiFi,True,False,0
179,deposit,399.94,3439.4100000000003,Amazon,"New York, USA",MacBook,Home WiFi,False,False,0
180,deposit,390.26,6179.72,Amazon,"Tokyo, Japan",iPhone,Public WiFi,False,False,0
181,deposit,143.99,5159.889999999999,Target,"Los Angeles, USA",Android,Mobile Network,False,False,0
182,deposit,925.55,3350.3899999999994,Best Buy,"New York, USA",iPhone,Mobile Network,False,False,0
183,withdrawal,211.73,2009.0299999999997,Walmart,"New York, USA",iPhone,Mobile Network,False,False,0
184,deposit,710.03,3653.6399999999994,Target,"London, UK",Android,Public WiFi,False,False,0
185,withdrawal,264.81,2337.3,Walmart,"Berlin, Germany",iPhone,Public WiFi,False,False,0
185,phone_change,0.0,2337.3,0,"New York, USA",Android,Corporate Network,False,False,0
186,withdrawal,208.36,5283.870000000002,Target,"New York, USA",iPhone,Mobile Network,False,True,0
187,withdrawal,392.05,2326.92,Starbucks,"Los Angeles, USA",Windows Laptop,Corporate Network,False,False,0
188,deposit,398.82,3400.7200000000003,Amazon,"Berlin, Germany",Android,Public WiFi,False,False,0
188,password_change,0.0,3400.7200000000003,0,"Tokyo, Japan",MacBook,Public WiFi,False,False,0
189,withdrawal,460.49,3068.05,Target,"Berlin, Germany",Linux PC,Public WiFi,False,False,0
189,phone_change,0.0,3068.05,0,"New York, USA",Windows Laptop,Corporate Network,False,False,0
190,deposit,322.87,3905.55,Amazon,"New York, USA",Windows Laptop,Mobile Network,False,False,0
191,withdrawal,241.59,3667.99,Amazon,"London, UK",Android,Corporate Network,False,True,0
192,withdrawal,495.2,281.09,Amazon,"New York, USA",Android,Mobile Network,False,False,0
193,deposit,686.76,2496.7799999999997,Walmart,"New York, USA",Android,Public WiFi,False,False,0
194,withdrawal,405.14,1965.62,Apple Store,"London, UK",iPhone,Mobile Network,False,False,0
195,deposit,775.54,3099.52,Walmart,"New York, USA",iPad,Corporate Network,False,False,0
196,withdrawal,80.74,2434.7900000000004,Starbucks,"New York, USA",Android,Public WiFi,False,True,0
197,deposit,434.97,5117.34,Amazon,"New York, USA",iPad,Public WiFi,False,False,0
198,deposit,916.99,5462.29,Amazon,"Tokyo, Japan",Android,Corporate Network,False,False,0
199,deposit,627.54,4545.89,Starbucks,"New York, USA",Android,Mobile Network,False,False,0
200,deposit,641.4,3256.5400000000004,Walmart,"Tokyo, Japan",iPhone,Mobile Network,False,False,0
201,deposit,663.57,4238.43,Best Buy,"New York, USA",Android,Public WiFi,False,True,0
202,deposit,745.43,5621.22,Amazon,"Los Angeles, USA",iPhone,Mobile Network,False,False,0
203,deposit,447.79,2441.88,Best Buy,"New York, USA",iPhone,Home WiFi,False,False,0
204,deposit,893.16,6833.169999999999,Walmart,"New York, USA",iPhone,Public WiFi,False,False,0
204,password_change,0.0,6833.169999999999,0,"New York, USA",Windows Laptop,Corporate Network,False,False,0
205,deposit,424.99,3733.9400000000005,Walmart,"New York, USA",Android,Public WiFi,False,False,0
206,withdrawal,135.35,2418.17,Apple Store,"Tokyo, Japan",Windows Laptop,Mobile Network,False,False,0
206,password_change,0.0,2418.17,0,"Los Angeles, USA",iPhone,Home WiFi,False,True,0
207,deposit,637.91,3613.48,Apple Store,"Berlin, Germany",Windows Laptop,Corporate Network,False,False,0
208,withdrawal,337.22,3679.26,Best Buy,"Paris, France",Android,Mobile Network,False,False,0
209,withdrawal,109.79,1986.96,Best Buy,"New York, USA",Windows Laptop,Home WiFi,False,False,0
210,withdrawal,186.79,4401.28,Amazon,"Los Angeles, USA",MacBook,Public WiFi,False,False,0
211,deposit,658.68,3979.6800000000003,Walmart,"Tokyo, Japan",Android,Public WiFi,True,False,0
211,password_change,0.0,3979.6800000000003,0,"Berlin, Germany",MacBook,Home WiFi,False,False,0
212,withdrawal,128.62,5829.06,Walmart,"London, UK",iPhone,Public WiFi,False,False,0
213,deposit,568.99,6252.16,Starbucks,"Tokyo, Japan",iPhone,Corporate Network,False,False,0
214,deposit,967.72,4864.86,Starbucks,"London, UK",MacBook,Mobile Network,False,False,0
215,withdrawal,368.68,5446.389999999999,Amazon,"Los Angeles, USA",Windows Laptop,Mobile Network,False,False,0
216,withdrawal,487.6,4457.469999999999,Walmart,"Paris, France",MacBook,Mobile Network,False,False,0
217,withdrawal,112.07,4821.049999999999,Amazon,"Los Angeles, USA",MacBook,Corporate Network,False,False,0
218,deposit,650.13,3837.1699999999996,Apple Store,"Tokyo, Japan",Android,Corporate Network,False,False,0
219,deposit,286.37,2919.33,Target,"London, UK",Android,Mobile Network,False,False,0
220,withdrawal,80.53,4438.35,Amazon,"London, UK",Android,Mobile Network,False,False,0
220,password_change,0.0,4438.35,0,"Berlin, Germany",iPhone,Corporate Network,False,False,0
221,deposit,906.21,2821.4399999999996,Walmart,"New York, USA",MacBook,Public WiFi,False,False,0
222,withdrawal,294.66,4798.82,Amazon,"Los Angeles, USA",iPhone,Mobile Network,False,True,0
223,deposit,343.14,3002.31,Amazon,"Tokyo, Japan",MacBook,Mobile Network,False,False,0
224,withdrawal,475.3,81.83999999999992,Target,"Los Angeles, USA",Windows Laptop,Public WiFi,False,False,0
225,withdrawal,490.18,3148.9800000000005,Walmart,"Paris, France",iPhone,Home WiFi,False,False,0
226,withdrawal,197.4,2766.11,Best Buy,"Berlin, Germany",Windows Laptop,Corporate Network,False,False,0
226,password_change,0.0,2766.11,0,"Los Angeles, USA",Windows Laptop,Public WiFi,False,False,0
227,deposit,102.74,2400.9399999999996,Target,"New York, USA",Windows Laptop,Public WiFi,False,False,0
228,deposit,680.22,5026.560000000001,Best Buy,"Paris, France",MacBook,Corporate Network,False,False,0
229,deposit,341.26,2514.24,Best Buy,"Los Angeles, USA",Windows Laptop,Home WiFi,True,False,0
230,deposit,534.09,3665.65,Best Buy,"London, UK",Android,Home WiFi,False,False,0
231,deposit,109.9,5320.199999999999,Target,"Paris, France",Windows Laptop,Corporate Network,False,False,0
232,deposit,743.26,2360.9300000000003,Best Buy,"New York, USA",iPhone,Mobile Network,False,False,0
233,withdrawal,325.2,799.3999999999999,Amazon,"New York, USA",iPhone,Home WiFi,False,False,0
234,deposit,710.35,3559.99,Amazon,"New York, USA",Windows Laptop,Mobile Network,False,False,0
234,phone_change,0.0,3559.99,0,"New York, USA",iPad,Corporate Network,False,False,0
235,deposit,390.21,3396.7799999999997,Amazon,"Paris, France",Android,Corporate Network,False,False,0
236,deposit,776.28,6840.040000000001,Target,"Paris, France",Android,Public WiFi,False,False,0
237,deposit,836.99,4034.3599999999997,Amazon,"New York, USA",Windows Laptop,Corporate Network,False,False,0
238,deposit,302.15,3980.9400000000005,Walmart,"London, UK",MacBook,Public WiFi,False,False,0
239,withdrawal,292.48,3089.9199999999996,Amazon,"Tokyo, Japan",MacBook,Public WiFi,False,False,0
240,withdrawal,188.22,1962.2500000000002,Best Buy,"Paris, France",MacBook,Public WiFi,False,False,0
241,withdrawal,84.11,2154.0199999999995,Target,"Los Angeles, USA",MacBook,Corporate Network,False,False,0
241,phone_change,0.0,2154.0199999999995,0,"London, UK",Android,Public WiFi,False,False,0
242,withdrawal,214.3,3774.129999999999,Starbucks,"Berlin, Germany",MacBook,Mobile Network,False,False,0
243,withdrawal,201.13,4013.04,Walmart,"London, UK",Android,Mobile Network,False,False,0
244,deposit,373.79,3070.7400000000002,Target,"Berlin, Germany",iPhone,Corporate Network,False,True,0
245,deposit,551.37,1846.6999999999998,Apple Store,"New York, USA",Android,Public WiFi,False,False,0
245,password_change,0.0,1846.6999999999998,0,"Tokyo, Japan",iPhone,Home WiFi,False,True,0
246,withdrawal,419.23,2469.07,Amazon,"Paris, France",Linux PC,Corporate Network,False,False,0
247,withdrawal,359.59,1825.8700000000001,Apple Store,"London, UK",Android,Public WiFi,False,False,0
248,withdrawal,282.0,2455.7200000000003,Apple Store,"Berlin, Germany",iPhone,Mobile Network,False,False,0
249,deposit,807.3,2828.0199999999995,Target,"New York, USA",Windows Laptop,Home WiFi,False,False,0
250,withdrawal,347.56,1846.6600000000003,Amazon,"New York, USA",MacBook,Home WiFi,False,True,0
251,deposit,471.27,2693.29,Walmart,"Los Angeles, USA",iPhone,Mobile Network,False,False,0
251,password_change,0.0,2693.29,0,"Tokyo, Japan",Linux PC,Mobile Network,False,False,0
252,withdrawal,116.75,801.9300000000001,Target,"Berlin, Germany",Android,Public WiFi,False,False,0
253,withdrawal,392.48,3877.85,Walmart,"Los Angeles, USA",Android,Mobile Network,False,False,0
253,phone_change,0.0,3877.85,0,"Los Angeles, USA",MacBook,Public WiFi,False,False,0
254,deposit,699.92,5164.540000000001,Walmart,"New York, USA",iPhone,Public WiFi,False,False,0
255,withdrawal,73.29,2274.46,Best Buy,"Los Angeles, USA",iPhone,Home WiFi,False,False,0
255,phone_change,0.0,2274.46,0,"London, UK",Windows Laptop,Corporate Network,False,False,0
256,withdrawal,485.99,3771.120000000001,Amazon,"Paris, France",iPhone,Corporate Network,False,False,0
257,deposit,986.2,6309.039999999999,Starbucks,"New York, USA",iPhone,Corporate Network,False,False,0
257,phone_change,0.0,6309.039999999999,0,"London, UK",Windows Laptop,Home WiFi,False,False,0
258,withdrawal,367.69,681.8299999999999,Amazon,"Los Angeles, USA",Windows Laptop,Mobile Network,False,False,0
259,deposit,977.74,4944.24,Amazon,"New York, USA",iPhone,Mobile Network,False,False,0
260,withdrawal,206.02,3655.38,Amazon,"Paris, France",iPhone,Public WiFi,False,False,0
261,deposit,204.53,6075.11,Target,"Los Angeles, USA",Windows Laptop,Public WiFi,False,False,0
262,deposit,811.36,6481.86,Amazon,"New York, USA",Android,Corporate Network,True,False,0
263,deposit,773.78,3220.04,Apple Store,"Berlin, Germany",iPhone,Home WiFi,False,False,0
264,withdrawal,60.02,1122.8100000000002,Amazon,"New York, USA",Android,Mobile Network,False,False,0
265,withdrawal,301.34,3594.2999999999993,Amazon,"Tokyo, Japan",iPhone,Public WiFi,False,False,0
266,withdrawal,67.36,3661.86,Target,"Los Angeles, USA",Windows Laptop,Home WiFi,False,False,0
267,deposit,110.91,3585.64,Walmart,"London, UK",Windows Laptop,Home WiFi,False,False,0
268,deposit,385.89,3008.87,Amazon,"Tokyo, Japan",Windows Laptop,Corporate Network,False,False,0
269,deposit,212.35,5163.81,Best Buy,"New York, USA",Linux PC,Mobile Network,False,False,0
270,withdrawal,254.18,1716.59,Best Buy,"New York, USA",Android,Public WiFi,False,True,0
271,withdrawal,146.04,1861.64,Apple Store,"Paris, France",Android,Corporate Network,False,False,0
271,email_change,0.0,1861.64,0,"Berlin, Germany",iPhone,Home WiFi,False,False,0
272,deposit,544.09,2985.46,Walmart,"New York, USA",Android,Home WiFi,False,False,0
273,withdrawal,449.11,5495.030000000001,Amazon,"New York, USA",iPhone,Corporate Network,False,False,0
274,withdrawal,87.1,2921.85,Walmart,"Los Angeles, USA",MacBook,Mobile Network,False,False,0
275,deposit,422.04,6329.349999999999,Target,"London, UK",Android,Home WiFi,False,False,0
275,phone_change,0.0,6329.349999999999,0,"Los Angeles, USA",iPad,Mobile Network,False,False,0
276,deposit,287.89,4340.68,Walmart,"Berlin, Germany",MacBook,Public WiFi,False,False,0
277,withdrawal,309.26,2454.5999999999995,Walmart,"Los Angeles, USA",Linux PC,Corporate Network,False,False,0
278,deposit,182.43,2841.52,Walmart,"London, UK",iPhone,Corporate Network,False,False,0
278,password_change,0.0,2841.52,0,"New York, USA",Windows Laptop,Public WiFi,False,False,0
279,deposit,447.58,4860.06,Amazon,"Berlin, Germany",iPhone,Home WiFi,False,False,0
280,deposit,300.61,3725.6800000000003,Amazon,"New York, USA",MacBook,Corporate Network,False,False,0
281,deposit,798.61,5355.07,Amazon,"Tokyo, Japan",Android,Mobile Network,False,False,0
282,withdrawal,163.32,4070.81,Walmart,"London, UK",Windows Laptop,Corporate Network,False,False,0
283,deposit,352.08,1901.27,Best Buy,"New York, USA",Windows Laptop,Home WiFi,False,False,0
284,deposit,538.09,4431.44,Amazon,"New York, USA",Windows Laptop,Corporate Network,False,False,0
285,deposit,133.47,1252.2,Target,"New York, USA",iPhone,Public WiFi,False,False,0
286,withdrawal,213.57,3198.5299999999997,Amazon,"Los Angeles, USA",Android,Corporate Network,False,False,0
286,phone_change,0.0,3198.5299999999997,0,"Berlin, Germany",Android,Public WiFi,True,False,0
287,deposit,648.67,6435.21,Walmart,"Berlin, Germany",iPhone,Mobile Network,False,False,0
287,email_change,0.0,6435.21,0,"New York, USA",Android,Mobile Network,False,False,0
288,deposit,285.03,3595.04,Walmart,"Tokyo, Japan",Windows Laptop,Corporate Network,False,False,0
289,deposit,654.56,3607.85,Amazon,"Los Angeles, USA",iPhone,Home WiFi,False,False,0
289,password_change,0.0,3607.85,0,"Los Angeles, USA",Windows Laptop,Public WiFi,False,False,0
290,withdrawal,216.56,2850.36,Best Buy,"Berlin, Germany",Windows Laptop,Corporate Network,False,False,0
291,deposit,489.21,4003.98,Best Buy,"New York, USA",iPad,Corporate Network,False,False,0
292,deposit,391.63,3377.9700000000003,Apple Store,"London, UK",MacBook,Home WiFi,False,True,0
293,deposit,689.22,5082.740000000001,Amazon,"New York, USA",iPhone,Corporate Network,False,False,0
294,deposit,975.81,5016.0599999999995,Amazon,"Tokyo, Japan",iPhone,Corporate Network,False,False,0
295,withdrawal,313.46,4512.900000000001,Best Buy,"Paris, France",iPhone,Mobile Network,False,False,0
295,email_change,0.0,4512.900000000001,0,"Los Angeles, USA",Android,Public WiFi,False,True,0
296,withdrawal,350.08,3716.9899999999993,Best Buy,"New York, USA",iPhone,Corporate Network,False,False,0
297,deposit,651.43,3138.99,Amazon,"Tokyo, Japan",iPhone,Home WiFi,False,False,0
298,deposit,595.74,1583.6100000000001,Best Buy,"Los Angeles, USA",MacBook,Public WiFi,False,True,0
298,phone_change,0.0,1583.6100000000001,0,"Los Angeles, USA",Windows Laptop,Home WiFi,False,False,0
299,withdrawal,137.74,2928.4300000000003,Target,"New York, USA",iPhone,Corporate Network,False,False,0
299,email_change,0.0,2928.4300000000003,0,"London, UK",Windows Laptop,Public WiFi,False,False,0
300,withdrawal,353.23,3265.39,Apple Store,"Tokyo, Japan",Android,Corporate Network,False,False,0
300,password_change,0.0,3265.39,0,"Los Angeles, USA",iPhone,Corporate Network,False,False,0
301,deposit,518.52,2860.0199999999995,Target,"New York, USA",iPhone,Public WiFi,False,False,0
302,deposit,454.42,4082.4700000000003,Walmart,"Los Angeles, USA",Windows Laptop,Public WiFi,False,False,0
302,password_change,0.0,4082.4700000000003,0,"Los Angeles, USA",Windows Laptop,Mobile Network,False,False,0
303,deposit,900.38,3733.42,Target,"Tokyo, Japan",Android,Corporate Network,False,False,0
304,deposit,926.88,4089.83,Walmart,"Berlin, Germany",Windows Laptop,Public WiFi,False,False,0
305,deposit,842.95,7379.250000000001,Amazon,"New York, USA",Windows Laptop,Home WiFi,False,False,0
306,withdrawal,123.69,2255.77,Amazon,"Paris, France",Windows Laptop,Corporate Network,False,False,0
307,deposit,214.87,2998.35,Target,"Paris, France",Windows Laptop,Home WiFi,False,False,0
307,phone_change,0.0,2998.35,0,"Tokyo, Japan",Android,Public WiFi,False,False,0
308,withdrawal,339.47,2591.1800000000003,Target,"London, UK",Android,Corporate Network,False,False,0
309,deposit,726.47,3326.25,Best Buy,"New York, USA",iPhone,Home WiFi,False,False,0
309,phone_change,0.0,3326.25,0,"London, UK",MacBook,Public WiFi,False,False,0
310,deposit,979.72,3710.84,Best Buy,"Berlin, Germany",Windows Laptop,Corporate Network,False,False,0
311,withdrawal,74.04,3843.35,Amazon,"New York, USA",Windows Laptop,Public WiFi,False,False,0
311,phone_change,0.0,3843.35,0,"London, UK",iPhone,Home WiFi,False,False,0
312,deposit,207.44,2230.74,Amazon,"London, UK",iPad,Public WiFi,False,False,0
312,phone_change,0.0,2230.74,0,"Tokyo, Japan",Linux PC,Corporate Network,False,False,0
313,withdrawal,194.3,211.0,Amazon,"Los Angeles, USA",iPhone,Mobile Network,False,False,0
314,deposit,993.86,2634.04,Amazon,"Tokyo, Japan",Windows Laptop,Public WiFi,False,False,0
314,email_change,0.0,2634.04,0,"Berlin, Germany",MacBook,Home WiFi,False,False,0
315,withdrawal,125.91,3391.51,Target,"New York, USA",iPhone,Corporate Network,False,False,0
316,withdrawal,92.67,4002.6699999999996,Best Buy,"Paris, France",iPhone,Mobile Network,False,False,0
316,password_change,0.0,4002.6699999999996,0,"Los Angeles, USA",iPhone,Corporate Network,False,False,0
317,deposit,944.58,4662.37,Amazon,"New York, USA",Windows Laptop,Public WiFi,False,False,0
318,deposit,575.59,2318.0000000000005,Amazon,"New York, USA",Android,Mobile Network,False,False,0
319,deposit,202.78,4779.29,Best Buy,"New York, USA",iPhone,Corporate Network,False,False,0
320,deposit,619.93,5746.030000000001,Amazon,"Los Angeles, USA",iPhone,Home WiFi,True,False,0
321,deposit,590.97,3481.2,Best Buy,"New York, USA",Android,Home WiFi,True,False,0
322,withdrawal,144.67,6036.88,Apple Store,"Tokyo, Japan",MacBook,Public WiFi,False,False,0
323,deposit,111.09,1550.9599999999998,Walmart,"Los Angeles, USA",Android,Public WiFi,False,False,0
324,deposit,550.25,4499.77,Walmart,"London, UK",iPhone,Public WiFi,False,False,0
324,phone_change,0.0,4499.77,0,"Tokyo, Japan",Android,Public WiFi,False,False,0
325,deposit,703.05,1912.33,Target,"New York, USA",MacBook,Mobile Network,False,False,0
325,email_change,0.0,1912.33,0,"New York, USA",Windows Laptop,Corporate Network,False,False,0
326,withdrawal,113.93,3959.6200000000003,Starbucks,"New York, USA",MacBook,Public WiFi,False,False,0
327,deposit,684.56,4245.67,Amazon,"New York, USA",Windows Laptop,Corporate Network,False,False,0
328,deposit,398.52,4602.57,Best Buy,"London, UK",Android,Mobile Network,False,False,0
328,phone_change,0.0,4602.57,0,"New York, USA",iPhone,Corporate Network,False,False,0
329,deposit,282.41,2110.2400000000002,Amazon,"London, UK",Windows Laptop,Home WiFi,False,False,0
330,deposit,379.77,3570.78,Walmart,"Tokyo, Japan",iPhone,Home WiFi,False,False,0
331,deposit,576.67,5631.14,Amazon,"New York, USA",Android,Home WiFi,False,False,0
332,deposit,861.63,6068.9400000000005,Amazon,"New York, USA",iPhone,Corporate Network,False,False,0
333,withdrawal,381.95,2499.61,Apple Store,"New York, USA",MacBook,Mobile Network,True,False,0
334,deposit,466.68,2035.5700000000002,Walmart,"Tokyo, Japan",Android,Home WiFi,False,False,0
335,withdrawal,308.0,2024.1,Best Buy,"Los Angeles, USA",Windows Laptop,Mobile Network,False,True,0
336,withdrawal,185.81,4667.699999999999,Target,"New York, USA",Windows Laptop,Mobile Network,False,False,0
336,phone_change,0.0,4667.699999999999,0,"New York, USA",iPhone,Public WiFi,False,False,0
337,withdrawal,277.2,5097.670000000001,Best Buy,"London, UK",MacBook,Public WiFi,False,False,0
338,deposit,335.08,5419.949999999999,Amazon,"Los Angeles, USA",Linux PC,Home WiFi,False,False,0
339,withdrawal,211.05,3613.2999999999997,Walmart,"London, UK",Windows Laptop,Public WiFi,False,False,0
340,deposit,171.66,4393.889999999999,Best Buy,"Los Angeles, USA",iPhone,Mobile Network,False,False,0
341,deposit,723.58,4896.27,Best Buy,"London, UK",Android,Public WiFi,True,False,0
341,password_change,0.0,4896.27,0,"Tokyo, Japan",Android,Mobile Network,False,True,0
342,deposit,341.09,2116.04,Target,"New York, USA",MacBook,Mobile Network,False,False,0
343,deposit,859.93,4050.7299999999996,Walmart,"New York, USA",iPhone,Corporate Network,False,False,0
344,withdrawal,136.39,2083.69,Walmart,"New York, USA",iPhone,Mobile Network,False,False,0
345,withdrawal,96.64,2352.55,Amazon,"New York, USA",MacBook,Home WiFi,False,False,0
346,deposit,749.08,5164.95,Amazon,"New York, USA",iPhone,Corporate Network,False,False,0
346,password_change,0.0,5164.95,0,"New York, USA",iPhone,Corporate Network,False,False,0
347,deposit,859.78,2567.5299999999997,Amazon,"Berlin, Germany",Android,Corporate Network,False,False,0
347,email_change,0.0,2567.5299999999997,0,"Los Angeles, USA",Windows Laptop,Home WiFi,False,False,0
348,deposit,533.23,4728.65,Walmart,"New York, USA",Windows Laptop,Home WiFi,False,False,0
349,deposit,842.46,5409.36,Apple Store,"Berlin, Germany",iPhone,Mobile Network,False,False,0
350,deposit,655.95,5012.34,Apple Store,"Berlin, Germany",Android,Home WiFi,False,False,0
351,deposit,621.72,4407.3099999999995,Amazon,"London, UK",iPhone,Corporate Network,False,False,0
352,deposit,617.98,2292.5899999999997,Apple Store,"Tokyo, Japan",iPhone,Public WiFi,False,False,0
353,deposit,537.55,4225.41,Best Buy,"London, UK",Android,Public WiFi,False,False,0
354,deposit,355.16,3309.5999999999995,Amazon,"Paris, France",Android,Mobile Network,False,False,0
355,deposit,340.89,4260.14,Apple Store,"Tokyo, Japan",Linux PC,Public WiFi,False,False,0
356,deposit,437.86,3454.92,Amazon,"Paris, France",iPhone,Corporate Network,True,False,0
357,deposit,298.52,4940.280000000001,Best Buy,"Los Angeles, USA",Android,Home WiFi,False,False,0
358,deposit,413.24,6778.239999999999,Amazon,"New York, USA",Windows Laptop,Corporate Network,False,False,0
359,withdrawal,401.72,5735.05,Apple Store,"Tokyo, Japan",Android,Mobile Network,True,False,0
359,password_change,0.0,5735.05,0,"London, UK",Android,Public WiFi,False,True,0
360,withdrawal,144.65,5214.250000000001,Target,"London, UK",MacBook,Home WiFi,False,False,0
361,deposit,315.35,2273.61,Best Buy,"New York, USA",iPhone,Corporate Network,True,False,0
361,phone_change,0.0,2273.61,0,"Los Angeles, USA",Android,Public WiFi,False,False,0
362,withdrawal,346.49,5049.04,Amazon,"New York, USA",iPhone,Public WiFi,True,False,0
363,withdrawal,188.61,1220.4299999999998,Apple Store,"Los Angeles, USA",Linux PC,Public WiFi,False,False,0
363,phone_change,0.0,1220.4299999999998,0,"Los Angeles, USA",iPhone,Home WiFi,False,False,0
364,deposit,729.46,5957.59,Walmart,"Tokyo, Japan",Windows Laptop,Public WiFi,False,False,0
365,withdrawal,374.04,4360.8,Amazon,"Berlin, Germany",iPhone,Public WiFi,True,False,0
366,withdrawal,134.71,1784.2499999999998,Amazon,"Paris, France",Windows Laptop,Home WiFi,False,False,0
367,deposit,154.84,2083.9,Walmart,"Tokyo, Japan",MacBook,Home WiFi,False,False,0
368,deposit,910.26,3356.7400000000007,Amazon,"Paris, France",iPhone,Home WiFi,False,False,0
368,phone_change,0.0,3356.7400000000007,0,"Paris, France",iPhone,Corporate Network,True,False,0
369,deposit,452.62,5499.87,Amazon,"London, UK",MacBook,Corporate Network,False,False,0
370,deposit,221.39,6394.81,Walmart,"New York, USA",Windows Laptop,Home WiFi,False,False,0
370,password_change,0.0,6394.81,0,"Paris, France",iPhone,Corporate Network,False,False,0
371,deposit,443.54,4881.610000000001,Amazon,"London, UK",iPhone,Home WiFi,False,True,0
372,deposit,655.14,4388.13,Amazon,"Tokyo, Japan",MacBook,Mobile Network,False,False,0
372,password_change,0.0,4388.13,0,"New York, USA",Windows Laptop,Home WiFi,False,False,0
373,deposit,795.37,5704.01,Walmart,"Tokyo, Japan",Android,Mobile Network,False,False,0
374,withdrawal,201.95,4318.93,Best Buy,"Tokyo, Japan",iPhone,Home WiFi,False,False,0
375,deposit,476.41,4695.0199999999995,Best Buy,"New York, USA",Android,Mobile Network,False,False,0
376,withdrawal,242.81,2980.72,Amazon,"London, UK",Linux PC,Home WiFi,False,False,0
377,withdrawal,364.47,1716.1799999999996,Amazon,"Los Angeles, USA",iPhone,Mobile Network,False,False,0
378,withdrawal,72.7,6909.48,Amazon,"New York, USA",iPhone,Mobile Network,False,False,0
379,deposit,486.54,2822.7099999999996,Walmart,"New York, USA",Windows Laptop,Public WiFi,False,False,0
379,email_change,0.0,2822.7099999999996,0,"Los Angeles, USA",Android,Corporate Network,False,False,0
380,deposit,979.65,5808.839999999999,Starbucks,"Berlin, Germany",Android,Corporate Network,True,False,0
381,deposit,402.41,1421.05,Walmart,"Los Angeles, USA",iPhone,Mobile Network,False,False,0
382,withdrawal,474.31,1325.7200000000003,Amazon,"Tokyo, Japan",Windows Laptop,Mobile Network,False,False,0
383,deposit,493.14,4476.83,Walmart,"Paris, France",MacBook,Public WiFi,False,False,0
383,phone_change,0.0,4476.83,0,"New York, USA",iPhone,Mobile Network,False,False,0
384,withdrawal,238.6,4208.53,Apple Store,"London, UK",iPad,Mobile Network,False,False,0
384,password_change,0.0,4208.53,0,"New York, USA",Windows Laptop,Corporate Network,False,False,0
385,deposit,716.52,5848.799999999999,Amazon,"New York, USA",Windows Laptop,Corporate Network,False,False,0
386,deposit,834.18,2366.5699999999997,Walmart,"London, UK",Android,Corporate Network,False,False,0
387,withdrawal,153.94,807.4999999999998,Best Buy,"Paris, France",Windows Laptop,Corporate Network,False,False,0
388,deposit,991.38,5074.05,Walmart,"London, UK",Android,Public WiFi,False,True,0
389,deposit,365.89,5397.22,Amazon,"Paris, France",Android,Mobile Network,False,False,0
390,deposit,577.07,4824.62,Best Buy,"Paris, France",Android,Public WiFi,False,False,0
390,email_change,0.0,4824.62,0,"Paris, France",iPad,Corporate Network,False,False,0
391,withdrawal,56.25,6555.79,Walmart,"Los Angeles, USA",MacBook,Mobile Network,False,False,0
392,withdrawal,461.47,3377.42,Target,"New York, USA",iPhone,Corporate Network,False,False,0
393,deposit,398.38,4505.660000000001,Best Buy,"Los Angeles, USA",iPhone,Public WiFi,False,False,0
394,deposit,387.5,3173.04,Walmart,"New York, USA",MacBook,Mobile Network,False,False,0
395,withdrawal,389.5,522.0100000000001,Target,"New York, USA",iPhone,Public WiFi,False,False,0
396,deposit,815.95,4572.3,Walmart,"Berlin, Germany",Windows Laptop,Public WiFi,False,False,0
396,email_change,0.0,4572.3,0,"Berlin, Germany",Android,Corporate Network,False,False,0
397,withdrawal,299.36,1047.7600000000002,Apple Store,"Berlin, Germany",iPhone,Mobile Network,False,False,0
398,deposit,352.5,2087.41,Target,"Paris, France",iPhone,Public WiFi,False,False,0
399,deposit,148.85,3714.9,Walmart,"New York, USA",Android,Home WiFi,False,False,0
400,deposit,513.61,5766.09,Amazon,"Berlin, Germany",Windows Laptop,Mobile Network,False,False,0
401,deposit,107.87,2146.67,Amazon,"London, UK",Linux PC,Mobile Network,False,False,0
401,email_change,0.0,2146.67,0,"Tokyo, Japan",Linux PC,Public WiFi,False,False,0
402,deposit,234.93,5594.69,Starbucks,"Los Angeles, USA",Android,Corporate Network,False,False,0
403,withdrawal,91.58,4435.8099999999995,Apple Store,"Paris, France",iPhone,Corporate Network,False,False,0
404,withdrawal,199.99,2586.41,Walmart,"Los Angeles, USA",Windows Laptop,Mobile Network,False,False,0
405,deposit,128.22,4027.2799999999997,Target,"Los Angeles, USA",MacBook,Mobile Network,False,False,0
406,withdrawal,383.67,2919.5800000000004,Walmart,"New York, USA",MacBook,Corporate Network,False,False,0
406,phone_change,0.0,2919.5800000000004,0,"Tokyo, Japan",Android,Public WiFi,False,False,0
407,withdrawal,352.19,967.8999999999996,Amazon,"New York, USA",Windows Laptop,Home WiFi,False,False,0
408,deposit,971.39,3623.5299999999997,Target,"Tokyo, Japan",iPad,Corporate Network,False,False,0
409,withdrawal,277.73,3538.87,Apple Store,"Los Angeles, USA",Windows Laptop,Mobile Network,False,False,0
410,deposit,176.66,2200.15,Best Buy,"London, UK",Windows Laptop,Home WiFi,False,False,0
411,deposit,398.91,4242.0199999999995,Amazon,"Los Angeles, USA",Android,Public WiFi,False,False,0
412,deposit,473.94,6227.9,Best Buy,"Los Angeles, USA",iPhone,Mobile Network,False,False,0
413,withdrawal,455.99,4569.14,Apple Store,"New York, USA",Android,Home WiFi,False,False,0
414,deposit,767.32,2227.6800000000003,Best Buy,"Berlin, Germany",Windows Laptop,Home WiFi,False,False,0
415,deposit,188.45,4810.31,Apple Store,"Tokyo, Japan",iPhone,Corporate Network,False,False,0
416,deposit,366.2,3553.43,Apple Store,"Tokyo, Japan",MacBook,Home WiFi,False,False,0
417,deposit,766.18,5408.570000000001,Amazon,"Los Angeles, USA",iPhone,Corporate Network,False,False,0
418,withdrawal,142.87,5406.110000000001,Amazon,"Berlin, Germany",Android,Home WiFi,False,False,0
419,deposit,351.79,4577.849999999999,Amazon,"Paris, France",Linux PC,Mobile Network,False,False,0
420,withdrawal,350.05,808.2900000000002,Target,"Los Angeles, USA",Windows Laptop,Mobile Network,False,False,0
421,deposit,873.91,4993.49,Walmart,"London, UK",Android,Home WiFi,False,False,0
422,deposit,463.91,3254.8199999999993,Apple Store,"Berlin, Germany",iPhone,Public WiFi,False,False,0
423,deposit,498.99,2548.2300000000005,Amazon,"Paris, France",Windows Laptop,Corporate Network,False,False,0
424,withdrawal,89.39,3949.7000000000003,Best Buy,"Tokyo, Japan",iPhone,Public WiFi,False,False,0
425,deposit,853.21,3520.8599999999997,Walmart,"New York, USA",Android,Corporate Network,False,False,0
426,deposit,414.09,2600.3899999999994,Target,"London, UK",Android,Public WiFi,False,False,0
427,withdrawal,382.54,2841.0,Amazon,"Tokyo, Japan",Windows Laptop,Corporate Network,False,True,0
428,deposit,902.12,2829.15,Starbucks,"Berlin, Germany",Android,Corporate Network,False,False,0
429,withdrawal,499.33,4394.61,Apple Store,"New York, USA",Windows Laptop,Corporate Network,False,False,0
430,deposit,912.71,2616.99,Target,"New York, USA",Android,Public WiFi,False,False,0
430,phone_change,0.0,2616.99,0,"Paris, France",Android,Public WiFi,False,False,0
431,deposit,176.41,3718.2799999999997,Amazon,"London, UK",iPhone,Public WiFi,False,False,0
432,deposit,522.1,4332.46,Walmart,"New York, USA",Android,Public WiFi,False,False,0
433,withdrawal,223.13,3929.9400000000005,Apple Store,"Tokyo, Japan",iPhone,Home WiFi,False,False,0
434,withdrawal,95.99,1790.6500000000003,Amazon,"Berlin, Germany",iPhone,Home WiFi,False,False,0
435,deposit,585.07,5613.71,Amazon,"Tokyo, Japan",Android,Home WiFi,False,False,0
436,deposit,843.45,3795.42,Walmart,"Berlin, Germany",iPhone,Mobile Network,False,False,0
437,withdrawal,200.92,1423.02,Walmart,"Tokyo, Japan",Android,Home WiFi,False,False,0
438,withdrawal,189.62,5469.05,Starbucks,"Berlin, Germany",Android,Home WiFi,False,False,0
438,password_change,0.0,5469.05,0,"Los Angeles, USA",Android,Corporate Network,False,False,0
439,deposit,894.58,1638.91,Amazon,"New York, USA",Android,Home WiFi,False,False,0
440,deposit,353.24,2276.7,Apple Store,"New York, USA",Android,Public WiFi,False,False,0
441,withdrawal,453.1,2999.87,Apple Store,"Paris, France",Linux PC,Mobile Network,False,False,0
442,withdrawal,275.34,4811.969999999999,Amazon,"Los Angeles, USA",Windows Laptop,Home WiFi,False,False,0
443,deposit,874.27,5685.610000000001,Target,"Berlin, Germany",Android,Mobile Network,False,False,0
444,withdrawal,402.01,3019.5499999999993,Amazon,"New York, USA",iPad,Mobile Network,False,False,0
445,withdrawal,86.76,6026.09,Apple Store,"Tokyo, Japan",Windows Laptop,Public WiFi,False,False,0
446,deposit,793.29,4157.1900000000005,Amazon,"Berlin, Germany",Linux PC,Corporate Network,True,False,0
447,withdrawal,77.15,3818.37,Target,"Los Angeles, USA",Android,Mobile Network,False,False,0
448,deposit,740.26,5868.05,Best Buy,"Berlin, Germany",MacBook,Mobile Network,False,False,0
449,deposit,489.81,2301.7000000000003,Apple Store,"Paris, France",Linux PC,Home WiFi,False,False,0
450,withdrawal,498.62,5843.64,Amazon,"Los Angeles, USA",Windows Laptop,Corporate Network,False,False,0
451,deposit,640.46,1031.2800000000002,Walmart,"Los Angeles, USA",iPhone,Home WiFi,False,False,0
452,deposit,595.35,6297.24,Amazon,"London, UK",Linux PC,Mobile Network,False,False,0
453,deposit,645.37,3441.96,Target,"Paris, France",Linux PC,Home WiFi,False,False,0
454,deposit,267.42,4237.58,Walmart,"Paris, France",iPhone,Mobile Network,False,False,0
455,deposit,305.48,4872.33,Amazon,"London, UK",Android,Corporate Network,False,False,0
455,email_change,0.0,4872.33,0,"London, UK",iPhone,Home WiFi,False,False,0
456,deposit,471.46,6633.049999999999,Target,"London, UK",Windows Laptop,Corporate Network,False,False,0
457,deposit,462.4,7630.02,Amazon,"Los Angeles, USA",iPhone,Mobile Network,False,False,0
458,deposit,236.63,3037.11,Starbucks,"London, UK",Android,Public WiFi,False,False,0
459,deposit,575.73,4688.870000000001,Amazon,"Paris, France",iPhone,Mobile Network,True,False,0
460,deposit,833.26,4999.37,Walmart,"Berlin, Germany",Android,Home WiFi,False,False,0
461,deposit,597.25,5719.129999999999,Amazon,"Los Angeles, USA",iPhone,Mobile Network,False,False,0
462,deposit,925.24,2905.7200000000003,Amazon,"London, UK",iPhone,Public WiFi,True,False,0
463,deposit,255.86,5232.389999999999,Amazon,"London, UK",Windows Laptop,Corporate Network,False,False,0
463,phone_change,0.0,5232.389999999999,0,"New York, USA",iPhone,Corporate Network,False,False,0
464,withdrawal,299.23,4590.530000000001,Walmart,"Berlin, Germany",iPhone,Mobile Network,False,False,0
465,deposit,900.51,4101.3099999999995,Walmart,"New York, USA",iPad,Public WiFi,False,False,0
466,deposit,738.05,4977.4400000000005,Walmart,"Los Angeles, USA",iPhone,Public WiFi,False,False,0
467,deposit,579.81,5473.550000000001,Amazon,"London, UK",Android,Mobile Network,False,False,0
468,deposit,591.89,3293.2899999999995,Apple Store,"New York, USA",iPad,Public WiFi,False,False,0
469,deposit,557.6,4419.4,Amazon,"Los Angeles, USA",iPhone,Corporate Network,False,False,0
470,deposit,119.51,2603.32,Amazon,"London, UK",MacBook,Public WiFi,False,True,0
471,withdrawal,432.46,3037.7000000000003,Amazon,"Tokyo, Japan",Android,Mobile Network,False,False,0
472,withdrawal,56.44,6336.31,Amazon,"Paris, France",iPhone,Mobile Network,False,False,0
473,deposit,370.32,872.9799999999998,Best Buy,"Tokyo, Japan",iPhone,Home WiFi,False,False,0
474,withdrawal,56.78,4669.179999999999,Walmart,"Berlin, Germany",iPhone,Public WiFi,False,False,0
475,deposit,172.93,5644.619999999999,Walmart,"New York, USA",Linux PC,Mobile Network,False,False,0
476,deposit,895.26,4220.820000000001,Starbucks,"New York, USA",Windows Laptop,Corporate Network,False,False,0
477,withdrawal,82.73,4142.6900000000005,Target,"Tokyo, Japan",iPad,Corporate Network,False,False,0
477,phone_change,0.0,4142.6900000000005,0,"Paris, France",Windows Laptop,Public WiFi,False,False,0
478,deposit,484.77,5382.879999999999,Walmart,"Tokyo, Japan",Windows Laptop,Home WiFi,False,False,0
479,withdrawal,363.25,5769.490000000001,Best Buy,"Los Angeles, USA",iPhone,Public WiFi,False,False,0
480,withdrawal,70.46,300.81,Amazon,"Berlin, Germany",Windows Laptop,Mobile Network,False,False,0
481,deposit,908.18,3842.2699999999995,Amazon,"Paris, France",Android,Corporate Network,False,False,0
481,email_change,0.0,3842.2699999999995,0,"New York, USA",Windows Laptop,Corporate Network,False,False,0
482,deposit,372.44,3353.6800000000003,Amazon,"New York, USA",iPhone,Corporate Network,False,False,0
482,email_change,0.0,3353.6800000000003,0,"Paris, France",iPhone,Mobile Network,False,False,0
483,deposit,668.44,5249.34,Best Buy,"Tokyo, Japan",Windows Laptop,Public WiFi,False,False,0
484,deposit,233.21,3551.39,Amazon,"Berlin, Germany",MacBook,Corporate Network,False,False,0
485,withdrawal,330.57,4577.92,Apple Store,"London, UK",MacBook,Home WiFi,False,False,0
485,email_change,0.0,4577.92,0,"London, UK",MacBook,Mobile Network,False,False,0
486,withdrawal,170.89,3351.7799999999997,Amazon,"Los Angeles, USA",Android,Public WiFi,False,False,0
487,deposit,724.73,3908.7400000000002,Amazon,"Tokyo, Japan",iPhone,Public WiFi,False,False,0
487,phone_change,0.0,3908.7400000000002,0,"New York, USA",iPhone,Public WiFi,False,False,0
488,deposit,155.36,3902.53,Amazon,"New York, USA",MacBook,Mobile Network,False,False,0
489,deposit,383.55,6148.150000000001,Starbucks,"Tokyo, Japan",Android,Home WiFi,False,False,0
490,deposit,712.29,5031.04,Amazon,"New York, USA",iPad,Public WiFi,True,False,0
491,withdrawal,179.09,2989.3399999999997,Walmart,"Tokyo, Japan",Linux PC,Mobile Network,False,False,0
492,withdrawal,112.81,3628.1800000000003,Apple Store,"Berlin, Germany",Android,Public WiFi,False,False,0
492,email_change,0.0,3628.1800000000003,0,"Los Angeles, USA",iPhone,Home WiFi,False,False,0
493,deposit,967.0,6158.120000000001,Amazon,"Paris, France",Windows Laptop,Corporate Network,False,False,0
494,deposit,559.89,5867.51,Best Buy,"Tokyo, Japan",Windows Laptop,Mobile Network,False,False,0
495,deposit,460.77,3349.4100000000003,Target,"Los Angeles, USA",Android,Home WiFi,False,False,0
495,email_change,0.0,3349.4100000000003,0,"New York, USA",Windows Laptop,Home WiFi,False,False,0
496,withdrawal,482.34,2805.7699999999995,Best Buy,"New York, USA",Windows Laptop,Mobile Network,False,False,0
497,deposit,867.47,6304.63,Target,"New York, USA",iPhone,Home WiFi,False,True,0
498,withdrawal,216.36,4924.58,Walmart,"Tokyo, Japan",Linux PC,Corporate Network,False,False,0
498,password_change,0.0,4924.58,0,"London, UK",Android,Public WiFi,False,False,0
499,deposit,234.05,5808.87,Amazon,"London, UK",MacBook,Mobile Network,False,False,0
500,withdrawal,68.89,1341.2399999999998,Target,"Tokyo, Japan",Android,Corporate Network,False,False,0
500,phone_change,0.0,1341.2399999999998,0,"New York, USA",MacBook,Mobile Network,False,False,0
501,deposit,483.7,4911.98,Amazon,"Tokyo, Japan",Android,Corporate Network,False,False,0
502,deposit,355.19,3758.2400000000002,Walmart,"New York, USA",Android,Corporate Network,False,False,0
503,deposit,395.9,1298.8599999999997,Best Buy,"Tokyo, Japan",iPhone,Mobile Network,False,False,0
504,deposit,611.65,6354.879999999999,Starbucks,"Los Angeles, USA",MacBook,Mobile Network,False,False,0
505,withdrawal,186.16,4658.5599999999995,Walmart,"Los Angeles, USA",MacBook,Corporate Network,False,False,0
506,deposit,450.95,5523.860000000001,Walmart,"Tokyo, Japan",Linux PC,Home WiFi,False,False,0
507,withdrawal,380.04,410.0599999999999,Target,"Los Angeles, USA",Windows Laptop,Public WiFi,False,False,0
508,deposit,470.02,4489.969999999999,Target,"London, UK",iPhone,Public WiFi,False,False,0
508,password_change,0.0,4489.969999999999,0,"Tokyo, Japan",MacBook,Mobile Network,False,False,0
509,withdrawal,383.4,2807.6099999999997,Starbucks,"Los Angeles, USA",iPhone,Corporate Network,False,True,0
509,phone_change,0.0,2807.6099999999997,0,"Tokyo, Japan",iPhone,Public WiFi,False,False,0
510,withdrawal,478.64,4343.139999999999,Walmart,"London, UK",Android,Home WiFi,False,False,0
511,deposit,609.59,4969.289999999999,Amazon,"New York, USA",Windows Laptop,Public WiFi,True,False,0
512,deposit,118.92,2394.2300000000005,Amazon,"Tokyo, Japan",iPhone,Public WiFi,False,False,0
513,withdrawal,318.59,2916.0099999999998,Walmart,"Berlin, Germany",Windows Laptop,Corporate Network,False,False,0
514,deposit,444.98,3047.2799999999997,Amazon,"Los Angeles, USA",Android,Public WiFi,False,False,0
514,email_change,0.0,3047.2799999999997,0,"Tokyo, Japan",Windows Laptop,Corporate Network,False,True,0
515,deposit,528.02,1876.1200000000001,Amazon,"New York, USA",MacBook,Home WiFi,False,False,0
516,withdrawal,426.03,871.49,Walmart,"New York, USA",Android,Corporate Network,False,False,0
516,email_change,0.0,871.49,0,"New York, USA",Android,Public WiFi,False,False,0
517,deposit,193.41,3303.15,Amazon,"Tokyo, Japan",iPhone,Public WiFi,False,False,0
518,withdrawal,282.61,2777.13,Amazon,"London, UK",iPhone,Home WiFi,False,False,0
519,deposit,463.99,5098.65,Best Buy,"London, UK",Android,Public WiFi,False,False,0
520,deposit,937.21,3589.89,Apple Store,"London, UK",Windows Laptop,Mobile Network,False,False,0
520,email_change,0.0,3589.89,0,"New York, USA",MacBook,Corporate Network,False,False,0
521,deposit,669.41,3708.8799999999997,Amazon,"London, UK",Windows Laptop,Corporate Network,False,False,0
522,deposit,898.31,5980.1,Amazon,"Paris, France",Windows Laptop,Corporate Network,False,False,0
523,withdrawal,394.42,3928.75,Walmart,"Berlin, Germany",Android,Public WiFi,False,False,0
524,withdrawal,195.49,5017.01,Apple Store,"Tokyo, Japan",Windows Laptop,Mobile Network,True,False,0
525,deposit,217.4,1665.15,Amazon,"Los Angeles, USA",iPhone,Public WiFi,False,False,0
525,email_change,0.0,1665.15,0,"Paris, France",iPad,Corporate Network,False,False,0
526,withdrawal,135.8,4823.09,Best Buy,"Los Angeles, USA",iPhone,Home WiFi,False,False,0
527,withdrawal,216.03,1808.3300000000002,Best Buy,"London, UK",iPhone,Mobile Network,False,False,0
528,withdrawal,61.25,3968.9000000000005,Target,"New York, USA",Windows Laptop,Mobile Network,False,False,0
529,deposit,420.26,4792.21,Apple Store,"Berlin, Germany",Linux PC,Mobile Network,False,True,0
529,password_change,0.0,4792.21,0,"Berlin, Germany",Windows Laptop,Public WiFi,False,False,0
530,deposit,667.57,2893.0800000000004,Amazon,"New York, USA",MacBook,Mobile Network,False,False,0
531,deposit,708.24,4373.75,Amazon,"New York, USA",Windows Laptop,Corporate Network,False,False,0
532,deposit,265.31,6561.740000000001,Best Buy,"London, UK",Windows Laptop,Public WiFi,False,False,0
533,deposit,964.18,4164.21,Walmart,"Paris, France",Windows Laptop,Public WiFi,False,False,0
534,withdrawal,480.43,4374.91,Walmart,"Berlin, Germany",Android,Home WiFi,False,False,0
535,deposit,373.46,3970.26,Walmart,"New York, USA",Android,Corporate Network,False,False,0
535,phone_change,0.0,3970.26,0,"Paris, France",iPhone,Public WiFi,False,False,0
536,deposit,951.96,4972.8099999999995,Best Buy,"New York, USA",MacBook,Public WiFi,False,False,0
537,deposit,414.45,2179.4500000000003,Apple Store,"Los Angeles, USA",Android,Mobile Network,False,False,0
538,deposit,260.05,6807.5199999999995,Apple Store,"Berlin, Germany",MacBook,Mobile Network,False,False,0
539,deposit,598.91,5509.3099999999995,Walmart,"Los Angeles, USA",iPhone,Corporate Network,False,True,0
539,phone_change,0.0,5509.3099999999995,0,"Los Angeles, USA",iPhone,Public WiFi,False,False,0
540,deposit,716.49,6361.110000000001,Amazon,"Berlin, Germany",MacBook,Corporate Network,False,False,0
541,withdrawal,252.94,1999.73,Best Buy,"Berlin, Germany",MacBook,Home WiFi,False,False,0
542,deposit,371.73,3187.08,Best Buy,"Paris, France",iPhone,Mobile Network,False,False,0
543,withdrawal,418.15,3907.1600000000003,Amazon,"Los Angeles, USA",iPhone,Mobile Network,False,False,0
544,deposit,440.54,3348.7300000000005,Starbucks,"New York, USA",MacBook,Home WiFi,False,False,0
545,withdrawal,484.83,1258.4299999999998,Walmart,"Tokyo, Japan",MacBook,Corporate Network,False,False,0
546,deposit,178.05,3492.5600000000004,Apple Store,"Tokyo, Japan",Android,Corporate Network,False,False,0
547,withdrawal,77.08,3913.8399999999997,Amazon,"New York, USA",Windows Laptop,Corporate Network,False,False,0
548,withdrawal,404.72,4494.509999999999,Apple Store,"New York, USA",Linux PC,Mobile Network,True,False,0
549,deposit,375.07,4450.42,Walmart,"Los Angeles, USA",Android,Corporate Network,False,False,0
550,withdrawal,107.88,3626.7599999999998,Walmart,"Berlin, Germany",iPhone,Public WiFi,False,False,0
551,withdrawal,412.67,3852.46,Amazon,"New York, USA",Windows Laptop,Corporate Network,False,False,0
552,withdrawal,164.47,3494.1800000000003,Walmart,"New York, USA",Android,Corporate Network,False,False,0
553,withdrawal,364.42,3903.7299999999996,Amazon,"Los Angeles, USA",Android,Home WiFi,False,False,0
553,phone_change,0.0,3903.7299999999996,0,"London, UK",MacBook,Mobile Network,False,False,0
554,deposit,835.1,2872.9900000000002,Amazon,"Tokyo, Japan",Windows Laptop,Home WiFi,False,False,0
555,deposit,344.16,5980.9400000000005,Amazon,"New York, USA",iPhone,Corporate Network,False,True,0
556,deposit,273.47,5628.31,Amazon,"Los Angeles, USA",iPhone,Home WiFi,False,False,0
557,withdrawal,160.9,3489.31,Starbucks,"Los Angeles, USA",MacBook,Home WiFi,True,False,0
558,deposit,742.28,4091.3999999999996,Amazon,"New York, USA",Android,Mobile Network,False,False,0
559,withdrawal,129.77,5661.6399999999985,Starbucks,"Berlin, Germany",Android,Mobile Network,False,False,0
560,deposit,850.37,5141.78,Best Buy,"New York, USA",MacBook,Public WiFi,False,False,0
561,deposit,511.53,3907.4399999999996,Amazon,"Tokyo, Japan",iPhone,Public WiFi,False,True,0
562,withdrawal,94.0,4918.120000000001,Starbucks,"New York, USA",iPhone,Public WiFi,False,False,0
563,deposit,264.38,3929.22,Best Buy,"Paris, France",Windows Laptop,Public WiFi,False,False,0
563,email_change,0.0,3929.22,0,"Paris, France",MacBook,Home WiFi,False,False,0
564,deposit,855.87,4518.14,Walmart,"Berlin, Germany",iPhone,Mobile Network,False,False,0
564,password_change,0.0,4518.14,0,"New York, USA",Android,Corporate Network,False,False,0
565,withdrawal,445.64,3142.69,Amazon,"London, UK",iPhone,Corporate Network,False,False,0
566,deposit,404.9,3853.2400000000002,Amazon,"New York, USA",iPhone,Mobile Network,False,False,0
566,email_change,0.0,3853.2400000000002,0,"Paris, France",iPhone,Public WiFi,False,False,0
567,withdrawal,142.18,2264.41,Walmart,"New York, USA",iPhone,Corporate Network,False,False,0
568,deposit,277.65,1620.1,Walmart,"Los Angeles, USA",Android,Public WiFi,False,False,0
568,phone_change,0.0,1620.1,0,"New York, USA",iPhone,Home WiFi,False,False,0
569,deposit,961.24,2352.01,Amazon,"Berlin, Germany",iPhone,Corporate Network,False,False,0
569,password_change,0.0,2352.01,0,"Los Angeles, USA",Windows Laptop,Corporate Network,False,False,0
570,deposit,949.19,3911.69,Amazon,"Los Angeles, USA",Windows Laptop,Public WiFi,False,False,0
571,withdrawal,199.37,1934.23,Starbucks,"Los Angeles, USA",Windows Laptop,Mobile Network,False,False,0
572,withdrawal,309.89,5578.469999999999,Best Buy,"Los Angeles, USA",Windows Laptop,Corporate Network,False,False,0
572,email_change,0.0,5578.469999999999,0,"Tokyo, Japan",Linux PC,Public WiFi,False,False,0
573,withdrawal,245.31,985.8600000000001,Best Buy,"New York, USA",iPhone,Corporate Network,False,False,0
574,withdrawal,474.99,338.13999999999976,Target,"Berlin, Germany",iPhone,Home WiFi,False,False,0
574,phone_change,0.0,338.13999999999976,0,"Tokyo, Japan",Windows Laptop,Mobile Network,False,False,0
575,withdrawal,370.12,2375.23,Best Buy,"New York, USA",Windows Laptop,Public WiFi,False,False,0
576,deposit,899.77,7426.08,Amazon,"Los Angeles, USA",iPad,Corporate Network,False,False,0
577,withdrawal,186.19,1823.77,Apple Store,"New York, USA",Windows Laptop,Home WiFi,True,False,0
578,deposit,898.48,5208.73,Amazon,"London, UK",MacBook,Mobile Network,False,False,0
579,withdrawal,97.11,3974.3099999999995,Best Buy,"Berlin, Germany",Android,Home WiFi,False,False,0
580,withdrawal,346.24,4201.05,Walmart,"Tokyo, Japan",iPhone,Public WiFi,False,False,0
581,deposit,967.77,4667.2300000000005,Amazon,"London, UK",MacBook,Mobile Network,False,False,0
582,deposit,954.07,2447.85,Starbucks,"Tokyo, Japan",Android,Home WiFi,False,False,0
583,withdrawal,450.47,3804.6399999999994,Walmart,"New York, USA",Android,Public WiFi,False,False,0
584,deposit,352.5,3429.56,Starbucks,"Berlin, Germany",iPad,Mobile Network,False,False,0
585,withdrawal,317.25,1982.9300000000003,Walmart,"Berlin, Germany",Android,Public WiFi,False,False,0
585,email_change,0.0,1982.9300000000003,0,"New York, USA",iPhone,Mobile Network,False,False,0
586,deposit,558.46,2824.33,Walmart,"New York, USA",Linux PC,Mobile Network,False,True,0
587,withdrawal,206.65,3335.3499999999995,Target,"New York, USA",Windows Laptop,Mobile Network,False,False,0
587,phone_change,0.0,3335.3499999999995,0,"London, UK",Windows Laptop,Corporate Network,False,False,0
588,deposit,603.28,3342.9799999999996,Starbucks,"London, UK",Android,Mobile Network,False,True,0
588,email_change,0.0,3342.9799999999996,0,"Los Angeles, USA",iPhone,Home WiFi,True,True,0
589,withdrawal,407.25,5109.070000000001,Best Buy,"Los Angeles, USA",Android,Public WiFi,False,False,0
590,deposit,443.63,4025.53,Amazon,"New York, USA",Windows Laptop,Corporate Network,False,False,0
591,deposit,376.65,2892.9500000000007,Amazon,"Tokyo, Japan",Android,Home WiFi,False,False,0
592,deposit,384.83,5956.36,Walmart,"New York, USA",MacBook,Public WiFi,False,False,0
592,password_change,0.0,5956.36,0,"New York, USA",Android,Mobile Network,False,False,0
593,withdrawal,211.01,3539.66,Best Buy,"Berlin, Germany",Android,Home WiFi,False,False,0
594,deposit,348.11,5295.349999999999,Starbucks,"Paris, France",iPhone,Corporate Network,False,False,0
594,password_change,0.0,5295.349999999999,0,"New York, USA",Windows Laptop,Corporate Network,False,False,0
595,deposit,412.18,3516.1599999999994,Walmart,"Los Angeles, USA",Android,Corporate Network,False,False,0
596,deposit,912.38,3505.64,Starbucks,"Paris, France",Windows Laptop,Public WiFi,False,False,0
597,withdrawal,61.38,6444.1,Amazon,"London, UK",MacBook,Corporate Network,False,False,0
598,withdrawal,175.37,4864.0,Target,"New York, USA",iPhone,Public WiFi,False,False,0
599,withdrawal,199.69,3889.39,Target,"New York, USA",iPhone,Home WiFi,False,False,0
600,deposit,603.04,5109.5199999999995,Walmart,"Tokyo, Japan",Android,Corporate Network,False,False,0
600,phone_change,0.0,5109.5199999999995,0,"Tokyo, Japan",MacBook,Public WiFi,False,False,0
601,withdrawal,387.17,4811.68,Amazon,"New York, USA",Android,Mobile Network,False,False,0
602,deposit,770.1,1429.6,Starbucks,"Los Angeles, USA",Android,Home WiFi,False,False,0
603,deposit,273.66,2865.0699999999997,Amazon,"Los Angeles, USA",iPhone,Mobile Network,False,False,0
604,deposit,890.27,3029.38,Amazon,"Berlin, Germany",Android,Corporate Network,False,False,0
604,email_change,0.0,3029.38,0,"London, UK",Android,Public WiFi,False,False,0
605,deposit,173.79,2447.76,Apple Store,"Los Angeles, USA",Android,Mobile Network,False,False,0
605,phone_change,0.0,2447.76,0,"London, UK",MacBook,Home WiFi,False,False,0
606,deposit,433.22,4844.92,Amazon,"Berlin, Germany",iPhone,Public WiFi,False,False,0
607,withdrawal,182.47,5376.69,Walmart,"London, UK",iPad,Public WiFi,False,False,0
608,withdrawal,364.12,2934.51,Amazon,"Los Angeles, USA",Android,Public WiFi,False,False,0
609,deposit,570.25,1856.2600000000002,Walmart,"Los Angeles, USA",iPhone,Corporate Network,False,False,0
609,password_change,0.0,1856.2600000000002,0,"Los Angeles, USA",iPhone,Public WiFi,False,False,0
610,deposit,897.84,4486.72,Apple Store,"London, UK",iPad,Public WiFi,False,False,0
610,password_change,0.0,4486.72,0,"Los Angeles, USA",iPhone,Mobile Network,False,False,0
611,withdrawal,325.75,4128.969999999999,Amazon,"Paris, France",Windows Laptop,Public WiFi,False,False,0
612,deposit,849.04,6743.42,Target,"Paris, France",MacBook,Home WiFi,False,False,0
613,deposit,218.42,2984.28,Best Buy,"Paris, France",iPhone,Corporate Network,False,False,0
613,phone_change,0.0,2984.28,0,"Los Angeles, USA",Android,Public WiFi,False,False,0
614,deposit,222.19,6505.87,Best Buy,"New York, USA",iPhone,Corporate Network,False,True,0
614,phone_change,0.0,6505.87,0,"Los Angeles, USA",Android,Home WiFi,False,False,0
615,withdrawal,124.36,2039.5600000000002,Apple Store,"Los Angeles, USA",Windows Laptop,Home WiFi,True,False,0
615,phone_change,0.0,2039.5600000000002,0,"New York, USA",Windows Laptop,Public WiFi,False,False,0
616,deposit,642.54,2700.55,Best Buy,"New York, USA",Windows Laptop,Home WiFi,False,False,0
617,deposit,830.46,3114.24,Walmart,"New York, USA",iPhone,Mobile Network,False,False,0
618,deposit,652.1,5390.700000000001,Walmart,"Tokyo, Japan",Windows Laptop,Home WiFi,False,False,0
619,withdrawal,196.71,773.1499999999999,Best Buy,"Tokyo, Japan",MacBook,Home WiFi,True,False,0
620,deposit,721.57,6575.519999999999,Walmart,"New York, USA",iPhone,Corporate Network,False,False,0
621,withdrawal,203.41,1488.55,Walmart,"New York, USA",Linux PC,Home WiFi,False,False,0
622,deposit,203.31,1726.6200000000001,Target,"London, UK",MacBook,Public WiFi,False,False,0
623,deposit,789.64,4019.2400000000002,Walmart,"London, UK",Android,Mobile Network,False,False,0
624,deposit,530.65,3479.4100000000003,Walmart,"New York, USA",Windows Laptop,Home WiFi,False,False,0
625,deposit,581.6,3138.4700000000003,Walmart,"New York, USA",iPad,Home WiFi,False,False,0
626,deposit,518.44,2374.4000000000005,Target,"New York, USA",Android,Mobile Network,False,False,0
627,withdrawal,429.64,5090.769999999999,Walmart,"New York, USA",iPhone,Home WiFi,False,False,0
628,withdrawal,104.53,4677.12,Amazon,"Los Angeles, USA",iPhone,Public WiFi,False,False,0
629,deposit,385.94,4012.8199999999997,Amazon,"Los Angeles, USA",iPhone,Public WiFi,True,False,0
630,deposit,605.92,3397.37,Starbucks,"Tokyo, Japan",Windows Laptop,Home WiFi,True,False,0
631,deposit,570.08,4400.93,Best Buy,"Tokyo, Japan",Android,Corporate Network,False,False,0
632,deposit,930.45,5241.579999999999,Apple Store,"New York, USA",Android,Home WiFi,False,False,0
632,password_change,0.0,5241.579999999999,0,"London, UK",MacBook,Home WiFi,False,False,0
633,deposit,848.03,1708.83,Best Buy,"New York, USA",Android,Mobile Network,False,False,0
634,withdrawal,120.87,3534.37,Walmart,"Los Angeles, USA",iPhone,Mobile Network,False,False,0
635,deposit,878.47,4169.58,Walmart,"Berlin, Germany",Android,Public WiFi,False,False,0
635,password_change,0.0,4169.58,0,"New York, USA",iPhone,Mobile Network,False,False,0
636,deposit,867.28,4610.030000000001,Walmart,"New York, USA",MacBook,Mobile Network,False,True,0
637,deposit,853.94,5296.76,Apple Store,"New York, USA",Windows Laptop,Corporate Network,False,True,0
638,withdrawal,320.09,3555.5,Target,"London, UK",Windows Laptop,Corporate Network,False,False,0
638,phone_change,0.0,3555.5,0,"Berlin, Germany",iPhone,Public WiFi,False,False,0
639,withdrawal,208.82,2182.97,Walmart,"London, UK",MacBook,Mobile Network,False,False,0
640,withdrawal,405.61,1722.8299999999995,Best Buy,"Paris, France",iPhone,Mobile Network,False,False,0
641,deposit,627.63,3671.9,Walmart,"Paris, France",iPhone,Mobile Network,False,False,0
642,withdrawal,428.94,2659.79,Amazon,"Los Angeles, USA",Windows Laptop,Public WiFi,False,True,0
643,withdrawal,391.11,5161.950000000001,Amazon,"London, UK",Android,Home WiFi,False,False,0
644,withdrawal,117.08,4224.91,Starbucks,"New York, USA",iPhone,Corporate Network,False,False,0
645,withdrawal,133.69,2247.65,Walmart,"New York, USA",Windows Laptop,Home WiFi,False,False,0
646,deposit,254.81,4169.34,Target,"New York, USA",Windows Laptop,Mobile Network,False,False,0
647,deposit,831.4,2886.0400000000004,Target,"New York, USA",Android,Public WiFi,False,False,0
648,deposit,258.66,5270.65,Amazon,"Tokyo, Japan",Windows Laptop,Mobile Network,False,False,0
649,deposit,263.84,2627.72,Target,"Berlin, Germany",iPad,Corporate Network,False,False,0
650,deposit,890.18,5258.72,Amazon,"Paris, France",Android,Public WiFi,False,False,0
651,deposit,927.75,5827.289999999999,Target,"Berlin, Germany",Windows Laptop,Corporate Network,False,False,0
652,withdrawal,372.09,2460.7899999999995,Apple Store,"Los Angeles, USA",Android,Corporate Network,False,False,0
653,deposit,914.01,6101.73,Best Buy,"London, UK",Android,Public WiFi,False,False,0
654,withdrawal,359.23,2052.7900000000004,Amazon,"New York, USA",iPhone,Mobile Network,False,False,0
655,withdrawal,306.23,5719.67,Walmart,"New York, USA",Android,Public WiFi,False,False,0
656,withdrawal,207.84,5436.07,Amazon,"New York, USA",iPhone,Mobile Network,False,False,0
656,password_change,0.0,5436.07,0,"New York, USA",Windows Laptop,Public WiFi,False,True,0
657,deposit,211.69,5993.389999999999,Target,"New York, USA",MacBook,Home WiFi,False,False,0
658,deposit,707.43,2472.5499999999997,Amazon,"New York, USA",Android,Mobile Network,False,False,0
659,deposit,658.52,6212.57,Amazon,"New York, USA",MacBook,Public WiFi,False,False,0
659,email_change,0.0,6212.57,0,"New York, USA",Linux PC,Home WiFi,False,False,0
660,deposit,752.34,3357.8,Apple Store,"Berlin, Germany",iPhone,Mobile Network,False,False,0
661,withdrawal,488.98,3685.7399999999993,Target,"Los Angeles, USA",iPhone,Corporate Network,False,False,0
661,phone_change,0.0,3685.7399999999993,0,"Tokyo, Japan",Windows Laptop,Home WiFi,False,False,0
662,deposit,741.59,2913.73,Walmart,"Berlin, Germany",iPhone,Corporate Network,False,False,0
662,email_change,0.0,2913.73,0,"New York, USA",Windows Laptop,Mobile Network,False,False,0
663,withdrawal,473.13,3286.3399999999997,Walmart,"London, UK",Windows Laptop,Public WiFi,False,False,0
663,password_change,0.0,3286.3399999999997,0,"New York, USA",iPhone,Public WiFi,False,False,0
664,withdrawal,67.22,3404.73,Amazon,"Paris, France",iPad,Home WiFi,False,False,0
665,withdrawal,217.01,5476.96,Walmart,"Los Angeles, USA",MacBook,Corporate Network,True,False,0
665,password_change,0.0,5476.96,0,"London, UK",iPhone,Corporate Network,False,False,0
666,withdrawal,405.81,5945.009999999999,Starbucks,"New York, USA",MacBook,Home WiFi,False,False,0
667,withdrawal,330.27,4035.2000000000003,Best Buy,"Berlin, Germany",iPhone,Public WiFi,False,False,0
668,deposit,152.5,5143.05,Best Buy,"Los Angeles, USA",iPhone,Public WiFi,False,True,0
669,withdrawal,111.03,3343.2099999999996,Walmart,"London, UK",MacBook,Home WiFi,True,False,0
670,deposit,155.99,4269.569999999999,Apple Store,"Paris, France",MacBook,Corporate Network,False,False,0
670,email_change,0.0,4269.569999999999,0,"Berlin, Germany",iPhone,Public WiFi,False,False,0
671,deposit,988.47,3016.42,Walmart,"Los Angeles, USA",iPhone,Mobile Network,False,False,0
672,withdrawal,127.57,1966.5400000000002,Amazon,"Los Angeles, USA",MacBook,Home WiFi,False,False,0
673,deposit,561.9,5435.53,Best Buy,"New York, USA",Android,Corporate Network,False,True,0
673,email_change,0.0,5435.53,0,"Paris, France",iPhone,Corporate Network,False,False,0
674,deposit,338.38,3895.1899999999996,Amazon,"Los Angeles, USA",Linux PC,Home WiFi,False,False,0
675,deposit,829.24,4322.64,Target,"Los Angeles, USA",MacBook,Corporate Network,False,False,0
676,withdrawal,95.09,4336.409999999999,Walmart,"London, UK",iPhone,Public WiFi,False,False,0
677,withdrawal,449.81,1530.1900000000003,Best Buy,"Berlin, Germany",iPhone,Public WiFi,False,False,0
678,deposit,280.6,3102.3699999999994,Amazon,"Tokyo, Japan",Android,Mobile Network,False,False,0
679,deposit,388.93,4144.6900000000005,Amazon,"Los Angeles, USA",Windows Laptop,Home WiFi,False,False,0
680,withdrawal,153.0,3510.69,Starbucks,"Paris, France",iPhone,Home WiFi,False,False,0
681,deposit,828.76,2109.2700000000004,Apple Store,"New York, USA",iPhone,Corporate Network,False,False,0
682,withdrawal,430.98,1101.1000000000001,Amazon,"Los Angeles, USA",Android,Mobile Network,False,False,0
682,password_change,0.0,1101.1000000000001,0,"Tokyo, Japan",Windows Laptop,Public WiFi,True,False,0
683,deposit,758.36,6571.679999999999,Walmart,"Los Angeles, USA",MacBook,Public WiFi,False,True,0
684,deposit,374.97,4176.47,Amazon,"Los Angeles, USA",iPhone,Home WiFi,False,False,0
685,withdrawal,495.17,4382.700000000001,Best Buy,"Los Angeles, USA",Android,Corporate Network,True,False,0
686,deposit,969.34,7752.88,Amazon,"Los Angeles, USA",Android,Mobile Network,False,False,0
687,withdrawal,321.52,4715.029999999999,Amazon,"Paris, France",iPhone,Public WiFi,False,False,0
688,deposit,405.85,1276.8600000000001,Walmart,"Los Angeles, USA",Windows Laptop,Corporate Network,False,False,0
689,deposit,319.01,3286.88,Best Buy,"Paris, France",Windows Laptop,Corporate Network,False,False,0
690,withdrawal,298.22,2489.1000000000004,Starbucks,"Tokyo, Japan",MacBook,Home WiFi,False,False,0
690,phone_change,0.0,2489.1000000000004,0,"Berlin, Germany",iPhone,Corporate Network,False,False,0
691,deposit,584.85,4267.18,Target,"Berlin, Germany",iPhone,Mobile Network,False,False,0
692,withdrawal,68.05,3317.89,Walmart,"Los Angeles, USA",MacBook,Home WiFi,False,False,0
693,withdrawal,420.09,3214.67,Best Buy,"New York, USA",Windows Laptop,Public WiFi,False,False,0
694,deposit,150.72,4999.570000000001,Walmart,"New York, USA",iPhone,Corporate Network,False,False,0
695,withdrawal,170.73,2392.5699999999997,Best Buy,"New York, USA",Windows Laptop,Corporate Network,False,False,0
696,withdrawal,451.48,2215.77,Best Buy,"New York, USA",Android,Mobile Network,False,False,0
697,deposit,939.88,1929.05,Best Buy,"New York, USA",iPhone,Mobile Network,True,False,0
698,withdrawal,376.35,3782.7100000000005,Target,"Berlin, Germany",Windows Laptop,Public WiFi,False,False,0
699,deposit,535.39,2905.66,Amazon,"Paris, France",Windows Laptop,Mobile Network,True,False,0
700,deposit,561.5,3092.8999999999996,Target,"New York, USA",Android,Corporate Network,False,False,0
701,deposit,321.44,1621.3200000000002,Apple Store,"New York, USA",iPhone,Home WiFi,False,False,0
701,phone_change,0.0,1621.3200000000002,0,"New York, USA",Android,Home WiFi,False,False,0
702,deposit,617.38,4945.5,Apple Store,"New York, USA",Windows Laptop,Mobile Network,False,False,0
703,withdrawal,254.6,4197.259999999999,Starbucks,"Los Angeles, USA",iPhone,Mobile Network,False,False,0
704,deposit,828.59,3961.9900000000002,Amazon,"New York, USA",Windows Laptop,Mobile Network,False,False,0
705,deposit,661.4,5666.75,Target,"New York, USA",Windows Laptop,Mobile Network,False,False,0
705,phone_change,0.0,5666.75,0,"Los Angeles, USA",MacBook,Corporate Network,False,False,0
706,withdrawal,423.59,4566.97,Amazon,"New York, USA",iPhone,Public WiFi,False,False,0
707,deposit,755.81,3575.1499999999996,Walmart,"Paris, France",iPad,Mobile Network,False,False,0
707,email_change,0.0,3575.1499999999996,0,"Paris, France",Android,Home WiFi,False,False,0
708,deposit,947.54,6205.84,Apple Store,"New York, USA",iPhone,Corporate Network,False,False,0
708,phone_change,0.0,6205.84,0,"London, UK",iPhone,Corporate Network,False,False,0
709,deposit,850.74,3307.2,Starbucks,"London, UK",Android,Public WiFi,False,False,0
710,deposit,731.92,2738.19,Best Buy,"London, UK",iPhone,Public WiFi,False,False,0
711,deposit,457.76,5383.46,Best Buy,"Paris, France",Windows Laptop,Public WiFi,False,False,0
711,phone_change,0.0,5383.46,0,"New York, USA",Android,Mobile Network,False,False,0
712,deposit,560.32,7047.33,Amazon,"Tokyo, Japan",Android,Corporate Network,False,True,0
713,deposit,523.22,5980.68,Apple Store,"London, UK",iPhone,Corporate Network,False,False,0
713,email_change,0.0,5980.68,0,"Tokyo, Japan",iPhone,Corporate Network,False,False,0
714,deposit,868.6,3590.22,Amazon,"Los Angeles, USA",Windows Laptop,Public WiFi,False,False,0
715,deposit,648.5,7013.5,Target,"New York, USA",Android,Corporate Network,False,False,0
716,deposit,189.8,2426.1600000000003,Amazon,"Berlin, Germany",Windows Laptop,Corporate Network,False,False,0
717,withdrawal,370.5,2669.5600000000004,Amazon,"London, UK",Android,Home WiFi,False,False,0
718,withdrawal,224.5,4215.95,Starbucks,"Los Angeles, USA",MacBook,Public WiFi,False,False,0
719,deposit,491.39,5567.97,Best Buy,"Tokyo, Japan",Android,Public WiFi,False,False,0
720,deposit,608.11,2705.9600000000005,Best Buy,"Los Angeles, USA",iPhone,Public WiFi,False,False,0
721,deposit,897.67,4371.18,Walmart,"New York, USA",Windows Laptop,Home WiFi,False,False,0
721,phone_change,0.0,4371.18,0,"Los Angeles, USA",Android,Public WiFi,False,False,0
722,deposit,920.69,5170.68,Amazon,"Paris, France",Linux PC,Home WiFi,False,False,0
723,deposit,925.4,4201.97,Starbucks,"New York, USA",Linux PC,Public WiFi,False,False,0
724,withdrawal,203.62,6083.89,Starbucks,"Los Angeles, USA",iPhone,Home WiFi,False,False,0
724,password_change,0.0,6083.89,0,"Tokyo, Japan",Windows Laptop,Mobile Network,False,False,0
725,deposit,611.34,3420.8700000000003,Best Buy,"Berlin, Germany",iPhone,Mobile Network,False,False,0
726,withdrawal,415.26,6274.12,Best Buy,"New York, USA",MacBook,Public WiFi,True,False,0
727,withdrawal,131.55,1662.6099999999994,Starbucks,"Tokyo, Japan",Android,Corporate Network,False,False,0
727,phone_change,0.0,1662.6099999999994,0,"London, UK",Android,Public WiFi,False,False,0
728,deposit,473.21,5524.11,Target,"Los Angeles, USA",Windows Laptop,Corporate Network,False,False,0
729,withdrawal,156.1,2955.73,Best Buy,"New York, USA",MacBook,Corporate Network,False,False,0
730,withdrawal,403.55,1828.72,Walmart,"Los Angeles, USA",Android,Public WiFi,False,False,0
731,deposit,377.3,2634.8500000000004,Best Buy,"Tokyo, Japan",iPhone,Public WiFi,False,False,0
732,withdrawal,453.45,3303.0800000000004,Target,"Los Angeles, USA",iPhone,Home WiFi,False,False,0
733,withdrawal,271.98,2713.86,Amazon,"London, UK",Android,Public WiFi,False,False,0
734,withdrawal,297.41,4937.860000000001,Best Buy,"Paris, France",MacBook,Public WiFi,True,False,0
735,deposit,925.83,4960.99,Apple Store,"London, UK",Android,Mobile Network,False,False,0
736,withdrawal,475.6,1587.3600000000001,Amazon,"London, UK",Android,Corporate Network,False,False,0
737,deposit,245.81,2068.8199999999997,Amazon,"Tokyo, Japan",Linux PC,Home WiFi,False,False,0
738,withdrawal,191.07,4498.68,Amazon,"New York, USA",iPhone,Home WiFi,False,False,0
739,deposit,942.5,4570.3099999999995,Amazon,"New York, USA",Windows Laptop,Home WiFi,False,False,0
739,password_change,0.0,4570.3099999999995,0,"Berlin, Germany",Windows Laptop,Public WiFi,False,False,0
740,withdrawal,55.64,4808.0199999999995,Walmart,"Tokyo, Japan",MacBook,Mobile Network,False,False,0
741,deposit,189.44,5761.769999999999,Apple Store,"Tokyo, Japan",MacBook,Home WiFi,False,False,0
742,deposit,197.16,4331.43,Walmart,"Tokyo, Japan",Android,Corporate Network,False,False,0
743,withdrawal,308.16,4222.5,Target,"London, UK",Android,Mobile Network,False,False,0
744,withdrawal,458.59,5147.5199999999995,Apple Store,"New York, USA",Linux PC,Home WiFi,False,False,0
745,deposit,762.66,5567.320000000001,Starbucks,"New York, USA",Windows Laptop,Home WiFi,False,False,0
746,withdrawal,242.7,3767.2200000000003,Target,"Los Angeles, USA",iPhone,Home WiFi,False,False,0
747,withdrawal,258.46,4466.51,Target,"Paris, France",iPhone,Home WiFi,False,False,0
748,withdrawal,286.77,4915.41,Apple Store,"New York, USA",MacBook,Home WiFi,False,False,0
749,deposit,297.6,4573.360000000001,Walmart,"New York, USA",Android,Corporate Network,False,False,0
750,withdrawal,198.01,4328.79,Walmart,"Los Angeles, USA",Android,Home WiFi,False,False,0
751,deposit,675.1,4236.26,Best Buy,"London, UK",Windows Laptop,Corporate Network,False,False,0
752,deposit,227.72,1757.9199999999998,Target,"Paris, France",Linux PC,Mobile Network,False,False,0
753,withdrawal,450.58,5707.250000000001,Best Buy,"Los Angeles, USA",Windows Laptop,Corporate Network,False,False,0
754,withdrawal,466.17,894.23,Amazon,"Los Angeles, USA",iPhone,Corporate Network,False,False,0
755,withdrawal,216.81,4464.63,Target,"Los Angeles, USA",iPad,Corporate Network,False,False,0
755,password_change,0.0,4464.63,0,"Los Angeles, USA",Windows Laptop,Home WiFi,False,False,0
756,deposit,791.6,7233.8,Walmart,"New York, USA",MacBook,Mobile Network,False,False,0
757,deposit,678.72,2873.580000000001,Starbucks,"New York, USA",iPhone,Public WiFi,True,False,0
757,email_change,0.0,2873.580000000001,0,"Tokyo, Japan",Android,Mobile Network,False,False,0
758,deposit,941.7,5816.619999999999,Best Buy,"New York, USA",iPhone,Public WiFi,False,False,0
759,deposit,440.9,5478.159999999999,Amazon,"New York, USA",iPhone,Home WiFi,False,False,0
760,deposit,575.75,6525.79,Best Buy,"Tokyo, Japan",iPhone,Mobile Network,False,False,0
761,deposit,982.98,5247.870000000001,Best Buy,"Tokyo, Japan",iPhone,Public WiFi,False,False,0
762,deposit,327.54,4951.23,Best Buy,"New York, USA",iPhone,Mobile Network,False,False,0
762,phone_change,0.0,4951.23,0,"Tokyo, Japan",iPhone,Corporate Network,False,False,0
763,deposit,724.9,1764.15,Walmart,"New York, USA",Linux PC,Corporate Network,True,False,0
764,deposit,727.4,5336.5,Amazon,"Los Angeles, USA",MacBook,Mobile Network,False,False,0
765,withdrawal,105.97,4149.5199999999995,Walmart,"New York, USA",Android,Home WiFi,False,False,0
765,password_change,0.0,4149.5199999999995,0,"Los Angeles, USA",iPhone,Public WiFi,True,False,0
766,withdrawal,313.38,1886.1099999999997,Walmart,"Paris, France",MacBook,Corporate Network,False,False,0
767,withdrawal,119.65,2775.2400000000002,Amazon,"New York, USA",Windows Laptop,Corporate Network,False,False,0
768,deposit,503.81,6175.46,Apple Store,"New York, USA",iPhone,Corporate Network,False,False,0
769,withdrawal,409.88,4305.400000000001,Apple Store,"New York, USA",Windows Laptop,Home WiFi,False,False,0
770,deposit,241.2,1875.1399999999999,Target,"Los Angeles, USA",iPhone,Mobile Network,False,False,0
771,withdrawal,336.84,2345.7699999999995,Best Buy,"Los Angeles, USA",iPhone,Home WiFi,False,False,0
772,deposit,505.77,2976.41,Walmart,"Los Angeles, USA",iPhone,Home WiFi,True,False,0
773,deposit,161.22,5433.22,Amazon,"New York, USA",iPhone,Mobile Network,False,True,0
774,deposit,781.44,5993.65,Amazon,"Berlin, Germany",Android,Home WiFi,False,False,0
774,email_change,0.0,5993.65,0,"New York, USA",iPhone,Corporate Network,False,False,0
775,deposit,503.09,6388.710000000001,Amazon,"New York, USA",MacBook,Mobile Network,False,False,0
776,withdrawal,407.05,5226.7300000000005,Apple Store,"London, UK",iPhone,Mobile Network,False,False,0
777,deposit,226.79,6602.33,Best Buy,"Paris, France",Android,Home WiFi,False,False,0
777,password_change,0.0,6602.33,0,"Paris, France",MacBook,Home WiFi,False,False,0
778,deposit,674.84,3773.5500000000006,Apple Store,"Los Angeles, USA",MacBook,Home WiFi,False,False,0
779,deposit,754.47,3513.3199999999997,Best Buy,"London, UK",Android,Public WiFi,False,False,0
780,deposit,283.41,5104.07,Walmart,"New York, USA",MacBook,Home WiFi,False,False,0
781,deposit,864.17,4522.65,Amazon,"Paris, France",Android,Public WiFi,False,False,0
782,withdrawal,183.5,4357.44,Amazon,"London, UK",Windows Laptop,Home WiFi,False,False,0
783,deposit,723.35,5895.589999999999,Best Buy,"Tokyo, Japan",MacBook,Public WiFi,False,False,0
784,deposit,778.91,5346.939999999999,Amazon,"Los Angeles, USA",Linux PC,Mobile Network,False,False,0
785,deposit,719.14,4778.9400000000005,Amazon,"New York, USA",Android,Mobile Network,False,False,0
786,deposit,665.32,6625.4,Walmart,"Paris, France",iPhone,Home WiFi,False,False,0
787,deposit,334.85,4178.73,Target,"Tokyo, Japan",iPhone,Corporate Network,False,False,0
787,email_change,0.0,4178.73,0,"Los Angeles, USA",Linux PC,Public WiFi,False,False,0
788,deposit,345.78,4129.71,Walmart,"Los Angeles, USA",Android,Home WiFi,False,False,0
789,deposit,526.43,3526.1299999999997,Walmart,"Los Angeles, USA",Android,Mobile Network,False,False,0
790,withdrawal,200.16,5335.620000000001,Walmart,"Los Angeles, USA",Windows Laptop,Home WiFi,False,False,0
791,deposit,430.04,3069.53,Walmart,"New York, USA",Windows Laptop,Home WiFi,False,False,0
792,withdrawal,372.12,4379.58,Walmart,"Tokyo, Japan",Android,Mobile Network,False,False,0
793,deposit,363.63,2043.29,Apple Store,"New York, USA",iPhone,Public WiFi,False,False,0
794,withdrawal,235.79,3311.2599999999998,Amazon,"London, UK",MacBook,Home WiFi,False,False,0
794,password_change,0.0,3311.2599999999998,0,"New York, USA",iPhone,Corporate Network,False,False,0
795,deposit,223.0,1887.13,Walmart,"London, UK",Windows Laptop,Mobile Network,False,False,0
795,phone_change,0.0,1887.13,0,"Los Angeles, USA",Android,Corporate Network,False,False,0
796,deposit,503.83,2531.1800000000003,Amazon,"New York, USA",MacBook,Corporate Network,True,False,0
797,withdrawal,100.98,6708.710000000001,Amazon,"Berlin, Germany",iPhone,Corporate Network,False,False,0
798,deposit,603.03,3965.24,Starbucks,"New York, USA",Android,Public WiFi,False,False,0
799,withdrawal,188.19,4618.34,Best Buy,"New York, USA",Windows Laptop,Public WiFi,False,True,0
800,withdrawal,308.45,2634.59,Amazon,"New York, USA",Windows Laptop,Public WiFi,False,False,0
801,deposit,748.25,4833.84,Target,"Berlin, Germany",MacBook,Public WiFi,False,False,0
802,withdrawal,118.72,2822.6400000000003,Walmart,"Los Angeles, USA",Windows Laptop,Home WiFi,False,False,0
803,withdrawal,243.84,2709.2299999999996,Amazon,"Berlin, Germany",Android,Mobile Network,False,False,0
804,withdrawal,283.28,4017.26,Amazon,"Los Angeles, USA",iPhone,Public WiFi,False,False,0
805,deposit,431.8,3317.4800000000005,Amazon,"Los Angeles, USA",Android,Mobile Network,False,False,0
806,deposit,724.42,7883.030000000001,Walmart,"Tokyo, Japan",MacBook,Corporate Network,False,False,0
806,phone_change,0.0,7883.030000000001,0,"London, UK",Android,Home WiFi,False,True,0
807,deposit,894.91,2654.5299999999997,Amazon,"Tokyo, Japan",MacBook,Home WiFi,False,False,0
808,withdrawal,456.35,2442.63,Amazon,"New York, USA",Linux PC,Home WiFi,False,False,0
809,deposit,216.68,1655.4700000000003,Starbucks,"New York, USA",MacBook,Mobile Network,False,False,0
809,phone_change,0.0,1655.4700000000003,0,"Tokyo, Japan",iPad,Home WiFi,False,False,0
810,deposit,440.89,6304.31,Apple Store,"New York, USA",iPhone,Corporate Network,True,False,0
810,email_change,0.0,6304.31,0,"Los Angeles, USA",Windows Laptop,Public WiFi,False,False,0
811,withdrawal,214.77,6329.700000000001,Amazon,"Los Angeles, USA",Windows Laptop,Corporate Network,False,False,0
812,deposit,602.9,4102.79,Best Buy,"New York, USA",iPhone,Corporate Network,False,False,0
813,deposit,182.81,7341.71,Amazon,"Paris, France",Android,Mobile Network,False,False,0
814,deposit,811.77,2472.51,Target,"Los Angeles, USA",Windows Laptop,Corporate Network,True,False,0
815,deposit,720.57,4091.85,Target,"New York, USA",Windows Laptop,Home WiFi,False,False,0
816,withdrawal,354.8,1236.2699999999998,Best Buy,"New York, USA",Android,Public WiFi,False,False,0
816,email_change,0.0,1236.2699999999998,0,"New York, USA",MacBook,Mobile Network,False,False,0
817,deposit,668.69,5917.540000000001,Best Buy,"New York, USA",Linux PC,Home WiFi,False,False,0
817,email_change,0.0,5917.540000000001,0,"Paris, France",Windows Laptop,Home WiFi,False,False,0
818,deposit,353.66,3788.52,Best Buy,"Berlin, Germany",Windows Laptop,Home WiFi,False,False,0
819,deposit,816.13,2569.13,Best Buy,"Tokyo, Japan",iPhone,Public WiFi,False,False,0
820,withdrawal,101.77,2194.2900000000004,Starbucks,"Los Angeles, USA",iPhone,Corporate Network,False,False,0
821,withdrawal,307.29,4875.38,Starbucks,"London, UK",iPhone,Home WiFi,False,False,0
822,withdrawal,239.78,4860.530000000001,Walmart,"New York, USA",iPhone,Corporate Network,False,False,0
823,deposit,672.34,2746.96,Apple Store,"New York, USA",Android,Public WiFi,False,False,0
824,deposit,183.29,3028.69,Amazon,"Los Angeles, USA",Windows Laptop,Public WiFi,False,False,0
825,deposit,334.91,6639.6900000000005,Apple Store,"London, UK",Android,Home WiFi,False,False,0
826,deposit,166.61,4415.329999999999,Apple Store,"New York, USA",iPad,Home WiFi,False,False,0
827,withdrawal,290.42,2015.0600000000004,Amazon,"New York, USA",Android,Public WiFi,False,False,0
828,deposit,409.8,2931.85,Starbucks,"New York, USA",Windows Laptop,Corporate Network,False,False,0
829,deposit,844.13,3065.17,Amazon,"Tokyo, Japan",Android,Home WiFi,False,False,0
830,withdrawal,145.05,1283.22,Walmart,"New York, USA",iPhone,Home WiFi,False,False,0
830,email_change,0.0,1283.22,0,"Tokyo, Japan",Linux PC,Mobile Network,False,False,0
831,deposit,841.35,5551.130000000001,Amazon,"New York, USA",Windows Laptop,Home WiFi,False,True,0
832,withdrawal,214.02,5278.289999999999,Starbucks,"Paris, France",Windows Laptop,Mobile Network,False,False,0
833,deposit,578.67,4162.04,Starbucks,"Tokyo, Japan",Windows Laptop,Home WiFi,False,False,0
834,deposit,573.26,4767.320000000001,Starbucks,"New York, USA",Android,Home WiFi,False,False,0
835,deposit,499.46,4820.4400000000005,Amazon,"London, UK",MacBook,Home WiFi,False,False,0
836,deposit,587.55,5369.530000000001,Apple Store,"New York, USA",iPhone,Public WiFi,False,False,0
837,withdrawal,89.22,2229.7000000000003,Starbucks,"London, UK",iPad,Mobile Network,False,False,0
838,deposit,937.55,7735.03,Walmart,"Los Angeles, USA",Linux PC,Corporate Network,False,False,0
839,deposit,384.31,6427.17,Amazon,"Tokyo, Japan",iPad,Public WiFi,False,False,0
840,deposit,503.92,1739.5000000000002,Best Buy,"Paris, France",iPhone,Corporate Network,False,False,0
841,withdrawal,153.99,3038.88,Amazon,"Los Angeles, USA",iPad,Mobile Network,False,False,0
842,deposit,488.98,6890.5599999999995,Walmart,"London, UK",iPhone,Home WiFi,False,False,0
843,withdrawal,178.88,2593.45,Target,"New York, USA",MacBook,Corporate Network,False,False,0
844,deposit,654.83,5650.21,Walmart,"New York, USA",iPhone,Home WiFi,False,False,0
845,withdrawal,317.16,3990.9699999999993,Amazon,"London, UK",iPhone,Public WiFi,False,False,0
845,password_change,0.0,3990.9699999999993,0,"Tokyo, Japan",Android,Corporate Network,False,False,0
846,deposit,806.67,5311.22,Amazon,"Berlin, Germany",Windows Laptop,Home WiFi,False,False,0
846,phone_change,0.0,5311.22,0,"New York, USA",iPhone,Corporate Network,False,False,0
847,withdrawal,213.15,6700.31,Apple Store,"Los Angeles, USA",Windows Laptop,Home WiFi,False,False,0
848,deposit,401.47,4825.71,Amazon,"New York, USA",iPhone,Home WiFi,False,False,0
849,deposit,176.63,6477.29,Target,"Tokyo, Japan",Android,Corporate Network,False,False,0
849,password_change,0.0,6477.29,0,"London, UK",iPhone,Corporate Network,False,False,0
850,deposit,258.02,4031.0399999999995,Walmart,"Tokyo, Japan",Android,Home WiFi,False,False,0
850,email_change,0.0,4031.0399999999995,0,"Los Angeles, USA",iPhone,Corporate Network,True,False,0
851,deposit,643.63,3113.08,Walmart,"New York, USA",iPad,Home WiFi,False,False,0
852,deposit,723.93,2413.75,Amazon,"Paris, France",iPhone,Public WiFi,False,False,0
853,deposit,595.86,4390.56,Amazon,"New York, USA",iPhone,Home WiFi,False,False,0
854,withdrawal,477.13,1954.5299999999997,Amazon,"New York, USA",Android,Home WiFi,False,False,0
855,withdrawal,467.69,3724.93,Target,"London, UK",Android,Public WiFi,False,True,0
856,deposit,304.48,3574.7400000000002,Walmart,"New York, USA",iPhone,Home WiFi,False,False,0
857,deposit,438.55,6228.540000000001,Walmart,"New York, USA",Android,Home WiFi,False,False,0
857,password_change,0.0,6228.540000000001,0,"New York, USA",Android,Home WiFi,False,False,0
858,withdrawal,432.26,1804.7,Walmart,"London, UK",MacBook,Public WiFi,False,False,0
859,deposit,760.71,3109.9700000000003,Best Buy,"New York, USA",MacBook,Mobile Network,False,False,0
859,email_change,0.0,3109.9700000000003,0,"Berlin, Germany",iPhone,Mobile Network,False,True,0
860,deposit,294.87,5112.239999999999,Target,"New York, USA",Android,Home WiFi,False,False,0
861,withdrawal,462.38,5917.7,Best Buy,"Tokyo, Japan",iPhone,Home WiFi,False,False,0
862,deposit,657.7,7172.41,Target,"Tokyo, Japan",Windows Laptop,Public WiFi,False,False,0
863,deposit,853.12,3569.8599999999997,Best Buy,"Los Angeles, USA",iPhone,Public WiFi,False,False,0
864,deposit,510.04,3278.17,Amazon,"New York, USA",Android,Public WiFi,False,False,0
865,deposit,385.14,5410.840000000001,Best Buy,"Tokyo, Japan",iPhone,Public WiFi,False,False,0
866,withdrawal,428.08,1216.6600000000005,Walmart,"New York, USA",Windows Laptop,Mobile Network,False,False,0
867,withdrawal,318.51,4638.81,Starbucks,"Los Angeles, USA",iPhone,Home WiFi,False,False,0
868,deposit,117.37,4652.900000000001,Target,"Tokyo, Japan",iPhone,Mobile Network,False,False,0
868,email_change,0.0,4652.900000000001,0,"New York, USA",Android,Public WiFi,False,False,0
869,withdrawal,100.55,3749.1299999999997,Amazon,"Berlin, Germany",Windows Laptop,Mobile Network,False,False,0
870,deposit,661.31,4889.6,Target,"New York, USA",Windows Laptop,Public WiFi,False,False,0
871,withdrawal,308.08,1100.0100000000002,Amazon,"Los Angeles, USA",Linux PC,Mobile Network,False,False,0
872,deposit,125.73,4679.749999999999,Target,"New York, USA",Android,Mobile Network,False,False,0
873,deposit,233.56,3647.45,Best Buy,"Paris, France",MacBook,Mobile Network,False,False,0
874,withdrawal,457.64,2742.97,Amazon,"Los Angeles, USA",Windows Laptop,Corporate Network,False,False,0
875,withdrawal,208.96,3524.3599999999997,Amazon,"New York, USA",iPhone,Public WiFi,False,False,0
876,deposit,163.94,3483.78,Amazon,"Paris, France",Windows Laptop,Home WiFi,False,False,0
876,password_change,0.0,3483.78,0,"Los Angeles, USA",Android,Public WiFi,False,False,0
877,deposit,255.52,1584.65,Amazon,"Paris, France",Android,Public WiFi,False,False,0
878,deposit,339.51,2154.66,Walmart,"London, UK",MacBook,Corporate Network,False,False,0
879,withdrawal,358.41,5139.6900000000005,Starbucks,"New York, USA",Windows Laptop,Public WiFi,False,False,0
879,phone_change,0.0,5139.6900000000005,0,"London, UK",MacBook,Corporate Network,False,False,0
880,deposit,969.76,5351.45,Amazon,"London, UK",Linux PC,Home WiFi,False,False,0
880,phone_change,0.0,5351.45,0,"Los Angeles, USA",MacBook,Home WiFi,False,False,0
881,deposit,540.3,5142.8,Walmart,"Tokyo, Japan",iPhone,Public WiFi,False,False,0
882,deposit,854.51,1745.92,Target,"Los Angeles, USA",Android,Public WiFi,False,False,0
883,withdrawal,368.23,2041.3700000000003,Target,"Los Angeles, USA",iPhone,Public WiFi,False,False,0
883,email_change,0.0,2041.3700000000003,0,"New York, USA",Linux PC,Home WiFi,False,False,0
884,deposit,712.64,5366.14,Walmart,"Los Angeles, USA",iPhone,Corporate Network,False,False,0
885,deposit,480.04,4810.079999999999,Apple Store,"Paris, France",iPad,Public WiFi,False,False,0
886,withdrawal,442.14,4000.650000000001,Amazon,"New York, USA",iPhone,Mobile Network,False,False,0
887,deposit,377.38,5600.860000000001,Starbucks,"Tokyo, Japan",iPhone,Public WiFi,False,False,0
888,deposit,732.07,6928.829999999999,Best Buy,"Tokyo, Japan",Android,Public WiFi,False,False,0
889,withdrawal,154.22,2066.8,Amazon,"New York, USA",Android,Mobile Network,False,False,0
890,deposit,923.15,5533.73,Amazon,"London, UK",MacBook,Corporate Network,False,False,0
891,withdrawal,410.2,4907.97,Apple Store,"Los Angeles, USA",Android,Mobile Network,False,False,0
892,deposit,649.58,5491.5199999999995,Apple Store,"Los Angeles, USA",Android,Home WiFi,False,False,0
893,withdrawal,137.29,1044.8900000000003,Target,"Los Angeles, USA",iPhone,Mobile Network,True,False,0
894,deposit,144.16,4604.84,Walmart,"New York, USA",MacBook,Corporate Network,False,False,0
895,deposit,881.47,5701.03,Apple Store,"New York, USA",Android,Mobile Network,False,False,0
896,withdrawal,272.64,5631.669999999999,Amazon,"New York, USA",MacBook,Mobile Network,False,False,0
897,deposit,557.24,3693.5299999999997,Amazon,"Berlin, Germany",Android,Mobile Network,False,False,0
897,phone_change,0.0,3693.5299999999997,0,"Los Angeles, USA",MacBook,Public WiFi,False,False,0
898,deposit,534.72,4373.54,Target,"New York, USA",MacBook,Mobile Network,False,False,0
898,password_change,0.0,4373.54,0,"New York, USA",iPhone,Home WiFi,False,False,0
899,deposit,518.63,6144.1900000000005,Walmart,"Los Angeles, USA",iPhone,Corporate Network,False,False,0
900,withdrawal,166.4,3079.89,Amazon,"Tokyo, Japan",Windows Laptop,Mobile Network,False,True,0
901,withdrawal,326.22,1357.29,Target,"Los Angeles, USA",Android,Corporate Network,False,False,0
902,deposit,897.19,3370.18,Amazon,"New York, USA",iPhone,Public WiFi,False,False,0
903,deposit,887.44,4427.1,Best Buy,"Paris, France",iPad,Corporate Network,False,False,0
904,withdrawal,220.87,4822.400000000001,Target,"New York, USA",Windows Laptop,Home WiFi,False,False,0
905,deposit,441.33,4108.76,Starbucks,"New York, USA",iPhone,Corporate Network,False,False,0
906,deposit,155.54,3770.2099999999996,Target,"Paris, France",Android,Corporate Network,False,False,0
907,withdrawal,499.18,5325.47,Starbucks,"Tokyo, Japan",iPhone,Public WiFi,False,False,0
908,withdrawal,460.76,3515.9300000000003,Walmart,"Berlin, Germany",iPhone,Home WiFi,False,False,0
909,deposit,399.35,3404.2899999999995,Amazon,"Berlin, Germany",MacBook,Public WiFi,False,False,0
910,deposit,120.25,4401.77,Amazon,"New York, USA",iPhone,Home WiFi,False,False,0
911,withdrawal,264.78,3305.74,Apple Store,"New York, USA",Windows Laptop,Corporate Network,False,False,0
911,phone_change,0.0,3305.74,0,"New York, USA",Android,Home WiFi,False,False,0
912,deposit,505.25,2942.6900000000005,Amazon,"New York, USA",Windows Laptop,Corporate Network,False,False,0
913,withdrawal,334.97,2325.6400000000003,Amazon,"Paris, France",iPhone,Public WiFi,False,False,0
914,withdrawal,68.19,5538.42,Walmart,"Paris, France",Windows Laptop,Mobile Network,False,False,0
915,deposit,659.69,2861.9300000000003,Starbucks,"Paris, France",Windows Laptop,Home WiFi,False,False,0
916,deposit,924.11,4003.94,Amazon,"Paris, France",Windows Laptop,Public WiFi,False,False,0
917,withdrawal,192.46,5535.81,Target,"New York, USA",iPhone,Home WiFi,False,False,0
918,withdrawal,442.07,5198.360000000001,Amazon,"Berlin, Germany",iPhone,Public WiFi,False,False,0
919,withdrawal,289.71,3364.41,Starbucks,"Paris, France",iPhone,Home WiFi,False,False,0
920,deposit,726.09,4764.129999999999,Amazon,"Berlin, Germany",Windows Laptop,Mobile Network,False,False,0
921,deposit,488.33,1751.33,Walmart,"New York, USA",iPhone,Home WiFi,False,False,0
921,password_change,0.0,1751.33,0,"Los Angeles, USA",iPhone,Mobile Network,True,False,0
922,withdrawal,398.6,5282.069999999999,Starbucks,"Los Angeles, USA",Windows Laptop,Corporate Network,False,False,0
923,deposit,744.36,6503.539999999999,Starbucks,"Los Angeles, USA",iPhone,Mobile Network,False,False,0
924,deposit,458.34,4940.13,Starbucks,"London, UK",Android,Mobile Network,False,False,0
925,deposit,660.86,5782.360000000001,Walmart,"New York, USA",Android,Home WiFi,False,False,0
926,withdrawal,220.25,5369.389999999999,Amazon,"London, UK",Linux PC,Public WiFi,False,False,0
927,withdrawal,113.91,3113.4600000000005,Walmart,"London, UK",Android,Home WiFi,False,False,0
928,deposit,686.47,4654.139999999999,Starbucks,"London, UK",Android,Home WiFi,False,False,0
928,password_change,0.0,4654.139999999999,0,"Paris, France",Android,Home WiFi,False,False,0
929,withdrawal,180.53,3200.149999999999,Target,"Tokyo, Japan",Windows Laptop,Public WiFi,False,False,0
930,deposit,576.11,4004.93,Walmart,"New York, USA",Windows Laptop,Mobile Network,False,False,0
931,withdrawal,370.53,4856.920000000001,Apple Store,"Los Angeles, USA",Android,Home WiFi,False,False,0
932,withdrawal,333.03,4801.36,Apple Store,"Tokyo, Japan",Android,Mobile Network,True,False,0
933,deposit,598.95,3087.1400000000003,Best Buy,"New York, USA",iPhone,Corporate Network,False,False,0
933,email_change,0.0,3087.1400000000003,0,"Los Angeles, USA",MacBook,Public WiFi,False,False,0
934,deposit,691.7,3213.13,Amazon,"London, UK",Android,Corporate Network,False,False,0
935,deposit,944.51,2789.2300000000005,Target,"Tokyo, Japan",iPhone,Public WiFi,False,False,0
936,deposit,634.93,5548.0,Apple Store,"New York, USA",iPad,Public WiFi,False,False,0
937,deposit,586.57,3597.52,Amazon,"New York, USA",iPad,Corporate Network,False,False,0
937,email_change,0.0,3597.52,0,"Tokyo, Japan",MacBook,Public WiFi,False,False,0
938,deposit,796.34,6815.75,Walmart,"New York, USA",iPad,Corporate Network,False,False,0
939,withdrawal,93.98,6032.06,Best Buy,"Berlin, Germany",iPhone,Public WiFi,False,False,0
940,withdrawal,418.43,2175.9000000000005,Walmart,"Los Angeles, USA",Android,Public WiFi,False,False,0
940,password_change,0.0,2175.9000000000005,0,"Tokyo, Japan",iPhone,Public WiFi,False,False,0
941,deposit,596.49,2256.8499999999995,Best Buy,"New York, USA",Android,Public WiFi,False,False,0
942,deposit,181.42,4367.26,Best Buy,"Berlin, Germany",iPad,Mobile Network,False,False,0
942,phone_change,0.0,4367.26,0,"London, UK",MacBook,Mobile Network,False,False,0
943,deposit,691.06,3437.35,Walmart,"Los Angeles, USA",Windows Laptop,Public WiFi,False,False,0
944,withdrawal,405.89,1637.6100000000001,Best Buy,"Paris, France",Android,Mobile Network,False,False,0
945,withdrawal,366.38,3838.4400000000005,Best Buy,"Los Angeles, USA",iPhone,Mobile Network,False,False,0
946,deposit,996.86,1829.18,Target,"Tokyo, Japan",Android,Home WiFi,False,False,0
947,deposit,592.37,6582.719999999999,Amazon,"Berlin, Germany",Windows Laptop,Mobile Network,False,False,0
948,deposit,216.91,2506.1799999999994,Target,"New York, USA",Windows Laptop,Public WiFi,False,True,0
949,deposit,326.06,4212.27,Walmart,"Tokyo, Japan",iPhone,Home WiFi,False,False,0
950,deposit,500.94,4363.87,Amazon,"Berlin, Germany",MacBook,Public WiFi,False,False,0
951,withdrawal,274.98,4957.09,Amazon,"Tokyo, Japan",Windows Laptop,Home WiFi,False,False,0
952,withdrawal,137.41,1690.2,Walmart,"New York, USA",Android,Public WiFi,True,False,0
953,withdrawal,131.31,4143.08,Target,"Los Angeles, USA",Windows Laptop,Mobile Network,False,False,0
954,deposit,400.28,6116.400000000001,Walmart,"London, UK",iPhone,Corporate Network,False,False,0
955,deposit,866.95,5660.76,Walmart,"New York, USA",Windows Laptop,Public WiFi,False,False,0
956,withdrawal,236.56,6056.71,Starbucks,"Los Angeles, USA",Windows Laptop,Corporate Network,False,False,0
957,deposit,995.71,4896.27,Best Buy,"Los Angeles, USA",iPhone,Corporate Network,False,False,0
958,deposit,547.88,2521.03,Starbucks,"New York, USA",Windows Laptop,Corporate Network,False,False,0
959,withdrawal,290.98,3946.8799999999997,Walmart,"Los Angeles, USA",MacBook,Public WiFi,False,False,0
959,phone_change,0.0,3946.8799999999997,0,"New York, USA",Android,Corporate Network,False,False,0
960,withdrawal,148.41,4532.67,Walmart,"New York, USA",Windows Laptop,Public WiFi,False,False,0
961,deposit,354.15,3360.390000000001,Apple Store,"Los Angeles, USA",iPhone,Public WiFi,True,True,0
962,withdrawal,357.73,4712.709999999999,Walmart,"Berlin, Germany",Windows Laptop,Corporate Network,False,False,0
963,withdrawal,58.11,5417.6,Starbucks,"Tokyo, Japan",MacBook,Mobile Network,False,True,0
964,withdrawal,238.31,3765.42,Walmart,"Los Angeles, USA",Android,Corporate Network,False,False,0
965,deposit,435.37,5079.139999999999,Amazon,"New York, USA",iPhone,Mobile Network,False,False,0
966,withdrawal,208.17,3990.08,Starbucks,"New York, USA",Android,Home WiFi,False,False,0
967,deposit,109.46,3390.86,Target,"Los Angeles, USA",Android,Public WiFi,False,False,0
968,deposit,833.45,5420.75,Walmart,"London, UK",Windows Laptop,Public WiFi,False,False,0
969,withdrawal,82.88,4654.2,Target,"Los Angeles, USA",iPhone,Mobile Network,False,False,0
970,deposit,116.8,7247.8099999999995,Amazon,"Los Angeles, USA",Android,Public WiFi,False,False,0
971,deposit,613.12,5377.47,Best Buy,"Paris, France",Windows Laptop,Mobile Network,False,False,0
971,phone_change,0.0,5377.47,0,"Paris, France",Android,Mobile Network,False,False,0
972,withdrawal,316.75,1492.6899999999998,Target,"New York, USA",Android,Corporate Network,False,False,0
973,deposit,431.05,5438.379999999999,Walmart,"New York, USA",iPhone,Mobile Network,False,False,0
974,deposit,436.87,3049.6800000000003,Amazon,"Los Angeles, USA",iPhone,Public WiFi,False,False,0
974,phone_change,0.0,3049.6800000000003,0,"Los Angeles, USA",iPhone,Corporate Network,False,False,0
975,withdrawal,360.29,2648.2899999999995,Amazon,"New York, USA",Android,Corporate Network,False,True,0
976,withdrawal,221.55,4597.24,Walmart,"New York, USA",Android,Home WiFi,False,False,0
977,withdrawal,297.54,3226.14,Walmart,"New York, USA",Windows Laptop,Home WiFi,False,False,0
978,withdrawal,149.2,3093.9000000000005,Walmart,"Tokyo, Japan",Android,Corporate Network,False,False,0
978,password_change,0.0,3093.9000000000005,0,"New York, USA",iPhone,Public WiFi,False,False,0
979,withdrawal,437.22,2059.58,Walmart,"London, UK",iPhone,Mobile Network,False,False,0
979,email_change,0.0,2059.58,0,"Paris, France",iPhone,Home WiFi,False,False,0
980,deposit,570.66,5791.9,Best Buy,"Tokyo, Japan",Linux PC,Mobile Network,False,False,0
981,deposit,732.8,4808.07,Amazon,"Los Angeles, USA",iPhone,Corporate Network,False,False,0
982,deposit,300.33,5611.799999999999,Amazon,"Berlin, Germany",Android,Public WiFi,False,False,0
983,deposit,907.57,4227.32,Best Buy,"New York, USA",Android,Corporate Network,False,False,0
983,password_change,0.0,4227.32,0,"London, UK",iPad,Public WiFi,False,False,0
984,deposit,775.68,4758.68,Starbucks,"Los Angeles, USA",Windows Laptop,Corporate Network,False,False,0
985,withdrawal,465.87,2111.140000000001,Amazon,"Tokyo, Japan",MacBook,Home WiFi,False,False,0
986,withdrawal,102.75,3374.5099999999998,Amazon,"New York, USA",MacBook,Mobile Network,False,False,0
987,deposit,348.23,2148.9600000000005,Amazon,"Tokyo, Japan",iPhone,Public WiFi,False,False,0
988,deposit,249.84,3949.81,Amazon,"Los Angeles, USA",Windows Laptop,Corporate Network,False,False,0
989,withdrawal,178.02,1453.06,Walmart,"New York, USA",Windows Laptop,Corporate Network,False,False,0
990,withdrawal,381.19,3226.83,Amazon,"New York, USA",Windows Laptop,Mobile Network,False,True,0
991,deposit,574.08,4919.54,Apple Store,"Berlin, Germany",Android,Mobile Network,False,False,0
991,email_change,0.0,4919.54,0,"Tokyo, Japan",iPhone,Home WiFi,False,False,0
992,withdrawal,401.88,2982.14,Best Buy,"New York, USA",Windows Laptop,Mobile Network,False,False,0
993,deposit,654.71,2887.73,Best Buy,"London, UK",iPad,Corporate Network,False,False,0
993,password_change,0.0,2887.73,0,"New York, USA",iPhone,Public WiFi,False,False,0
994,withdrawal,56.44,5009.65,Amazon,"London, UK",iPhone,Mobile Network,False,False,0
995,deposit,825.09,3662.9400000000005,Best Buy,"London, UK",iPhone,Mobile Network,False,False,0
996,withdrawal,328.18,2494.5900000000006,Best Buy,"New York, USA",Android,Home WiFi,False,False,0
997,withdrawal,138.39,4208.339999999999,Apple Store,"London, UK",Windows Laptop,Corporate Network,False,False,0
998,withdrawal,281.4,1952.7199999999998,Target,"London, UK",Android,Public WiFi,False,False,0
999,deposit,192.54,1419.62,Best Buy,"London, UK",Linux PC,Corporate Network,False,False,0
100,fraud,9708.98,-7332.23,Starbucks,"Tokyo, Japan",Linux PC,Mobile Network,False,True,1
100,deposit,0.0,-7332.23,0,"Los Angeles, USA",Android,Corporate Network,False,False,1
101,fraud,7111.65,-11179.59,Starbucks,"Tokyo, Japan",iPhone,Home WiFi,False,False,1
102,fraud,5821.27,-9593.650000000001,Target,"Paris, France",iPad,Home WiFi,False,False,1
103,fraud,42.95,8815.720000000001,Target,"New York, USA",MacBook,Mobile Network,False,False,1
104,fraud,34.4,-4425.64,Walmart,"Los Angeles, USA",Android,Public WiFi,False,False,1
105,fraud,1424.0,-7822.57,Apple Store,"London, UK",iPhone,Public WiFi,False,False,1
106,fraud,1802.71,-2074.6800000000003,Apple Store,"New York, USA",iPhone,Mobile Network,False,False,1
107,fraud,2387.61,-1393.5899999999997,Amazon,"Paris, France",iPhone,Mobile Network,False,False,1
107,withdrawal,0.0,-1393.5899999999997,0,"Tokyo, Japan",Android,Public WiFi,True,False,1
108,fraud,1004.05,2170.33,Amazon,"London, UK",iPhone,Home WiFi,False,False,1
108,failed_login,0.0,2170.33,0,"Los Angeles, USA",Android,Home WiFi,False,False,1
109,fraud,2341.09,-1919.9599999999991,Walmart,"New York, USA",Windows Laptop,Public WiFi,False,False,1
109,failed_login,0.0,-1919.9599999999991,0,"Paris, France",iPhone,Public WiFi,False,False,1
110,fraud,2025.89,106.56999999999994,Amazon,"Paris, France",Windows Laptop,Public WiFi,False,False,1
111,fraud,4284.37,9822.73,Starbucks,"Tokyo, Japan",iPhone,Mobile Network,False,False,1
111,email_change,0.0,9822.73,0,"Paris, France",Android,Mobile Network,False,False,1
112,fraud,199.57,1478.91,Amazon,"Tokyo, Japan",Windows Laptop,Home WiFi,False,False,1
113,fraud,2225.46,1051.0699999999997,Amazon,"London, UK",Windows Laptop,Home WiFi,False,False,1
113,deposit,0.0,1051.0699999999997,0,"Los Angeles, USA",MacBook,Mobile Network,False,False,1
114,fraud,829.91,7129.3,Amazon,"Paris, France",iPhone,Home WiFi,False,False,1
114,phone_change,0.0,7129.3,0,"Tokyo, Japan",Android,Mobile Network,False,False,1
115,fraud,647.29,1161.7400000000002,Best Buy,"Paris, France",iPhone,Corporate Network,False,False,1
116,fraud,3221.7,8966.32,Walmart,"Tokyo, Japan",iPhone,Corporate Network,False,False,1
117,fraud,4145.51,7077.120000000001,Target,"New York, USA",MacBook,Corporate Network,False,False,1
118,fraud,2324.34,1514.7199999999993,Walmart,"New York, USA",iPad,Mobile Network,False,False,1
119,fraud,63.85,-5883.98,Amazon,"Los Angeles, USA",Linux PC,Corporate Network,False,False,1
120,fraud,2198.49,943.2899999999997,Walmart,"New York, USA",Linux PC,Home WiFi,False,False,1
120,deposit,0.0,943.2899999999997,0,"Tokyo, Japan",Windows Laptop,Home WiFi,False,False,1
121,fraud,18.44,-1837.43,Target,"Tokyo, Japan",MacBook,Home WiFi,False,False,1
121,withdrawal,0.0,-1837.43,0,"New York, USA",iPhone,Public WiFi,False,False,1
122,fraud,172.92,497.43999999999994,Amazon,"Los Angeles, USA",Windows Laptop,Public WiFi,False,False,1
123,fraud,196.99,4676.24,Amazon,"New York, USA",iPhone,Mobile Network,False,False,1
123,phone_change,0.0,4676.24,0,"Tokyo, Japan",Android,Mobile Network,False,False,1
124,fraud,297.62,-767.5400000000003,Target,"New York, USA",iPad,Public WiFi,False,False,1
125,fraud,4575.05,11052.87,Amazon,"Los Angeles, USA",Windows Laptop,Mobile Network,False,False,1
125,email_change,0.0,11052.87,0,"Paris, France",iPhone,Public WiFi,False,False,1
126,fraud,466.63,-4763.75,Amazon,"Paris, France",MacBook,Home WiFi,False,False,1
127,fraud,830.34,5270.31,Amazon,"Tokyo, Japan",iPhone,Mobile Network,False,False,1
128,fraud,1135.99,1303.209999999999,Walmart,"Berlin, Germany",Linux PC,Public WiFi,False,False,1
128,failed_login,0.0,1303.209999999999,0,"New York, USA",Android,Home WiFi,True,False,1
129,fraud,4237.3,-6311.1,Amazon,"New York, USA",Windows Laptop,Home WiFi,False,False,1
130,fraud,140.65,1056.5,Amazon,"Los Angeles, USA",Android,Corporate Network,False,False,1
131,fraud,825.53,3733.040000000001,Amazon,"New York, USA",Android,Home WiFi,False,False,1
132,fraud,4995.59,-4094.37,Starbucks,"Tokyo, Japan",Android,Corporate Network,False,False,1
133,fraud,686.85,250.26999999999998,Amazon,"Los Angeles, USA",iPhone,Mobile Network,False,False,1
133,email_change,0.0,250.26999999999998,0,"New York, USA",Windows Laptop,Corporate Network,False,False,1
134,fraud,11.52,4359.51,Target,"Los Angeles, USA",Android,Corporate Network,False,False,1
135,fraud,2099.24,-5021.8099999999995,Apple Store,"Los Angeles, USA",Windows Laptop,Mobile Network,False,False,1
136,fraud,51.66,-6936.030000000001,Walmart,"Tokyo, Japan",Android,Public WiFi,False,False,1
136,failed_login,0.0,-6936.030000000001,0,"New York, USA",Windows Laptop,Mobile Network,False,False,1
137,fraud,2588.83,4022.7699999999995,Amazon,"London, UK",iPhone,Mobile Network,False,False,1
137,failed_login,0.0,4022.7699999999995,0,"London, UK",iPhone,Home WiFi,False,False,1
138,fraud,2025.15,4406.58,Amazon,"Los Angeles, USA",Android,Home WiFi,False,False,1
139,fraud,54.25,8460.36,Best Buy,"Paris, France",iPhone,Corporate Network,False,False,1
139,failed_login,0.0,8460.36,0,"New York, USA",Android,Mobile Network,False,False,1
140,fraud,3816.67,-919.2199999999998,Apple Store,"Tokyo, Japan",Linux PC,Home WiFi,False,False,1
141,fraud,4678.41,333.33000000000084,Best Buy,"Tokyo, Japan",Windows Laptop,Mobile Network,False,False,1
141,withdrawal,0.0,333.33000000000084,0,"Tokyo, Japan",Linux PC,Corporate Network,False,False,1
142,fraud,60.51,-5337.49,Best Buy,"Paris, France",MacBook,Corporate Network,False,False,1
142,email_change,0.0,-5337.49,0,"New York, USA",iPhone,Corporate Network,False,False,1
143,fraud,943.42,-15114.260000000002,Target,"Paris, France",Linux PC,Public WiFi,False,False,1
144,fraud,14.06,-9999.79,Amazon,"London, UK",MacBook,Corporate Network,False,False,1
145,fraud,287.42,-13655.32,Amazon,"Los Angeles, USA",MacBook,Corporate Network,False,False,1
145,email_change,0.0,-13655.32,0,"New York, USA",Android,Public WiFi,False,False,1
146,fraud,3683.72,4769.58,Amazon,"Berlin, Germany",MacBook,Public WiFi,False,False,1
147,fraud,85.35,949.0200000000002,Amazon,"London, UK",Windows Laptop,Home WiFi,False,False,1
148,fraud,2008.8,-7855.969999999999,Amazon,"London, UK",Android,Home WiFi,False,False,1
149,fraud,1506.3,-4131.38,Walmart,"Paris, France",Android,Corporate Network,False,False,1
150,fraud,1817.5,-1211.5200000000002,Apple Store,"New York, USA",Windows Laptop,Mobile Network,False,False,1
151,fraud,3484.66,3356.08,Target,"New York, USA",iPhone,Public WiFi,False,False,1
151,email_change,0.0,3356.08,0,"Los Angeles, USA",Windows Laptop,Home WiFi,False,False,1
152,fraud,26.38,8734.210000000001,Walmart,"London, UK",iPhone,Home WiFi,False,False,1
152,suspicious_login,0.0,8734.210000000001,0,"New York, USA",Android,Mobile Network,False,False,1
153,fraud,1402.02,2861.7399999999993,Amazon,"New York, USA",MacBook,Public WiFi,False,False,1
154,fraud,1717.12,-2677.77,Amazon,"New York, USA",Windows Laptop,Public WiFi,False,True,1
155,fraud,3559.61,-4622.71,Apple Store,"London, UK",iPad,Home WiFi,False,False,1
155,failed_login,0.0,-4622.71,0,"Tokyo, Japan",iPhone,Corporate Network,False,False,1
156,fraud,435.34,-126.99999999999966,Walmart,"New York, USA",iPad,Home WiFi,False,False,1
156,phone_change,0.0,-126.99999999999966,0,"New York, USA",iPhone,Corporate Network,False,False,1
157,fraud,620.72,2752.4299999999994,Target,"London, UK",Windows Laptop,Home WiFi,False,False,1
157,password_change,0.0,2752.4299999999994,0,"New York, USA",MacBook,Mobile Network,False,False,1
158,fraud,3522.98,10374.51,Walmart,"Berlin, Germany",Windows Laptop,Mobile Network,False,False,1
158,withdrawal,0.0,10374.51,0,"New York, USA",Android,Mobile Network,False,False,1
159,fraud,1646.37,890.3699999999999,Apple Store,"Tokyo, Japan",Android,Home WiFi,False,False,1
159,withdrawal,0.0,890.3699999999999,0,"Los Angeles, USA",iPhone,Public WiFi,False,False,1
160,fraud,91.8,581.6199999999999,Apple Store,"London, UK",Android,Mobile Network,False,False,1
160,withdrawal,0.0,581.6199999999999,0,"Tokyo, Japan",Android,Home WiFi,False,False,1
161,fraud,1832.53,5248.280000000001,Walmart,"Los Angeles, USA",iPad,Corporate Network,False,False,1
162,fraud,2203.19,-2323.5999999999995,Walmart,"Berlin, Germany",Android,Public WiFi,False,False,1
162,failed_login,0.0,-2323.5999999999995,0,"Tokyo, Japan",iPhone,Corporate Network,False,False,1
163,fraud,133.24,-3417.6400000000003,Walmart,"New York, USA",MacBook,Public WiFi,False,True,1
164,fraud,3515.59,-1721.41,Walmart,"Tokyo, Japan",MacBook,Corporate Network,False,False,1
164,suspicious_login,0.0,-1721.41,0,"Tokyo, Japan",iPhone,Home WiFi,False,False,1
165,fraud,749.83,-2555.5200000000004,Target,"London, UK",Android,Mobile Network,False,False,1
166,fraud,5003.85,-5014.06,Amazon,"Los Angeles, USA",iPhone,Mobile Network,False,False,1
166,deposit,0.0,-5014.06,0,"Paris, France",Android,Public WiFi,False,False,1
167,fraud,687.61,-3015.4500000000003,Walmart,"Los Angeles, USA",iPad,Public WiFi,False,False,1
167,failed_login,0.0,-3015.4500000000003,0,"London, UK",iPad,Public WiFi,False,False,1
168,fraud,14.48,4266.19,Amazon,"London, UK",Android,Public WiFi,False,False,1
168,suspicious_login,0.0,4266.19,0,"Berlin, Germany",MacBook,Public WiFi,False,False,1
169,fraud,1598.6,-2288.6,Starbucks,"London, UK",iPhone,Home WiFi,False,False,1
169,phone_change,0.0,-2288.6,0,"Berlin, Germany",MacBook,Mobile Network,False,False,1
170,fraud,1187.47,321.16999999999985,Amazon,"Tokyo, Japan",Windows Laptop,Home WiFi,False,False,1
170,suspicious_login,0.0,321.16999999999985,0,"London, UK",Windows Laptop,Public WiFi,False,False,1
171,fraud,31.98,6004.089999999999,Best Buy,"Tokyo, Japan",iPhone,Home WiFi,False,False,1
172,fraud,765.38,-895.7300000000004,Amazon,"Los Angeles, USA",MacBook,Public WiFi,False,False,1
173,fraud,4517.74,-1779.2399999999998,Amazon,"New York, USA",Windows Laptop,Corporate Network,False,False,1
173,deposit,0.0,-1779.2399999999998,0,"Tokyo, Japan",Windows Laptop,Mobile Network,False,False,1
174,fraud,6099.59,-1674.9100000000008,Apple Store,"Tokyo, Japan",Android,Home WiFi,False,False,1
175,fraud,2725.94,819.94,Amazon,"London, UK",Android,Corporate Network,False,False,1
176,fraud,81.92,-8428.69,Best Buy,"Tokyo, Japan",Windows Laptop,Mobile Network,False,False,1
177,fraud,1087.33,-966.3000000000006,Walmart,"Tokyo, Japan",iPhone,Home WiFi,False,False,1
177,password_change,0.0,-966.3000000000006,0,"Los Angeles, USA",Windows Laptop,Mobile Network,False,False,1
178,fraud,1455.42,1622.7999999999993,Apple Store,"London, UK",MacBook,Corporate Network,False,True,1
178,suspicious_login,0.0,1622.7999999999993,0,"New York, USA",iPhone,Mobile Network,False,False,1
179,fraud,96.45,1339.46,Best Buy,"New York, USA",iPhone,Corporate Network,False,False,1
179,withdrawal,0.0,1339.46,0,"Berlin, Germany",iPhone,Home WiFi,False,False,1
180,fraud,4509.03,4365.03,Best Buy,"New York, USA",Android,Mobile Network,False,False,1
180,phone_change,0.0,4365.03,0,"London, UK",iPhone,Corporate Network,False,False,1
181,fraud,486.53,953.3900000000001,Amazon,"London, UK",MacBook,Corporate Network,False,False,1
182,fraud,3732.46,-9728.279999999999,Starbucks,"New York, USA",Linux PC,Public WiFi,False,False,1
182,suspicious_login,0.0,-9728.279999999999,0,"Berlin, Germany",Windows Laptop,Mobile Network,False,False,1
183,fraud,9850.72,-880.6899999999987,Target,"Paris, France",iPhone,Mobile Network,False,False,1
184,fraud,579.05,4894.7699999999995,Amazon,"New York, USA",MacBook,Public WiFi,False,True,1
184,phone_change,0.0,4894.7699999999995,0,"New York, USA",Windows Laptop,Public WiFi,False,False,1
185,fraud,1658.25,-9247.64,Walmart,"New York, USA",iPhone,Mobile Network,False,False,1
185,phone_change,0.0,-9247.64,0,"London, UK",iPhone,Home WiFi,False,False,1
186,fraud,396.5,8411.119999999999,Walmart,"Berlin, Germany",Windows Laptop,Corporate Network,False,False,1
186,email_change,0.0,8411.119999999999,0,"Los Angeles, USA",Android,Home WiFi,False,False,1
187,fraud,60.82,1687.16,Amazon,"London, UK",Android,Mobile Network,False,False,1
187,withdrawal,0.0,1687.16,0,"Paris, France",Windows Laptop,Public WiFi,False,False,1
188,fraud,8649.78,-11933.240000000002,Walmart,"Tokyo, Japan",MacBook,Mobile Network,False,False,1
189,fraud,70.14,3335.15,Best Buy,"Los Angeles, USA",Android,Public WiFi,False,False,1
190,fraud,91.51,481.85999999999996,Starbucks,"New York, USA",iPhone,Corporate Network,False,False,1
190,failed_login,0.0,481.85999999999996,0,"Berlin, Germany",iPhone,Mobile Network,True,False,1
191,fraud,2181.4,-7352.43,Apple Store,"New York, USA",iPhone,Home WiFi,False,False,1
191,withdrawal,0.0,-7352.43,0,"New York, USA",MacBook,Home WiFi,False,False,1
192,fraud,3529.17,-3459.28,Amazon,"New York, USA",Windows Laptop,Corporate Network,False,False,1
192,suspicious_login,0.0,-3459.28,0,"Tokyo, Japan",Windows Laptop,Corporate Network,False,False,1
193,fraud,3294.81,9769.58,Apple Store,"New York, USA",iPad,Public WiFi,False,False,1
193,deposit,0.0,9769.58,0,"Berlin, Germany",Android,Mobile Network,False,False,1
194,fraud,74.75,-2415.94,Best Buy,"London, UK",iPad,Public WiFi,False,False,1
194,password_change,0.0,-2415.94,0,"London, UK",Windows Laptop,Public WiFi,False,False,1
195,fraud,3809.8,9265.66,Apple Store,"Los Angeles, USA",MacBook,Mobile Network,False,False,1
195,phone_change,0.0,9265.66,0,"Tokyo, Japan",iPhone,Home WiFi,True,False,1
196,fraud,35.77,4816.67,Starbucks,"London, UK",Windows Laptop,Home WiFi,False,False,1
196,withdrawal,0.0,4816.67,0,"Paris, France",Android,Public WiFi,False,True,1
197,fraud,27.5,-5412.450000000001,Walmart,"Tokyo, Japan",MacBook,Home WiFi,False,False,1
197,suspicious_login,0.0,-5412.450000000001,0,"New York, USA",Windows Laptop,Public WiFi,False,False,1
198,fraud,8838.73,-12278.0,Walmart,"New York, USA",iPhone,Corporate Network,False,False,1
199,fraud,96.86,2271.6600000000003,Walmart,"London, UK",Windows Laptop,Home WiFi,False,False,1
199,withdrawal,0.0,2271.6600000000003,0,"Berlin, Germany",Windows Laptop,Public WiFi,False,False,1
200,fraud,844.19,-4484.83,Apple Store,"New York, USA",Android,Corporate Network,False,False,1
200,phone_change,0.0,-4484.83,0,"New York, USA",MacBook,Home WiFi,False,False,1
201,fraud,235.16,3183.9,Target,"New York, USA",iPhone,Mobile Network,False,False,1
202,fraud,179.83,-5322.88,Starbucks,"London, UK",MacBook,Home WiFi,True,False,1
202,password_change,0.0,-5322.88,0,"New York, USA",Linux PC,Mobile Network,False,False,1
203,fraud,57.62,816.0199999999996,Amazon,"New York, USA",Windows Laptop,Corporate Network,False,False,1
203,withdrawal,0.0,816.0199999999996,0,"Berlin, Germany",Windows Laptop,Home WiFi,False,False,1
204,fraud,1212.21,1276.7000000000003,Apple Store,"Paris, France",Android,Corporate Network,False,False,1
204,email_change,0.0,1276.7000000000003,0,"Los Angeles, USA",Linux PC,Corporate Network,False,False,1
205,fraud,21.23,1519.1000000000001,Best Buy,"New York, USA",iPhone,Home WiFi,False,False,1
206,fraud,1081.86,1115.1699999999998,Target,"New York, USA",Linux PC,Public WiFi,False,False,1
207,fraud,2422.51,4724.71,Amazon,"Berlin, Germany",iPhone,Public WiFi,False,False,1
208,fraud,2760.4,-975.3100000000004,Walmart,"New York, USA",Windows Laptop,Home WiFi,False,False,1
208,deposit,0.0,-975.3100000000004,0,"Los Angeles, USA",MacBook,Home WiFi,False,False,1
209,fraud,2979.36,-2359.2699999999995,Amazon,"New York, USA",MacBook,Corporate Network,False,False,1
209,failed_login,0.0,-2359.2699999999995,0,"Los Angeles, USA",iPhone,Home WiFi,False,False,1
210,fraud,4854.59,2160.7000000000007,Amazon,"London, UK",Windows Laptop,Corporate Network,False,False,1
211,fraud,3173.37,-10193.010000000002,Amazon,"Paris, France",iPhone,Home WiFi,True,False,1
211,suspicious_login,0.0,-10193.010000000002,0,"Los Angeles, USA",MacBook,Corporate Network,False,False,1
212,fraud,1369.27,-104.98000000000002,Amazon,"Tokyo, Japan",MacBook,Mobile Network,False,False,1
212,suspicious_login,0.0,-104.98000000000002,0,"London, UK",MacBook,Home WiFi,False,False,1
213,fraud,1497.85,-221.32999999999993,Best Buy,"Tokyo, Japan",Windows Laptop,Public WiFi,False,False,1
213,phone_change,0.0,-221.32999999999993,0,"New York, USA",Windows Laptop,Home WiFi,False,False,1
214,fraud,496.04,-8213.68,Walmart,"New York, USA",Windows Laptop,Public WiFi,False,False,1
215,fraud,1471.71,-3143.3899999999994,Walmart,"New York, USA",Android,Corporate Network,False,False,1
215,password_change,0.0,-3143.3899999999994,0,"Los Angeles, USA",Windows Laptop,Public WiFi,False,False,1
216,fraud,27.92,-8264.060000000001,Amazon,"New York, USA",iPhone,Corporate Network,False,False,1
216,withdrawal,0.0,-8264.060000000001,0,"Los Angeles, USA",iPhone,Corporate Network,False,False,1
217,fraud,45.85,-1026.4000000000003,Walmart,"Tokyo, Japan",iPhone,Home WiFi,False,False,1
218,fraud,723.74,-2641.78,Walmart,"New York, USA",iPhone,Corporate Network,False,False,1
219,fraud,4256.02,1875.210000000001,Walmart,"New York, USA",Android,Mobile Network,False,True,1
220,fraud,623.59,-2979.51,Walmart,"Paris, France",iPhone,Corporate Network,False,False,1
220,withdrawal,0.0,-2979.51,0,"New York, USA",Android,Corporate Network,False,False,1
221,fraud,106.77,-4247.639999999999,Walmart,"London, UK",iPad,Corporate Network,False,False,1
221,failed_login,0.0,-4247.639999999999,0,"Tokyo, Japan",iPhone,Corporate Network,False,True,1
222,fraud,1239.57,1206.47,Walmart,"London, UK",MacBook,Corporate Network,False,False,1
223,fraud,52.01,-4186.99,Amazon,"Los Angeles, USA",Windows Laptop,Home WiFi,False,False,1
223,withdrawal,0.0,-4186.99,0,"New York, USA",MacBook,Corporate Network,False,False,1
224,fraud,82.05,-6962.94,Amazon,"New York, USA",iPhone,Corporate Network,False,False,1
224,failed_login,0.0,-6962.94,0,"London, UK",iPhone,Mobile Network,False,False,1
225,fraud,45.68,-1819.0700000000002,Apple Store,"New York, USA",MacBook,Mobile Network,False,False,1
226,fraud,3854.82,-1143.6399999999999,Apple Store,"New York, USA",Android,Corporate Network,False,False,1
226,deposit,0.0,-1143.6399999999999,0,"New York, USA",Windows Laptop,Corporate Network,False,False,1
227,fraud,3556.9,-1849.9899999999993,Target,"New York, USA",Linux PC,Home WiFi,False,False,1
228,fraud,121.72,2296.4000000000005,Best Buy,"Tokyo, Japan",iPhone,Home WiFi,False,False,1
229,fraud,967.03,639.1500000000002,Apple Store,"Los Angeles, USA",Windows Laptop,Home WiFi,False,False,1
230,fraud,209.34,-152.48000000000016,Starbucks,"Paris, France",Windows Laptop,Mobile Network,False,False,1
231,fraud,2765.43,1025.9699999999998,Walmart,"Los Angeles, USA",Android,Mobile Network,False,False,1
231,withdrawal,0.0,1025.9699999999998,0,"Berlin, Germany",iPhone,Public WiFi,False,False,1
232,fraud,119.1,1181.5700000000002,Walmart,"Tokyo, Japan",Windows Laptop,Corporate Network,False,True,1
233,fraud,1776.8,-4025.42,Walmart,"London, UK",Linux PC,Home WiFi,False,False,1
234,fraud,1316.41,1823.4800000000002,Amazon,"London, UK",Windows Laptop,Mobile Network,False,False,1
234,failed_login,0.0,1823.4800000000002,0,"New York, USA",iPhone,Corporate Network,False,True,1
235,fraud,1290.89,-4236.490000000001,Apple Store,"New York, USA",iPhone,Public WiFi,False,False,1
235,withdrawal,0.0,-4236.490000000001,0,"Los Angeles, USA",iPhone,Mobile Network,False,False,1
236,fraud,4878.26,-19868.620000000003,Amazon,"Los Angeles, USA",iPhone,Public WiFi,False,False,1
237,fraud,2650.79,2933.21,Amazon,"New York, USA",Linux PC,Corporate Network,False,False,1
238,fraud,3902.86,-5176.97,Target,"London, UK",iPhone,Public WiFi,False,False,1
238,failed_login,0.0,-5176.97,0,"Tokyo, Japan",Windows Laptop,Mobile Network,False,False,1
239,fraud,3513.95,-10360.36,Target,"Paris, France",iPhone,Home WiFi,False,False,1
240,fraud,1777.56,980.6300000000001,Starbucks,"New York, USA",Android,Mobile Network,False,False,1
241,fraud,6182.39,-5578.77,Walmart,"Berlin, Germany",iPhone,Corporate Network,False,False,1
242,fraud,227.46,1559.4599999999996,Starbucks,"New York, USA",iPad,Corporate Network,False,False,1
242,phone_change,0.0,1559.4599999999996,0,"New York, USA",Android,Mobile Network,False,False,1
243,fraud,985.43,734.2299999999999,Target,"London, UK",iPad,Public WiFi,False,False,1
243,phone_change,0.0,734.2299999999999,0,"Los Angeles, USA",MacBook,Corporate Network,False,False,1
244,fraud,2879.95,-581.8999999999996,Walmart,"Paris, France",Android,Public WiFi,False,False,1
245,fraud,462.41,2727.5200000000004,Amazon,"Los Angeles, USA",iPhone,Mobile Network,False,False,1
245,password_change,0.0,2727.5200000000004,0,"Los Angeles, USA",MacBook,Mobile Network,False,False,1
246,fraud,3799.82,-2616.8500000000004,Target,"New York, USA",iPhone,Home WiFi,False,False,1
246,suspicious_login,0.0,-2616.8500000000004,0,"New York, USA",Android,Home WiFi,False,False,1
247,fraud,316.62,221.4200000000002,Amazon,"New York, USA",Windows Laptop,Public WiFi,False,True,1
247,phone_change,0.0,221.4200000000002,0,"Paris, France",iPhone,Home WiFi,False,False,1
248,fraud,5055.59,-1106.13,Amazon,"Los Angeles, USA",MacBook,Public WiFi,False,False,1
248,deposit,0.0,-1106.13,0,"Los Angeles, USA",Android,Corporate Network,False,False,1
249,fraud,3210.04,-448.9100000000003,Amazon,"Los Angeles, USA",iPhone,Home WiFi,False,False,1
249,suspicious_login,0.0,-448.9100000000003,0,"Paris, France",iPhone,Public WiFi,False,False,1
250,fraud,73.75,3994.07,Walmart,"London, UK",Windows Laptop,Home WiFi,False,False,1
250,failed_login,0.0,3994.07,0,"Tokyo, Japan",Android,Mobile Network,True,False,1
251,fraud,1861.22,1042.8200000000008,Amazon,"Tokyo, Japan",MacBook,Mobile Network,False,False,1
251,withdrawal,0.0,1042.8200000000008,0,"Berlin, Germany",iPhone,Corporate Network,False,False,1
252,fraud,4310.29,12183.970000000001,Best Buy,"Los Angeles, USA",Android,Public WiFi,False,False,1
252,deposit,0.0,12183.970000000001,0,"Los Angeles, USA",Android,Corporate Network,False,False,1
253,fraud,2758.0,154.17999999999938,Amazon,"New York, USA",Windows Laptop,Mobile Network,False,True,1
254,fraud,919.46,6832.76,Walmart,"London, UK",iPhone,Mobile Network,True,False,1
254,phone_change,0.0,6832.76,0,"New York, USA",Windows Laptop,Mobile Network,False,False,1
255,fraud,735.26,-6890.1,Walmart,"New York, USA",Android,Corporate Network,False,False,1
255,withdrawal,0.0,-6890.1,0,"London, UK",iPhone,Home WiFi,False,False,1
256,fraud,1217.4,-3143.13,Starbucks,"Berlin, Germany",Android,Mobile Network,False,False,1
257,fraud,2578.13,6639.54,Walmart,"Los Angeles, USA",Android,Public WiFi,False,False,1
258,fraud,2379.7,-2628.0299999999997,Amazon,"New York, USA",Android,Corporate Network,False,False,1
258,suspicious_login,0.0,-2628.0299999999997,0,"Tokyo, Japan",iPhone,Home WiFi,False,False,1
259,fraud,197.35,7539.59,Amazon,"Tokyo, Japan",iPhone,Public WiFi,True,False,1
259,phone_change,0.0,7539.59,0,"London, UK",Android,Corporate Network,False,False,1
260,fraud,4589.84,10920.279999999999,Starbucks,"London, UK",MacBook,Home WiFi,False,False,1
260,deposit,0.0,10920.279999999999,0,"Paris, France",iPhone,Corporate Network,False,False,1
261,fraud,1891.31,-10293.01,Amazon,"New York, USA",MacBook,Mobile Network,False,False,1
261,phone_change,0.0,-10293.01,0,"New York, USA",iPhone,Home WiFi,False,False,1
262,fraud,4512.79,5188.71,Apple Store,"Tokyo, Japan",MacBook,Corporate Network,False,False,1
262,withdrawal,0.0,5188.71,0,"London, UK",iPad,Mobile Network,False,False,1
263,fraud,36.64,-1901.5299999999995,Amazon,"New York, USA",Windows Laptop,Public WiFi,False,False,1
264,fraud,9311.3,-14166.09,Best Buy,"Los Angeles, USA",Windows Laptop,Mobile Network,False,False,1
264,withdrawal,0.0,-14166.09,0,"Tokyo, Japan",iPhone,Mobile Network,False,False,1
265,fraud,3161.61,-1064.7000000000003,Best Buy,"Los Angeles, USA",iPhone,Corporate Network,False,False,1
266,fraud,191.68,-930.0000000000007,Best Buy,"Tokyo, Japan",MacBook,Home WiFi,False,False,1
266,phone_change,0.0,-930.0000000000007,0,"New York, USA",Android,Corporate Network,False,False,1
267,fraud,2802.84,-175.42000000000053,Amazon,"Los Angeles, USA",Android,Corporate Network,False,False,1
268,fraud,3910.24,-3543.520000000001,Target,"New York, USA",Linux PC,Mobile Network,False,False,1
269,fraud,126.39,859.2799999999996,Best Buy,"Berlin, Germany",MacBook,Home WiFi,False,False,1
270,fraud,2255.2,3838.5099999999993,Walmart,"New York, USA",iPhone,Mobile Network,False,False,1
270,password_change,0.0,3838.5099999999993,0,"New York, USA",iPhone,Public WiFi,True,False,1
271,fraud,3637.27,-3757.1800000000007,Walmart,"Paris, France",iPhone,Public WiFi,False,False,1
272,fraud,1032.22,2804.9399999999996,Amazon,"New York, USA",iPhone,Mobile Network,False,False,1
273,fraud,6830.93,-11565.87,Walmart,"Paris, France",Android,Corporate Network,False,False,1
273,withdrawal,0.0,-11565.87,0,"Paris, France",iPad,Corporate Network,False,False,1
274,fraud,182.4,-1095.2200000000005,Amazon,"New York, USA",MacBook,Corporate Network,False,False,1
274,phone_change,0.0,-1095.2200000000005,0,"Tokyo, Japan",MacBook,Public WiFi,False,False,1
275,fraud,411.27,2193.15,Amazon,"Paris, France",Windows Laptop,Mobile Network,False,False,1
276,fraud,3355.23,3092.6200000000003,Target,"London, UK",Windows Laptop,Mobile Network,False,False,1
276,deposit,0.0,3092.6200000000003,0,"New York, USA",Windows Laptop,Mobile Network,False,False,1
277,fraud,8181.3,-12625.01,Target,"New York, USA",MacBook,Corporate Network,False,False,1
277,deposit,0.0,-12625.01,0,"New York, USA",Linux PC,Public WiFi,False,False,1
278,fraud,3862.62,-12348.43,Best Buy,"Los Angeles, USA",Android,Corporate Network,False,False,1
278,suspicious_login,0.0,-12348.43,0,"London, UK",Android,Public WiFi,False,False,1
279,fraud,1438.48,-3025.92,Starbucks,"Paris, France",Windows Laptop,Public WiFi,False,False,1
279,suspicious_login,0.0,-3025.92,0,"London, UK",Windows Laptop,Corporate Network,False,False,1
280,fraud,1645.54,556.4800000000005,Starbucks,"New York, USA",Windows Laptop,Mobile Network,False,False,1
280,suspicious_login,0.0,556.4800000000005,0,"New York, USA",Android,Home WiFi,False,False,1
281,fraud,1.61,-15359.859999999999,Starbucks,"Tokyo, Japan",iPhone,Public WiFi,False,False,1
281,withdrawal,0.0,-15359.859999999999,0,"London, UK",MacBook,Home WiFi,True,False,1
282,fraud,3152.84,5714.789999999999,Apple Store,"London, UK",Windows Laptop,Corporate Network,False,False,1
283,fraud,1160.47,-185.97000000000014,Best Buy,"Paris, France",iPhone,Home WiFi,False,False,1
284,fraud,825.74,3809.8900000000003,Best Buy,"Tokyo, Japan",Linux PC,Corporate Network,False,False,1
285,fraud,169.62,-1722.7600000000002,Starbucks,"Los Angeles, USA",Android,Mobile Network,False,False,1
285,password_change,0.0,-1722.7600000000002,0,"Los Angeles, USA",Android,Corporate Network,False,False,1
286,fraud,1800.4,-18221.27,Walmart,"Paris, France",Windows Laptop,Corporate Network,False,False,1
286,withdrawal,0.0,-18221.27,0,"Los Angeles, USA",iPhone,Corporate Network,False,False,1
287,fraud,688.8,3106.3,Best Buy,"Paris, France",Linux PC,Public WiFi,False,False,1
287,email_change,0.0,3106.3,0,"New York, USA",iPhone,Home WiFi,False,False,1
288,fraud,4462.25,-1251.0399999999995,Apple Store,"Berlin, Germany",iPhone,Home WiFi,False,False,1
289,fraud,505.61,2753.42,Apple Store,"New York, USA",MacBook,Public WiFi,False,False,1
289,email_change,0.0,2753.42,0,"Paris, France",Windows Laptop,Public WiFi,False,False,1
290,fraud,867.86,-3250.41,Target,"London, UK",iPhone,Mobile Network,False,False,1
290,failed_login,0.0,-3250.41,0,"New York, USA",iPhone,Home WiFi,False,False,1
291,fraud,95.17,5591.2,Best Buy,"Los Angeles, USA",MacBook,Home WiFi,False,False,1
291,failed_login,0.0,5591.2,0,"London, UK",iPhone,Public WiFi,False,False,1
292,fraud,3328.13,-3067.6400000000003,Amazon,"New York, USA",Android,Public WiFi,False,False,1
292,withdrawal,0.0,-3067.6400000000003,0,"Los Angeles, USA",Android,Public WiFi,False,False,1
293,fraud,395.61,-5248.839999999999,Target,"Tokyo, Japan",iPhone,Home WiFi,False,False,1
293,email_change,0.0,-5248.839999999999,0,"Tokyo, Japan",Android,Public WiFi,False,True,1
294,fraud,4980.15,-194.97999999999956,Target,"Berlin, Germany",Android,Corporate Network,False,False,1
295,fraud,557.92,6789.0199999999995,Amazon,"New York, USA",iPhone,Home WiFi,False,False,1
296,fraud,538.42,724.79,Target,"Paris, France",Android,Corporate Network,False,False,1
296,password_change,0.0,724.79,0,"Berlin, Germany",Android,Corporate Network,False,False,1
297,fraud,4097.42,-2845.4399999999996,Amazon,"Tokyo, Japan",Windows Laptop,Mobile Network,False,True,1
297,failed_login,0.0,-2845.4399999999996,0,"Tokyo, Japan",Windows Laptop,Mobile Network,False,False,1
298,fraud,4.91,-189.10999999999976,Best Buy,"Los Angeles, USA",Linux PC,Corporate Network,False,False,1
299,fraud,144.15,7511.4,Best Buy,"Tokyo, Japan",iPhone,Corporate Network,False,False,1
299,phone_change,0.0,7511.4,0,"London, UK",Windows Laptop,Corporate Network,False,False,1
300,fraud,88.34,-15.910000000000068,Amazon,"Los Angeles, USA",iPhone,Public WiFi,False,False,1
301,fraud,87.13,-1836.17,Amazon,"Los Angeles, USA",Windows Laptop,Corporate Network,False,False,1
302,fraud,2710.74,4412.530000000002,Amazon,"Tokyo, Japan",iPhone,Public WiFi,True,False,1
303,fraud,4886.72,6019.9,Amazon,"New York, USA",Windows Laptop,Mobile Network,False,False,1
303,deposit,0.0,6019.9,0,"New York, USA",iPad,Mobile Network,False,False,1
304,fraud,723.29,-7909.959999999999,Walmart,"Tokyo, Japan",Linux PC,Home WiFi,True,False,1
304,withdrawal,0.0,-7909.959999999999,0,"New York, USA",MacBook,Home WiFi,False,False,1
305,fraud,1001.58,-1343.6,Walmart,"Los Angeles, USA",Android,Home WiFi,False,False,1
305,withdrawal,0.0,-1343.6,0,"Paris, France",MacBook,Public WiFi,False,False,1
306,fraud,1683.07,1758.990000000001,Best Buy,"New York, USA",Windows Laptop,Corporate Network,False,False,1
306,email_change,0.0,1758.990000000001,0,"Tokyo, Japan",MacBook,Home WiFi,False,False,1
307,fraud,117.64,5645.0199999999995,Amazon,"New York, USA",Android,Mobile Network,False,False,1
307,phone_change,0.0,5645.0199999999995,0,"New York, USA",Windows Laptop,Corporate Network,False,False,1
308,fraud,3259.13,-1134.17,Amazon,"London, UK",MacBook,Home WiFi,False,False,1
308,password_change,0.0,-1134.17,0,"Berlin, Germany",MacBook,Public WiFi,False,False,1
309,fraud,88.76,1842.71,Target,"Berlin, Germany",Android,Corporate Network,False,False,1
310,fraud,772.87,3403.1500000000005,Target,"Tokyo, Japan",MacBook,Public WiFi,False,False,1
311,fraud,4681.88,-1004.1999999999998,Target,"New York, USA",Linux PC,Corporate Network,False,False,1
311,withdrawal,0.0,-1004.1999999999998,0,"New York, USA",Android,Corporate Network,False,False,1
312,fraud,1386.62,-2871.66,Amazon,"Berlin, Germany",Windows Laptop,Home WiFi,False,False,1
312,suspicious_login,0.0,-2871.66,0,"Paris, France",MacBook,Home WiFi,False,False,1
313,fraud,3850.95,7812.95,Walmart,"New York, USA",iPad,Mobile Network,False,False,1
313,withdrawal,0.0,7812.95,0,"Tokyo, Japan",iPhone,Home WiFi,False,False,1
314,fraud,4922.29,144.67999999999938,Apple Store,"Los Angeles, USA",iPhone,Mobile Network,False,False,1
315,fraud,3645.39,-3656.9,Target,"Los Angeles, USA",Android,Corporate Network,False,False,1
315,withdrawal,0.0,-3656.9,0,"Los Angeles, USA",iPhone,Corporate Network,False,False,1
316,fraud,99.03,-1375.4299999999998,Amazon,"London, UK",MacBook,Public WiFi,False,False,1
317,fraud,968.16,-674.3999999999995,Best Buy,"New York, USA",Android,Mobile Network,False,False,1
318,fraud,635.57,5403.799999999999,Target,"London, UK",MacBook,Mobile Network,False,False,1
318,deposit,0.0,5403.799999999999,0,"London, UK",MacBook,Corporate Network,True,False,1
319,fraud,4084.59,-564.96,Apple Store,"Berlin, Germany",iPhone,Mobile Network,False,False,1
319,email_change,0.0,-564.96,0,"New York, USA",Android,Home WiFi,False,False,1
320,fraud,786.99,-2131.28,Amazon,"Berlin, Germany",iPhone,Mobile Network,False,False,1
321,fraud,1708.13,-1893.92,Amazon,"Los Angeles, USA",Android,Home WiFi,False,False,1
321,failed_login,0.0,-1893.92,0,"Berlin, Germany",Windows Laptop,Mobile Network,False,False,1
322,fraud,476.18,-1373.47,Target,"Los Angeles, USA",Windows Laptop,Home WiFi,False,False,1
323,fraud,2500.8,-8492.619999999999,Amazon,"Los Angeles, USA",Windows Laptop,Home WiFi,False,False,1
323,deposit,0.0,-8492.619999999999,0,"Tokyo, Japan",iPhone,Public WiFi,False,False,1
324,fraud,43.21,4086.4700000000003,Best Buy,"Berlin, Germany",Linux PC,Corporate Network,False,False,1
325,fraud,400.22,2160.4700000000003,Walmart,"Tokyo, Japan",Linux PC,Mobile Network,False,False,1
325,phone_change,0.0,2160.4700000000003,0,"Tokyo, Japan",MacBook,Public WiFi,False,False,1
326,fraud,3566.81,-2440.7400000000007,Target,"Los Angeles, USA",Linux PC,Home WiFi,False,False,1
326,failed_login,0.0,-2440.7400000000007,0,"London, UK",MacBook,Mobile Network,True,False,1
327,fraud,2373.47,-8701.199999999999,Target,"Los Angeles, USA",MacBook,Mobile Network,False,False,1
328,fraud,1595.11,-9216.79,Best Buy,"New York, USA",iPhone,Corporate Network,False,True,1
329,fraud,466.55,595.0999999999999,Amazon,"Los Angeles, USA",iPad,Public WiFi,False,False,1
329,phone_change,0.0,595.0999999999999,0,"New York, USA",Android,Corporate Network,False,False,1
330,fraud,745.79,-271.64999999999986,Starbucks,"New York, USA",Android,Corporate Network,False,False,1
330,withdrawal,0.0,-271.64999999999986,0,"Paris, France",iPad,Mobile Network,False,False,1
331,fraud,1101.27,-673.3200000000002,Walmart,"Berlin, Germany",Windows Laptop,Mobile Network,False,False,1
331,password_change,0.0,-673.3200000000002,0,"New York, USA",iPad,Mobile Network,False,False,1
332,fraud,4641.6,-8496.650000000001,Amazon,"London, UK",iPhone,Corporate Network,False,False,1
333,fraud,76.9,2854.09,Walmart,"London, UK",iPhone,Home WiFi,True,False,1
334,fraud,222.86,1350.87,Target,"Paris, France",Windows Laptop,Mobile Network,False,False,1
334,email_change,0.0,1350.87,0,"New York, USA",Linux PC,Mobile Network,False,False,1
335,fraud,915.74,-2796.87,Amazon,"Paris, France",Linux PC,Corporate Network,False,False,1
335,failed_login,0.0,-2796.87,0,"Berlin, Germany",Android,Corporate Network,False,False,1
336,fraud,7963.79,-7457.42,Target,"Los Angeles, USA",iPhone,Mobile Network,False,True,1
336,phone_change,0.0,-7457.42,0,"Los Angeles, USA",iPhone,Home WiFi,False,False,1
337,fraud,175.35,684.6999999999999,Walmart,"New York, USA",iPhone,Home WiFi,False,False,1
337,password_change,0.0,684.6999999999999,0,"New York, USA",Android,Public WiFi,False,False,1
338,fraud,2648.19,-4833.73,Apple Store,"Los Angeles, USA",Android,Corporate Network,False,False,1
339,fraud,96.64,448.1999999999996,Apple Store,"Berlin, Germany",iPad,Public WiFi,False,False,1
339,phone_change,0.0,448.1999999999996,0,"New York, USA",Linux PC,Corporate Network,False,False,1
340,fraud,34.98,-2565.7499999999995,Target,"New York, USA",iPhone,Public WiFi,False,False,1
340,withdrawal,0.0,-2565.7499999999995,0,"Los Angeles, USA",iPhone,Corporate Network,False,False,1
341,fraud,1332.92,-11948.09,Walmart,"Los Angeles, USA",Windows Laptop,Mobile Network,False,False,1
342,fraud,1521.88,-4897.58,Apple Store,"Tokyo, Japan",Android,Corporate Network,False,False,1
342,withdrawal,0.0,-4897.58,0,"Los Angeles, USA",iPhone,Mobile Network,False,False,1
343,fraud,627.26,-8427.5,Walmart,"London, UK",Android,Home WiFi,False,False,1
343,withdrawal,0.0,-8427.5,0,"Tokyo, Japan",Android,Home WiFi,False,False,1
344,fraud,2089.56,-2460.5600000000004,Amazon,"Paris, France",iPhone,Home WiFi,False,False,1
344,suspicious_login,0.0,-2460.5600000000004,0,"New York, USA",iPhone,Public WiFi,False,False,1
345,fraud,340.96,5632.249999999999,Starbucks,"Los Angeles, USA",Windows Laptop,Corporate Network,False,False,1
345,email_change,0.0,5632.249999999999,0,"Tokyo, Japan",Android,Mobile Network,False,False,1
346,fraud,3360.33,8890.01,Starbucks,"Los Angeles, USA",Linux PC,Corporate Network,False,False,1
346,phone_change,0.0,8890.01,0,"New York, USA",iPhone,Corporate Network,False,False,1
347,fraud,1216.07,549.8899999999999,Best Buy,"New York, USA",iPhone,Home WiFi,False,False,1
347,withdrawal,0.0,549.8899999999999,0,"New York, USA",MacBook,Home WiFi,False,False,1
348,fraud,984.63,-1167.1699999999996,Starbucks,"Paris, France",Android,Mobile Network,False,False,1
348,password_change,0.0,-1167.1699999999996,0,"New York, USA",Windows Laptop,Mobile Network,False,False,1
349,fraud,6346.23,-13978.73,Amazon,"Tokyo, Japan",Android,Home WiFi,False,False,1
349,withdrawal,0.0,-13978.73,0,"Paris, France",iPhone,Mobile Network,False,False,1
350,fraud,2581.87,-7512.29,Starbucks,"Los Angeles, USA",MacBook,Corporate Network,False,False,1
351,fraud,6920.65,-4631.4,Amazon,"New York, USA",iPhone,Corporate Network,False,True,1
351,deposit,0.0,-4631.4,0,"Tokyo, Japan",Android,Mobile Network,False,False,1
352,fraud,173.06,-1424.0900000000001,Walmart,"Los Angeles, USA",MacBook,Home WiFi,False,False,1
352,phone_change,0.0,-1424.0900000000001,0,"Los Angeles, USA",iPhone,Mobile Network,False,False,1
353,fraud,3018.13,4379.53,Walmart,"London, UK",Windows Laptop,Corporate Network,False,False,1
353,withdrawal,0.0,4379.53,0,"Berlin, Germany",Android,Corporate Network,False,False,1
354,fraud,185.39,-389.09000000000026,Target,"Berlin, Germany",iPhone,Corporate Network,False,False,1
355,fraud,2128.37,2668.8900000000012,Best Buy,"Los Angeles, USA",MacBook,Home WiFi,False,False,1
356,fraud,2291.02,-891.0999999999999,Best Buy,"London, UK",iPhone,Mobile Network,False,False,1
357,fraud,781.58,2146.6,Target,"Tokyo, Japan",Windows Laptop,Mobile Network,False,False,1
357,password_change,0.0,2146.6,0,"Los Angeles, USA",iPhone,Mobile Network,False,False,1
358,fraud,3503.51,-6439.84,Amazon,"New York, USA",Windows Laptop,Corporate Network,False,False,1
359,fraud,1754.59,-2228.41,Walmart,"London, UK",Windows Laptop,Corporate Network,False,False,1
359,failed_login,0.0,-2228.41,0,"London, UK",iPhone,Mobile Network,False,False,1
360,fraud,941.74,554.0200000000002,Apple Store,"New York, USA",Android,Mobile Network,True,False,1
361,fraud,419.54,480.36999999999995,Amazon,"New York, USA",iPhone,Home WiFi,False,False,1
362,fraud,2542.04,-497.28999999999996,Best Buy,"New York, USA",iPhone,Mobile Network,False,False,1
363,fraud,2576.83,-146.47999999999956,Amazon,"London, UK",iPad,Public WiFi,False,True,1
364,fraud,1905.62,3105.12,Target,"Los Angeles, USA",Android,Mobile Network,False,False,1
364,withdrawal,0.0,3105.12,0,"New York, USA",Android,Public WiFi,False,False,1
365,fraud,621.52,205.39999999999998,Walmart,"Berlin, Germany",Android,Corporate Network,False,False,1
365,withdrawal,0.0,205.39999999999998,0,"New York, USA",Windows Laptop,Mobile Network,False,False,1
366,fraud,820.15,907.3399999999999,Target,"Tokyo, Japan",Windows Laptop,Corporate Network,False,False,1
367,fraud,1890.74,414.74000000000046,Apple Store,"London, UK",Android,Home WiFi,False,False,1
367,withdrawal,0.0,414.74000000000046,0,"Berlin, Germany",MacBook,Mobile Network,False,False,1
368,fraud,1391.38,-2460.29,Target,"New York, USA",iPhone,Public WiFi,False,False,1
368,failed_login,0.0,-2460.29,0,"New York, USA",iPhone,Corporate Network,False,False,1
369,fraud,3270.97,-6588.49,Best Buy,"Los Angeles, USA",Android,Corporate Network,False,False,1
369,failed_login,0.0,-6588.49,0,"Paris, France",iPhone,Corporate Network,False,False,1
370,fraud,18.19,-2981.2799999999997,Walmart,"Tokyo, Japan",Windows Laptop,Mobile Network,False,False,1
370,email_change,0.0,-2981.2799999999997,0,"London, UK",MacBook,Home WiFi,False,False,1
371,fraud,1768.14,-1930.11,Target,"Los Angeles, USA",Windows Laptop,Public WiFi,False,False,1
371,failed_login,0.0,-1930.11,0,"Paris, France",Android,Mobile Network,False,False,1
372,fraud,6798.69,-13000.009999999998,Best Buy,"Paris, France",MacBook,Home WiFi,False,False,1
372,withdrawal,0.0,-13000.009999999998,0,"Berlin, Germany",MacBook,Public WiFi,True,False,1
373,fraud,585.22,6898.92,Apple Store,"New York, USA",iPhone,Corporate Network,False,False,1
373,email_change,0.0,6898.92,0,"New York, USA",iPhone,Corporate Network,False,False,1
374,fraud,565.98,2627.7700000000004,Best Buy,"London, UK",iPhone,Corporate Network,False,False,1
374,email_change,0.0,2627.7700000000004,0,"Paris, France",Android,Public WiFi,False,True,1
375,fraud,4499.05,5196.709999999998,Target,"New York, USA",iPhone,Corporate Network,False,False,1
376,fraud,1192.54,-1106.2900000000002,Apple Store,"London, UK",MacBook,Corporate Network,False,False,1
376,phone_change,0.0,-1106.2900000000002,0,"New York, USA",Android,Mobile Network,False,False,1
377,fraud,658.68,-1362.1999999999998,Best Buy,"Los Angeles, USA",Android,Public WiFi,False,True,1
377,phone_change,0.0,-1362.1999999999998,0,"Los Angeles, USA",Windows Laptop,Home WiFi,False,False,1
378,fraud,704.09,-6882.11,Best Buy,"New York, USA",Windows Laptop,Public WiFi,False,False,1
379,fraud,1908.12,396.53000000000065,Apple Store,"Los Angeles, USA",iPhone,Public WiFi,False,True,1
379,failed_login,0.0,396.53000000000065,0,"Paris, France",iPhone,Mobile Network,False,False,1
380,fraud,3651.87,-3488.62,Amazon,"Berlin, Germany",Android,Home WiFi,False,False,1
381,fraud,1304.78,-14548.080000000002,Walmart,"Paris, France",Android,Public WiFi,False,False,1
381,phone_change,0.0,-14548.080000000002,0,"Berlin, Germany",iPhone,Corporate Network,False,False,1
382,fraud,23.62,-1787.1600000000005,Walmart,"London, UK",iPad,Home WiFi,False,False,1
382,withdrawal,0.0,-1787.1600000000005,0,"Berlin, Germany",Android,Corporate Network,False,False,1
383,fraud,426.92,-1626.92,Amazon,"New York, USA",Android,Home WiFi,False,False,1
383,email_change,0.0,-1626.92,0,"Tokyo, Japan",iPhone,Home WiFi,False,False,1
384,fraud,545.13,2931.23,Walmart,"Los Angeles, USA",iPhone,Mobile Network,False,False,1
385,fraud,2473.18,-3867.8500000000004,Target,"New York, USA",iPhone,Home WiFi,False,False,1
385,deposit,0.0,-3867.8500000000004,0,"Berlin, Germany",Android,Mobile Network,False,False,1
386,fraud,1093.26,-3339.8900000000003,Amazon,"London, UK",iPad,Home WiFi,True,False,1
387,fraud,369.78,-4767.240000000001,Target,"Berlin, Germany",MacBook,Corporate Network,False,False,1
387,password_change,0.0,-4767.240000000001,0,"Tokyo, Japan",Android,Mobile Network,False,False,1
388,fraud,1391.63,-2219.2,Target,"Tokyo, Japan",iPhone,Corporate Network,False,False,1
389,fraud,3003.76,1227.4799999999996,Walmart,"Berlin, Germany",iPhone,Public WiFi,False,False,1
390,fraud,1732.61,848.22,Apple Store,"Tokyo, Japan",iPhone,Public WiFi,False,False,1
391,fraud,3584.5,1090.02,Walmart,"Los Angeles, USA",iPhone,Public WiFi,True,False,1
391,withdrawal,0.0,1090.02,0,"New York, USA",iPhone,Mobile Network,False,True,1
392,fraud,35.46,-10041.530000000002,Starbucks,"Paris, France",Windows Laptop,Corporate Network,False,False,1
392,failed_login,0.0,-10041.530000000002,0,"New York, USA",iPad,Corporate Network,False,True,1
393,fraud,356.9,3054.33,Walmart,"Berlin, Germany",MacBook,Home WiFi,False,False,1
394,fraud,884.08,2139.1699999999996,Walmart,"Tokyo, Japan",Android,Corporate Network,False,False,1
394,phone_change,0.0,2139.1699999999996,0,"Los Angeles, USA",Android,Public WiFi,False,False,1
395,fraud,1383.58,-843.4600000000004,Amazon,"New York, USA",iPhone,Mobile Network,False,False,1
395,suspicious_login,0.0,-843.4600000000004,0,"Los Angeles, USA",iPad,Mobile Network,False,False,1
396,fraud,640.57,3587.7899999999995,Amazon,"Los Angeles, USA",iPhone,Mobile Network,False,True,1
397,fraud,1491.1,-1900.24,Target,"Tokyo, Japan",MacBook,Home WiFi,False,False,1
397,withdrawal,0.0,-1900.24,0,"Tokyo, Japan",MacBook,Mobile Network,False,False,1
398,fraud,476.58,-1756.56,Starbucks,"Tokyo, Japan",iPhone,Home WiFi,False,False,1
399,fraud,2788.28,-390.8499999999999,Best Buy,"New York, USA",MacBook,Mobile Network,False,False,1
399,email_change,0.0,-390.8499999999999,0,"London, UK",Windows Laptop,Mobile Network,False,False,1
400,fraud,2493.71,1712.75,Best Buy,"New York, USA",iPad,Public WiFi,False,True,1
401,fraud,157.47,-1103.9700000000003,Apple Store,"Tokyo, Japan",Windows Laptop,Mobile Network,False,False,1
401,failed_login,0.0,-1103.9700000000003,0,"Los Angeles, USA",iPad,Corporate Network,False,False,1
402,fraud,56.47,613.2099999999998,Amazon,"London, UK",Android,Home WiFi,False,False,1
403,fraud,1190.96,-5235.2699999999995,Amazon,"Los Angeles, USA",Windows Laptop,Home WiFi,False,False,1
403,withdrawal,0.0,-5235.2699999999995,0,"Paris, France",iPhone,Mobile Network,False,False,1
404,fraud,948.71,2265.8500000000004,Apple Store,"New York, USA",iPad,Public WiFi,False,False,1
404,deposit,0.0,2265.8500000000004,0,"Berlin, Germany",MacBook,Mobile Network,False,False,1
405,fraud,1484.97,-3040.74,Amazon,"New York, USA",iPhone,Home WiFi,False,False,1
406,fraud,335.71,-1309.93,Target,"Tokyo, Japan",Android,Corporate Network,False,False,1
406,password_change,0.0,-1309.93,0,"Los Angeles, USA",iPhone,Home WiFi,False,False,1
407,fraud,1725.54,-13752.920000000002,Target,"Paris, France",iPhone,Mobile Network,False,False,1
407,withdrawal,0.0,-13752.920000000002,0,"Berlin, Germany",iPhone,Corporate Network,False,False,1
408,fraud,385.09,3770.9700000000003,Apple Store,"Los Angeles, USA",iPhone,Public WiFi,False,False,1
409,fraud,1023.64,3200.0400000000004,Apple Store,"London, UK",Windows Laptop,Home WiFi,False,False,1
410,fraud,303.95,2637.9000000000005,Best Buy,"Tokyo, Japan",Windows Laptop,Mobile Network,False,False,1
411,fraud,28.52,3011.18,Amazon,"Tokyo, Japan",iPhone,Corporate Network,False,False,1
412,fraud,1576.64,4294.3099999999995,Amazon,"Los Angeles, USA",Android,Home WiFi,False,False,1
413,fraud,875.25,-765.8699999999999,Best Buy,"New York, USA",MacBook,Home WiFi,False,False,1
414,fraud,2774.96,-5413.0,Target,"New York, USA",MacBook,Home WiFi,False,True,1
414,failed_login,0.0,-5413.0,0,"Paris, France",iPad,Mobile Network,True,False,1
415,fraud,2136.2,-1635.25,Target,"New York, USA",Windows Laptop,Corporate Network,False,True,1
415,suspicious_login,0.0,-1635.25,0,"Berlin, Germany",Windows Laptop,Home WiFi,False,False,1
416,fraud,2769.06,-2965.98,Amazon,"Paris, France",iPad,Public WiFi,False,False,1
417,fraud,819.42,344.5600000000005,Amazon,"Tokyo, Japan",Android,Home WiFi,False,False,1
418,fraud,30.8,6430.69,Best Buy,"Berlin, Germany",Android,Mobile Network,False,False,1
419,fraud,36.61,-3092.43,Best Buy,"Tokyo, Japan",Android,Corporate Network,False,False,1
419,suspicious_login,0.0,-3092.43,0,"New York, USA",iPhone,Public WiFi,True,False,1
420,fraud,150.01,3955.0,Amazon,"New York, USA",Android,Corporate Network,False,False,1
420,phone_change,0.0,3955.0,0,"Berlin, Germany",iPhone,Corporate Network,False,False,1
421,fraud,2442.23,-3734.0,Starbucks,"Los Angeles, USA",Linux PC,Corporate Network,False,False,1
422,fraud,30.13,1532.1200000000001,Target,"New York, USA",Android,Mobile Network,False,False,1
423,fraud,60.0,-239.20000000000005,Best Buy,"London, UK",Windows Laptop,Mobile Network,False,False,1
424,fraud,1936.65,-3308.13,Apple Store,"London, UK",iPhone,Mobile Network,False,False,1
425,fraud,1855.85,3910.22,Starbucks,"Los Angeles, USA",MacBook,Home WiFi,False,False,1
425,withdrawal,0.0,3910.22,0,"Berlin, Germany",MacBook,Corporate Network,False,False,1
426,fraud,3729.58,-375.3099999999995,Best Buy,"London, UK",Windows Laptop,Public WiFi,False,False,1
427,fraud,1431.02,-7947.860000000001,Target,"New York, USA",iPhone,Home WiFi,False,False,1
427,email_change,0.0,-7947.860000000001,0,"Los Angeles, USA",Windows Laptop,Corporate Network,True,False,1
428,fraud,29.27,-1304.8,Apple Store,"New York, USA",iPhone,Corporate Network,False,False,1
429,fraud,2658.2,-476.47999999999956,Target,"New York, USA",iPhone,Mobile Network,False,False,1
429,phone_change,0.0,-476.47999999999956,0,"New York, USA",iPad,Corporate Network,False,False,1
430,fraud,405.4,2217.3899999999994,Apple Store,"New York, USA",iPhone,Corporate Network,False,False,1
430,password_change,0.0,2217.3899999999994,0,"New York, USA",Windows Laptop,Corporate Network,False,False,1
431,fraud,33.47,-6551.280000000001,Best Buy,"New York, USA",MacBook,Home WiFi,False,False,1
432,fraud,38.34,10994.94,Starbucks,"Tokyo, Japan",Android,Home WiFi,False,False,1
432,withdrawal,0.0,10994.94,0,"Berlin, Germany",MacBook,Home WiFi,False,False,1
0,deposit,921.03,6060.28,Target,"Los Angeles, USA",iPhone,Corporate Network,False,False,0
1,deposit,859.02,2901.0600000000004,Walmart,"New York, USA",Android,Home WiFi,False,True,0
1,phone_change,0.0,2901.0600000000004,0,"Los Angeles, USA",Android,Corporate Network,False,False,0
2,deposit,706.44,3340.4700000000003,Best Buy,"New York, USA",iPhone,Mobile Network,False,False,0
3,withdrawal,425.49,5105.730000000001,Amazon,"Los Angeles, USA",iPhone,Corporate Network,True,False,0
3,password_change,0.0,5105.730000000001,0,"New York, USA",iPhone,Corporate Network,False,False,0
4,withdrawal,267.47,6107.330000000001,Amazon,"Los Angeles, USA",iPhone,Home WiFi,False,False,0
5,withdrawal,257.45,4330.94,Best Buy,"Tokyo, Japan",MacBook,Corporate Network,False,False,0
6,withdrawal,122.28,2951.3399999999997,Amazon,"Los Angeles, USA",Linux PC,Public WiFi,False,False,0
6,password_change,0.0,2951.3399999999997,0,"Tokyo, Japan",iPhone,Public WiFi,False,False,0
7,withdrawal,325.08,603.1300000000003,Walmart,"Berlin, Germany",Android,Public WiFi,False,False,0
8,deposit,704.77,5137.16,Best Buy,"Tokyo, Japan",Windows Laptop,Corporate Network,False,False,0
9,withdrawal,270.69,4976.010000000001,Starbucks,"New York, USA",Android,Public WiFi,False,False,0
9,password_change,0.0,4976.010000000001,0,"Los Angeles, USA",Android,Corporate Network,False,False,0
10,deposit,716.7,4560.64,Amazon,"Los Angeles, USA",Android,Mobile Network,False,False,0
11,deposit,388.03,4646.349999999999,Amazon,"Tokyo, Japan",iPhone,Mobile Network,False,False,0
12,deposit,332.85,5312.12,Starbucks,"London, UK",Windows Laptop,Home WiFi,False,False,0
13,withdrawal,227.1,3322.8600000000006,Amazon,"New York, USA",Android,Home WiFi,False,False,0
14,withdrawal,418.82,2579.29,Walmart,"New York, USA",Windows Laptop,Home WiFi,False,False,0
15,withdrawal,226.5,2832.3899999999994,Best Buy,"New York, USA",Android,Corporate Network,False,False,0
15,password_change,0.0,2832.3899999999994,0,"New York, USA",Linux PC,Mobile Network,True,False,0
16,deposit,750.34,3917.26,Starbucks,"New York, USA",iPhone,Mobile Network,True,False,0
17,withdrawal,152.4,2620.18,Best Buy,"Los Angeles, USA",iPhone,Mobile Network,False,False,0
18,withdrawal,435.83,2252.6900000000005,Best Buy,"Paris, France",iPhone,Public WiFi,False,False,0
19,withdrawal,81.66,3646.2500000000005,Best Buy,"London, UK",iPhone,Mobile Network,False,False,0
19,email_change,0.0,3646.2500000000005,0,"Los Angeles, USA",iPhone,Public WiFi,False,False,0
20,withdrawal,286.31,2732.7699999999995,Amazon,"Tokyo, Japan",Windows Laptop,Mobile Network,False,False,0
21,withdrawal,455.93,3333.7300000000005,Apple Store,"New York, USA",iPhone,Corporate Network,False,False,0
22,deposit,554.83,5204.160000000001,Target,"Berlin, Germany",iPhone,Corporate Network,False,False,0
22,email_change,0.0,5204.160000000001,0,"London, UK",Windows Laptop,Public WiFi,False,False,0
23,withdrawal,64.66,3347.4300000000007,Best Buy,"London, UK",Android,Public WiFi,False,False,0
24,withdrawal,185.99,2374.66,Walmart,"New York, USA",Android,Mobile Network,False,False,0
24,email_change,0.0,2374.66,0,"New York, USA",iPhone,Mobile Network,False,False,0
25,deposit,473.77,4109.02,Starbucks,"Paris, France",iPad,Mobile Network,False,False,0
25,email_change,0.0,4109.02,0,"Tokyo, Japan",iPhone,Mobile Network,False,False,0
26,withdrawal,345.9,3190.42,Starbucks,"New York, USA",Linux PC,Public WiFi,False,False,0
27,deposit,430.79,5334.040000000001,Target,"New York, USA",iPhone,Home WiFi,False,False,0
28,deposit,651.26,1845.95,Amazon,"Paris, France",Android,Corporate Network,False,False,0
29,withdrawal,353.41,3035.92,Amazon,"New York, USA",Android,Corporate Network,False,False,0
30,withdrawal,138.38,2516.7400000000002,Apple Store,"Paris, France",Android,Public WiFi,False,True,0
31,withdrawal,93.52,957.8900000000001,Walmart,"Los Angeles, USA",iPhone,Public WiFi,False,False,0
32,withdrawal,95.17,2739.96,Best Buy,"New York, USA",iPhone,Public WiFi,False,False,0
33,withdrawal,216.12,3074.43,Starbucks,"London, UK",Android,Public WiFi,False,False,0
33,password_change,0.0,3074.43,0,"Tokyo, Japan",MacBook,Public WiFi,False,False,0
34,withdrawal,134.04,1651.65,Target,"Tokyo, Japan",MacBook,Corporate Network,False,False,0
34,email_change,0.0,1651.65,0,"Tokyo, Japan",Windows Laptop,Corporate Network,False,False,0
35,deposit,730.17,6460.420000000001,Walmart,"Berlin, Germany",Android,Corporate Network,False,False,0
36,deposit,196.71,1417.1,Walmart,"Paris, France",MacBook,Mobile Network,False,False,0
37,deposit,238.76,2595.1800000000003,Amazon,"Tokyo, Japan",iPhone,Corporate Network,False,False,0
38,deposit,856.99,5883.75,Amazon,"Berlin, Germany",iPhone,Public WiFi,False,False,0
38,phone_change,0.0,5883.75,0,"London, UK",MacBook,Corporate Network,False,True,0
39,withdrawal,73.07,6772.35,Starbucks,"Tokyo, Japan",MacBook,Public WiFi,False,False,0
40,withdrawal,361.6,3906.48,Starbucks,"New York, USA",Android,Corporate Network,False,False,0
41,deposit,285.29,7423.2300000000005,Best Buy,"Los Angeles, USA",Android,Home WiFi,False,False,0
42,deposit,733.26,4027.0200000000004,Walmart,"Los Angeles, USA",iPhone,Public WiFi,False,False,0
43,deposit,898.53,4676.2300000000005,Apple Store,"Tokyo, Japan",Windows Laptop,Mobile Network,False,False,0
43,password_change,0.0,4676.2300000000005,0,"Berlin, Germany",Android,Mobile Network,False,False,0
44,deposit,443.82,4870.19,Amazon,"Tokyo, Japan",iPhone,Corporate Network,False,False,0
45,withdrawal,445.33,3334.43,Amazon,"New York, USA",Linux PC,Corporate Network,False,False,0
45,phone_change,0.0,3334.43,0,"Los Angeles, USA",MacBook,Public WiFi,False,True,0
46,deposit,258.61,5397.279999999999,Amazon,"Los Angeles, USA",iPad,Home WiFi,False,False,0
47,deposit,785.89,4836.93,Apple Store,"New York, USA",Windows Laptop,Home WiFi,False,False,0
48,withdrawal,381.41,1531.01,Best Buy,"Paris, France",iPhone,Home WiFi,False,False,0
49,withdrawal,271.93,1951.8899999999996,Walmart,"Los Angeles, USA",MacBook,Mobile Network,False,False,0
50,deposit,772.48,5763.030000000001,Best Buy,"New York, USA",Windows Laptop,Corporate Network,False,False,0
51,withdrawal,238.35,6860.009999999999,Amazon,"Tokyo, Japan",iPhone,Public WiFi,False,False,0
52,withdrawal,428.39,5593.469999999999,Apple Store,"Tokyo, Japan",Windows Laptop,Corporate Network,False,False,0
53,withdrawal,300.44,4695.790000000001,Walmart,"Paris, France",iPhone,Public WiFi,False,False,0
54,deposit,775.77,4113.59,Best Buy,"Paris, France",Android,Public WiFi,False,False,0
55,deposit,194.13,2787.2400000000002,Amazon,"Los Angeles, USA",iPhone,Corporate Network,False,False,0
56,deposit,609.76,2194.2,Amazon,"London, UK",Windows Laptop,Home WiFi,False,False,0
57,deposit,770.22,4235.2699999999995,Best Buy,"Tokyo, Japan",iPhone,Corporate Network,False,False,0
57,phone_change,0.0,4235.2699999999995,0,"Tokyo, Japan",iPhone,Public WiFi,False,False,0
58,withdrawal,58.96,4457.64,Target,"New York, USA",iPhone,Home WiFi,False,False,0
58,password_change,0.0,4457.64,0,"Berlin, Germany",iPhone,Home WiFi,False,False,0
59,withdrawal,260.91,1489.7399999999998,Apple Store,"London, UK",iPhone,Public WiFi,False,False,0
59,phone_change,0.0,1489.7399999999998,0,"London, UK",Android,Corporate Network,False,False,0
60,withdrawal,351.54,3607.48,Amazon,"New York, USA",Windows Laptop,Home WiFi,False,True,0
61,withdrawal,223.47,4546.99,Amazon,"Tokyo, Japan",MacBook,Corporate Network,False,False,0
62,withdrawal,461.82,5981.79,Best Buy,"Los Angeles, USA",MacBook,Public WiFi,False,False,0
62,phone_change,0.0,5981.79,0,"New York, USA",MacBook,Corporate Network,False,False,0
63,deposit,123.52,2273.46,Apple Store,"Berlin, Germany",Windows Laptop,Home WiFi,False,False,0
64,withdrawal,392.19,2961.8100000000004,Amazon,"Berlin, Germany",iPhone,Mobile Network,False,False,0
64,email_change,0.0,2961.8100000000004,0,"Tokyo, Japan",Windows Laptop,Mobile Network,False,False,0
65,deposit,270.72,5430.640000000001,Amazon,"New York, USA",Android,Corporate Network,False,False,0
65,password_change,0.0,5430.640000000001,0,"Tokyo, Japan",Linux PC,Mobile Network,False,False,0
66,withdrawal,239.21,4017.6900000000005,Amazon,"Paris, France",Android,Home WiFi,False,False,0
67,deposit,480.63,2575.05,Apple Store,"Los Angeles, USA",Windows Laptop,Home WiFi,False,False,0
68,deposit,819.55,5035.670000000001,Starbucks,"New York, USA",Linux PC,Home WiFi,False,False,0
69,withdrawal,217.26,3977.3999999999996,Amazon,"New York, USA",iPhone,Corporate Network,True,False,0
69,email_change,0.0,3977.3999999999996,0,"Tokyo, Japan",Android,Public WiFi,False,False,0
70,deposit,548.89,6933.110000000001,Target,"New York, USA",Android,Home WiFi,False,False,0
71,deposit,482.25,5077.44,Best Buy,"Los Angeles, USA",Android,Corporate Network,False,False,0
72,deposit,723.11,4544.78,Amazon,"Berlin, Germany",MacBook,Corporate Network,False,False,0
73,deposit,389.28,3628.1500000000005,Walmart,"Tokyo, Japan",iPhone,Mobile Network,False,False,0
73,password_change,0.0,3628.1500000000005,0,"New York, USA",Android,Home WiFi,False,False,0
74,withdrawal,482.72,5507.67,Starbucks,"Los Angeles, USA",iPhone,Home WiFi,False,False,0
75,deposit,647.32,6026.48,Apple Store,"New York, USA",Windows Laptop,Home WiFi,False,False,0
76,deposit,485.34,3269.74,Walmart,"New York, USA",Windows Laptop,Home WiFi,False,False,0
77,deposit,194.56,6025.2,Walmart,"New York, USA",iPhone,Mobile Network,False,False,0
78,withdrawal,315.72,6654.33,Best Buy,"Los Angeles, USA",Android,Corporate Network,False,False,0
79,withdrawal,268.01,2140.6899999999996,Amazon,"New York, USA",Windows Laptop,Mobile Network,False,False,0
80,deposit,147.51,5090.96,Starbucks,"Paris, France",iPhone,Home WiFi,False,False,0
81,withdrawal,398.99,2023.8699999999997,Best Buy,"Tokyo, Japan",Windows Laptop,Corporate Network,False,False,0
82,deposit,217.42,3434.92,Amazon,"London, UK",iPhone,Public WiFi,True,False,0
83,withdrawal,66.68,6114.3099999999995,Apple Store,"Tokyo, Japan",Windows Laptop,Corporate Network,False,False,0
83,password_change,0.0,6114.3099999999995,0,"New York, USA",iPad,Corporate Network,False,False,0
84,deposit,980.45,8032.85,Starbucks,"Los Angeles, USA",iPhone,Home WiFi,False,False,0
85,withdrawal,228.65,4113.84,Amazon,"New York, USA",Windows Laptop,Mobile Network,False,True,0
86,deposit,437.04,3098.54,Walmart,"Paris, France",Android,Home WiFi,False,False,0
87,withdrawal,328.01,4843.45,Target,"London, UK",iPhone,Corporate Network,False,False,0
88,deposit,244.15,4650.210000000001,Starbucks,"London, UK",Windows Laptop,Corporate Network,False,False,0
88,password_change,0.0,4650.210000000001,0,"London, UK",MacBook,Home WiFi,False,False,0
89,deposit,377.12,6202.24,Starbucks,"New York, USA",Android,Mobile Network,False,False,0
90,withdrawal,189.76,4675.11,Amazon,"New York, USA",Android,Corporate Network,False,False,0
91,withdrawal,389.71,414.1799999999999,Apple Store,"London, UK",Windows Laptop,Home WiFi,False,False,0
92,deposit,425.82,4013.3800000000006,Amazon,"Tokyo, Japan",iPhone,Mobile Network,False,False,0
93,deposit,584.41,4910.86,Apple Store,"New York, USA",MacBook,Corporate Network,False,False,0
94,deposit,556.18,4413.900000000001,Amazon,"Tokyo, Japan",MacBook,Public WiFi,False,False,0
94,password_change,0.0,4413.900000000001,0,"Berlin, Germany",Windows Laptop,Corporate Network,False,False,0
95,withdrawal,366.5,1964.0700000000002,Best Buy,"New York, USA",iPhone,Corporate Network,False,False,0
96,withdrawal,358.08,5512.1,Amazon,"Paris, France",Android,Corporate Network,False,True,0
97,deposit,418.43,6043.27,Best Buy,"Los Angeles, USA",MacBook,Home WiFi,False,False,0
98,withdrawal,153.15,4625.900000000001,Best Buy,"New York, USA",MacBook,Home WiFi,False,False,0
99,deposit,940.93,4083.6099999999997,Best Buy,"Berlin, Germany",Android,Home WiFi,False,False,0
99,email_change,0.0,4083.6099999999997,0,"New York, USA",iPhone,Public WiFi,False,False,0
100,withdrawal,411.96,1826.87,Best Buy,"Paris, France",Windows Laptop,Home WiFi,False,False,0
101,deposit,373.45,3554.7699999999995,Amazon,"Berlin, Germany",Android,Corporate Network,False,False,0
102,deposit,139.8,5151.780000000001,Starbucks,"Tokyo, Japan",iPhone,Mobile Network,False,False,0
103,deposit,312.44,2311.15,Amazon,"New York, USA",Android,Corporate Network,False,False,0
104,deposit,392.89,3518.3100000000004,Amazon,"London, UK",MacBook,Corporate Network,False,False,0
105,deposit,480.21,3351.9700000000003,Walmart,"New York, USA",Linux PC,Home WiFi,False,False,0
106,deposit,862.93,4111.429999999999,Apple Store,"Paris, France",iPhone,Public WiFi,False,False,0
107,deposit,490.9,2792.8199999999997,Walmart,"New York, USA",Windows Laptop,Corporate Network,False,False,0
108,deposit,863.85,6466.47,Walmart,"New York, USA",Windows Laptop,Mobile Network,False,False,0
109,deposit,715.07,2716.31,Apple Store,"New York, USA",Windows Laptop,Mobile Network,False,False,0
110,deposit,345.62,2780.21,Amazon,"Los Angeles, USA",MacBook,Home WiFi,True,False,0
111,withdrawal,322.89,2554.5,Walmart,"Tokyo, Japan",iPhone,Corporate Network,False,False,0
111,email_change,0.0,2554.5,0,"Los Angeles, USA",Windows Laptop,Home WiFi,False,False,0
112,deposit,310.43,5405.240000000002,Best Buy,"Los Angeles, USA",iPhone,Mobile Network,False,False,0
113,deposit,882.32,4896.97,Best Buy,"London, UK",Android,Mobile Network,False,False,0
114,deposit,150.58,4738.4,Walmart,"Los Angeles, USA",Windows Laptop,Public WiFi,False,False,0
114,phone_change,0.0,4738.4,0,"Los Angeles, USA",iPhone,Mobile Network,False,False,0
115,withdrawal,261.53,5096.0,Walmart,"London, UK",MacBook,Mobile Network,False,False,0
116,deposit,134.4,5839.429999999999,Walmart,"Tokyo, Japan",Android,Corporate Network,True,False,0
117,withdrawal,65.77,4266.099999999999,Best Buy,"New York, USA",Windows Laptop,Home WiFi,False,False,0
118,deposit,926.07,3134.78,Amazon,"Paris, France",MacBook,Mobile Network,False,False,0
119,deposit,483.56,3054.0099999999998,Amazon,"Los Angeles, USA",Linux PC,Public WiFi,True,False,0
120,deposit,433.19,6318.879999999999,Amazon,"Paris, France",Android,Home WiFi,False,False,0
120,password_change,0.0,6318.879999999999,0,"London, UK",Android,Home WiFi,False,False,0
121,deposit,923.7,3763.8,Best Buy,"Tokyo, Japan",iPhone,Corporate Network,False,False,0
122,deposit,705.47,2392.0999999999995,Amazon,"Los Angeles, USA",Android,Mobile Network,False,False,0
123,deposit,617.5,3822.09,Amazon,"Los Angeles, USA",Android,Home WiFi,False,False,0
124,deposit,383.64,3372.5299999999997,Walmart,"Berlin, Germany",Android,Home WiFi,False,False,0
125,withdrawal,298.36,4016.439999999999,Amazon,"London, UK",iPhone,Corporate Network,False,False,0
126,deposit,116.63,5890.2300000000005,Walmart,"Tokyo, Japan",Android,Home WiFi,True,False,0
127,deposit,652.57,5915.789999999999,Amazon,"Los Angeles, USA",iPhone,Mobile Network,False,False,0
128,deposit,292.68,4459.77,Starbucks,"Los Angeles, USA",Android,Mobile Network,False,False,0
128,password_change,0.0,4459.77,0,"Los Angeles, USA",iPhone,Public WiFi,False,False,0
129,deposit,801.76,7288.710000000001,Amazon,"Los Angeles, USA",iPhone,Mobile Network,False,False,0
130,deposit,833.94,7633.789999999999,Starbucks,"New York, USA",Linux PC,Public WiFi,False,False,0
131,deposit,374.65,3458.7200000000003,Starbucks,"New York, USA",iPhone,Home WiFi,False,False,0
132,withdrawal,125.98,1470.66,Target,"Paris, France",Android,Home WiFi,False,False,0
133,withdrawal,149.27,3804.76,Amazon,"New York, USA",iPad,Corporate Network,False,False,0
134,deposit,926.14,5087.7300000000005,Target,"New York, USA",Windows Laptop,Corporate Network,False,False,0
134,email_change,0.0,5087.7300000000005,0,"Berlin, Germany",Android,Home WiFi,False,False,0
135,deposit,895.72,4838.49,Target,"New York, USA",Android,Corporate Network,False,True,0
136,deposit,521.75,4404.280000000001,Amazon,"Los Angeles, USA",Android,Public WiFi,True,False,0
137,deposit,493.21,2888.41,Starbucks,"New York, USA",Android,Mobile Network,False,False,0
137,phone_change,0.0,2888.41,0,"London, UK",iPhone,Public WiFi,False,False,0
138,deposit,441.42,5496.379999999999,Walmart,"London, UK",Windows Laptop,Mobile Network,False,False,0
138,email_change,0.0,5496.379999999999,0,"Los Angeles, USA",Windows Laptop,Public WiFi,True,False,0
139,withdrawal,391.22,2783.8900000000003,Starbucks,"Tokyo, Japan",iPhone,Corporate Network,False,False,0
140,withdrawal,302.73,4809.09,Walmart,"Tokyo, Japan",iPhone,Corporate Network,False,False,0
141,deposit,590.22,3787.37,Apple Store,"New York, USA",Linux PC,Corporate Network,False,False,0
142,withdrawal,192.12,830.0499999999998,Starbucks,"Los Angeles, USA",Windows Laptop,Public WiFi,False,True,0
143,withdrawal,491.9,5750.279999999999,Amazon,"Los Angeles, USA",Android,Public WiFi,False,False,0
144,withdrawal,324.35,2265.91,Apple Store,"Paris, France",iPhone,Corporate Network,False,False,0
145,deposit,588.1,4508.24,Target,"New York, USA",Android,Mobile Network,False,False,0
146,deposit,898.71,5679.490000000001,Target,"Tokyo, Japan",Windows Laptop,Home WiFi,True,False,0
147,withdrawal,50.44,2285.22,Target,"New York, USA",Windows Laptop,Home WiFi,False,False,0
147,password_change,0.0,2285.22,0,"Los Angeles, USA",iPhone,Home WiFi,False,False,0
148,withdrawal,468.23,3185.0,Target,"Berlin, Germany",iPad,Public WiFi,False,False,0
149,deposit,186.16,2721.29,Target,"Berlin, Germany",Android,Mobile Network,False,False,0
150,deposit,668.9,5939.67,Amazon,"New York, USA",Windows Laptop,Home WiFi,True,False,0
151,withdrawal,491.91,3785.88,Target,"New York, USA",MacBook,Mobile Network,False,False,0
152,deposit,853.73,6087.07,Amazon,"Tokyo, Japan",MacBook,Public WiFi,False,False,0
153,deposit,176.95,2341.41,Starbucks,"New York, USA",iPhone,Mobile Network,False,False,0
153,phone_change,0.0,2341.41,0,"Paris, France",MacBook,Home WiFi,False,False,0
154,deposit,734.56,3967.06,Walmart,"Los Angeles, USA",MacBook,Corporate Network,True,False,0
155,withdrawal,123.17,6634.49,Target,"Los Angeles, USA",Linux PC,Home WiFi,False,False,0
156,deposit,671.84,6151.420000000001,Amazon,"London, UK",iPhone,Home WiFi,False,False,0
157,withdrawal,176.2,5538.9800000000005,Starbucks,"Los Angeles, USA",iPhone,Corporate Network,False,False,0
157,phone_change,0.0,5538.9800000000005,0,"New York, USA",Android,Public WiFi,False,False,0
158,deposit,650.3,5117.21,Apple Store,"New York, USA",Android,Public WiFi,False,False,0
159,deposit,975.63,2758.0800000000004,Amazon,"Los Angeles, USA",Android,Corporate Network,False,False,0
160,withdrawal,332.39,1464.9899999999998,Amazon,"Los Angeles, USA",Android,Mobile Network,False,False,0
161,deposit,995.48,6040.23,Amazon,"Los Angeles, USA",Windows Laptop,Public WiFi,False,False,0
162,deposit,898.67,3605.85,Target,"Los Angeles, USA",iPhone,Corporate Network,False,False,0
163,deposit,169.57,4042.76,Walmart,"Los Angeles, USA",Windows Laptop,Public WiFi,True,False,0
164,deposit,777.24,3520.12,Best Buy,"Los Angeles, USA",Linux PC,Home WiFi,False,False,0
165,deposit,221.74,2836.17,Amazon,"Paris, France",iPhone,Corporate Network,False,False,0
165,phone_change,0.0,2836.17,0,"Tokyo, Japan",iPhone,Corporate Network,False,False,0
166,deposit,164.47,2816.58,Best Buy,"Los Angeles, USA",Android,Corporate Network,False,False,0
167,deposit,847.1,4129.34,Starbucks,"Los Angeles, USA",iPhone,Public WiFi,True,False,0
168,withdrawal,112.14,3251.9800000000005,Apple Store,"Los Angeles, USA",Android,Mobile Network,False,False,0
169,withdrawal,62.86,1814.5000000000002,Best Buy,"London, UK",iPhone,Corporate Network,False,False,0
170,deposit,156.61,1479.8600000000001,Starbucks,"Los Angeles, USA",MacBook,Corporate Network,False,False,0
171,withdrawal,476.44,2894.4299999999994,Walmart,"London, UK",Linux PC,Public WiFi,False,False,0
171,email_change,0.0,2894.4299999999994,0,"Los Angeles, USA",Android,Corporate Network,False,False,0
172,deposit,626.37,1877.25,Target,"New York, USA",Windows Laptop,Corporate Network,False,False,0
173,withdrawal,492.1,5989.19,Best Buy,"London, UK",Android,Mobile Network,False,False,0
173,email_change,0.0,5989.19,0,"Tokyo, Japan",iPhone,Public WiFi,False,True,0
174,deposit,621.43,1758.1799999999998,Amazon,"Tokyo, Japan",Windows Laptop,Home WiFi,False,False,0
175,deposit,158.96,637.2700000000001,Amazon,"Los Angeles, USA",Windows Laptop,Mobile Network,False,False,0
176,withdrawal,438.17,1641.44,Amazon,"New York, USA",MacBook,Mobile Network,False,False,0
177,withdrawal,323.55,6091.69,Amazon,"New York, USA",iPhone,Public WiFi,False,True,0
178,deposit,790.37,4512.17,Amazon,"Tokyo, Japan",Windows Laptop,Public WiFi,False,False,0
179,deposit,539.85,3979.26,Best Buy,"New York, USA",iPhone,Mobile Network,False,False,0
180,withdrawal,101.78,6077.9400000000005,Amazon,"Los Angeles, USA",Android,Corporate Network,True,False,0
180,phone_change,0.0,6077.9400000000005,0,"London, UK",iPad,Corporate Network,False,False,0
181,withdrawal,431.42,4728.469999999999,Best Buy,"London, UK",iPad,Corporate Network,False,False,0
182,withdrawal,213.87,3136.5199999999995,Apple Store,"Los Angeles, USA",iPhone,Home WiFi,False,False,0
183,deposit,285.82,2294.85,Target,"London, UK",Linux PC,Mobile Network,True,False,0
184,deposit,958.61,4612.249999999999,Amazon,"New York, USA",iPad,Home WiFi,False,False,0
185,withdrawal,101.72,2235.5800000000004,Best Buy,"Paris, France",Android,Home WiFi,False,False,0
186,withdrawal,419.46,4864.410000000002,Amazon,"Los Angeles, USA",Windows Laptop,Corporate Network,False,False,0
187,deposit,350.87,2677.79,Amazon,"New York, USA",Android,Corporate Network,False,False,0
188,withdrawal,277.96,3122.76,Best Buy,"Los Angeles, USA",Windows Laptop,Corporate Network,False,False,0
189,withdrawal,303.37,2764.6800000000003,Amazon,"New York, USA",Android,Corporate Network,False,False,0
190,deposit,182.25,4087.8,Walmart,"Tokyo, Japan",iPhone,Home WiFi,False,False,0
190,email_change,0.0,4087.8,0,"Berlin, Germany",iPhone,Home WiFi,False,False,0
191,withdrawal,308.58,3359.41,Amazon,"New York, USA",iPhone,Public WiFi,False,False,0
192,withdrawal,287.56,281.09,Starbucks,"Paris, France",Windows Laptop,Mobile Network,False,False,0
193,deposit,236.1,2732.8799999999997,Amazon,"Tokyo, Japan",iPhone,Public WiFi,False,False,0
194,deposit,263.81,2229.43,Target,"New York, USA",Windows Laptop,Home WiFi,False,False,0
195,deposit,905.45,4004.9700000000003,Walmart,"Los Angeles, USA",iPhone,Home WiFi,False,False,0
196,withdrawal,192.05,2242.7400000000002,Best Buy,"New York, USA",iPhone,Home WiFi,False,False,0
197,deposit,624.75,5742.09,Target,"New York, USA",Windows Laptop,Corporate Network,False,False,0
198,deposit,554.41,6016.7,Starbucks,"Berlin, Germany",MacBook,Home WiFi,False,False,0
199,deposit,388.8,4934.6900000000005,Amazon,"Paris, France",iPhone,Public WiFi,False,False,0
200,withdrawal,122.54,3134.0000000000005,Walmart,"Los Angeles, USA",iPhone,Mobile Network,False,False,0
201,deposit,283.65,4522.08,Target,"Los Angeles, USA",iPhone,Home WiFi,False,False,0
202,deposit,202.8,5824.02,Best Buy,"Los Angeles, USA",iPhone,Public WiFi,False,False,0
203,deposit,884.85,3326.73,Best Buy,"New York, USA",iPhone,Public WiFi,False,False,0
204,withdrawal,444.73,6388.439999999999,Walmart,"Paris, France",Windows Laptop,Public WiFi,False,False,0
205,deposit,661.7,4395.64,Best Buy,"Tokyo, Japan",MacBook,Mobile Network,False,False,0
205,email_change,0.0,4395.64,0,"Tokyo, Japan",iPad,Home WiFi,False,False,0
206,withdrawal,481.84,1936.3300000000002,Amazon,"Berlin, Germany",MacBook,Mobile Network,False,False,0
206,phone_change,0.0,1936.3300000000002,0,"Los Angeles, USA",iPhone,Corporate Network,False,False,0
207,deposit,128.54,3742.02,Apple Store,"New York, USA",Windows Laptop,Corporate Network,False,False,0
208,deposit,793.47,4472.7300000000005,Walmart,"Paris, France",iPhone,Home WiFi,False,False,0
209,deposit,334.77,2321.73,Best Buy,"London, UK",Android,Home WiFi,False,False,0
210,deposit,907.14,5308.42,Amazon,"New York, USA",Android,Home WiFi,False,True,0
211,deposit,150.45,4130.13,Walmart,"Berlin, Germany",Windows Laptop,Corporate Network,True,False,0
211,email_change,0.0,4130.13,0,"New York, USA",MacBook,Mobile Network,False,False,0
212,deposit,134.3,5963.360000000001,Walmart,"London, UK",MacBook,Public WiFi,False,False,0
212,email_change,0.0,5963.360000000001,0,"Tokyo, Japan",MacBook,Home WiFi,False,False,0
213,deposit,886.36,7138.5199999999995,Target,"New York, USA",Windows Laptop,Mobile Network,False,False,0
214,deposit,294.97,5159.83,Best Buy,"New York, USA",iPhone,Public WiFi,False,False,0
214,password_change,0.0,5159.83,0,"Paris, France",iPhone,Public WiFi,False,False,0
215,withdrawal,264.02,5182.369999999999,Best Buy,"Los Angeles, USA",Android,Corporate Network,False,False,0
215,password_change,0.0,5182.369999999999,0,"Tokyo, Japan",iPhone,Corporate Network,False,False,0
216,withdrawal,494.3,3963.169999999999,Target,"Paris, France",Windows Laptop,Corporate Network,False,False,0
217,deposit,851.82,5672.869999999999,Apple Store,"Los Angeles, USA",Windows Laptop,Public WiFi,False,False,0
218,withdrawal,374.64,3462.5299999999997,Amazon,"Los Angeles, USA",Android,Public WiFi,False,False,0
218,email_change,0.0,3462.5299999999997,0,"Tokyo, Japan",Windows Laptop,Public WiFi,False,False,0
219,deposit,745.26,3664.59,Amazon,"New York, USA",Android,Public WiFi,False,False,0
220,withdrawal,371.56,4066.7900000000004,Apple Store,"London, UK",iPhone,Mobile Network,False,False,0
221,deposit,170.71,2992.1499999999996,Walmart,"New York, USA",MacBook,Public WiFi,False,False,0
222,deposit,791.34,5590.16,Target,"Berlin, Germany",MacBook,Mobile Network,False,False,0
223,deposit,857.83,3860.14,Best Buy,"New York, USA",Android,Home WiFi,False,False,0
224,withdrawal,114.98,81.83999999999992,Amazon,"Los Angeles, USA",Windows Laptop,Corporate Network,False,False,0
225,deposit,210.84,3359.8200000000006,Amazon,"Los Angeles, USA",MacBook,Home WiFi,False,False,0
226,deposit,159.64,2925.75,Apple Store,"New York, USA",Windows Laptop,Public WiFi,False,False,0
227,deposit,454.84,2855.7799999999997,Starbucks,"Los Angeles, USA",iPhone,Home WiFi,False,False,0
228,withdrawal,302.84,4723.720000000001,Best Buy,"London, UK",MacBook,Mobile Network,False,False,0
229,deposit,945.36,3459.6,Walmart,"London, UK",iPhone,Mobile Network,True,False,0
230,deposit,372.44,4038.09,Walmart,"Paris, France",Windows Laptop,Mobile Network,False,False,0
230,password_change,0.0,4038.09,0,"Paris, France",iPhone,Corporate Network,False,False,0
231,deposit,106.17,5426.369999999999,Target,"New York, USA",Windows Laptop,Public WiFi,False,False,0
232,deposit,585.67,2946.6000000000004,Starbucks,"Los Angeles, USA",MacBook,Public WiFi,False,False,0
233,withdrawal,251.65,547.7499999999999,Amazon,"London, UK",iPhone,Mobile Network,False,False,0
234,deposit,951.72,4511.71,Amazon,"Tokyo, Japan",iPhone,Corporate Network,False,True,0
235,deposit,768.96,4165.74,Target,"New York, USA",Android,Public WiFi,False,False,0
235,phone_change,0.0,4165.74,0,"Tokyo, Japan",Android,Public WiFi,True,False,0
236,deposit,177.96,7018.000000000001,Target,"Los Angeles, USA",Windows Laptop,Corporate Network,False,False,0
237,deposit,164.31,4198.67,Amazon,"New York, USA",Android,Home WiFi,False,False,0
238,withdrawal,336.77,3644.1700000000005,Best Buy,"Los Angeles, USA",MacBook,Home WiFi,False,False,0
239,withdrawal,388.4,2701.5199999999995,Starbucks,"London, UK",MacBook,Home WiFi,False,False,0
240,deposit,907.9,2870.15,Amazon,"New York, USA",Android,Public WiFi,False,False,0
241,deposit,710.61,2864.6299999999997,Best Buy,"Los Angeles, USA",Android,Mobile Network,False,False,0
241,phone_change,0.0,2864.6299999999997,0,"Paris, France",Android,Mobile Network,False,False,0
242,deposit,524.31,4298.439999999999,Amazon,"Tokyo, Japan",Linux PC,Home WiFi,True,False,0
243,deposit,222.24,4235.28,Amazon,"London, UK",Windows Laptop,Public WiFi,False,False,0
243,password_change,0.0,4235.28,0,"Paris, France",iPhone,Mobile Network,True,False,0
244,withdrawal,264.17,2806.57,Walmart,"New York, USA",iPhone,Mobile Network,False,False,0
245,withdrawal,172.15,1674.5499999999997,Walmart,"New York, USA",MacBook,Mobile Network,False,False,0
245,password_change,0.0,1674.5499999999997,0,"Los Angeles, USA",Android,Public WiFi,False,False,0
246,deposit,309.95,2779.02,Amazon,"Tokyo, Japan",Windows Laptop,Mobile Network,False,False,0
247,deposit,629.68,2455.55,Amazon,"New York, USA",iPhone,Mobile Network,False,False,0
247,phone_change,0.0,2455.55,0,"London, UK",MacBook,Public WiFi,False,False,0
248,withdrawal,199.45,2256.2700000000004,Walmart,"Paris, France",Android,Public WiFi,False,False,0
249,withdrawal,51.28,2776.7399999999993,Amazon,"New York, USA",iPhone,Mobile Network,False,False,0
250,deposit,500.81,2347.4700000000003,Amazon,"Berlin, Germany",Windows Laptop,Mobile Network,False,False,0
251,deposit,857.06,3550.35,Amazon,"Los Angeles, USA",Android,Home WiFi,True,False,0
252,withdrawal,401.8,400.13000000000005,Target,"New York, USA",iPhone,Mobile Network,False,False,0
252,phone_change,0.0,400.13000000000005,0,"Los Angeles, USA",iPhone,Corporate Network,False,False,0
253,withdrawal,420.85,3457.0,Walmart,"Los Angeles, USA",Windows Laptop,Public WiFi,False,False,0
254,deposit,575.8,5740.340000000001,Starbucks,"Paris, France",Windows Laptop,Public WiFi,False,False,0
255,withdrawal,185.18,2089.28,Amazon,"Los Angeles, USA",MacBook,Public WiFi,False,False,0
255,email_change,0.0,2089.28,0,"Berlin, Germany",iPhone,Mobile Network,False,False,0
256,withdrawal,99.83,3671.290000000001,Amazon,"New York, USA",iPhone,Home WiFi,True,False,0
257,deposit,100.37,6409.409999999999,Amazon,"Tokyo, Japan",Windows Laptop,Mobile Network,False,False,0
258,deposit,575.11,1256.94,Target,"Los Angeles, USA",MacBook,Public WiFi,False,False,0
259,deposit,386.13,5330.37,Starbucks,"Berlin, Germany",iPhone,Home WiFi,False,False,0
260,withdrawal,304.3,3351.08,Target,"New York, USA",iPhone,Mobile Network,False,False,0
261,deposit,339.38,6414.49,Apple Store,"Paris, France",iPhone,Mobile Network,False,False,0
262,deposit,793.85,7275.71,Amazon,"New York, USA",Android,Public WiFi,False,False,0
263,deposit,900.61,4120.65,Target,"Los Angeles, USA",Android,Corporate Network,False,True,0
264,deposit,977.53,2100.34,Walmart,"London, UK",Windows Laptop,Corporate Network,False,True,0
265,withdrawal,344.29,3250.0099999999993,Amazon,"London, UK",MacBook,Mobile Network,False,False,0
266,deposit,149.52,3811.38,Amazon,"Tokyo, Japan",iPhone,Home WiFi,False,False,0
267,deposit,110.25,3695.89,Best Buy,"Los Angeles, USA",iPhone,Corporate Network,False,False,0
267,password_change,0.0,3695.89,0,"New York, USA",MacBook,Public WiFi,False,False,0
268,deposit,733.84,3742.71,Apple Store,"New York, USA",Android,Public WiFi,False,False,0
268,email_change,0.0,3742.71,0,"New York, USA",Windows Laptop,Home WiFi,False,False,0
269,deposit,346.25,5510.06,Amazon,"Los Angeles, USA",iPhone,Public WiFi,False,False,0
270,withdrawal,273.7,1442.8899999999999,Walmart,"Los Angeles, USA",iPhone,Corporate Network,False,False,0
271,withdrawal,370.38,1491.2600000000002,Amazon,"Tokyo, Japan",Android,Corporate Network,True,False,0
272,deposit,499.79,3485.25,Amazon,"Berlin, Germany",Windows Laptop,Public WiFi,False,False,0
273,deposit,278.18,5773.210000000001,Target,"New York, USA",Windows Laptop,Corporate Network,False,False,0
274,deposit,549.78,3471.63,Amazon,"New York, USA",Windows Laptop,Mobile Network,False,False,0
275,deposit,593.36,6922.709999999999,Apple Store,"London, UK",iPhone,Public WiFi,False,False,0
275,email_change,0.0,6922.709999999999,0,"London, UK",iPhone,Home WiFi,False,False,0
276,deposit,529.6,4870.280000000001,Apple Store,"London, UK",iPhone,Home WiFi,False,False,0
277,withdrawal,70.42,2384.1799999999994,Amazon,"London, UK",iPhone,Corporate Network,False,False,0
278,deposit,237.67,3079.19,Target,"Paris, France",Windows Laptop,Corporate Network,False,False,0
279,deposit,586.4,5446.46,Amazon,"New York, USA",Linux PC,Corporate Network,False,False,0
280,deposit,418.04,4143.72,Amazon,"Berlin, Germany",iPhone,Home WiFi,False,False,0
281,deposit,520.87,5875.94,Amazon,"London, UK",Windows Laptop,Corporate Network,False,False,0
281,phone_change,0.0,5875.94,0,"Los Angeles, USA",iPhone,Public WiFi,False,False,0
282,withdrawal,426.94,3643.87,Target,"Los Angeles, USA",Windows Laptop,Home WiFi,False,False,0
283,deposit,101.27,2002.54,Target,"New York, USA",Android,Public WiFi,False,False,0
283,phone_change,0.0,2002.54,0,"New York, USA",Windows Laptop,Public WiFi,False,False,0
284,withdrawal,87.73,4343.71,Apple Store,"Paris, France",Linux PC,Mobile Network,False,False,0
284,phone_change,0.0,4343.71,0,"New York, USA",iPad,Public WiFi,False,False,0
285,deposit,522.75,1774.95,Starbucks,"London, UK",Windows Laptop,Home WiFi,False,False,0
286,deposit,187.71,3386.24,Target,"Berlin, Germany",Android,Home WiFi,False,False,0
287,withdrawal,77.25,6357.96,Target,"Berlin, Germany",Android,Public WiFi,False,False,0
288,deposit,581.25,4176.29,Starbucks,"Los Angeles, USA",Android,Public WiFi,False,False,0
289,deposit,212.58,3820.43,Apple Store,"Los Angeles, USA",Windows Laptop,Mobile Network,False,False,0
290,deposit,904.6,3754.96,Amazon,"Los Angeles, USA",Android,Mobile Network,False,False,0
290,password_change,0.0,3754.96,0,"Paris, France",iPhone,Corporate Network,False,False,0
291,deposit,863.43,4867.41,Walmart,"New York, USA",iPhone,Corporate Network,False,False,0
292,deposit,172.48,3550.4500000000003,Amazon,"New York, USA",iPhone,Mobile Network,False,False,0
293,withdrawal,154.94,4927.800000000001,Amazon,"Paris, France",iPhone,Corporate Network,False,False,0
294,deposit,736.07,5752.129999999999,Best Buy,"Los Angeles, USA",MacBook,Public WiFi,False,False,0
294,phone_change,0.0,5752.129999999999,0,"Paris, France",iPhone,Mobile Network,True,False,0
295,withdrawal,467.79,4045.1100000000006,Walmart,"New York, USA",iPhone,Public WiFi,False,False,0
296,deposit,424.47,4141.459999999999,Amazon,"New York, USA",Linux PC,Mobile Network,False,False,0
297,deposit,465.27,3604.2599999999998,Amazon,"Tokyo, Japan",MacBook,Mobile Network,False,False,0
297,email_change,0.0,3604.2599999999998,0,"New York, USA",iPhone,Home WiFi,False,False,0
298,deposit,240.71,1824.3200000000002,Target,"Los Angeles, USA",Android,Mobile Network,True,False,0
299,deposit,557.79,3486.2200000000003,Starbucks,"New York, USA",iPad,Mobile Network,False,False,0
300,deposit,986.31,4251.7,Amazon,"London, UK",Linux PC,Public WiFi,False,False,0
300,password_change,0.0,4251.7,0,"New York, USA",Android,Home WiFi,True,False,0
301,withdrawal,57.04,2802.9799999999996,Walmart,"New York, USA",iPhone,Mobile Network,False,False,0
302,withdrawal,493.83,3588.6400000000003,Apple Store,"New York, USA",Android,Corporate Network,False,False,0
303,withdrawal,465.26,3268.16,Best Buy,"New York, USA",iPhone,Home WiFi,False,False,0
304,withdrawal,283.61,3806.22,Best Buy,"Tokyo, Japan",iPhone,Mobile Network,False,False,0
305,withdrawal,413.11,6966.140000000001,Target,"Los Angeles, USA",Android,Home WiFi,False,False,0
306,deposit,124.27,2380.04,Amazon,"London, UK",iPad,Home WiFi,False,False,0
307,deposit,391.89,3390.24,Walmart,"New York, USA",Android,Public WiFi,False,False,0
308,withdrawal,282.0,2309.1800000000003,Starbucks,"Paris, France",iPhone,Mobile Network,False,False,0
309,deposit,145.23,3471.48,Best Buy,"New York, USA",iPad,Home WiFi,False,False,0
310,withdrawal,193.41,3517.4300000000003,Starbucks,"London, UK",iPhone,Public WiFi,False,False,0
311,deposit,203.25,4046.6,Starbucks,"New York, USA",MacBook,Home WiFi,False,False,0
312,withdrawal,458.4,1772.3399999999997,Amazon,"Berlin, Germany",MacBook,Public WiFi,False,False,0
313,deposit,621.02,832.02,Starbucks,"London, UK",MacBook,Corporate Network,False,False,0
314,deposit,807.19,3441.23,Best Buy,"London, UK",Android,Public WiFi,False,False,0
315,deposit,169.33,3560.84,Walmart,"Tokyo, Japan",Linux PC,Public WiFi,False,False,0
315,email_change,0.0,3560.84,0,"Los Angeles, USA",iPad,Public WiFi,False,False,0
316,deposit,550.25,4552.92,Target,"Tokyo, Japan",Windows Laptop,Home WiFi,False,False,0
317,deposit,940.07,5602.44,Best Buy,"Los Angeles, USA",Android,Corporate Network,False,False,0
318,deposit,639.04,2957.0400000000004,Amazon,"Los Angeles, USA",iPhone,Home WiFi,False,False,0
319,deposit,789.08,5568.37,Target,"New York, USA",iPhone,Home WiFi,False,False,0
319,phone_change,0.0,5568.37,0,"New York, USA",MacBook,Home WiFi,False,False,0
320,deposit,367.31,6113.340000000001,Best Buy,"New York, USA",Android,Public WiFi,False,False,0
321,withdrawal,310.63,3170.5699999999997,Amazon,"Berlin, Germany",Android,Mobile Network,False,False,0
322,deposit,780.95,6817.83,Amazon,"Los Angeles, USA",iPad,Public WiFi,False,False,0
323,deposit,874.14,2425.1,Best Buy,"New York, USA",Android,Corporate Network,False,False,0
324,withdrawal,209.26,4290.51,Amazon,"New York, USA",Android,Public WiFi,False,False,0
325,deposit,713.35,2625.68,Target,"New York, USA",Android,Public WiFi,False,False,0
326,withdrawal,96.37,3863.2500000000005,Amazon,"Paris, France",iPhone,Home WiFi,False,False,0
327,deposit,717.58,4963.25,Walmart,"London, UK",Android,Public WiFi,False,False,0
328,withdrawal,397.05,4205.5199999999995,Target,"Los Angeles, USA",Windows Laptop,Mobile Network,False,False,0
329,withdrawal,431.45,1678.7900000000002,Best Buy,"Paris, France",Windows Laptop,Public WiFi,False,True,0
330,withdrawal,289.66,3281.1200000000003,Best Buy,"New York, USA",MacBook,Mobile Network,False,False,0
331,withdrawal,162.3,5468.84,Walmart,"New York, USA",MacBook,Corporate Network,False,False,0
332,withdrawal,394.31,5674.63,Apple Store,"New York, USA",MacBook,Home WiFi,False,False,0
333,withdrawal,329.94,2169.67,Target,"Tokyo, Japan",iPhone,Corporate Network,False,False,0
334,deposit,660.97,2696.54,Apple Store,"New York, USA",Windows Laptop,Public WiFi,False,False,0
334,phone_change,0.0,2696.54,0,"London, UK",iPhone,Mobile Network,False,False,0
335,deposit,101.33,2125.43,Amazon,"London, UK",iPhone,Home WiFi,False,False,0
336,deposit,957.86,5625.559999999999,Walmart,"London, UK",Windows Laptop,Corporate Network,False,False,0
337,withdrawal,202.2,4895.470000000001,Apple Store,"Paris, France",iPhone,Public WiFi,False,False,0
338,withdrawal,197.74,5222.209999999999,Apple Store,"Tokyo, Japan",iPhone,Mobile Network,False,False,0
339,deposit,286.98,3900.2799999999997,Target,"Paris, France",MacBook,Corporate Network,False,False,0
340,withdrawal,339.78,4054.1099999999997,Amazon,"New York, USA",iPhone,Home WiFi,False,False,0
341,deposit,822.29,5718.56,Walmart,"Los Angeles, USA",MacBook,Mobile Network,False,False,0
342,deposit,482.97,2599.01,Best Buy,"Los Angeles, USA",MacBook,Corporate Network,False,False,0
343,deposit,163.41,4214.139999999999,Target,"New York, USA",Windows Laptop,Corporate Network,False,False,0
344,withdrawal,184.36,1899.33,Starbucks,"Tokyo, Japan",Windows Laptop,Corporate Network,False,False,0
345,withdrawal,292.87,2059.6800000000003,Starbucks,"New York, USA",Android,Public WiFi,False,False,0
346,deposit,426.6,5591.55,Starbucks,"Los Angeles, USA",MacBook,Public WiFi,False,False,0
347,withdrawal,55.88,2511.6499999999996,Best Buy,"Tokyo, Japan",Linux PC,Corporate Network,False,False,0
347,email_change,0.0,2511.6499999999996,0,"Berlin, Germany",Android,Corporate Network,False,False,0
348,deposit,419.8,5148.45,Target,"London, UK",iPhone,Corporate Network,False,False,0
349,deposit,403.95,5813.3099999999995,Amazon,"New York, USA",Android,Public WiFi,False,False,0
349,password_change,0.0,5813.3099999999995,0,"Tokyo, Japan",Windows Laptop,Mobile Network,False,False,0
350,deposit,463.98,5476.32,Amazon,"Tokyo, Japan",Windows Laptop,Corporate Network,False,False,0
351,deposit,875.64,5282.95,Amazon,"New York, USA",Android,Corporate Network,False,False,0
352,withdrawal,415.61,1876.9799999999996,Best Buy,"New York, USA",iPhone,Corporate Network,False,False,0
353,deposit,967.81,5193.219999999999,Amazon,"New York, USA",Android,Corporate Network,False,False,0
354,withdrawal,73.68,3235.9199999999996,Target,"Paris, France",MacBook,Public WiFi,False,False,0
355,withdrawal,218.58,4041.5600000000004,Walmart,"London, UK",Linux PC,Corporate Network,False,False,0
356,deposit,755.13,4210.05,Starbucks,"New York, USA",Windows Laptop,Corporate Network,True,True,0
356,phone_change,0.0,4210.05,0,"Los Angeles, USA",Windows Laptop,Home WiFi,False,False,0
357,deposit,949.54,5889.820000000001,Walmart,"Tokyo, Japan",MacBook,Mobile Network,False,False,0
358,withdrawal,419.12,6359.119999999999,Target,"Berlin, Germany",Android,Corporate Network,False,False,0
359,deposit,317.13,6052.18,Best Buy,"Berlin, Germany",MacBook,Public WiFi,False,False,0
360,deposit,158.52,5372.770000000001,Walmart,"New York, USA",Android,Mobile Network,False,False,0
360,email_change,0.0,5372.770000000001,0,"Los Angeles, USA",Windows Laptop,Home WiFi,False,False,0
361,withdrawal,431.81,1841.8000000000002,Walmart,"London, UK",iPhone,Mobile Network,False,False,0
361,password_change,0.0,1841.8000000000002,0,"Los Angeles, USA",Android,Corporate Network,False,False,0
362,deposit,848.04,5897.08,Target,"Los Angeles, USA",Windows Laptop,Home WiFi,False,False,0
363,deposit,138.96,1359.3899999999999,Amazon,"New York, USA",Windows Laptop,Public WiFi,False,False,0
364,deposit,169.03,6126.62,Walmart,"New York, USA",Windows Laptop,Corporate Network,False,False,0
365,deposit,505.55,4866.35,Best Buy,"London, UK",iPhone,Corporate Network,True,False,0
366,deposit,716.49,2500.74,Best Buy,"Tokyo, Japan",Linux PC,Home WiFi,False,True,0
367,deposit,542.66,2626.56,Amazon,"Los Angeles, USA",iPad,Mobile Network,False,False,0
368,deposit,499.73,3856.4700000000007,Amazon,"London, UK",Android,Home WiFi,False,False,0
369,deposit,310.56,5810.43,Target,"Berlin, Germany",Windows Laptop,Home WiFi,False,False,0
370,withdrawal,139.63,6255.18,Amazon,"Tokyo, Japan",Windows Laptop,Mobile Network,False,False,0
371,deposit,891.88,5773.490000000001,Walmart,"New York, USA",iPhone,Mobile Network,False,False,0
371,email_change,0.0,5773.490000000001,0,"Tokyo, Japan",Windows Laptop,Mobile Network,False,False,0
372,deposit,692.57,5080.7,Apple Store,"Tokyo, Japan",Android,Mobile Network,False,False,0
373,withdrawal,101.8,5602.21,Target,"New York, USA",Windows Laptop,Home WiFi,False,False,0
374,deposit,130.43,4449.360000000001,Starbucks,"Los Angeles, USA",iPhone,Public WiFi,False,False,0
375,withdrawal,367.41,4327.61,Amazon,"New York, USA",Android,Home WiFi,False,False,0
376,deposit,173.41,3154.1299999999997,Best Buy,"Tokyo, Japan",iPhone,Corporate Network,False,False,0
377,deposit,449.3,2165.4799999999996,Walmart,"Berlin, Germany",Windows Laptop,Corporate Network,False,False,0
377,email_change,0.0,2165.4799999999996,0,"Tokyo, Japan",Android,Corporate Network,False,False,0
378,withdrawal,146.95,6762.53,Amazon,"Los Angeles, USA",Android,Corporate Network,False,False,0
379,deposit,456.8,3279.5099999999998,Best Buy,"Tokyo, Japan",iPhone,Public WiFi,False,False,0
379,phone_change,0.0,3279.5099999999998,0,"Los Angeles, USA",iPad,Corporate Network,False,False,0
380,withdrawal,77.93,5730.909999999999,Apple Store,"Los Angeles, USA",iPad,Public WiFi,True,False,0
381,withdrawal,441.56,979.49,Walmart,"New York, USA",Android,Mobile Network,False,False,0
382,deposit,873.99,2199.71,Walmart,"London, UK",iPhone,Mobile Network,False,False,0
383,withdrawal,488.08,3988.75,Amazon,"Paris, France",Linux PC,Mobile Network,False,False,0
384,deposit,337.25,4545.78,Best Buy,"Los Angeles, USA",Android,Corporate Network,False,False,0
385,withdrawal,101.87,5746.929999999999,Starbucks,"New York, USA",Windows Laptop,Mobile Network,False,False,0
386,withdrawal,294.39,2072.18,Walmart,"Berlin, Germany",iPhone,Home WiFi,False,False,0
387,withdrawal,460.63,346.8699999999998,Apple Store,"Tokyo, Japan",iPad,Corporate Network,False,False,0
388,withdrawal,256.16,4817.89,Amazon,"Los Angeles, USA",Android,Mobile Network,False,False,0
389,withdrawal,177.92,5219.3,Amazon,"Tokyo, Japan",iPhone,Mobile Network,False,False,0
390,withdrawal,164.4,4660.22,Target,"Tokyo, Japan",Android,Corporate Network,False,False,0
391,deposit,535.91,7091.7,Apple Store,"New York, USA",iPhone,Public WiFi,True,False,0
392,withdrawal,104.76,3272.66,Target,"London, UK",Android,Corporate Network,False,False,0
393,deposit,394.46,4900.120000000001,Starbucks,"London, UK",Windows Laptop,Mobile Network,False,False,0
394,withdrawal,465.12,2707.92,Walmart,"New York, USA",Windows Laptop,Mobile Network,False,False,0
395,deposit,243.38,765.3900000000001,Walmart,"New York, USA",iPhone,Home WiFi,True,False,0
396,withdrawal,76.5,4495.8,Amazon,"Tokyo, Japan",MacBook,Corporate Network,False,False,0
396,password_change,0.0,4495.8,0,"Los Angeles, USA",Android,Public WiFi,False,False,0
397,deposit,343.99,1391.7500000000002,Starbucks,"Los Angeles, USA",iPad,Public WiFi,False,False,0
398,deposit,711.84,2799.25,Starbucks,"New York, USA",Windows Laptop,Public WiFi,False,False,0
399,deposit,990.42,4705.32,Starbucks,"Los Angeles, USA",iPhone,Corporate Network,False,False,0
400,deposit,221.76,5987.85,Amazon,"New York, USA",Linux PC,Mobile Network,True,False,0
401,deposit,425.17,2571.84,Amazon,"New York, USA",iPhone,Public WiFi,False,False,0
402,deposit,744.88,6339.57,Amazon,"Berlin, Germany",iPhone,Home WiFi,False,False,0
403,withdrawal,350.01,4085.7999999999993,Target,"New York, USA",iPhone,Corporate Network,False,False,0
404,deposit,499.14,3085.5499999999997,Target,"New York, USA",Android,Mobile Network,False,False,0
405,deposit,128.32,4155.599999999999,Starbucks,"New York, USA",iPhone,Corporate Network,False,True,0
406,deposit,694.87,3614.4500000000003,Apple Store,"Berlin, Germany",Android,Public WiFi,False,False,0
407,deposit,255.58,1223.4799999999996,Starbucks,"Berlin, Germany",iPhone,Mobile Network,False,False,0
408,withdrawal,128.83,3494.7,Target,"Tokyo, Japan",Android,Home WiFi,False,False,0
409,deposit,663.84,4202.71,Walmart,"Tokyo, Japan",iPad,Corporate Network,False,False,0
409,email_change,0.0,4202.71,0,"Tokyo, Japan",Android,Corporate Network,False,False,0
410,deposit,344.21,2544.36,Target,"Paris, France",MacBook,Mobile Network,False,False,0
411,withdrawal,417.76,3824.2599999999993,Target,"Los Angeles, USA",iPhone,Corporate Network,False,False,0
411,password_change,0.0,3824.2599999999993,0,"New York, USA",iPhone,Public WiFi,False,False,0
412,withdrawal,193.87,6034.03,Amazon,"New York, USA",iPhone,Corporate Network,False,False,0
412,email_change,0.0,6034.03,0,"Tokyo, Japan",iPad,Home WiFi,False,False,0
413,deposit,396.92,4966.06,Target,"Tokyo, Japan",Windows Laptop,Corporate Network,False,False,0
414,deposit,771.11,2998.7900000000004,Walmart,"London, UK",Android,Mobile Network,False,False,0
414,password_change,0.0,2998.7900000000004,0,"New York, USA",iPhone,Mobile Network,False,False,0
415,deposit,420.04,5230.35,Amazon,"Los Angeles, USA",Android,Corporate Network,False,False,0
415,phone_change,0.0,5230.35,0,"New York, USA",MacBook,Corporate Network,False,True,0
416,withdrawal,139.05,3414.3799999999997,Target,"Los Angeles, USA",iPad,Public WiFi,False,False,0
417,deposit,213.19,5621.76,Walmart,"Los Angeles, USA",iPhone,Home WiFi,False,False,0
418,withdrawal,387.98,5018.130000000001,Best Buy,"London, UK",MacBook,Public WiFi,False,False,0
419,deposit,330.39,4908.24,Best Buy,"London, UK",Linux PC,Corporate Network,True,False,0
420,withdrawal,236.26,572.0300000000002,Walmart,"Los Angeles, USA",Windows Laptop,Home WiFi,False,False,0
421,withdrawal,223.3,4770.19,Starbucks,"Paris, France",Windows Laptop,Corporate Network,False,False,0
422,deposit,614.85,3869.669999999999,Walmart,"Tokyo, Japan",Android,Corporate Network,False,False,0
423,deposit,345.22,2893.4500000000007,Walmart,"Los Angeles, USA",iPhone,Home WiFi,False,False,0
424,deposit,248.15,4197.85,Starbucks,"Los Angeles, USA",Android,Corporate Network,False,False,0
425,deposit,637.76,4158.62,Target,"Los Angeles, USA",iPhone,Mobile Network,False,False,0
426,withdrawal,105.37,2495.0199999999995,Walmart,"Los Angeles, USA",Android,Public WiFi,False,False,0
427,withdrawal,431.48,2409.52,Amazon,"New York, USA",Android,Corporate Network,False,False,0
428,deposit,577.81,3406.96,Walmart,"New York, USA",iPhone,Mobile Network,False,True,0
429,withdrawal,339.53,4055.08,Walmart,"New York, USA",Windows Laptop,Public WiFi,False,False,0
429,email_change,0.0,4055.08,0,"Los Angeles, USA",Windows Laptop,Home WiFi,False,False,0
430,deposit,882.95,3499.9399999999996,Amazon,"Paris, France",iPhone,Mobile Network,False,False,0
431,deposit,864.48,4582.76,Starbucks,"Los Angeles, USA",Android,Home WiFi,False,False,0
432,deposit,376.62,4709.08,Amazon,"New York, USA",iPhone,Public WiFi,False,False,0
433,withdrawal,173.18,3756.7600000000007,Target,"Los Angeles, USA",MacBook,Mobile Network,False,False,0
433,password_change,0.0,3756.7600000000007,0,"New York, USA",iPhone,Home WiFi,False,False,0
434,deposit,430.27,2220.92,Apple Store,"New York, USA",Android,Mobile Network,True,True,0
435,deposit,779.0,6392.71,Starbucks,"Berlin, Germany",MacBook,Public WiFi,False,False,0
435,password_change,0.0,6392.71,0,"Tokyo, Japan",Android,Home WiFi,False,False,0
436,withdrawal,235.21,3560.21,Starbucks,"New York, USA",iPhone,Home WiFi,False,False,0
437,withdrawal,344.57,1078.45,Target,"New York, USA",Windows Laptop,Mobile Network,False,False,0
438,withdrawal,132.8,5336.25,Walmart,"Los Angeles, USA",Linux PC,Home WiFi,False,False,0
439,deposit,208.57,1847.48,Walmart,"New York, USA",iPhone,Home WiFi,False,False,0
440,deposit,967.75,3244.45,Amazon,"Paris, France",Android,Corporate Network,False,False,0
441,withdrawal,124.96,2874.91,Amazon,"Paris, France",MacBook,Home WiFi,False,False,0
441,phone_change,0.0,2874.91,0,"New York, USA",iPad,Home WiFi,False,False,0
442,deposit,182.24,4994.209999999999,Amazon,"New York, USA",Android,Public WiFi,False,False,0
443,withdrawal,168.67,5516.9400000000005,Amazon,"New York, USA",MacBook,Home WiFi,False,False,0
444,deposit,224.59,3244.1399999999994,Starbucks,"Los Angeles, USA",Windows Laptop,Corporate Network,False,False,0
445,withdrawal,244.62,5781.47,Target,"New York, USA",Windows Laptop,Mobile Network,False,False,0
446,deposit,361.69,4518.88,Amazon,"Tokyo, Japan",Android,Home WiFi,False,False,0
447,withdrawal,492.51,3325.8599999999997,Amazon,"Paris, France",iPhone,Mobile Network,False,False,0
448,deposit,100.81,5968.860000000001,Walmart,"New York, USA",iPhone,Corporate Network,True,False,0
449,withdrawal,320.4,1981.3000000000002,Walmart,"London, UK",MacBook,Home WiFi,False,False,0
450,deposit,577.96,6421.6,Amazon,"London, UK",MacBook,Mobile Network,False,False,0
451,withdrawal,492.23,539.0500000000002,Target,"Paris, France",iPhone,Corporate Network,False,False,0
452,deposit,504.89,6802.13,Amazon,"Tokyo, Japan",iPhone,Public WiFi,False,False,0
452,email_change,0.0,6802.13,0,"Los Angeles, USA",Android,Home WiFi,False,False,0
453,withdrawal,63.3,3378.66,Target,"New York, USA",Windows Laptop,Mobile Network,False,False,0
454,withdrawal,361.67,3875.91,Walmart,"Tokyo, Japan",MacBook,Public WiFi,False,False,0
455,withdrawal,88.38,4783.95,Target,"New York, USA",MacBook,Mobile Network,False,False,0
456,deposit,664.06,7297.109999999999,Amazon,"New York, USA",iPhone,Corporate Network,False,False,0
456,email_change,0.0,7297.109999999999,0,"London, UK",Android,Public WiFi,False,False,0
457,deposit,194.42,7824.4400000000005,Amazon,"Berlin, Germany",Android,Public WiFi,True,False,0
457,email_change,0.0,7824.4400000000005,0,"New York, USA",Android,Public WiFi,False,False,0
458,deposit,758.49,3795.6000000000004,Walmart,"New York, USA",Windows Laptop,Home WiFi,False,True,0
459,deposit,393.03,5081.900000000001,Amazon,"New York, USA",Android,Mobile Network,False,False,0
459,email_change,0.0,5081.900000000001,0,"New York, USA",MacBook,Mobile Network,False,False,0
460,withdrawal,257.99,4741.38,Target,"London, UK",iPhone,Corporate Network,False,False,0
461,withdrawal,473.4,5245.73,Walmart,"Los Angeles, USA",Android,Corporate Network,False,False,0
462,withdrawal,173.15,2732.57,Target,"Tokyo, Japan",Windows Laptop,Mobile Network,False,False,0
463,deposit,118.59,5350.98,Target,"Tokyo, Japan",Android,Public WiFi,False,False,0
464,deposit,961.8,5552.330000000001,Apple Store,"Tokyo, Japan",iPhone,Corporate Network,False,False,0
465,deposit,545.85,4647.16,Walmart,"Tokyo, Japan",MacBook,Public WiFi,False,False,0
466,deposit,804.21,5781.650000000001,Amazon,"New York, USA",Android,Mobile Network,False,False,0
467,withdrawal,319.93,5153.620000000001,Best Buy,"Los Angeles, USA",MacBook,Home WiFi,False,False,0
468,withdrawal,241.79,3051.4999999999995,Apple Store,"New York, USA",iPhone,Home WiFi,False,False,0
469,withdrawal,216.75,4202.65,Amazon,"London, UK",Windows Laptop,Mobile Network,False,False,0
470,withdrawal,113.06,2490.26,Walmart,"Los Angeles, USA",Linux PC,Public WiFi,False,False,0
470,email_change,0.0,2490.26,0,"London, UK",Linux PC,Corporate Network,False,False,0
471,deposit,464.69,3502.3900000000003,Target,"Los Angeles, USA",MacBook,Home WiFi,False,False,0
472,deposit,899.73,7236.040000000001,Starbucks,"Los Angeles, USA",Android,Home WiFi,False,False,0
472,email_change,0.0,7236.040000000001,0,"New York, USA",iPad,Home WiFi,False,False,0
473,withdrawal,347.71,525.2699999999998,Amazon,"London, UK",Windows Laptop,Home WiFi,False,False,0
474,withdrawal,84.23,4584.95,Starbucks,"Tokyo, Japan",Windows Laptop,Home WiFi,False,False,0
475,deposit,204.65,5849.269999999999,Apple Store,"New York, USA",iPhone,Home WiFi,True,False,0
475,password_change,0.0,5849.269999999999,0,"Tokyo, Japan",iPad,Public WiFi,False,False,0
476,withdrawal,254.19,3966.6300000000006,Amazon,"Los Angeles, USA",Windows Laptop,Mobile Network,False,False,0
477,deposit,283.09,4425.780000000001,Starbucks,"Los Angeles, USA",Windows Laptop,Public WiFi,False,False,0
478,withdrawal,223.4,5159.48,Starbucks,"Berlin, Germany",Windows Laptop,Public WiFi,False,False,0
479,withdrawal,96.63,5672.860000000001,Amazon,"Tokyo, Japan",Linux PC,Mobile Network,False,False,0
480,withdrawal,260.08,40.73000000000002,Starbucks,"New York, USA",Android,Mobile Network,False,False,0
480,email_change,0.0,40.73000000000002,0,"London, UK",Linux PC,Public WiFi,False,False,0
481,deposit,349.36,4191.629999999999,Amazon,"New York, USA",MacBook,Corporate Network,False,False,0
482,deposit,921.12,4274.8,Walmart,"London, UK",MacBook,Home WiFi,True,False,0
483,deposit,898.24,6147.58,Walmart,"London, UK",Android,Mobile Network,False,False,0
484,deposit,237.91,3789.2999999999997,Apple Store,"Tokyo, Japan",iPhone,Mobile Network,False,False,0
484,password_change,0.0,3789.2999999999997,0,"Paris, France",iPad,Corporate Network,False,False,0
485,withdrawal,408.77,4169.15,Best Buy,"Tokyo, Japan",Android,Corporate Network,False,False,0
486,deposit,660.4,4012.18,Best Buy,"New York, USA",MacBook,Mobile Network,False,False,0
486,password_change,0.0,4012.18,0,"Paris, France",iPad,Home WiFi,True,False,0
487,deposit,553.86,4462.6,Amazon,"London, UK",Windows Laptop,Mobile Network,False,False,0
488,withdrawal,492.2,3410.3300000000004,Target,"Paris, France",iPad,Public WiFi,False,False,0
489,deposit,858.24,7006.39,Starbucks,"Los Angeles, USA",Windows Laptop,Mobile Network,False,False,0
490,deposit,633.38,5664.42,Amazon,"Tokyo, Japan",Windows Laptop,Home WiFi,False,False,0
490,password_change,0.0,5664.42,0,"Berlin, Germany",Android,Public WiFi,False,False,0
491,deposit,650.23,3639.5699999999997,Amazon,"Los Angeles, USA",Windows Laptop,Corporate Network,False,False,0
492,deposit,549.23,4177.41,Amazon,"London, UK",MacBook,Mobile Network,False,False,0
493,deposit,123.16,6281.280000000001,Apple Store,"New York, USA",iPhone,Public WiFi,False,False,0
494,deposit,482.71,6350.22,Apple Store,"New York, USA",Android,Home WiFi,False,False,0
494,password_change,0.0,6350.22,0,"Los Angeles, USA",Android,Corporate Network,False,False,0
495,deposit,769.43,4118.84,Walmart,"Los Angeles, USA",Windows Laptop,Mobile Network,False,False,0
496,deposit,607.85,3413.6199999999994,Target,"Berlin, Germany",Windows Laptop,Corporate Network,False,False,0
497,deposit,587.32,6891.95,Target,"Paris, France",Windows Laptop,Corporate Network,False,False,0
498,withdrawal,96.66,4827.92,Starbucks,"New York, USA",Linux PC,Mobile Network,False,False,0
499,withdrawal,428.89,5379.98,Target,"Berlin, Germany",Android,Home WiFi,False,False,0
499,email_change,0.0,5379.98,0,"Tokyo, Japan",Android,Mobile Network,False,False,0
500,deposit,101.61,1442.8499999999997,Target,"Los Angeles, USA",iPhone,Mobile Network,False,False,0
501,withdrawal,449.5,4462.48,Walmart,"Berlin, Germany",Windows Laptop,Corporate Network,False,False,0
501,password_change,0.0,4462.48,0,"New York, USA",Android,Corporate Network,False,False,0
502,deposit,773.39,4531.63,Walmart,"London, UK",iPhone,Home WiFi,False,False,0
503,withdrawal,159.81,1139.0499999999997,Amazon,"Berlin, Germany",iPhone,Public WiFi,False,False,0
504,withdrawal,70.69,6284.19,Best Buy,"New York, USA",Android,Public WiFi,False,False,0
505,deposit,307.83,4966.389999999999,Walmart,"New York, USA",Android,Corporate Network,False,False,0
506,deposit,384.17,5908.030000000001,Walmart,"New York, USA",Windows Laptop,Corporate Network,False,False,0
507,deposit,414.25,824.31,Amazon,"Los Angeles, USA",iPhone,Home WiFi,False,False,0
508,deposit,761.72,5251.69,Amazon,"Tokyo, Japan",Android,Home WiFi,False,False,0
508,email_change,0.0,5251.69,0,"London, UK",MacBook,Public WiFi,False,False,0
509,deposit,634.44,3442.0499999999997,Walmart,"New York, USA",iPhone,Mobile Network,False,False,0
509,email_change,0.0,3442.0499999999997,0,"Tokyo, Japan",iPhone,Home WiFi,False,False,0
510,deposit,590.9,4934.039999999999,Best Buy,"Tokyo, Japan",iPhone,Mobile Network,False,False,0
510,password_change,0.0,4934.039999999999,0,"Los Angeles, USA",Android,Home WiFi,False,True,0
511,deposit,590.28,5559.569999999999,Walmart,"Paris, France",iPhone,Public WiFi,False,False,0
512,withdrawal,192.64,2201.5900000000006,Target,"Tokyo, Japan",MacBook,Corporate Network,False,False,0
513,withdrawal,448.69,2467.3199999999997,Amazon,"New York, USA",iPhone,Public WiFi,False,False,0
514,deposit,208.26,3255.54,Apple Store,"Berlin, Germany",Windows Laptop,Public WiFi,False,False,0
515,withdrawal,455.46,1420.66,Target,"Tokyo, Japan",iPad,Home WiFi,False,False,0
516,withdrawal,349.54,521.95,Walmart,"Paris, France",Android,Corporate Network,False,False,0
517,withdrawal,172.82,3130.33,Target,"London, UK",MacBook,Mobile Network,False,False,0
518,deposit,142.42,2919.55,Walmart,"London, UK",MacBook,Home WiFi,False,False,0
519,deposit,591.01,5689.66,Apple Store,"Paris, France",Windows Laptop,Public WiFi,False,False,0
519,email_change,0.0,5689.66,0,"London, UK",Windows Laptop,Public WiFi,False,False,0
520,deposit,754.41,4344.3,Best Buy,"New York, USA",MacBook,Home WiFi,False,False,0
520,password_change,0.0,4344.3,0,"London, UK",iPad,Mobile Network,False,False,0
521,withdrawal,222.54,3486.3399999999997,Amazon,"New York, USA",MacBook,Public WiFi,False,False,0
522,withdrawal,140.97,5839.13,Target,"London, UK",Windows Laptop,Home WiFi,True,False,0
523,withdrawal,139.04,3789.71,Target,"Paris, France",iPhone,Home WiFi,False,False,0
523,email_change,0.0,3789.71,0,"New York, USA",Windows Laptop,Home WiFi,False,False,0
524,deposit,109.44,5126.45,Best Buy,"New York, USA",Android,Corporate Network,False,False,0
525,deposit,803.97,2469.12,Amazon,"Berlin, Germany",iPhone,Home WiFi,False,False,0
525,email_change,0.0,2469.12,0,"New York, USA",Android,Public WiFi,False,False,0
526,deposit,319.01,5142.1,Walmart,"Tokyo, Japan",MacBook,Home WiFi,False,False,0
527,withdrawal,339.47,1468.8600000000001,Starbucks,"Tokyo, Japan",Windows Laptop,Home WiFi,False,False,0
528,deposit,177.08,4145.9800000000005,Amazon,"London, UK",iPhone,Corporate Network,False,False,0
529,deposit,865.04,5657.25,Apple Store,"New York, USA",Android,Home WiFi,False,False,0
530,withdrawal,77.96,2815.1200000000003,Amazon,"Paris, France",Windows Laptop,Corporate Network,False,False,0
531,deposit,523.17,4896.92,Amazon,"New York, USA",iPhone,Home WiFi,False,False,0
532,deposit,295.31,6857.050000000001,Apple Store,"Los Angeles, USA",iPhone,Public WiFi,False,False,0
533,withdrawal,209.21,3955.0,Amazon,"New York, USA",Linux PC,Corporate Network,False,False,0
533,phone_change,0.0,3955.0,0,"Los Angeles, USA",MacBook,Public WiFi,False,False,0
534,deposit,106.06,4480.97,Amazon,"New York, USA",MacBook,Public WiFi,False,False,0
534,password_change,0.0,4480.97,0,"Tokyo, Japan",iPhone,Home WiFi,False,False,0
535,deposit,481.16,4451.42,Best Buy,"London, UK",iPhone,Mobile Network,False,False,0
536,withdrawal,288.7,4684.11,Amazon,"New York, USA",iPhone,Corporate Network,False,False,0
537,deposit,444.6,2624.05,Starbucks,"Tokyo, Japan",Android,Corporate Network,False,False,0
538,withdrawal,407.91,6399.61,Target,"New York, USA",iPhone,Corporate Network,False,False,0
539,deposit,758.26,6267.57,Walmart,"Paris, France",iPhone,Corporate Network,False,False,0
540,deposit,121.27,6482.380000000001,Starbucks,"New York, USA",Android,Public WiFi,False,False,0
541,deposit,630.34,2630.07,Apple Store,"Paris, France",Linux PC,Public WiFi,False,False,0
542,deposit,516.47,3703.55,Starbucks,"New York, USA",Android,Corporate Network,False,False,0
543,deposit,208.33,4115.490000000001,Amazon,"New York, USA",iPhone,Home WiFi,False,False,0
544,withdrawal,363.72,2985.01,Walmart,"Los Angeles, USA",Android,Public WiFi,False,False,0
545,deposit,959.41,2217.8399999999997,Amazon,"New York, USA",iPhone,Mobile Network,False,False,0
546,deposit,919.02,4411.58,Walmart,"New York, USA",iPhone,Public WiFi,False,False,0
547,deposit,628.8,4542.639999999999,Amazon,"New York, USA",Windows Laptop,Public WiFi,False,False,0
548,withdrawal,260.66,4233.849999999999,Walmart,"New York, USA",MacBook,Corporate Network,False,False,0
549,deposit,215.35,4665.77,Apple Store,"New York, USA",iPhone,Mobile Network,False,False,0
550,withdrawal,471.64,3155.12,Walmart,"London, UK",Android,Corporate Network,True,False,0
551,withdrawal,65.13,3787.33,Starbucks,"Berlin, Germany",MacBook,Corporate Network,False,False,0
552,deposit,839.26,4333.4400000000005,Starbucks,"New York, USA",iPhone,Public WiFi,False,False,0
553,withdrawal,121.14,3782.5899999999997,Starbucks,"Los Angeles, USA",Windows Laptop,Corporate Network,False,False,0
554,deposit,714.15,3587.1400000000003,Best Buy,"London, UK",Windows Laptop,Home WiFi,False,False,0
555,withdrawal,196.12,5784.820000000001,Best Buy,"Los Angeles, USA",Linux PC,Corporate Network,False,False,0
556,deposit,674.91,6303.22,Starbucks,"New York, USA",iPhone,Mobile Network,False,False,0
557,deposit,768.87,4258.18,Walmart,"London, UK",Windows Laptop,Public WiFi,False,False,0
558,withdrawal,458.75,3632.6499999999996,Amazon,"New York, USA",iPhone,Corporate Network,False,False,0
559,deposit,997.92,6659.559999999999,Best Buy,"Berlin, Germany",Android,Corporate Network,False,False,0
559,phone_change,0.0,6659.559999999999,0,"Berlin, Germany",iPhone,Corporate Network,False,False,0
560,withdrawal,98.26,5043.5199999999995,Target,"Tokyo, Japan",iPad,Mobile Network,False,False,0
561,deposit,606.77,4514.209999999999,Amazon,"Berlin, Germany",iPhone,Home WiFi,False,False,0
562,withdrawal,183.31,4734.81,Target,"London, UK",Android,Home WiFi,False,False,0
563,withdrawal,56.74,3872.48,Starbucks,"Paris, France",iPhone,Corporate Network,False,False,0
563,email_change,0.0,3872.48,0,"Los Angeles, USA",MacBook,Public WiFi,False,False,0
564,withdrawal,362.72,4155.42,Walmart,"London, UK",Android,Public WiFi,False,False,0
565,withdrawal,211.96,2930.73,Best Buy,"Berlin, Germany",iPhone,Mobile Network,False,False,0
566,deposit,815.63,4668.87,Walmart,"Tokyo, Japan",Android,Home WiFi,False,False,0
567,deposit,280.18,2544.5899999999997,Amazon,"Los Angeles, USA",iPhone,Mobile Network,False,False,0
567,password_change,0.0,2544.5899999999997,0,"Los Angeles, USA",MacBook,Mobile Network,False,False,0
568,deposit,344.9,1965.0,Walmart,"Los Angeles, USA",Android,Mobile Network,False,False,0
569,withdrawal,178.84,2173.17,Walmart,"New York, USA",Windows Laptop,Public WiFi,False,False,0
570,withdrawal,428.75,3482.94,Amazon,"Berlin, Germany",iPhone,Corporate Network,False,False,0
571,deposit,673.1,2607.33,Apple Store,"Tokyo, Japan",MacBook,Home WiFi,False,False,0
571,phone_change,0.0,2607.33,0,"Berlin, Germany",iPhone,Corporate Network,False,False,0
572,deposit,920.48,6498.949999999999,Starbucks,"Los Angeles, USA",Android,Home WiFi,False,False,0
573,withdrawal,326.69,659.1700000000001,Target,"New York, USA",iPhone,Mobile Network,False,False,0
574,deposit,954.67,1292.8099999999997,Walmart,"Berlin, Germany",MacBook,Corporate Network,False,False,0
574,email_change,0.0,1292.8099999999997,0,"Los Angeles, USA",iPhone,Public WiFi,False,False,0
575,withdrawal,159.47,2215.76,Amazon,"Los Angeles, USA",Windows Laptop,Home WiFi,False,False,0
576,deposit,769.24,8195.32,Target,"New York, USA",MacBook,Home WiFi,False,False,0
577,deposit,765.72,2589.49,Walmart,"Paris, France",Windows Laptop,Home WiFi,False,False,0
578,withdrawal,179.96,5028.7699999999995,Amazon,"Los Angeles, USA",Windows Laptop,Corporate Network,False,False,0
579,withdrawal,310.8,3663.5099999999993,Apple Store,"New York, USA",iPhone,Public WiFi,False,False,0
579,phone_change,0.0,3663.5099999999993,0,"New York, USA",iPhone,Home WiFi,False,False,0
580,withdrawal,358.45,3842.6000000000004,Amazon,"New York, USA",MacBook,Mobile Network,False,False,0
581,withdrawal,465.47,4201.76,Walmart,"Berlin, Germany",Android,Mobile Network,False,False,0
582,withdrawal,175.28,2272.5699999999997,Amazon,"New York, USA",MacBook,Mobile Network,False,False,0
583,withdrawal,270.3,3534.3399999999992,Amazon,"London, UK",Android,Mobile Network,False,True,0
584,deposit,977.88,4407.44,Amazon,"Paris, France",iPhone,Public WiFi,False,False,0
585,deposit,139.15,2122.0800000000004,Amazon,"Paris, France",iPhone,Corporate Network,False,False,0
585,email_change,0.0,2122.0800000000004,0,"Los Angeles, USA",Linux PC,Home WiFi,False,False,0
586,withdrawal,369.91,2454.42,Amazon,"Tokyo, Japan",MacBook,Home WiFi,False,False,0
587,deposit,913.0,4248.349999999999,Amazon,"New York, USA",iPhone,Corporate Network,False,False,0
588,deposit,376.95,3719.9299999999994,Best Buy,"Tokyo, Japan",MacBook,Public WiFi,False,False,0
588,email_change,0.0,3719.9299999999994,0,"London, UK",Android,Mobile Network,False,False,0
589,withdrawal,63.56,5045.51,Walmart,"London, UK",Android,Mobile Network,False,True,0
590,deposit,639.53,4665.06,Amazon,"London, UK",Android,Mobile Network,False,False,0
591,deposit,999.74,3892.6900000000005,Starbucks,"Los Angeles, USA",iPhone,Home WiFi,False,False,0
591,phone_change,0.0,3892.6900000000005,0,"Paris, France",iPhone,Public WiFi,False,False,0
592,deposit,195.99,6152.349999999999,Walmart,"London, UK",Android,Mobile Network,False,False,0
593,deposit,368.77,3908.43,Walmart,"New York, USA",iPhone,Mobile Network,False,False,0
594,deposit,737.18,6032.53,Best Buy,"Los Angeles, USA",MacBook,Mobile Network,False,False,0
595,withdrawal,124.26,3391.899999999999,Walmart,"Berlin, Germany",iPhone,Public WiFi,False,False,0
596,deposit,930.46,4436.1,Apple Store,"Tokyo, Japan",Android,Public WiFi,False,False,0
596,password_change,0.0,4436.1,0,"London, UK",iPhone,Mobile Network,False,False,0
597,deposit,581.73,7025.83,Target,"Los Angeles, USA",MacBook,Mobile Network,False,False,0
597,password_change,0.0,7025.83,0,"Berlin, Germany",iPhone,Mobile Network,False,False,0
598,withdrawal,405.68,4458.32,Best Buy,"Paris, France",Android,Mobile Network,False,False,0
598,phone_change,0.0,4458.32,0,"Los Angeles, USA",Android,Mobile Network,False,True,0
599,withdrawal,320.02,3569.37,Target,"Paris, France",Android,Mobile Network,False,True,0
600,deposit,783.76,5893.28,Amazon,"Los Angeles, USA",MacBook,Public WiFi,False,False,0
601,withdrawal,488.81,4322.87,Amazon,"London, UK",MacBook,Home WiFi,False,False,0
602,deposit,351.29,1780.8899999999999,Amazon,"New York, USA",Android,Mobile Network,False,False,0
603,deposit,604.97,3470.04,Best Buy,"Berlin, Germany",Android,Corporate Network,False,False,0
604,withdrawal,335.46,2693.92,Apple Store,"Berlin, Germany",MacBook,Corporate Network,False,False,0
605,withdrawal,383.83,2063.9300000000003,Amazon,"New York, USA",iPhone,Mobile Network,False,False,0
606,withdrawal,446.48,4398.4400000000005,Starbucks,"Tokyo, Japan",Android,Public WiFi,False,False,0
607,withdrawal,192.7,5183.99,Target,"New York, USA",Android,Public WiFi,False,False,0
608,deposit,759.59,3694.1000000000004,Target,"New York, USA",iPhone,Public WiFi,False,False,0
609,withdrawal,88.6,1767.6600000000003,Amazon,"New York, USA",iPhone,Home WiFi,False,False,0
609,phone_change,0.0,1767.6600000000003,0,"Berlin, Germany",Android,Mobile Network,False,False,0
610,deposit,174.7,4661.42,Target,"Los Angeles, USA",Android,Mobile Network,False,True,0
611,deposit,462.22,4591.19,Target,"London, UK",Windows Laptop,Mobile Network,False,False,0
612,deposit,107.07,6850.49,Target,"Paris, France",iPad,Public WiFi,False,False,0
613,deposit,182.6,3166.88,Best Buy,"London, UK",Android,Mobile Network,False,False,0
614,deposit,362.37,6868.24,Walmart,"New York, USA",iPhone,Public WiFi,False,False,0
615,deposit,823.07,2862.63,Walmart,"Tokyo, Japan",Android,Corporate Network,False,False,0
616,withdrawal,296.03,2404.5200000000004,Walmart,"Tokyo, Japan",iPhone,Corporate Network,False,False,0
616,email_change,0.0,2404.5200000000004,0,"Los Angeles, USA",Windows Laptop,Corporate Network,False,False,0
617,deposit,542.51,3656.75,Amazon,"New York, USA",iPhone,Corporate Network,True,False,0
618,deposit,652.32,6043.02,Apple Store,"Los Angeles, USA",iPad,Home WiFi,False,False,0
618,phone_change,0.0,6043.02,0,"Los Angeles, USA",Android,Corporate Network,False,False,0
619,deposit,755.14,1528.29,Target,"Los Angeles, USA",Android,Mobile Network,False,False,0
620,withdrawal,355.77,6219.749999999998,Best Buy,"Paris, France",Windows Laptop,Public WiFi,False,False,0
621,withdrawal,267.57,1220.98,Target,"London, UK",Android,Mobile Network,False,False,0
622,deposit,183.8,1910.42,Walmart,"Berlin, Germany",Android,Mobile Network,False,False,0
622,phone_change,0.0,1910.42,0,"Tokyo, Japan",iPhone,Home WiFi,False,False,0
623,deposit,362.89,4382.13,Target,"New York, USA",Android,Home WiFi,False,False,0
624,withdrawal,60.57,3418.84,Starbucks,"Tokyo, Japan",Android,Corporate Network,False,False,0
624,email_change,0.0,3418.84,0,"London, UK",Windows Laptop,Public WiFi,False,False,0
625,deposit,838.23,3976.7000000000003,Walmart,"New York, USA",Android,Corporate Network,False,False,0
626,withdrawal,53.66,2320.7400000000007,Best Buy,"Tokyo, Japan",Windows Laptop,Mobile Network,False,False,0
627,withdrawal,324.77,4765.999999999998,Starbucks,"London, UK",Linux PC,Mobile Network,False,False,0
627,phone_change,0.0,4765.999999999998,0,"New York, USA",iPhone,Mobile Network,False,False,0
628,withdrawal,414.46,4262.66,Best Buy,"London, UK",Android,Home WiFi,False,False,0
629,deposit,628.98,4641.799999999999,Target,"New York, USA",iPhone,Mobile Network,True,False,0
630,deposit,934.88,4332.25,Amazon,"New York, USA",iPhone,Home WiFi,False,False,0
630,password_change,0.0,4332.25,0,"Los Angeles, USA",iPhone,Corporate Network,False,False,0
631,withdrawal,218.52,4182.41,Apple Store,"London, UK",Windows Laptop,Mobile Network,False,False,0
632,deposit,691.13,5932.709999999999,Target,"New York, USA",iPhone,Home WiFi,False,False,0
633,deposit,646.66,2355.49,Amazon,"New York, USA",Linux PC,Corporate Network,False,False,0
634,deposit,935.91,4470.28,Amazon,"London, UK",Windows Laptop,Mobile Network,False,False,0
635,withdrawal,68.07,4101.51,Target,"Los Angeles, USA",iPhone,Home WiFi,False,False,0
636,deposit,237.12,4847.150000000001,Apple Store,"Paris, France",iPhone,Home WiFi,False,False,0
636,password_change,0.0,4847.150000000001,0,"New York, USA",Windows Laptop,Mobile Network,False,False,0
637,deposit,866.37,6163.13,Best Buy,"Berlin, Germany",iPhone,Corporate Network,False,True,0
638,deposit,915.34,4470.84,Apple Store,"London, UK",Android,Home WiFi,False,False,0
639,deposit,313.43,2496.3999999999996,Target,"London, UK",Windows Laptop,Mobile Network,False,False,0
640,deposit,940.96,2663.7899999999995,Target,"New York, USA",Android,Mobile Network,False,False,0
640,phone_change,0.0,2663.7899999999995,0,"Tokyo, Japan",Android,Mobile Network,True,False,0
641,deposit,155.68,3827.58,Amazon,"Paris, France",Windows Laptop,Mobile Network,False,False,0
642,withdrawal,222.01,2437.7799999999997,Target,"Berlin, Germany",iPhone,Corporate Network,False,False,0
642,email_change,0.0,2437.7799999999997,0,"Tokyo, Japan",Android,Public WiFi,True,False,0
643,withdrawal,358.43,4803.52,Amazon,"Los Angeles, USA",iPad,Mobile Network,False,False,0
643,email_change,0.0,4803.52,0,"London, UK",iPhone,Corporate Network,False,False,0
644,withdrawal,388.5,3836.41,Target,"New York, USA",iPhone,Home WiFi,False,False,0
645,deposit,896.8,3144.45,Starbucks,"New York, USA",iPhone,Home WiFi,False,False,0
646,deposit,472.08,4641.42,Starbucks,"New York, USA",iPhone,Public WiFi,False,False,0
647,deposit,695.47,3581.51,Walmart,"New York, USA",Windows Laptop,Corporate Network,False,False,0
648,deposit,730.27,6000.92,Amazon,"Berlin, Germany",Windows Laptop,Corporate Network,False,False,0
648,email_change,0.0,6000.92,0,"Tokyo, Japan",MacBook,Mobile Network,False,False,0
649,withdrawal,280.59,2347.1299999999997,Apple Store,"Berlin, Germany",iPhone,Public WiFi,False,False,0
650,deposit,432.75,5691.47,Best Buy,"New York, USA",Windows Laptop,Corporate Network,False,False,0
651,deposit,380.51,6207.799999999999,Amazon,"New York, USA",Android,Home WiFi,False,False,0
651,password_change,0.0,6207.799999999999,0,"Los Angeles, USA",Windows Laptop,Public WiFi,False,False,0
652,deposit,757.41,3218.1999999999994,Walmart,"Tokyo, Japan",Windows Laptop,Corporate Network,False,False,0
652,email_change,0.0,3218.1999999999994,0,"Tokyo, Japan",Android,Home WiFi,False,False,0
653,withdrawal,112.9,5988.83,Amazon,"New York, USA",Android,Mobile Network,False,True,0
653,phone_change,0.0,5988.83,0,"Tokyo, Japan",iPhone,Home WiFi,False,False,0
654,deposit,440.83,2493.6200000000003,Amazon,"New York, USA",iPhone,Public WiFi,True,False,0
654,email_change,0.0,2493.6200000000003,0,"Los Angeles, USA",Windows Laptop,Public WiFi,False,False,0
655,deposit,214.25,5933.92,Amazon,"New York, USA",Android,Public WiFi,False,False,0
656,deposit,381.88,5817.95,Apple Store,"Tokyo, Japan",iPhone,Corporate Network,False,False,0
656,email_change,0.0,5817.95,0,"New York, USA",Android,Corporate Network,False,False,0
657,deposit,502.82,6496.209999999999,Amazon,"London, UK",iPhone,Public WiFi,False,False,0
658,deposit,110.93,2583.4799999999996,Starbucks,"New York, USA",iPhone,Home WiFi,False,False,0
659,withdrawal,447.09,5765.48,Amazon,"Paris, France",Windows Laptop,Corporate Network,False,False,0
660,deposit,766.26,4124.06,Starbucks,"Tokyo, Japan",Android,Home WiFi,False,False,0
661,deposit,954.53,4640.2699999999995,Apple Store,"Paris, France",Windows Laptop,Home WiFi,False,False,0
662,withdrawal,284.23,2629.5,Walmart,"Tokyo, Japan",iPhone,Home WiFi,True,False,0
662,email_change,0.0,2629.5,0,"Tokyo, Japan",iPhone,Home WiFi,False,False,0
663,deposit,325.1,3611.4399999999996,Best Buy,"New York, USA",Windows Laptop,Mobile Network,False,False,0
664,deposit,140.53,3545.26,Walmart,"Tokyo, Japan",iPhone,Home WiFi,False,False,0
665,withdrawal,290.21,5186.75,Amazon,"Paris, France",Android,Public WiFi,False,False,0
666,deposit,555.94,6500.949999999999,Amazon,"Tokyo, Japan",Windows Laptop,Public WiFi,False,False,0
667,withdrawal,376.3,3658.9,Apple Store,"New York, USA",Windows Laptop,Public WiFi,False,False,0
668,deposit,375.49,5518.54,Best Buy,"Los Angeles, USA",Android,Mobile Network,False,False,0
669,deposit,619.95,3963.16,Amazon,"New York, USA",Android,Home WiFi,False,False,0
670,deposit,790.77,5060.339999999998,Starbucks,"Paris, France",iPhone,Home WiFi,False,False,0
671,withdrawal,275.95,2740.4700000000003,Amazon,"Paris, France",iPhone,Mobile Network,False,False,0
672,withdrawal,117.41,1849.13,Target,"Tokyo, Japan",Windows Laptop,Corporate Network,False,False,0
673,withdrawal,73.23,5362.3,Amazon,"Los Angeles, USA",iPhone,Public WiFi,False,False,0
674,withdrawal,473.6,3421.5899999999997,Target,"Paris, France",Android,Home WiFi,False,False,0
675,deposit,111.2,4433.84,Walmart,"London, UK",iPhone,Public WiFi,False,False,0
676,withdrawal,276.19,4060.219999999999,Starbucks,"New York, USA",Android,Home WiFi,False,False,0
677,withdrawal,62.78,1467.4100000000003,Best Buy,"New York, USA",Windows Laptop,Home WiFi,False,False,0
678,deposit,298.06,3400.4299999999994,Walmart,"Los Angeles, USA",Linux PC,Home WiFi,False,False,0
679,deposit,248.39,4393.080000000001,Apple Store,"Los Angeles, USA",iPhone,Mobile Network,False,False,0
680,deposit,155.28,3665.9700000000003,Amazon,"New York, USA",iPhone,Corporate Network,False,False,0
680,password_change,0.0,3665.9700000000003,0,"Los Angeles, USA",iPhone,Home WiFi,False,False,0
681,withdrawal,96.82,2012.4500000000005,Walmart,"New York, USA",iPhone,Public WiFi,False,False,0
681,email_change,0.0,2012.4500000000005,0,"Berlin, Germany",iPad,Public WiFi,False,True,0
682,deposit,930.42,2031.52,Target,"Paris, France",iPhone,Home WiFi,False,False,0
683,withdrawal,219.46,6352.219999999999,Amazon,"Los Angeles, USA",iPad,Home WiFi,False,False,0
684,deposit,719.49,4895.96,Apple Store,"New York, USA",Android,Mobile Network,False,False,0
685,deposit,183.54,4566.240000000001,Starbucks,"London, UK",MacBook,Corporate Network,False,False,0
686,deposit,790.72,8543.6,Amazon,"New York, USA",Android,Public WiFi,False,False,0
687,withdrawal,357.45,4357.579999999999,Amazon,"New York, USA",iPad,Public WiFi,False,False,0
688,deposit,832.51,2109.37,Amazon,"Los Angeles, USA",Android,Home WiFi,False,False,0
688,password_change,0.0,2109.37,0,"New York, USA",Android,Mobile Network,True,False,0
689,deposit,314.67,3601.55,Apple Store,"Los Angeles, USA",MacBook,Corporate Network,False,False,0
690,withdrawal,209.71,2279.3900000000003,Amazon,"London, UK",iPhone,Public WiFi,False,False,0
691,withdrawal,81.41,4185.77,Starbucks,"Berlin, Germany",Linux PC,Public WiFi,False,False,0
692,deposit,161.55,3479.44,Target,"Los Angeles, USA",Windows Laptop,Public WiFi,False,False,0
693,deposit,627.06,3841.73,Apple Store,"Los Angeles, USA",Android,Corporate Network,False,False,0
694,withdrawal,253.85,4745.72,Target,"New York, USA",MacBook,Public WiFi,True,False,0
695,withdrawal,95.55,2297.0199999999995,Amazon,"Tokyo, Japan",Android,Home WiFi,False,False,0
696,deposit,781.18,2996.95,Apple Store,"London, UK",iPhone,Public WiFi,False,False,0
696,password_change,0.0,2996.95,0,"New York, USA",Windows Laptop,Corporate Network,False,False,0
697,deposit,256.45,2185.5,Walmart,"London, UK",iPhone,Public WiFi,False,False,0
698,deposit,210.66,3993.3700000000003,Walmart,"New York, USA",Windows Laptop,Corporate Network,False,False,0
698,password_change,0.0,3993.3700000000003,0,"Los Angeles, USA",iPhone,Mobile Network,False,False,0
699,deposit,405.68,3311.3399999999997,Target,"Berlin, Germany",iPad,Home WiFi,False,False,0
700,deposit,107.29,3200.1899999999996,Target,"London, UK",iPad,Corporate Network,False,False,0
701,withdrawal,150.97,1470.3500000000001,Amazon,"Los Angeles, USA",iPhone,Corporate Network,False,False,0
702,withdrawal,243.39,4702.11,Apple Store,"Tokyo, Japan",Linux PC,Public WiFi,False,False,0
703,deposit,133.68,4330.94,Walmart,"Los Angeles, USA",Android,Public WiFi,False,False,0
704,deposit,905.1,4867.09,Amazon,"Los Angeles, USA",Linux PC,Mobile Network,False,False,0
705,deposit,300.95,5967.7,Apple Store,"New York, USA",Android,Mobile Network,False,False,0
705,phone_change,0.0,5967.7,0,"Los Angeles, USA",iPhone,Home WiFi,False,False,0
706,deposit,322.1,4889.070000000001,Walmart,"London, UK",Android,Corporate Network,False,False,0
706,phone_change,0.0,4889.070000000001,0,"New York, USA",iPhone,Corporate Network,False,False,0
707,deposit,810.04,4385.19,Apple Store,"New York, USA",iPhone,Home WiFi,False,False,0
708,deposit,132.17,6338.01,Best Buy,"Paris, France",Android,Home WiFi,False,False,0
709,deposit,994.85,4302.05,Walmart,"New York, USA",iPhone,Mobile Network,False,False,0
710,deposit,153.0,2891.19,Starbucks,"London, UK",Android,Mobile Network,False,False,0
711,withdrawal,62.67,5320.79,Walmart,"Los Angeles, USA",iPad,Public WiFi,False,False,0
712,deposit,985.23,8032.5599999999995,Walmart,"London, UK",Linux PC,Public WiFi,False,False,0
713,deposit,105.76,6086.4400000000005,Starbucks,"Berlin, Germany",iPhone,Corporate Network,False,False,0
714,withdrawal,254.22,3336.0,Best Buy,"Los Angeles, USA",Android,Home WiFi,False,False,0
715,withdrawal,216.8,6796.7,Best Buy,"Berlin, Germany",Windows Laptop,Corporate Network,False,False,0
716,withdrawal,423.92,2002.2400000000002,Amazon,"Los Angeles, USA",iPhone,Public WiFi,False,False,0
717,withdrawal,175.72,2493.8400000000006,Walmart,"New York, USA",Android,Mobile Network,False,False,0
718,deposit,695.27,4911.219999999999,Walmart,"London, UK",Android,Home WiFi,False,False,0
719,withdrawal,313.7,5254.27,Target,"Los Angeles, USA",Android,Home WiFi,False,False,0
720,withdrawal,460.64,2245.3200000000006,Apple Store,"Tokyo, Japan",Windows Laptop,Corporate Network,False,False,0
721,deposit,303.88,4675.06,Target,"New York, USA",MacBook,Mobile Network,False,False,0
722,deposit,374.99,5545.67,Walmart,"Los Angeles, USA",iPhone,Home WiFi,False,False,0
723,deposit,137.83,4339.8,Amazon,"Tokyo, Japan",iPhone,Home WiFi,False,False,0
724,withdrawal,266.77,5817.120000000001,Target,"Tokyo, Japan",iPad,Mobile Network,False,False,0
725,deposit,297.97,3718.84,Amazon,"Tokyo, Japan",iPhone,Mobile Network,False,False,0
726,deposit,821.75,7095.87,Amazon,"Tokyo, Japan",MacBook,Public WiFi,False,False,0
727,withdrawal,425.46,1237.1499999999994,Amazon,"New York, USA",Android,Mobile Network,False,False,0
728,deposit,103.15,5627.259999999999,Amazon,"Tokyo, Japan",iPhone,Mobile Network,False,False,0
729,withdrawal,229.66,2726.07,Apple Store,"New York, USA",Windows Laptop,Corporate Network,False,True,0
730,withdrawal,163.78,1664.94,Best Buy,"Los Angeles, USA",Windows Laptop,Corporate Network,False,False,0
731,withdrawal,229.44,2405.4100000000003,Best Buy,"Berlin, Germany",MacBook,Public WiFi,True,True,0
732,withdrawal,93.33,3209.7500000000005,Best Buy,"Berlin, Germany",iPhone,Home WiFi,False,False,0
733,deposit,625.36,3339.2200000000003,Walmart,"Tokyo, Japan",Android,Home WiFi,False,False,0
734,withdrawal,157.83,4780.030000000001,Target,"Los Angeles, USA",Android,Public WiFi,True,False,0
734,password_change,0.0,4780.030000000001,0,"Berlin, Germany",Android,Corporate Network,False,False,0
735,withdrawal,162.63,4798.36,Amazon,"Los Angeles, USA",Android,Corporate Network,False,False,0
735,phone_change,0.0,4798.36,0,"Los Angeles, USA",iPhone,Public WiFi,False,False,0
736,deposit,992.17,2579.53,Target,"Paris, France",iPad,Mobile Network,False,False,0
736,password_change,0.0,2579.53,0,"Los Angeles, USA",iPhone,Mobile Network,False,False,0
737,withdrawal,60.5,2008.3199999999997,Apple Store,"London, UK",Android,Home WiFi,False,False,0
737,phone_change,0.0,2008.3199999999997,0,"New York, USA",Android,Mobile Network,False,False,0
738,deposit,902.95,5401.63,Amazon,"Berlin, Germany",iPhone,Public WiFi,False,False,0
739,withdrawal,138.18,4432.129999999999,Target,"New York, USA",iPhone,Corporate Network,False,False,0
740,deposit,937.98,5746.0,Best Buy,"New York, USA",Linux PC,Public WiFi,False,True,0
741,withdrawal,438.09,5323.6799999999985,Target,"Los Angeles, USA",Android,Corporate Network,False,False,0
742,withdrawal,454.61,3876.82,Apple Store,"New York, USA",Linux PC,Mobile Network,False,True,0
742,password_change,0.0,3876.82,0,"Tokyo, Japan",Android,Corporate Network,False,False,0
743,deposit,866.87,5089.37,Apple Store,"Tokyo, Japan",MacBook,Mobile Network,False,False,0
743,password_change,0.0,5089.37,0,"Los Angeles, USA",MacBook,Corporate Network,False,False,0
744,withdrawal,116.4,5031.12,Starbucks,"Paris, France",Android,Mobile Network,False,False,0
745,withdrawal,145.48,5421.840000000001,Starbucks,"London, UK",MacBook,Corporate Network,False,True,0
746,deposit,138.88,3906.1000000000004,Target,"Los Angeles, USA",iPad,Mobile Network,False,False,0
747,deposit,174.08,4640.59,Amazon,"Berlin, Germany",Linux PC,Mobile Network,False,False,0
747,password_change,0.0,4640.59,0,"New York, USA",MacBook,Corporate Network,False,False,0
748,deposit,176.34,5091.75,Amazon,"Tokyo, Japan",iPhone,Home WiFi,False,False,0
749,deposit,908.09,5481.450000000001,Walmart,"New York, USA",iPhone,Public WiFi,False,False,0
749,email_change,0.0,5481.450000000001,0,"New York, USA",iPhone,Corporate Network,False,False,0
750,deposit,234.0,4562.79,Walmart,"New York, USA",Android,Mobile Network,False,False,0
751,deposit,895.9,5132.16,Amazon,"New York, USA",iPhone,Public WiFi,False,False,0
752,deposit,606.4,2364.3199999999997,Amazon,"Tokyo, Japan",iPhone,Home WiFi,False,False,0
753,withdrawal,414.34,5292.910000000001,Starbucks,"New York, USA",Android,Mobile Network,False,False,0
754,withdrawal,265.22,629.01,Target,"London, UK",Linux PC,Corporate Network,False,False,0
755,deposit,427.18,4891.81,Apple Store,"New York, USA",iPhone,Public WiFi,False,False,0
756,deposit,994.69,8228.49,Amazon,"Tokyo, Japan",MacBook,Public WiFi,False,False,0
756,password_change,0.0,8228.49,0,"New York, USA",Windows Laptop,Corporate Network,False,False,0
757,withdrawal,101.11,2772.4700000000007,Walmart,"New York, USA",Windows Laptop,Public WiFi,False,False,0
758,deposit,812.91,6629.529999999999,Amazon,"London, UK",Android,Public WiFi,False,False,0
759,withdrawal,182.9,5295.259999999999,Best Buy,"London, UK",iPhone,Home WiFi,True,True,0
760,deposit,886.17,7411.96,Amazon,"Paris, France",Android,Public WiFi,False,False,0
760,phone_change,0.0,7411.96,0,"Los Angeles, USA",Android,Mobile Network,False,False,0
761,withdrawal,345.11,4902.760000000001,Walmart,"Berlin, Germany",MacBook,Public WiFi,False,False,0
762,deposit,944.75,5895.98,Amazon,"Los Angeles, USA",Android,Mobile Network,False,False,0
763,withdrawal,272.88,1491.27,Amazon,"Los Angeles, USA",Android,Public WiFi,False,False,0
764,deposit,666.67,6003.17,Amazon,"Paris, France",iPhone,Corporate Network,False,False,0
765,deposit,967.03,5116.549999999999,Walmart,"New York, USA",Windows Laptop,Home WiFi,False,False,0
766,withdrawal,376.82,1509.2899999999997,Best Buy,"Berlin, Germany",iPhone,Corporate Network,False,False,0
767,deposit,599.65,3374.8900000000003,Best Buy,"London, UK",iPhone,Corporate Network,False,False,0
768,deposit,911.71,7087.17,Best Buy,"Tokyo, Japan",Windows Laptop,Corporate Network,False,False,0
769,deposit,652.14,4957.540000000001,Walmart,"New York, USA",Windows Laptop,Public WiFi,False,False,0
770,deposit,632.05,2507.1899999999996,Walmart,"New York, USA",Android,Corporate Network,False,True,0
770,password_change,0.0,2507.1899999999996,0,"London, UK",iPhone,Public WiFi,False,False,0
771,deposit,896.27,3242.0399999999995,Walmart,"Berlin, Germany",Android,Mobile Network,False,True,0
772,withdrawal,448.92,2527.49,Best Buy,"New York, USA",MacBook,Mobile Network,False,False,0
772,password_change,0.0,2527.49,0,"Berlin, Germany",MacBook,Corporate Network,False,False,0
773,withdrawal,415.99,5017.2300000000005,Starbucks,"Tokyo, Japan",iPhone,Home WiFi,False,False,0
774,deposit,551.65,6545.299999999999,Walmart,"Paris, France",iPhone,Corporate Network,False,False,0
775,deposit,536.88,6925.590000000001,Starbucks,"New York, USA",Windows Laptop,Corporate Network,False,False,0
776,deposit,289.47,5516.200000000001,Target,"Berlin, Germany",Windows Laptop,Public WiFi,False,False,0
777,deposit,704.34,7306.67,Starbucks,"Tokyo, Japan",Android,Corporate Network,False,False,0
777,email_change,0.0,7306.67,0,"Tokyo, Japan",MacBook,Corporate Network,False,False,0
778,withdrawal,374.02,3399.5300000000007,Best Buy,"Tokyo, Japan",iPhone,Mobile Network,False,False,0
778,password_change,0.0,3399.5300000000007,0,"London, UK",Windows Laptop,Public WiFi,False,False,0
779,deposit,424.23,3937.5499999999997,Walmart,"New York, USA",iPhone,Corporate Network,False,False,0
779,phone_change,0.0,3937.5499999999997,0,"Berlin, Germany",Windows Laptop,Public WiFi,False,False,0
780,withdrawal,277.4,4826.67,Amazon,"London, UK",Android,Corporate Network,False,False,0
781,withdrawal,256.49,4266.16,Starbucks,"Berlin, Germany",iPhone,Home WiFi,False,False,0
782,deposit,232.89,4590.33,Target,"New York, USA",Android,Corporate Network,False,True,0
783,withdrawal,323.05,5572.539999999999,Amazon,"Berlin, Germany",MacBook,Mobile Network,False,False,0
784,deposit,659.87,6006.809999999999,Target,"Tokyo, Japan",Linux PC,Corporate Network,False,False,0
785,withdrawal,323.92,4455.02,Walmart,"Los Angeles, USA",Windows Laptop,Public WiFi,False,True,0
786,withdrawal,321.24,6304.16,Amazon,"Tokyo, Japan",iPhone,Home WiFi,False,False,0
787,deposit,999.57,5178.299999999999,Apple Store,"New York, USA",iPhone,Corporate Network,False,False,0
788,withdrawal,165.51,3964.2,Walmart,"New York, USA",MacBook,Home WiFi,False,False,0
789,withdrawal,347.31,3178.8199999999997,Apple Store,"Tokyo, Japan",iPhone,Corporate Network,False,False,0
790,withdrawal,486.02,4849.6,Target,"New York, USA",Windows Laptop,Mobile Network,False,False,0
791,withdrawal,131.55,2937.98,Target,"Berlin, Germany",Windows Laptop,Public WiFi,False,False,0
791,phone_change,0.0,2937.98,0,"Los Angeles, USA",iPhone,Mobile Network,False,False,0
792,withdrawal,297.39,4082.19,Best Buy,"Tokyo, Japan",Windows Laptop,Mobile Network,False,False,0
793,deposit,307.72,2351.01,Apple Store,"Los Angeles, USA",MacBook,Corporate Network,True,False,0
794,deposit,477.98,3789.24,Best Buy,"Los Angeles, USA",Android,Home WiFi,False,False,0
795,withdrawal,347.93,1539.2,Target,"Berlin, Germany",Android,Public WiFi,False,False,0
796,deposit,787.27,3318.4500000000003,Walmart,"Paris, France",Android,Corporate Network,False,False,0
797,withdrawal,159.77,6548.9400000000005,Apple Store,"New York, USA",iPhone,Home WiFi,False,False,0
798,deposit,367.57,4332.8099999999995,Apple Store,"Los Angeles, USA",Windows Laptop,Home WiFi,False,False,0
799,deposit,400.84,5019.18,Apple Store,"Berlin, Germany",iPhone,Public WiFi,False,False,0
800,deposit,110.85,2745.44,Starbucks,"New York, USA",Windows Laptop,Home WiFi,True,False,0
801,deposit,641.35,5475.1900000000005,Amazon,"Paris, France",iPhone,Corporate Network,False,False,0
802,deposit,106.71,2929.3500000000004,Walmart,"Los Angeles, USA",iPad,Home WiFi,False,False,0
802,phone_change,0.0,2929.3500000000004,0,"Los Angeles, USA",Windows Laptop,Mobile Network,False,False,0
803,deposit,757.39,3466.6199999999994,Target,"London, UK",iPhone,Corporate Network,False,False,0
804,withdrawal,478.25,3539.01,Starbucks,"Los Angeles, USA",iPhone,Home WiFi,False,False,0
804,email_change,0.0,3539.01,0,"Berlin, Germany",iPhone,Mobile Network,False,True,0
805,deposit,374.72,3692.2000000000007,Starbucks,"London, UK",Windows Laptop,Public WiFi,False,False,0
806,withdrawal,376.6,7506.43,Best Buy,"Tokyo, Japan",iPhone,Public WiFi,False,False,0
806,phone_change,0.0,7506.43,0,"London, UK",Windows Laptop,Public WiFi,False,False,0
807,deposit,236.59,2891.12,Target,"Los Angeles, USA",Android,Corporate Network,False,False,0
807,email_change,0.0,2891.12,0,"Paris, France",Windows Laptop,Public WiFi,True,False,0
808,deposit,993.65,3436.28,Starbucks,"New York, USA",iPad,Mobile Network,False,False,0
809,deposit,110.9,1766.3700000000003,Amazon,"New York, USA",MacBook,Corporate Network,False,False,0
810,deposit,871.43,7175.740000000001,Starbucks,"Berlin, Germany",iPhone,Home WiFi,False,False,0
811,deposit,402.05,6731.750000000001,Target,"Los Angeles, USA",Windows Laptop,Mobile Network,False,False,0
811,phone_change,0.0,6731.750000000001,0,"New York, USA",Android,Home WiFi,False,False,0
812,withdrawal,231.06,3871.73,Walmart,"Berlin, Germany",Linux PC,Home WiFi,False,False,0
813,deposit,135.98,7477.69,Walmart,"Tokyo, Japan",Android,Home WiFi,False,False,0
814,withdrawal,252.69,2219.82,Amazon,"New York, USA",iPhone,Mobile Network,False,False,0
815,deposit,383.29,4475.14,Amazon,"London, UK",iPhone,Home WiFi,False,False,0
816,withdrawal,235.27,1000.9999999999998,Starbucks,"Berlin, Germany",Android,Home WiFi,False,False,0
817,deposit,851.29,6768.830000000001,Walmart,"New York, USA",Android,Mobile Network,False,False,0
818,deposit,200.31,3988.83,Walmart,"New York, USA",Android,Public WiFi,True,False,0
819,deposit,133.19,2702.32,Starbucks,"London, UK",iPhone,Home WiFi,False,False,0
820,deposit,863.65,3057.9400000000005,Apple Store,"London, UK",Linux PC,Home WiFi,False,False,0
820,password_change,0.0,3057.9400000000005,0,"New York, USA",MacBook,Mobile Network,False,False,0
821,deposit,698.8,5574.18,Starbucks,"Tokyo, Japan",Android,Home WiFi,False,False,0
822,withdrawal,61.95,4798.580000000001,Amazon,"Los Angeles, USA",Android,Corporate Network,False,False,0
822,phone_change,0.0,4798.580000000001,0,"Tokyo, Japan",Android,Mobile Network,False,False,0
823,deposit,718.02,3464.98,Target,"Tokyo, Japan",Android,Home WiFi,False,False,0
824,withdrawal,85.62,2943.07,Target,"Los Angeles, USA",iPhone,Corporate Network,False,False,0
825,deposit,582.05,7221.740000000001,Walmart,"Berlin, Germany",iPhone,Home WiFi,False,False,0
826,deposit,488.08,4903.409999999999,Amazon,"New York, USA",iPhone,Public WiFi,False,False,0
827,withdrawal,124.41,1890.6500000000003,Best Buy,"Los Angeles, USA",Windows Laptop,Corporate Network,False,False,0
828,deposit,703.05,3634.8999999999996,Amazon,"Paris, France",Android,Mobile Network,False,False,0
828,email_change,0.0,3634.8999999999996,0,"Tokyo, Japan",Windows Laptop,Mobile Network,False,False,0
829,withdrawal,443.16,2622.01,Amazon,"Tokyo, Japan",Android,Public WiFi,False,False,0
830,deposit,268.53,1551.75,Amazon,"Berlin, Germany",Android,Home WiFi,False,False,0
831,withdrawal,229.73,5321.4000000000015,Walmart,"New York, USA",iPhone,Public WiFi,False,False,0
832,withdrawal,238.97,5039.319999999999,Target,"New York, USA",iPhone,Home WiFi,False,False,0
833,deposit,212.4,4374.44,Target,"Los Angeles, USA",Android,Public WiFi,False,False,0
834,deposit,536.64,5303.960000000001,Apple Store,"New York, USA",MacBook,Home WiFi,False,False,0
835,deposit,992.81,5813.25,Best Buy,"London, UK",MacBook,Mobile Network,False,False,0
836,deposit,953.76,6323.290000000001,Amazon,"New York, USA",Android,Corporate Network,False,False,0
837,withdrawal,283.75,1945.9500000000003,Amazon,"New York, USA",Windows Laptop,Home WiFi,False,False,0
838,deposit,973.87,8708.9,Amazon,"London, UK",Windows Laptop,Mobile Network,False,False,0
839,withdrawal,201.26,6225.91,Best Buy,"Los Angeles, USA",Android,Public WiFi,False,False,0
840,deposit,167.31,1906.8100000000002,Amazon,"Tokyo, Japan",Windows Laptop,Corporate Network,False,False,0
841,withdrawal,342.0,2696.88,Apple Store,"Berlin, Germany",Windows Laptop,Corporate Network,False,False,0
842,withdrawal,373.67,6516.889999999999,Target,"New York, USA",iPhone,Public WiFi,False,False,0
843,withdrawal,180.41,2413.04,Walmart,"Tokyo, Japan",iPad,Home WiFi,False,False,0
844,deposit,383.86,6034.07,Target,"Berlin, Germany",Android,Home WiFi,False,False,0
845,deposit,244.18,4235.15,Best Buy,"Tokyo, Japan",iPhone,Home WiFi,False,False,0
846,withdrawal,90.39,5220.83,Walmart,"New York, USA",Android,Mobile Network,False,False,0
847,withdrawal,105.97,6594.34,Apple Store,"Berlin, Germany",iPhone,Mobile Network,False,False,0
848,deposit,795.26,5620.97,Apple Store,"New York, USA",iPad,Public WiFi,False,False,0
849,deposit,117.05,6594.34,Starbucks,"Los Angeles, USA",Android,Corporate Network,False,False,0
850,deposit,555.93,4586.969999999999,Starbucks,"Berlin, Germany",iPhone,Mobile Network,False,False,0
851,withdrawal,300.93,2812.15,Apple Store,"Tokyo, Japan",iPhone,Corporate Network,False,False,0
852,deposit,272.39,2686.14,Target,"London, UK",MacBook,Corporate Network,False,False,0
852,email_change,0.0,2686.14,0,"London, UK",Android,Home WiFi,False,False,0
853,deposit,298.95,4689.51,Walmart,"Los Angeles, USA",MacBook,Corporate Network,False,True,0
854,deposit,942.97,2897.5,Walmart,"Tokyo, Japan",iPhone,Public WiFi,False,False,0
855,withdrawal,295.96,3428.97,Walmart,"Paris, France",Android,Home WiFi,False,False,0
856,withdrawal,294.27,3280.4700000000003,Target,"New York, USA",MacBook,Mobile Network,False,False,0
856,phone_change,0.0,3280.4700000000003,0,"London, UK",Android,Mobile Network,False,False,0
857,deposit,386.1,6614.640000000001,Best Buy,"London, UK",Linux PC,Mobile Network,False,False,0
858,deposit,147.2,1951.9,Target,"New York, USA",Linux PC,Home WiFi,False,False,0
859,withdrawal,124.82,2985.15,Target,"Paris, France",iPhone,Home WiFi,False,False,0
860,withdrawal,67.65,5044.589999999999,Best Buy,"New York, USA",MacBook,Public WiFi,False,False,0
861,withdrawal,128.17,5789.53,Walmart,"New York, USA",Android,Home WiFi,False,False,0
862,deposit,756.96,7929.37,Walmart,"London, UK",iPhone,Corporate Network,False,True,0
863,withdrawal,440.74,3129.12,Best Buy,"New York, USA",Android,Home WiFi,False,False,0
864,deposit,491.69,3769.86,Starbucks,"London, UK",iPhone,Public WiFi,False,False,0
865,deposit,716.98,6127.8200000000015,Amazon,"Paris, France",Linux PC,Public WiFi,False,False,0
866,deposit,242.97,1459.6300000000006,Best Buy,"Tokyo, Japan",MacBook,Public WiFi,False,False,0
867,deposit,523.93,5162.740000000001,Amazon,"London, UK",Android,Home WiFi,False,False,0
868,deposit,398.72,5051.620000000001,Apple Store,"Los Angeles, USA",Android,Corporate Network,False,False,0
869,deposit,375.49,4124.62,Apple Store,"Tokyo, Japan",Android,Home WiFi,False,False,0
870,deposit,374.64,5264.240000000001,Walmart,"London, UK",Android,Public WiFi,False,False,0
871,withdrawal,419.14,680.8700000000002,Amazon,"Tokyo, Japan",Windows Laptop,Corporate Network,False,False,0
872,withdrawal,423.94,4255.8099999999995,Amazon,"Tokyo, Japan",Android,Corporate Network,False,False,0
873,deposit,151.07,3798.52,Amazon,"Los Angeles, USA",MacBook,Corporate Network,False,False,0
874,deposit,315.35,3058.3199999999997,Walmart,"Los Angeles, USA",iPhone,Mobile Network,False,False,0
875,deposit,366.89,3891.2499999999995,Best Buy,"Tokyo, Japan",MacBook,Home WiFi,False,False,0
876,withdrawal,415.39,3068.3900000000003,Best Buy,"London, UK",Android,Mobile Network,False,False,0
876,password_change,0.0,3068.3900000000003,0,"London, UK",MacBook,Mobile Network,False,False,0
877,withdrawal,486.68,1097.97,Amazon,"Paris, France",Android,Corporate Network,False,False,0
878,deposit,993.3,3147.96,Walmart,"New York, USA",Android,Corporate Network,False,False,0
878,password_change,0.0,3147.96,0,"New York, USA",iPhone,Public WiFi,False,False,0
879,deposit,760.22,5899.910000000001,Best Buy,"Los Angeles, USA",Windows Laptop,Corporate Network,False,False,0
879,phone_change,0.0,5899.910000000001,0,"New York, USA",iPad,Public WiFi,False,False,0
880,deposit,730.2,6081.65,Walmart,"Berlin, Germany",MacBook,Mobile Network,False,False,0
881,deposit,220.68,5363.4800000000005,Walmart,"Paris, France",iPhone,Corporate Network,False,False,0
882,deposit,260.22,2006.14,Target,"Tokyo, Japan",iPhone,Mobile Network,False,False,0
883,deposit,863.3,2904.67,Amazon,"Berlin, Germany",iPhone,Mobile Network,False,False,0
884,withdrawal,352.1,5014.04,Best Buy,"Los Angeles, USA",MacBook,Mobile Network,True,False,0
885,deposit,408.53,5218.609999999999,Best Buy,"Tokyo, Japan",iPad,Public WiFi,False,False,0
886,deposit,204.57,4205.220000000001,Amazon,"London, UK",Android,Public WiFi,False,False,0
887,withdrawal,429.09,5171.77,Amazon,"Tokyo, Japan",Android,Mobile Network,False,False,0
887,password_change,0.0,5171.77,0,"New York, USA",MacBook,Corporate Network,True,False,0
888,deposit,116.98,7045.809999999999,Walmart,"New York, USA",iPhone,Home WiFi,False,True,0
888,phone_change,0.0,7045.809999999999,0,"Paris, France",iPhone,Mobile Network,False,False,0
889,deposit,185.21,2252.01,Amazon,"Paris, France",MacBook,Public WiFi,False,False,0
890,deposit,179.87,5713.599999999999,Walmart,"Tokyo, Japan",Android,Home WiFi,False,False,0
890,phone_change,0.0,5713.599999999999,0,"London, UK",MacBook,Mobile Network,False,False,0
891,deposit,629.63,5537.6,Target,"London, UK",iPhone,Home WiFi,False,False,0
892,deposit,162.04,5653.5599999999995,Target,"Berlin, Germany",MacBook,Home WiFi,False,False,0
893,withdrawal,183.5,861.3900000000003,Target,"London, UK",Android,Mobile Network,False,False,0
894,withdrawal,143.84,4461.0,Best Buy,"London, UK",Windows Laptop,Public WiFi,False,False,0
894,email_change,0.0,4461.0,0,"Los Angeles, USA",iPhone,Public WiFi,False,False,0
895,deposit,531.85,6232.88,Walmart,"New York, USA",Android,Public WiFi,False,False,0
896,deposit,815.65,6447.319999999999,Amazon,"Los Angeles, USA",Windows Laptop,Home WiFi,False,False,0
897,deposit,404.21,4097.74,Walmart,"Tokyo, Japan",iPhone,Mobile Network,False,False,0
898,deposit,908.76,5282.3,Walmart,"New York, USA",Windows Laptop,Public WiFi,False,False,0
899,deposit,204.26,6348.450000000001,Best Buy,"New York, USA",Android,Corporate Network,False,False,0
900,deposit,539.73,3619.62,Starbucks,"New York, USA",Android,Corporate Network,False,False,0
901,deposit,932.11,2289.4,Amazon,"Berlin, Germany",Windows Laptop,Corporate Network,False,False,0
901,email_change,0.0,2289.4,0,"Paris, France",iPhone,Home WiFi,False,False,0
902,withdrawal,384.16,2986.02,Walmart,"Los Angeles, USA",Windows Laptop,Mobile Network,False,False,0
903,deposit,876.72,5303.820000000001,Amazon,"London, UK",iPad,Mobile Network,False,False,0
904,deposit,519.62,5342.02,Target,"Los Angeles, USA",Android,Public WiFi,False,False,0
905,deposit,256.6,4365.360000000001,Target,"New York, USA",Windows Laptop,Mobile Network,False,False,0
905,phone_change,0.0,4365.360000000001,0,"Berlin, Germany",Windows Laptop,Mobile Network,False,False,0
906,deposit,193.75,3963.9599999999996,Amazon,"New York, USA",iPhone,Public WiFi,False,False,0
907,withdrawal,254.57,5070.900000000001,Walmart,"New York, USA",MacBook,Home WiFi,False,False,0
908,deposit,397.23,3913.1600000000003,Apple Store,"New York, USA",Android,Home WiFi,False,False,0
909,deposit,846.28,4250.57,Apple Store,"London, UK",Android,Public WiFi,False,False,0
910,withdrawal,115.46,4286.31,Amazon,"London, UK",Windows Laptop,Public WiFi,False,False,0
910,phone_change,0.0,4286.31,0,"Tokyo, Japan",iPhone,Corporate Network,False,False,0
911,withdrawal,95.29,3210.45,Amazon,"London, UK",iPhone,Public WiFi,False,False,0
912,withdrawal,263.61,2679.0800000000004,Amazon,"Berlin, Germany",Windows Laptop,Home WiFi,False,False,0
912,email_change,0.0,2679.0800000000004,0,"Tokyo, Japan",iPhone,Home WiFi,False,False,0
913,deposit,674.06,2999.7000000000003,Best Buy,"New York, USA",Android,Corporate Network,False,False,0
914,withdrawal,277.58,5260.84,Best Buy,"Los Angeles, USA",MacBook,Home WiFi,False,False,0
915,deposit,939.59,3801.5200000000004,Walmart,"London, UK",iPhone,Corporate Network,False,False,0
915,password_change,0.0,3801.5200000000004,0,"Los Angeles, USA",MacBook,Mobile Network,False,False,0
916,deposit,750.34,4754.28,Target,"Los Angeles, USA",Android,Public WiFi,False,False,0
917,withdrawal,383.35,5152.46,Starbucks,"London, UK",Linux PC,Mobile Network,False,False,0
918,deposit,879.63,6077.990000000001,Amazon,"London, UK",Windows Laptop,Public WiFi,False,True,0
919,withdrawal,478.61,2885.7999999999997,Walmart,"New York, USA",iPhone,Home WiFi,False,False,0
920,deposit,352.84,5116.969999999999,Starbucks,"London, UK",MacBook,Corporate Network,False,False,0
921,deposit,111.9,1863.23,Walmart,"New York, USA",iPhone,Mobile Network,False,False,0
922,withdrawal,459.31,4822.759999999998,Starbucks,"New York, USA",MacBook,Home WiFi,False,False,0
923,deposit,788.9,7292.439999999999,Target,"Los Angeles, USA",Windows Laptop,Mobile Network,False,False,0
924,deposit,126.54,5066.67,Amazon,"New York, USA",iPhone,Mobile Network,False,False,0
925,deposit,143.52,5925.880000000001,Amazon,"London, UK",iPhone,Corporate Network,False,False,0
926,withdrawal,488.15,4881.24,Walmart,"Tokyo, Japan",Windows Laptop,Corporate Network,False,False,0
927,deposit,873.52,3986.9800000000005,Best Buy,"Berlin, Germany",Linux PC,Mobile Network,False,False,0
927,phone_change,0.0,3986.9800000000005,0,"New York, USA",iPhone,Corporate Network,False,False,0
928,withdrawal,56.57,4597.57,Walmart,"New York, USA",iPhone,Mobile Network,False,False,0
929,deposit,708.29,3908.439999999999,Target,"Paris, France",iPad,Mobile Network,False,False,0
929,phone_change,0.0,3908.439999999999,0,"Los Angeles, USA",iPhone,Public WiFi,False,False,0
930,deposit,916.45,4921.38,Walmart,"Los Angeles, USA",iPhone,Corporate Network,False,False,0
930,phone_change,0.0,4921.38,0,"Los Angeles, USA",Linux PC,Home WiFi,False,False,0
931,deposit,155.26,5012.180000000001,Walmart,"New York, USA",MacBook,Home WiFi,False,False,0
932,withdrawal,374.67,4426.69,Walmart,"Los Angeles, USA",Windows Laptop,Home WiFi,False,False,0
933,deposit,390.49,3477.63,Walmart,"New York, USA",Android,Home WiFi,False,False,0
934,deposit,433.75,3646.88,Best Buy,"London, UK",iPhone,Home WiFi,False,False,0
935,deposit,793.51,3582.7400000000007,Target,"Paris, France",Android,Mobile Network,False,False,0
936,withdrawal,433.07,5114.93,Best Buy,"Berlin, Germany",Android,Corporate Network,False,False,0
937,withdrawal,462.95,3134.57,Walmart,"Los Angeles, USA",iPhone,Public WiFi,False,False,0
938,deposit,750.05,7565.8,Amazon,"Berlin, Germany",Android,Home WiFi,False,False,0
939,withdrawal,71.93,5960.13,Best Buy,"Berlin, Germany",iPhone,Public WiFi,False,False,0
940,withdrawal,74.27,2101.6300000000006,Walmart,"London, UK",iPhone,Public WiFi,False,False,0
941,deposit,612.06,2868.9099999999994,Amazon,"Paris, France",MacBook,Corporate Network,False,False,0
942,withdrawal,78.11,4289.150000000001,Best Buy,"Paris, France",iPhone,Mobile Network,False,False,0
943,deposit,501.17,3938.52,Starbucks,"Paris, France",Android,Home WiFi,False,False,0
944,deposit,931.32,2568.9300000000003,Best Buy,"New York, USA",MacBook,Home WiFi,False,False,0
945,deposit,820.27,4658.710000000001,Best Buy,"New York, USA",iPhone,Corporate Network,False,False,0
946,withdrawal,287.76,1541.42,Best Buy,"Tokyo, Japan",Android,Public WiFi,False,False,0
946,phone_change,0.0,1541.42,0,"Berlin, Germany",MacBook,Public WiFi,False,False,0
947,withdrawal,259.17,6323.549999999999,Amazon,"Los Angeles, USA",iPhone,Mobile Network,False,False,0
948,withdrawal,116.11,2390.0699999999993,Best Buy,"New York, USA",iPhone,Public WiFi,False,False,0
949,withdrawal,196.72,4015.5500000000006,Amazon,"Los Angeles, USA",Windows Laptop,Corporate Network,False,False,0
950,withdrawal,197.29,4166.58,Walmart,"London, UK",Linux PC,Public WiFi,False,False,0
951,deposit,896.65,5853.74,Amazon,"Paris, France",Android,Mobile Network,False,False,0
952,deposit,962.46,2652.66,Walmart,"Los Angeles, USA",iPhone,Public WiFi,False,False,0
953,withdrawal,354.93,3788.15,Amazon,"Paris, France",iPhone,Home WiFi,False,False,0
954,withdrawal,239.01,5877.39,Starbucks,"New York, USA",iPhone,Corporate Network,False,False,0
955,deposit,525.92,6186.68,Best Buy,"Los Angeles, USA",iPhone,Public WiFi,False,False,0
956,deposit,292.89,6349.6,Target,"Tokyo, Japan",iPhone,Corporate Network,False,False,0
957,deposit,795.25,5691.52,Amazon,"New York, USA",Android,Mobile Network,False,False,0
957,password_change,0.0,5691.52,0,"Berlin, Germany",Android,Mobile Network,False,False,0
958,withdrawal,461.88,2059.15,Walmart,"Los Angeles, USA",Android,Public WiFi,False,False,0
959,deposit,805.47,4752.349999999999,Starbucks,"New York, USA",iPhone,Mobile Network,False,False,0
960,deposit,836.81,5369.48,Walmart,"London, UK",Android,Corporate Network,False,False,0
961,deposit,382.28,3742.670000000001,Walmart,"Tokyo, Japan",Android,Home WiFi,False,False,0
962,withdrawal,328.22,4384.489999999999,Apple Store,"Tokyo, Japan",iPhone,Home WiFi,False,False,0
962,phone_change,0.0,4384.489999999999,0,"Los Angeles, USA",Windows Laptop,Mobile Network,False,False,0
963,deposit,174.48,5592.08,Target,"Los Angeles, USA",iPhone,Corporate Network,False,False,0
964,deposit,977.15,4742.57,Amazon,"New York, USA",Android,Public WiFi,False,False,0
965,deposit,707.36,5786.499999999999,Target,"New York, USA",MacBook,Corporate Network,False,False,0
966,deposit,272.2,4262.28,Walmart,"Paris, France",Android,Home WiFi,False,False,0
967,deposit,388.04,3778.9,Target,"London, UK",iPhone,Home WiFi,False,False,0
968,deposit,254.98,5675.73,Amazon,"Los Angeles, USA",iPhone,Corporate Network,False,False,0
969,deposit,805.36,5459.5599999999995,Best Buy,"Paris, France",Android,Mobile Network,False,False,0
970,deposit,676.15,7923.959999999999,Walmart,"Tokyo, Japan",iPad,Home WiFi,False,False,0
971,withdrawal,470.14,4907.33,Amazon,"Tokyo, Japan",iPhone,Mobile Network,False,True,0
972,deposit,894.23,2386.92,Amazon,"New York, USA",iPad,Corporate Network,False,False,0
973,withdrawal,331.41,5106.969999999999,Walmart,"Los Angeles, USA",Android,Corporate Network,False,True,0
974,deposit,561.59,3611.2700000000004,Target,"Los Angeles, USA",Android,Public WiFi,False,False,0
975,deposit,247.45,2895.7399999999993,Amazon,"New York, USA",MacBook,Public WiFi,False,False,0
976,deposit,400.84,4998.08,Apple Store,"Los Angeles, USA",MacBook,Public WiFi,True,False,0
976,email_change,0.0,4998.08,0,"New York, USA",iPhone,Corporate Network,True,False,0
977,deposit,705.45,3931.59,Walmart,"London, UK",Android,Mobile Network,False,False,0
978,deposit,846.08,3939.9800000000005,Starbucks,"Paris, France",Windows Laptop,Public WiFi,False,False,0
979,deposit,172.89,2232.47,Starbucks,"New York, USA",iPhone,Corporate Network,False,False,0
980,withdrawal,104.34,5687.5599999999995,Walmart,"New York, USA",Windows Laptop,Corporate Network,False,True,0
981,deposit,286.15,5094.219999999999,Starbucks,"Los Angeles, USA",Windows Laptop,Public WiFi,False,False,0
982,withdrawal,427.39,5184.409999999999,Amazon,"Berlin, Germany",iPhone,Home WiFi,False,False,0
982,phone_change,0.0,5184.409999999999,0,"New York, USA",iPhone,Mobile Network,False,False,0
983,withdrawal,69.82,4157.5,Amazon,"Los Angeles, USA",Android,Home WiFi,False,False,0
984,withdrawal,241.8,4516.88,Amazon,"Los Angeles, USA",Android,Public WiFi,False,False,0
985,withdrawal,64.83,2046.3100000000009,Starbucks,"New York, USA",Windows Laptop,Corporate Network,False,False,0
986,deposit,207.57,3582.08,Best Buy,"Los Angeles, USA",iPhone,Mobile Network,False,False,0
987,deposit,554.64,2703.6000000000004,Starbucks,"Paris, France",iPhone,Corporate Network,False,False,0
988,withdrawal,474.33,3475.48,Best Buy,"Tokyo, Japan",iPhone,Public WiFi,False,False,0
989,deposit,461.72,1914.78,Amazon,"London, UK",iPhone,Public WiFi,False,False,0
990,deposit,802.06,4028.89,Amazon,"Los Angeles, USA",Linux PC,Home WiFi,False,False,0
991,deposit,398.74,5318.28,Target,"Paris, France",iPhone,Mobile Network,False,False,0
992,withdrawal,175.03,2807.1099999999997,Apple Store,"Tokyo, Japan",Android,Public WiFi,False,False,0
993,withdrawal,344.02,2543.71,Target,"New York, USA",Android,Public WiFi,False,False,0
994,deposit,525.36,5535.009999999999,Amazon,"Tokyo, Japan",Windows Laptop,Mobile Network,False,False,0
995,deposit,165.47,3828.4100000000003,Apple Store,"London, UK",iPhone,Public WiFi,False,False,0
995,phone_change,0.0,3828.4100000000003,0,"New York, USA",iPhone,Mobile Network,False,False,0
996,withdrawal,363.88,2130.7100000000005,Amazon,"New York, USA",iPhone,Home WiFi,False,False,0
997,deposit,856.02,5064.359999999999,Amazon,"Tokyo, Japan",MacBook,Public WiFi,False,True,0
998,deposit,383.66,2336.3799999999997,Target,"Los Angeles, USA",Linux PC,Public WiFi,False,False,0
999,deposit,949.44,2369.06,Target,"London, UK",Windows Laptop,Public WiFi,False,False,0
100,fraud,1149.41,-8481.64,Target,"New York, USA",iPhone,Mobile Network,False,False,1
101,fraud,155.81,-11335.4,Amazon,"Los Angeles, USA",Android,Home WiFi,True,False,1
102,fraud,163.47,-9757.12,Best Buy,"Tokyo, Japan",Android,Home WiFi,False,False,1
102,password_change,0.0,-9757.12,0,"Berlin, Germany",iPhone,Public WiFi,False,False,1
103,fraud,9979.08,-1163.3599999999988,Apple Store,"New York, USA",Android,Home WiFi,False,True,1
103,phone_change,0.0,-1163.3599999999988,0,"New York, USA",Windows Laptop,Home WiFi,False,False,1
104,fraud,1300.61,-5726.25,Best Buy,"London, UK",iPhone,Mobile Network,False,False,1
105,fraud,1964.5,-9787.07,Amazon,"New York, USA",MacBook,Home WiFi,False,False,1
106,fraud,1149.77,-3224.4500000000003,Amazon,"London, UK",Windows Laptop,Public WiFi,False,False,1
107,fraud,3202.57,-4596.16,Best Buy,"New York, USA",Android,Public WiFi,False,False,1
107,suspicious_login,0.0,-4596.16,0,"Los Angeles, USA",Android,Mobile Network,False,False,1
108,fraud,8651.99,-6481.66,Walmart,"Tokyo, Japan",iPhone,Mobile Network,False,False,1
109,fraud,4378.08,2458.120000000001,Amazon,"Los Angeles, USA",Linux PC,Public WiFi,False,True,1
110,fraud,9310.36,-9203.79,Target,"London, UK",Windows Laptop,Mobile Network,False,False,1
110,deposit,0.0,-9203.79,0,"New York, USA",iPhone,Home WiFi,False,False,1
111,fraud,660.07,9162.66,Amazon,"New York, USA",iPhone,Home WiFi,False,False,1
111,withdrawal,0.0,9162.66,0,"New York, USA",iPhone,Mobile Network,False,False,1
112,fraud,1643.15,-164.24,Walmart,"London, UK",iPhone,Public WiFi,False,False,1
112,email_change,0.0,-164.24,0,"Paris, France",Windows Laptop,Home WiFi,False,False,1
113,fraud,4033.63,-2982.5600000000004,Apple Store,"Los Angeles, USA",MacBook,Mobile Network,False,False,1
114,fraud,2767.25,4362.05,Apple Store,"New York, USA",iPad,Public WiFi,False,False,1
115,fraud,96.81,1258.5500000000002,Starbucks,"Los Angeles, USA",Windows Laptop,Public WiFi,False,False,1
115,withdrawal,0.0,1258.5500000000002,0,"Berlin, Germany",iPhone,Home WiFi,False,False,1
116,fraud,3424.69,12391.01,Target,"Paris, France",iPhone,Mobile Network,False,False,1
117,fraud,219.39,7296.510000000001,Target,"New York, USA",MacBook,Mobile Network,False,False,1
118,fraud,3021.26,4535.98,Starbucks,"London, UK",MacBook,Corporate Network,False,False,1
118,withdrawal,0.0,4535.98,0,"Tokyo, Japan",Android,Home WiFi,False,False,1
119,fraud,122.03,-6006.009999999999,Amazon,"New York, USA",Windows Laptop,Public WiFi,False,False,1
120,fraud,2522.13,-1578.8400000000004,Amazon,"Tokyo, Japan",Android,Public WiFi,False,False,1
120,suspicious_login,0.0,-1578.8400000000004,0,"New York, USA",iPhone,Corporate Network,False,False,1
121,fraud,35.46,-1801.97,Starbucks,"Los Angeles, USA",Windows Laptop,Corporate Network,False,False,1
121,withdrawal,0.0,-1801.97,0,"Los Angeles, USA",Android,Corporate Network,False,False,1
122,fraud,200.05,297.38999999999993,Amazon,"New York, USA",Android,Mobile Network,False,False,1
123,fraud,1898.52,2777.72,Apple Store,"New York, USA",Windows Laptop,Public WiFi,False,False,1
124,fraud,3653.86,2886.3199999999997,Amazon,"New York, USA",Windows Laptop,Home WiFi,False,False,1
125,fraud,991.36,12044.230000000001,Walmart,"Berlin, Germany",iPhone,Corporate Network,False,False,1
125,phone_change,0.0,12044.230000000001,0,"New York, USA",Linux PC,Mobile Network,True,False,1
126,fraud,72.21,-4691.54,Target,"London, UK",Windows Laptop,Mobile Network,False,False,1
126,password_change,0.0,-4691.54,0,"New York, USA",Android,Home WiFi,False,False,1
127,fraud,379.86,4890.450000000001,Amazon,"Tokyo, Japan",iPhone,Mobile Network,False,False,1
128,fraud,97.06,1400.2699999999988,Walmart,"Paris, France",Android,Public WiFi,True,False,1
128,withdrawal,0.0,1400.2699999999988,0,"London, UK",iPhone,Mobile Network,False,False,1
129,fraud,146.84,-6457.9400000000005,Starbucks,"Berlin, Germany",iPhone,Public WiFi,False,False,1
129,email_change,0.0,-6457.9400000000005,0,"Los Angeles, USA",Android,Public WiFi,False,False,1
130,fraud,4579.55,5636.05,Amazon,"Berlin, Germany",Windows Laptop,Corporate Network,False,False,1
130,withdrawal,0.0,5636.05,0,"New York, USA",Android,Public WiFi,False,False,1
131,fraud,2480.79,1252.250000000001,Target,"Los Angeles, USA",iPhone,Home WiFi,False,False,1
131,withdrawal,0.0,1252.250000000001,0,"Tokyo, Japan",Android,Mobile Network,False,False,1
132,fraud,29.35,-4065.02,Amazon,"Berlin, Germany",iPhone,Home WiFi,False,False,1
133,fraud,1545.69,-1295.42,Amazon,"Berlin, Germany",iPhone,Home WiFi,False,False,1
133,failed_login,0.0,-1295.42,0,"Paris, France",Windows Laptop,Corporate Network,False,False,1
134,fraud,917.83,5277.34,Walmart,"Berlin, Germany",Windows Laptop,Corporate Network,False,False,1
135,fraud,78.56,-4943.249999999999,Apple Store,"New York, USA",iPhone,Home WiFi,False,False,1
135,failed_login,0.0,-4943.249999999999,0,"London, UK",MacBook,Public WiFi,False,False,1
136,fraud,170.43,-6765.6,Amazon,"New York, USA",Windows Laptop,Public WiFi,False,False,1
136,withdrawal,0.0,-6765.6,0,"London, UK",Android,Public WiFi,False,False,1
137,fraud,75.18,4097.95,Amazon,"London, UK",Windows Laptop,Home WiFi,False,False,1
137,failed_login,0.0,4097.95,0,"London, UK",iPhone,Mobile Network,False,False,1
138,fraud,54.03,4460.61,Apple Store,"Paris, France",Windows Laptop,Mobile Network,False,False,1
139,fraud,142.64,8603.0,Walmart,"London, UK",iPhone,Public WiFi,False,False,1
139,withdrawal,0.0,8603.0,0,"Tokyo, Japan",Android,Public WiFi,False,False,1
140,fraud,1073.82,-1993.0399999999997,Walmart,"London, UK",Windows Laptop,Corporate Network,False,False,1
141,fraud,1015.49,-682.1599999999992,Starbucks,"Los Angeles, USA",iPhone,Corporate Network,False,False,1
141,password_change,0.0,-682.1599999999992,0,"New York, USA",iPhone,Public WiFi,False,False,1
142,fraud,81.07,-5256.42,Starbucks,"Tokyo, Japan",Windows Laptop,Public WiFi,False,False,1
142,withdrawal,0.0,-5256.42,0,"London, UK",iPhone,Public WiFi,False,True,1
143,fraud,5916.1,-21030.36,Best Buy,"London, UK",Android,Mobile Network,False,False,1
144,fraud,1978.58,-11978.37,Target,"London, UK",iPhone,Mobile Network,False,False,1
145,fraud,2302.89,-15958.21,Walmart,"Tokyo, Japan",iPhone,Home WiFi,False,False,1
145,suspicious_login,0.0,-15958.21,0,"New York, USA",MacBook,Home WiFi,False,False,1
146,fraud,124.02,4893.6,Walmart,"New York, USA",MacBook,Corporate Network,False,False,1
147,fraud,73.64,1022.6600000000002,Apple Store,"New York, USA",MacBook,Mobile Network,False,False,1
148,fraud,1243.65,-9099.619999999999,Target,"Tokyo, Japan",MacBook,Mobile Network,False,False,1
149,fraud,44.01,-4087.37,Target,"London, UK",iPhone,Mobile Network,True,False,1
149,failed_login,0.0,-4087.37,0,"Los Angeles, USA",Android,Public WiFi,False,False,1
150,fraud,77.33,-1134.1900000000003,Amazon,"Los Angeles, USA",Linux PC,Mobile Network,False,False,1
151,fraud,170.25,3526.33,Starbucks,"New York, USA",iPhone,Mobile Network,False,True,1
152,fraud,2936.06,5798.1500000000015,Walmart,"Tokyo, Japan",iPhone,Corporate Network,False,False,1
153,fraud,43.11,2904.8499999999995,Target,"Los Angeles, USA",iPhone,Home WiFi,False,False,1
153,withdrawal,0.0,2904.8499999999995,0,"Tokyo, Japan",iPhone,Public WiFi,False,False,1
154,fraud,2580.15,-97.61999999999989,Apple Store,"Berlin, Germany",iPhone,Mobile Network,False,False,1
155,fraud,1795.69,-6418.4,Amazon,"New York, USA",iPhone,Home WiFi,False,False,1
156,fraud,5708.63,-5835.63,Target,"Paris, France",Android,Corporate Network,False,False,1
157,fraud,1298.72,1453.7099999999994,Best Buy,"Berlin, Germany",Android,Public WiFi,False,False,1
157,phone_change,0.0,1453.7099999999994,0,"Berlin, Germany",iPad,Home WiFi,False,False,1
158,fraud,1559.3,8815.210000000001,Walmart,"Berlin, Germany",iPhone,Mobile Network,False,False,1
158,withdrawal,0.0,8815.210000000001,0,"Tokyo, Japan",MacBook,Mobile Network,False,False,1
159,fraud,1767.86,-877.49,Amazon,"London, UK",Windows Laptop,Corporate Network,False,False,1
160,fraud,131.45,713.0699999999999,Best Buy,"New York, USA",Windows Laptop,Home WiFi,False,False,1
161,fraud,2693.67,2554.6100000000006,Target,"Berlin, Germany",iPhone,Mobile Network,False,False,1
161,withdrawal,0.0,2554.6100000000006,0,"London, UK",iPhone,Home WiFi,False,True,1
162,fraud,148.4,-2471.9999999999995,Apple Store,"New York, USA",Android,Public WiFi,False,False,1
163,fraud,1208.83,-4626.47,Walmart,"New York, USA",Android,Home WiFi,False,False,1
163,failed_login,0.0,-4626.47,0,"Paris, France",iPhone,Home WiFi,False,False,1
164,fraud,176.03,-1545.38,Best Buy,"New York, USA",iPad,Public WiFi,False,False,1
164,phone_change,0.0,-1545.38,0,"Tokyo, Japan",iPhone,Home WiFi,False,False,1
165,fraud,523.43,-2032.0900000000006,Amazon,"New York, USA",Windows Laptop,Mobile Network,False,False,1
165,withdrawal,0.0,-2032.0900000000006,0,"London, UK",Windows Laptop,Home WiFi,False,False,1
166,fraud,2834.04,-7848.1,Best Buy,"Paris, France",MacBook,Corporate Network,False,False,1
167,fraud,85.79,-2929.6600000000003,Target,"Los Angeles, USA",Android,Public WiFi,False,False,1
168,fraud,1909.33,2356.8599999999997,Walmart,"London, UK",iPhone,Mobile Network,False,False,1
168,failed_login,0.0,2356.8599999999997,0,"Berlin, Germany",MacBook,Corporate Network,False,False,1
169,fraud,54.57,-2234.0299999999997,Starbucks,"Los Angeles, USA",iPhone,Mobile Network,False,False,1
170,fraud,86.06,235.10999999999984,Walmart,"Berlin, Germany",Android,Mobile Network,False,False,1
171,fraud,1966.87,4037.2199999999993,Target,"New York, USA",iPhone,Corporate Network,False,False,1
172,fraud,178.83,-716.9000000000003,Target,"New York, USA",Android,Mobile Network,False,False,1
172,suspicious_login,0.0,-716.9000000000003,0,"Los Angeles, USA",Android,Home WiFi,False,False,1
173,fraud,29.46,-1749.7799999999997,Best Buy,"Los Angeles, USA",Windows Laptop,Home WiFi,False,False,1
173,suspicious_login,0.0,-1749.7799999999997,0,"Los Angeles, USA",Windows Laptop,Corporate Network,False,False,1
174,fraud,1578.14,-96.77000000000066,Target,"New York, USA",iPhone,Public WiFi,False,False,1
175,fraud,2054.08,2874.02,Apple Store,"Paris, France",iPhone,Mobile Network,False,False,1
176,fraud,3930.82,-4497.870000000001,Amazon,"Tokyo, Japan",iPhone,Public WiFi,False,False,1
177,fraud,1096.74,-2063.040000000001,Best Buy,"New York, USA",MacBook,Corporate Network,False,False,1
177,withdrawal,0.0,-2063.040000000001,0,"Paris, France",MacBook,Mobile Network,False,True,1
178,fraud,2389.36,4012.1599999999994,Starbucks,"London, UK",Android,Public WiFi,False,False,1
178,deposit,0.0,4012.1599999999994,0,"London, UK",Windows Laptop,Home WiFi,False,False,1
179,fraud,1144.41,195.04999999999995,Best Buy,"Tokyo, Japan",iPhone,Mobile Network,False,False,1
180,fraud,4640.3,-275.27000000000044,Amazon,"New York, USA",iPhone,Public WiFi,False,False,1
180,withdrawal,0.0,-275.27000000000044,0,"New York, USA",iPhone,Corporate Network,False,False,1
181,fraud,770.99,182.4000000000001,Amazon,"London, UK",iPhone,Home WiFi,False,False,1
181,withdrawal,0.0,182.4000000000001,0,"Paris, France",Android,Corporate Network,False,False,1
182,fraud,2452.27,-12180.55,Walmart,"Los Angeles, USA",Android,Public WiFi,False,False,1
183,fraud,1787.94,-2668.6299999999987,Walmart,"Los Angeles, USA",Linux PC,Home WiFi,False,False,1
183,withdrawal,0.0,-2668.6299999999987,0,"Los Angeles, USA",Android,Public WiFi,False,False,1
184,fraud,2927.81,1966.9599999999996,Best Buy,"Berlin, Germany",Android,Public WiFi,False,False,1
184,suspicious_login,0.0,1966.9599999999996,0,"Los Angeles, USA",MacBook,Home WiFi,False,False,1
185,fraud,138.48,-9109.16,Best Buy,"New York, USA",Windows Laptop,Corporate Network,False,False,1
186,fraud,367.94,8043.179999999999,Target,"Los Angeles, USA",Android,Home WiFi,False,False,1
186,phone_change,0.0,8043.179999999999,0,"New York, USA",Android,Mobile Network,False,True,1
187,fraud,2226.51,-539.3500000000001,Target,"Tokyo, Japan",Linux PC,Mobile Network,False,False,1
188,fraud,122.3,-12055.54,Target,"Tokyo, Japan",iPhone,Home WiFi,False,False,1
188,password_change,0.0,-12055.54,0,"Los Angeles, USA",Linux PC,Mobile Network,False,False,1
189,fraud,1981.04,1354.1100000000001,Walmart,"Paris, France",Windows Laptop,Home WiFi,False,False,1
189,password_change,0.0,1354.1100000000001,0,"Tokyo, Japan",Windows Laptop,Home WiFi,False,False,1
190,fraud,1075.41,-593.5500000000002,Target,"Tokyo, Japan",MacBook,Mobile Network,False,False,1
190,withdrawal,0.0,-593.5500000000002,0,"London, UK",iPhone,Mobile Network,False,False,1
191,fraud,3461.08,-10813.51,Amazon,"London, UK",Windows Laptop,Mobile Network,False,False,1
192,fraud,462.37,-2996.9100000000003,Walmart,"Los Angeles, USA",Linux PC,Home WiFi,False,False,1
193,fraud,1980.68,7788.9,Amazon,"Tokyo, Japan",Android,Public WiFi,False,False,1
194,fraud,823.59,-1592.35,Best Buy,"Los Angeles, USA",iPhone,Mobile Network,False,False,1
195,fraud,57.45,9323.11,Amazon,"New York, USA",Windows Laptop,Home WiFi,False,False,1
196,fraud,110.51,4927.18,Walmart,"London, UK",iPhone,Corporate Network,False,False,1
196,suspicious_login,0.0,4927.18,0,"Paris, France",MacBook,Corporate Network,False,False,1
197,fraud,346.25,-5758.700000000001,Apple Store,"New York, USA",iPhone,Home WiFi,False,False,1
197,phone_change,0.0,-5758.700000000001,0,"Berlin, Germany",Linux PC,Corporate Network,False,False,1
198,fraud,3062.54,-9215.46,Amazon,"Berlin, Germany",Android,Corporate Network,False,False,1
199,fraud,2902.15,-630.4899999999998,Walmart,"Los Angeles, USA",iPhone,Corporate Network,False,False,1
200,fraud,3266.52,-7751.35,Target,"Tokyo, Japan",Windows Laptop,Mobile Network,False,False,1
200,failed_login,0.0,-7751.35,0,"New York, USA",Linux PC,Corporate Network,False,False,1
201,fraud,48.18,3232.08,Target,"London, UK",MacBook,Mobile Network,False,False,1
201,withdrawal,0.0,3232.08,0,"Tokyo, Japan",Windows Laptop,Public WiFi,False,False,1
202,fraud,1799.72,-7122.6,Amazon,"Los Angeles, USA",Windows Laptop,Home WiFi,False,False,1
203,fraud,1899.46,-1083.4400000000005,Amazon,"London, UK",Windows Laptop,Mobile Network,False,False,1
204,fraud,3094.02,-1817.3199999999997,Target,"Los Angeles, USA",Android,Mobile Network,False,False,1
204,failed_login,0.0,-1817.3199999999997,0,"New York, USA",Windows Laptop,Home WiFi,False,False,1
205,fraud,24.67,1543.7700000000002,Walmart,"New York, USA",Windows Laptop,Corporate Network,False,False,1
205,password_change,0.0,1543.7700000000002,0,"Tokyo, Japan",Windows Laptop,Public WiFi,False,False,1
206,fraud,1761.78,-646.6100000000001,Walmart,"Berlin, Germany",Android,Corporate Network,False,False,1
206,withdrawal,0.0,-646.6100000000001,0,"New York, USA",Linux PC,Mobile Network,False,False,1
207,fraud,545.63,5270.34,Amazon,"New York, USA",Windows Laptop,Corporate Network,False,False,1
207,email_change,0.0,5270.34,0,"Berlin, Germany",Windows Laptop,Mobile Network,False,False,1
208,fraud,9280.09,-10255.400000000001,Target,"New York, USA",iPhone,Public WiFi,True,False,1
208,deposit,0.0,-10255.400000000001,0,"Paris, France",Android,Mobile Network,False,False,1
209,fraud,519.86,-2879.1299999999997,Best Buy,"Paris, France",MacBook,Public WiFi,False,False,1
210,fraud,559.68,1601.020000000001,Starbucks,"Los Angeles, USA",iPad,Home WiFi,False,False,1
210,withdrawal,0.0,1601.020000000001,0,"London, UK",Windows Laptop,Home WiFi,False,False,1
211,fraud,3978.95,-14171.960000000003,Apple Store,"Berlin, Germany",Android,Public WiFi,False,False,1
211,failed_login,0.0,-14171.960000000003,0,"New York, USA",MacBook,Mobile Network,False,False,1
212,fraud,377.61,272.63,Walmart,"London, UK",iPhone,Mobile Network,False,False,1
213,fraud,39.81,-181.51999999999992,Amazon,"New York, USA",Windows Laptop,Public WiFi,False,False,1
213,withdrawal,0.0,-181.51999999999992,0,"Los Angeles, USA",Android,Corporate Network,False,False,1
214,fraud,73.12,-8140.56,Best Buy,"New York, USA",Linux PC,Home WiFi,False,False,1
215,fraud,2264.39,-5407.779999999999,Amazon,"Tokyo, Japan",iPhone,Corporate Network,False,False,1
216,fraud,7353.89,-15617.95,Target,"New York, USA",Windows Laptop,Public WiFi,False,False,1
216,withdrawal,0.0,-15617.95,0,"Tokyo, Japan",Windows Laptop,Mobile Network,False,False,1
217,fraud,156.64,-869.7600000000003,Amazon,"Los Angeles, USA",iPhone,Mobile Network,False,False,1
217,failed_login,0.0,-869.7600000000003,0,"London, UK",iPad,Public WiFi,False,False,1
218,fraud,93.45,-2548.3300000000004,Amazon,"New York, USA",iPhone,Home WiFi,False,False,1
218,suspicious_login,0.0,-2548.3300000000004,0,"Paris, France",Android,Corporate Network,False,False,1
219,fraud,73.48,1801.730000000001,Apple Store,"New York, USA",iPhone,Corporate Network,False,False,1
220,fraud,87.99,-2891.5200000000004,Best Buy,"Los Angeles, USA",iPhone,Home WiFi,False,False,1
221,fraud,1247.36,-5494.999999999999,Starbucks,"Los Angeles, USA",Linux PC,Corporate Network,False,False,1
221,withdrawal,0.0,-5494.999999999999,0,"New York, USA",Windows Laptop,Home WiFi,False,False,1
222,fraud,8171.81,-6965.34,Apple Store,"Los Angeles, USA",MacBook,Home WiFi,False,False,1
223,fraud,155.81,-4031.18,Amazon,"Los Angeles, USA",iPhone,Corporate Network,False,False,1
224,fraud,169.35,-6793.589999999999,Amazon,"New York, USA",Windows Laptop,Corporate Network,False,False,1
225,fraud,1118.33,-700.7400000000002,Best Buy,"Berlin, Germany",Android,Home WiFi,False,False,1
225,email_change,0.0,-700.7400000000002,0,"Tokyo, Japan",iPhone,Home WiFi,False,False,1
226,fraud,8793.21,-9936.849999999999,Target,"New York, USA",Android,Home WiFi,False,False,1
227,fraud,36.99,-1812.9999999999993,Apple Store,"Tokyo, Japan",Android,Public WiFi,False,False,1
227,suspicious_login,0.0,-1812.9999999999993,0,"Tokyo, Japan",Windows Laptop,Corporate Network,False,False,1
228,fraud,614.61,2911.0100000000007,Best Buy,"Paris, France",Windows Laptop,Mobile Network,False,False,1
228,phone_change,0.0,2911.0100000000007,0,"London, UK",Android,Home WiFi,False,False,1
229,fraud,212.11,851.2600000000002,Amazon,"Tokyo, Japan",Windows Laptop,Corporate Network,False,False,1
229,email_change,0.0,851.2600000000002,0,"New York, USA",iPhone,Mobile Network,False,False,1
230,fraud,1839.37,-1991.8500000000001,Amazon,"Berlin, Germany",iPhone,Public WiFi,False,False,1
230,failed_login,0.0,-1991.8500000000001,0,"Paris, France",iPhone,Public WiFi,False,False,1
231,fraud,714.22,1740.1899999999998,Amazon,"New York, USA",iPhone,Public WiFi,False,False,1
232,fraud,393.49,788.0800000000002,Walmart,"Los Angeles, USA",MacBook,Home WiFi,False,False,1
232,email_change,0.0,788.0800000000002,0,"New York, USA",Windows Laptop,Home WiFi,False,False,1
233,fraud,1785.1,-5810.52,Target,"Los Angeles, USA",Windows Laptop,Mobile Network,False,False,1
234,fraud,4847.89,-3024.41,Target,"Paris, France",iPad,Corporate Network,False,False,1
234,phone_change,0.0,-3024.41,0,"Berlin, Germany",MacBook,Mobile Network,False,False,1
235,fraud,1770.45,-6006.9400000000005,Amazon,"Los Angeles, USA",Android,Home WiFi,False,False,1
236,fraud,1378.12,-21246.74,Best Buy,"Berlin, Germany",iPhone,Public WiFi,False,False,1
237,fraud,184.68,3117.89,Amazon,"Los Angeles, USA",Android,Mobile Network,False,False,1
237,phone_change,0.0,3117.89,0,"Los Angeles, USA",iPad,Public WiFi,False,False,1
238,fraud,3322.53,-8499.5,Apple Store,"London, UK",Linux PC,Public WiFi,False,False,1
238,withdrawal,0.0,-8499.5,0,"Berlin, Germany",iPhone,Public WiFi,False,False,1
239,fraud,189.82,-10170.54,Best Buy,"Paris, France",Windows Laptop,Mobile Network,False,True,1
239,phone_change,0.0,-10170.54,0,"Paris, France",MacBook,Corporate Network,False,False,1
240,fraud,51.95,1032.5800000000002,Starbucks,"Tokyo, Japan",Android,Mobile Network,False,False,1
241,fraud,447.28,-6026.05,Target,"Los Angeles, USA",MacBook,Public WiFi,False,False,1
242,fraud,451.04,1108.4199999999996,Apple Store,"Berlin, Germany",Windows Laptop,Home WiFi,False,False,1
242,password_change,0.0,1108.4199999999996,0,"Paris, France",MacBook,Home WiFi,False,False,1
243,fraud,250.54,483.68999999999994,Target,"New York, USA",iPhone,Home WiFi,False,False,1
244,fraud,2365.24,1783.3400000000001,Amazon,"New York, USA",Windows Laptop,Home WiFi,False,False,1
244,deposit,0.0,1783.3400000000001,0,"Berlin, Germany",Android,Corporate Network,False,True,1
245,fraud,73.05,2800.5700000000006,Walmart,"Berlin, Germany",Android,Public WiFi,False,False,1
245,failed_login,0.0,2800.5700000000006,0,"Paris, France",Windows Laptop,Public WiFi,False,False,1
246,fraud,42.22,-2574.6300000000006,Walmart,"Berlin, Germany",Windows Laptop,Mobile Network,False,False,1
247,fraud,114.76,336.1800000000002,Amazon,"London, UK",Android,Public WiFi,False,False,1
248,fraud,184.99,-921.1400000000001,Target,"London, UK",Android,Home WiFi,False,False,1
249,fraud,1554.23,-2003.1400000000003,Best Buy,"New York, USA",iPhone,Mobile Network,False,False,1
250,fraud,3657.81,336.2600000000002,Amazon,"Tokyo, Japan",Android,Mobile Network,False,True,1
251,fraud,174.21,1217.0300000000009,Amazon,"New York, USA",iPhone,Mobile Network,False,False,1
252,fraud,1139.25,11044.720000000001,Walmart,"Los Angeles, USA",iPhone,Mobile Network,False,False,1
253,fraud,1949.1,-1794.9200000000005,Target,"New York, USA",iPhone,Home WiFi,False,False,1
253,withdrawal,0.0,-1794.9200000000005,0,"Berlin, Germany",iPhone,Corporate Network,False,False,1
254,fraud,110.8,6943.56,Target,"London, UK",Android,Corporate Network,False,False,1
255,fraud,45.15,-6844.950000000001,Target,"Los Angeles, USA",iPhone,Home WiFi,False,False,1
255,suspicious_login,0.0,-6844.950000000001,0,"New York, USA",iPhone,Public WiFi,True,False,1
256,fraud,1479.63,-4622.76,Amazon,"London, UK",Linux PC,Home WiFi,False,False,1
257,fraud,150.57,6790.11,Best Buy,"New York, USA",Windows Laptop,Mobile Network,False,False,1
258,fraud,495.88,-3123.91,Walmart,"Los Angeles, USA",iPhone,Mobile Network,False,True,1
259,fraud,3129.79,10669.380000000001,Apple Store,"New York, USA",iPhone,Corporate Network,False,False,1
259,withdrawal,0.0,10669.380000000001,0,"New York, USA",MacBook,Mobile Network,False,False,1
260,fraud,3150.69,7769.589999999998,Amazon,"Los Angeles, USA",iPhone,Public WiFi,False,False,1
260,phone_change,0.0,7769.589999999998,0,"New York, USA",iPhone,Corporate Network,False,False,1
261,fraud,8996.18,-19289.190000000002,Amazon,"New York, USA",Android,Home WiFi,False,False,1
262,fraud,3000.37,2188.34,Walmart,"London, UK",MacBook,Corporate Network,False,False,1
262,withdrawal,0.0,2188.34,0,"London, UK",Windows Laptop,Public WiFi,False,False,1
263,fraud,2896.44,-4797.969999999999,Target,"Berlin, Germany",iPhone,Corporate Network,False,False,1
264,fraud,7442.14,-21608.23,Apple Store,"Berlin, Germany",iPhone,Home WiFi,False,False,1
265,fraud,628.92,-435.7800000000003,Target,"New York, USA",iPhone,Public WiFi,False,False,1
265,password_change,0.0,-435.7800000000003,0,"Tokyo, Japan",iPhone,Corporate Network,False,True,1
266,fraud,2624.07,-3554.0700000000006,Best Buy,"New York, USA",Linux PC,Mobile Network,False,False,1
267,fraud,1989.51,-2164.9300000000003,Starbucks,"London, UK",Android,Mobile Network,True,False,1
268,fraud,212.79,-3330.730000000001,Best Buy,"Los Angeles, USA",Android,Public WiFi,False,False,1
269,fraud,471.84,1331.1199999999997,Target,"Paris, France",MacBook,Mobile Network,False,False,1
269,password_change,0.0,1331.1199999999997,0,"Los Angeles, USA",Android,Public WiFi,False,False,1
270,fraud,54.66,3893.169999999999,Amazon,"London, UK",Windows Laptop,Home WiFi,False,False,1
270,suspicious_login,0.0,3893.169999999999,0,"Paris, France",MacBook,Mobile Network,False,False,1
271,fraud,2895.68,-6652.860000000001,Amazon,"London, UK",Windows Laptop,Mobile Network,True,False,1
272,fraud,3795.01,-990.0700000000006,Best Buy,"Tokyo, Japan",MacBook,Corporate Network,False,False,1
272,suspicious_login,0.0,-990.0700000000006,0,"New York, USA",iPhone,Mobile Network,False,False,1
273,fraud,5476.63,-17042.5,Best Buy,"New York, USA",Android,Home WiFi,False,False,1
274,fraud,2782.32,-3877.540000000001,Amazon,"Tokyo, Japan",MacBook,Corporate Network,False,False,1
275,fraud,1811.71,381.44000000000005,Amazon,"Los Angeles, USA",Android,Public WiFi,False,False,1
276,fraud,2124.7,967.9200000000005,Target,"Berlin, Germany",iPhone,Public WiFi,False,False,1
277,fraud,534.28,-12090.73,Amazon,"Tokyo, Japan",Windows Laptop,Public WiFi,False,False,1
278,fraud,3788.81,-8559.62,Amazon,"New York, USA",Linux PC,Corporate Network,True,False,1
279,fraud,951.24,-3977.16,Best Buy,"Los Angeles, USA",Windows Laptop,Home WiFi,False,False,1
279,failed_login,0.0,-3977.16,0,"New York, USA",Android,Mobile Network,False,False,1
280,fraud,2604.91,-2048.4299999999994,Walmart,"New York, USA",MacBook,Public WiFi,False,False,1
281,fraud,3584.48,-18944.34,Apple Store,"Paris, France",MacBook,Home WiFi,False,False,1
281,suspicious_login,0.0,-18944.34,0,"Los Angeles, USA",iPhone,Mobile Network,False,False,1
282,fraud,2721.74,2993.0499999999993,Amazon,"Paris, France",Windows Laptop,Corporate Network,False,False,1
282,failed_login,0.0,2993.0499999999993,0,"New York, USA",Android,Home WiFi,False,False,1
283,fraud,87.49,-98.48000000000015,Amazon,"New York, USA",Android,Mobile Network,False,False,1
284,fraud,345.65,4155.54,Best Buy,"New York, USA",iPhone,Mobile Network,False,False,1
284,password_change,0.0,4155.54,0,"New York, USA",MacBook,Corporate Network,False,False,1
285,fraud,171.24,-1551.5200000000002,Target,"Berlin, Germany",Android,Corporate Network,False,False,1
286,fraud,1814.34,-20035.61,Amazon,"New York, USA",Linux PC,Home WiFi,False,False,1
286,withdrawal,0.0,-20035.61,0,"Tokyo, Japan",iPhone,Mobile Network,False,False,1
287,fraud,2767.8,338.5,Best Buy,"Paris, France",iPhone,Mobile Network,False,True,1
288,fraud,1104.4,-2355.4399999999996,Amazon,"Paris, France",Windows Laptop,Home WiFi,False,False,1
288,suspicious_login,0.0,-2355.4399999999996,0,"Tokyo, Japan",iPhone,Mobile Network,False,False,1
289,fraud,1379.73,1373.69,Amazon,"New York, USA",iPhone,Public WiFi,False,False,1
289,withdrawal,0.0,1373.69,0,"Los Angeles, USA",Android,Corporate Network,False,False,1
290,fraud,94.28,-3156.1299999999997,Walmart,"Tokyo, Japan",iPhone,Corporate Network,False,False,1
291,fraud,893.7,6484.9,Apple Store,"Berlin, Germany",Android,Public WiFi,False,False,1
291,email_change,0.0,6484.9,0,"London, UK",MacBook,Mobile Network,False,False,1
292,fraud,4665.69,-7733.33,Walmart,"Berlin, Germany",MacBook,Home WiFi,False,False,1
293,fraud,3511.51,-8760.349999999999,Walmart,"Tokyo, Japan",iPad,Mobile Network,False,False,1
294,fraud,498.61,303.63000000000045,Target,"Paris, France",Windows Laptop,Public WiFi,False,False,1
294,email_change,0.0,303.63000000000045,0,"Berlin, Germany",iPhone,Mobile Network,False,False,1
295,fraud,1424.31,5364.709999999999,Amazon,"Berlin, Germany",iPhone,Public WiFi,False,False,1
295,withdrawal,0.0,5364.709999999999,0,"New York, USA",Linux PC,Public WiFi,False,False,1
296,fraud,328.31,396.47999999999996,Apple Store,"New York, USA",MacBook,Home WiFi,False,False,1
296,phone_change,0.0,396.47999999999996,0,"Los Angeles, USA",iPhone,Corporate Network,False,False,1
297,fraud,1864.63,-4710.07,Target,"Paris, France",iPad,Corporate Network,False,False,1
298,fraud,5690.59,-5879.7,Best Buy,"Los Angeles, USA",Windows Laptop,Home WiFi,False,False,1
299,fraud,146.25,7657.65,Best Buy,"Tokyo, Japan",Android,Public WiFi,False,False,1
300,fraud,1223.04,-1238.95,Best Buy,"Tokyo, Japan",Android,Home WiFi,False,False,1
301,fraud,585.54,-1250.63,Best Buy,"New York, USA",Windows Laptop,Mobile Network,False,False,1
301,email_change,0.0,-1250.63,0,"New York, USA",Android,Mobile Network,False,True,1
302,fraud,9663.2,-5250.669999999999,Best Buy,"Los Angeles, USA",iPhone,Corporate Network,False,False,1
303,fraud,132.81,6152.71,Amazon,"Paris, France",MacBook,Mobile Network,False,False,1
303,failed_login,0.0,6152.71,0,"Berlin, Germany",MacBook,Corporate Network,False,False,1
304,fraud,1703.71,-9613.669999999998,Starbucks,"New York, USA",MacBook,Corporate Network,False,False,1
305,fraud,649.9,-693.6999999999999,Best Buy,"New York, USA",Android,Public WiFi,False,False,1
305,phone_change,0.0,-693.6999999999999,0,"Los Angeles, USA",iPhone,Corporate Network,False,False,1
306,fraud,2991.12,-1232.129999999999,Amazon,"Los Angeles, USA",Windows Laptop,Mobile Network,False,False,1
307,fraud,944.51,4700.509999999999,Target,"Berlin, Germany",iPhone,Home WiFi,False,False,1
307,withdrawal,0.0,4700.509999999999,0,"Los Angeles, USA",Android,Corporate Network,False,False,1
308,fraud,119.88,-1014.2900000000001,Walmart,"Los Angeles, USA",MacBook,Mobile Network,False,False,1
308,phone_change,0.0,-1014.2900000000001,0,"New York, USA",Android,Corporate Network,False,False,1
309,fraud,3759.59,-1916.88,Starbucks,"London, UK",Android,Corporate Network,False,False,1
309,withdrawal,0.0,-1916.88,0,"London, UK",MacBook,Mobile Network,False,False,1
310,fraud,2232.75,1170.4000000000005,Amazon,"London, UK",Windows Laptop,Public WiFi,False,False,1
310,withdrawal,0.0,1170.4000000000005,0,"Tokyo, Japan",Android,Corporate Network,False,False,1
311,fraud,1497.98,-2502.18,Apple Store,"London, UK",Windows Laptop,Mobile Network,False,False,1
311,password_change,0.0,-2502.18,0,"Paris, France",Windows Laptop,Mobile Network,False,False,1
312,fraud,1092.01,-3963.67,Amazon,"New York, USA",iPhone,Corporate Network,False,False,1
313,fraud,2655.21,5157.74,Apple Store,"Los Angeles, USA",iPhone,Home WiFi,False,False,1
313,withdrawal,0.0,5157.74,0,"Berlin, Germany",Windows Laptop,Mobile Network,False,False,1
314,fraud,564.42,-419.7400000000006,Target,"Berlin, Germany",MacBook,Corporate Network,False,False,1
314,withdrawal,0.0,-419.7400000000006,0,"London, UK",Linux PC,Home WiFi,False,False,1
315,fraud,404.21,-4061.11,Amazon,"New York, USA",Android,Home WiFi,False,False,1
316,fraud,7076.0,-8451.43,Best Buy,"Tokyo, Japan",iPhone,Mobile Network,False,False,1
316,deposit,0.0,-8451.43,0,"New York, USA",Windows Laptop,Mobile Network,False,False,1
317,fraud,1440.71,-2115.1099999999997,Apple Store,"London, UK",Android,Mobile Network,False,False,1
318,fraud,4700.95,702.8499999999995,Amazon,"Los Angeles, USA",MacBook,Mobile Network,False,False,1
318,suspicious_login,0.0,702.8499999999995,0,"New York, USA",Android,Home WiFi,False,False,1
319,fraud,1607.96,-2172.92,Amazon,"Los Angeles, USA",MacBook,Home WiFi,False,False,1
320,fraud,643.33,-1487.9500000000003,Walmart,"Tokyo, Japan",iPad,Corporate Network,False,False,1
321,fraud,207.75,-1686.17,Target,"Berlin, Germany",iPad,Public WiFi,False,False,1
322,fraud,669.37,-2042.8400000000001,Best Buy,"Los Angeles, USA",iPhone,Public WiFi,False,False,1
323,fraud,1034.77,-9527.39,Apple Store,"Berlin, Germany",Android,Corporate Network,False,False,1
324,fraud,9093.44,-5006.97,Best Buy,"Los Angeles, USA",MacBook,Home WiFi,False,False,1
325,fraud,542.05,2702.5200000000004,Starbucks,"London, UK",Android,Home WiFi,False,False,1
326,fraud,6974.64,-9415.380000000001,Apple Store,"Berlin, Germany",Windows Laptop,Public WiFi,False,False,1
326,deposit,0.0,-9415.380000000001,0,"New York, USA",iPhone,Mobile Network,False,False,1
327,fraud,4136.58,-12837.779999999999,Apple Store,"Tokyo, Japan",MacBook,Mobile Network,False,False,1
327,withdrawal,0.0,-12837.779999999999,0,"London, UK",Windows Laptop,Corporate Network,False,False,1
328,fraud,860.63,-10077.42,Best Buy,"New York, USA",MacBook,Mobile Network,False,False,1
329,fraud,2734.71,-2139.61,Apple Store,"Tokyo, Japan",MacBook,Home WiFi,False,False,1
329,suspicious_login,0.0,-2139.61,0,"London, UK",Windows Laptop,Corporate Network,False,False,1
330,fraud,2246.33,1974.68,Best Buy,"Los Angeles, USA",Windows Laptop,Mobile Network,False,False,1
331,fraud,4550.67,-5223.99,Target,"New York, USA",iPhone,Corporate Network,False,False,1
331,withdrawal,0.0,-5223.99,0,"New York, USA",Windows Laptop,Mobile Network,False,False,1
332,fraud,744.82,-9241.470000000001,Walmart,"New York, USA",Linux PC,Public WiFi,False,False,1
333,fraud,2112.53,741.56,Amazon,"Tokyo, Japan",iPhone,Home WiFi,False,False,1
334,fraud,369.27,981.5999999999999,Target,"Tokyo, Japan",Android,Home WiFi,False,False,1
334,phone_change,0.0,981.5999999999999,0,"New York, USA",iPad,Home WiFi,False,False,1
335,fraud,2441.99,-5238.86,Amazon,"Los Angeles, USA",Linux PC,Corporate Network,False,False,1
336,fraud,1657.55,-9114.97,Amazon,"Los Angeles, USA",Linux PC,Home WiFi,False,False,1
337,fraud,1517.27,-832.57,Amazon,"New York, USA",iPhone,Corporate Network,False,False,1
338,fraud,4965.4,-9799.13,Amazon,"London, UK",Android,Corporate Network,False,False,1
338,failed_login,0.0,-9799.13,0,"Tokyo, Japan",Linux PC,Corporate Network,False,False,1
339,fraud,526.78,-78.58000000000038,Walmart,"London, UK",iPhone,Corporate Network,False,False,1
340,fraud,1153.91,-3719.66,Target,"Los Angeles, USA",iPad,Mobile Network,False,True,1
340,withdrawal,0.0,-3719.66,0,"Los Angeles, USA",Android,Home WiFi,False,False,1
341,fraud,2829.89,-14777.98,Walmart,"London, UK",MacBook,Mobile Network,False,False,1
342,fraud,1703.86,-6601.44,Target,"Los Angeles, USA",iPhone,Mobile Network,False,True,1
343,fraud,3793.7,-12221.2,Starbucks,"New York, USA",Android,Mobile Network,False,False,1
343,email_change,0.0,-12221.2,0,"Los Angeles, USA",Android,Mobile Network,False,False,1
344,fraud,3691.48,-6152.040000000001,Target,"Paris, France",iPhone,Home WiFi,False,False,1
344,withdrawal,0.0,-6152.040000000001,0,"New York, USA",iPhone,Corporate Network,False,False,1
345,fraud,88.74,5720.989999999999,Apple Store,"New York, USA",iPhone,Public WiFi,False,False,1
345,suspicious_login,0.0,5720.989999999999,0,"Berlin, Germany",Windows Laptop,Home WiFi,False,False,1
346,fraud,1679.03,7210.9800000000005,Target,"Paris, France",Windows Laptop,Corporate Network,False,False,1
346,phone_change,0.0,7210.9800000000005,0,"New York, USA",Windows Laptop,Home WiFi,False,False,1
347,fraud,985.76,-435.8700000000001,Apple Store,"Paris, France",Android,Home WiFi,False,False,1
348,fraud,15.16,-1152.0099999999995,Best Buy,"New York, USA",iPhone,Mobile Network,False,False,1
349,fraud,3676.07,-17654.8,Starbucks,"Tokyo, Japan",Linux PC,Mobile Network,False,False,1
349,withdrawal,0.0,-17654.8,0,"New York, USA",Windows Laptop,Mobile Network,False,False,1
350,fraud,10.44,-7501.85,Apple Store,"New York, USA",iPhone,Public WiFi,False,False,1
350,email_change,0.0,-7501.85,0,"Tokyo, Japan",iPad,Home WiFi,False,False,1
351,fraud,775.52,-3855.8799999999997,Apple Store,"Tokyo, Japan",iPhone,Mobile Network,False,False,1
352,fraud,1160.95,-2585.04,Target,"Los Angeles, USA",iPhone,Home WiFi,False,False,1
352,phone_change,0.0,-2585.04,0,"New York, USA",iPhone,Corporate Network,False,False,1
353,fraud,9716.95,-5337.420000000001,Amazon,"New York, USA",Android,Corporate Network,False,False,1
353,deposit,0.0,-5337.420000000001,0,"Los Angeles, USA",iPhone,Mobile Network,False,True,1
354,fraud,4943.87,4554.78,Walmart,"Los Angeles, USA",iPhone,Public WiFi,False,True,1
355,fraud,731.66,3400.550000000001,Walmart,"New York, USA",MacBook,Corporate Network,False,False,1
356,fraud,1288.08,-2179.18,Amazon,"New York, USA",iPhone,Mobile Network,False,True,1
357,fraud,48.29,2194.89,Starbucks,"Tokyo, Japan",MacBook,Mobile Network,False,False,1
358,fraud,162.32,-6277.52,Amazon,"New York, USA",iPhone,Corporate Network,False,False,1
359,fraud,285.24,-2513.6499999999996,Amazon,"New York, USA",MacBook,Mobile Network,False,True,1
359,phone_change,0.0,-2513.6499999999996,0,"Tokyo, Japan",MacBook,Corporate Network,False,False,1
360,fraud,4537.1,-3983.08,Target,"Paris, France",Android,Mobile Network,False,False,1
360,deposit,0.0,-3983.08,0,"Los Angeles, USA",iPhone,Public WiFi,False,False,1
361,fraud,2637.14,-2156.77,Apple Store,"New York, USA",Android,Mobile Network,False,False,1
361,password_change,0.0,-2156.77,0,"Los Angeles, USA",Android,Home WiFi,False,False,1
362,fraud,694.38,197.09000000000003,Walmart,"London, UK",MacBook,Public WiFi,False,False,1
363,fraud,568.01,-714.4899999999996,Amazon,"New York, USA",Windows Laptop,Home WiFi,False,False,1
364,fraud,1692.14,1412.9799999999998,Best Buy,"London, UK",iPad,Corporate Network,False,True,1
364,withdrawal,0.0,1412.9799999999998,0,"London, UK",Android,Home WiFi,False,False,1
365,fraud,2023.33,2228.73,Best Buy,"Tokyo, Japan",iPhone,Home WiFi,False,False,1
365,phone_change,0.0,2228.73,0,"Los Angeles, USA",Android,Mobile Network,False,True,1
366,fraud,1808.2,-900.8600000000001,Best Buy,"Paris, France",iPhone,Home WiFi,False,False,1
367,fraud,7964.71,-7549.969999999999,Apple Store,"Los Angeles, USA",MacBook,Public WiFi,False,False,1
367,deposit,0.0,-7549.969999999999,0,"Tokyo, Japan",Android,Mobile Network,False,False,1
368,fraud,1934.15,-4394.4400000000005,Amazon,"Los Angeles, USA",Windows Laptop,Home WiFi,False,False,1
368,withdrawal,0.0,-4394.4400000000005,0,"Tokyo, Japan",iPhone,Home WiFi,False,False,1
369,fraud,3923.07,-10511.56,Best Buy,"New York, USA",Linux PC,Mobile Network,False,False,1
370,fraud,1799.52,-4780.799999999999,Best Buy,"Tokyo, Japan",Android,Corporate Network,False,False,1
371,fraud,20.64,-1909.4699999999998,Target,"Paris, France",Android,Public WiFi,True,False,1
372,fraud,3503.63,-16503.64,Walmart,"Tokyo, Japan",MacBook,Public WiFi,False,False,1
372,withdrawal,0.0,-16503.64,0,"Los Angeles, USA",iPad,Mobile Network,False,False,1
373,fraud,974.7,7873.62,Walmart,"London, UK",iPhone,Mobile Network,False,False,1
374,fraud,7698.95,-5071.179999999999,Starbucks,"Tokyo, Japan",iPhone,Home WiFi,False,False,1
375,fraud,3646.46,8843.169999999998,Walmart,"Los Angeles, USA",Android,Corporate Network,False,False,1
376,fraud,7.72,-1098.5700000000002,Amazon,"London, UK",MacBook,Corporate Network,False,False,1
376,failed_login,0.0,-1098.5700000000002,0,"London, UK",MacBook,Public WiFi,False,False,1
377,fraud,6806.4,-8168.599999999999,Walmart,"Berlin, Germany",Android,Home WiFi,False,False,1
377,phone_change,0.0,-8168.599999999999,0,"New York, USA",Windows Laptop,Public WiFi,False,False,1
378,fraud,633.6,-7515.71,Target,"London, UK",MacBook,Public WiFi,False,False,1
378,withdrawal,0.0,-7515.71,0,"New York, USA",Linux PC,Home WiFi,False,False,1
379,fraud,1753.81,-1357.2799999999993,Best Buy,"Berlin, Germany",iPhone,Home WiFi,False,False,1
380,fraud,8794.27,-12282.89,Best Buy,"London, UK",MacBook,Corporate Network,False,False,1
380,phone_change,0.0,-12282.89,0,"London, UK",iPhone,Public WiFi,False,False,1
381,fraud,60.0,-14488.080000000002,Target,"Tokyo, Japan",iPhone,Home WiFi,False,False,1
381,withdrawal,0.0,-14488.080000000002,0,"New York, USA",Android,Home WiFi,False,False,1
382,fraud,663.08,-1124.0800000000004,Best Buy,"Los Angeles, USA",Windows Laptop,Public WiFi,False,False,1
382,deposit,0.0,-1124.0800000000004,0,"Tokyo, Japan",MacBook,Corporate Network,False,False,1
383,fraud,2791.45,-4418.37,Apple Store,"Los Angeles, USA",iPhone,Public WiFi,False,False,1
384,fraud,4785.24,-1854.0099999999998,Walmart,"Berlin, Germany",iPhone,Home WiFi,False,False,1
385,fraud,1553.78,-5421.63,Walmart,"New York, USA",Windows Laptop,Mobile Network,False,False,1
385,suspicious_login,0.0,-5421.63,0,"Tokyo, Japan",MacBook,Mobile Network,False,False,1
386,fraud,18.18,-3321.7100000000005,Target,"Los Angeles, USA",Windows Laptop,Corporate Network,False,False,1
386,withdrawal,0.0,-3321.7100000000005,0,"Tokyo, Japan",iPhone,Home WiFi,False,False,1
387,fraud,803.99,-5571.2300000000005,Best Buy,"Paris, France",Windows Laptop,Public WiFi,False,False,1
388,fraud,1519.95,-3739.1499999999996,Target,"New York, USA",iPhone,Corporate Network,False,False,1
389,fraud,51.12,1278.5999999999995,Apple Store,"Los Angeles, USA",Linux PC,Home WiFi,False,False,1
390,fraud,174.38,1022.6,Best Buy,"Berlin, Germany",Android,Corporate Network,False,False,1
390,withdrawal,0.0,1022.6,0,"Berlin, Germany",Linux PC,Home WiFi,False,False,1
391,fraud,4591.17,5681.1900000000005,Walmart,"Tokyo, Japan",MacBook,Corporate Network,False,False,1
391,phone_change,0.0,5681.1900000000005,0,"Berlin, Germany",Windows Laptop,Home WiFi,False,False,1
392,fraud,352.87,-10394.400000000003,Starbucks,"London, UK",MacBook,Corporate Network,False,False,1
393,fraud,3678.7,-624.3699999999999,Target,"New York, USA",iPhone,Corporate Network,False,False,1
394,fraud,2780.88,4920.049999999999,Amazon,"Tokyo, Japan",Android,Mobile Network,False,False,1
394,withdrawal,0.0,4920.049999999999,0,"New York, USA",Windows Laptop,Corporate Network,False,False,1
395,fraud,1142.51,-1985.9700000000003,Amazon,"Los Angeles, USA",iPhone,Public WiFi,False,False,1
395,password_change,0.0,-1985.9700000000003,0,"London, UK",iPhone,Home WiFi,False,False,1
396,fraud,241.89,3345.8999999999996,Amazon,"New York, USA",MacBook,Home WiFi,True,False,1
397,fraud,2235.5,335.26,Target,"New York, USA",Windows Laptop,Public WiFi,False,False,1
398,fraud,3811.58,2055.02,Amazon,"Tokyo, Japan",iPhone,Public WiFi,False,False,1
398,deposit,0.0,2055.02,0,"Paris, France",MacBook,Corporate Network,False,False,1
399,fraud,2976.96,-3367.81,Amazon,"Los Angeles, USA",MacBook,Public WiFi,False,False,1
399,password_change,0.0,-3367.81,0,"Paris, France",Android,Mobile Network,False,False,1
400,fraud,4412.12,6124.87,Apple Store,"Tokyo, Japan",Android,Corporate Network,False,False,1
401,fraud,1800.67,-2904.6400000000003,Starbucks,"New York, USA",iPhone,Home WiFi,False,True,1
401,withdrawal,0.0,-2904.6400000000003,0,"New York, USA",iPhone,Mobile Network,False,False,1
402,fraud,472.54,140.6699999999998,Best Buy,"Los Angeles, USA",iPhone,Public WiFi,False,False,1
403,fraud,490.7,-4744.57,Target,"Tokyo, Japan",iPad,Corporate Network,True,False,1
404,fraud,4022.19,-1756.3399999999997,Walmart,"Paris, France",Windows Laptop,Mobile Network,False,False,1
405,fraud,170.05,-2870.6899999999996,Walmart,"Los Angeles, USA",Linux PC,Corporate Network,False,False,1
405,email_change,0.0,-2870.6899999999996,0,"Tokyo, Japan",Android,Public WiFi,False,False,1
406,fraud,29.09,-1280.8400000000001,Amazon,"London, UK",iPhone,Public WiFi,False,False,1
406,withdrawal,0.0,-1280.8400000000001,0,"Paris, France",iPad,Corporate Network,False,False,1
407,fraud,3318.18,-17071.100000000002,Target,"Los Angeles, USA",MacBook,Corporate Network,False,False,1
408,fraud,2032.28,5803.25,Walmart,"London, UK",iPhone,Public WiFi,False,False,1
409,fraud,64.42,3135.6200000000003,Amazon,"New York, USA",Android,Mobile Network,True,False,1
409,password_change,0.0,3135.6200000000003,0,"Los Angeles, USA",iPhone,Mobile Network,False,False,1
410,fraud,36.11,2674.0100000000007,Walmart,"Tokyo, Japan",iPhone,Home WiFi,False,False,1
411,fraud,804.43,2206.75,Walmart,"Tokyo, Japan",iPhone,Corporate Network,False,False,1
412,fraud,3923.58,370.72999999999956,Walmart,"Tokyo, Japan",MacBook,Home WiFi,False,False,1
412,suspicious_login,0.0,370.72999999999956,0,"London, UK",iPhone,Public WiFi,False,False,1
413,fraud,805.59,-1571.46,Best Buy,"London, UK",Android,Home WiFi,False,False,1
414,fraud,880.65,-6293.65,Starbucks,"New York, USA",Windows Laptop,Home WiFi,False,False,1
415,fraud,351.77,-1987.02,Amazon,"Tokyo, Japan",iPhone,Home WiFi,False,False,1
415,password_change,0.0,-1987.02,0,"Tokyo, Japan",Android,Mobile Network,False,False,1
416,fraud,621.0,-3586.98,Amazon,"Paris, France",Android,Corporate Network,False,False,1
416,withdrawal,0.0,-3586.98,0,"London, UK",iPhone,Public WiFi,False,False,1
417,fraud,904.25,-559.6899999999995,Amazon,"New York, USA",Linux PC,Public WiFi,False,False,1
418,fraud,493.21,5937.48,Starbucks,"Berlin, Germany",Android,Home WiFi,False,True,1
419,fraud,2283.26,-809.1699999999996,Amazon,"Paris, France",Android,Home WiFi,False,False,1
419,withdrawal,0.0,-809.1699999999996,0,"Tokyo, Japan",MacBook,Public WiFi,False,False,1
420,fraud,79.57,4034.57,Amazon,"Tokyo, Japan",Android,Corporate Network,False,False,1
420,suspicious_login,0.0,4034.57,0,"Berlin, Germany",iPhone,Mobile Network,True,False,1
421,fraud,245.98,-3488.02,Amazon,"Paris, France",iPhone,Corporate Network,False,False,1
422,fraud,2498.36,-966.24,Walmart,"New York, USA",Windows Laptop,Mobile Network,False,False,1
423,fraud,380.12,140.91999999999996,Amazon,"London, UK",MacBook,Mobile Network,False,False,1
424,fraud,1527.4,-4835.530000000001,Walmart,"Berlin, Germany",Windows Laptop,Home WiFi,False,False,1
424,suspicious_login,0.0,-4835.530000000001,0,"Los Angeles, USA",Android,Public WiFi,False,False,1
425,fraud,118.11,4028.33,Target,"Los Angeles, USA",iPhone,Corporate Network,False,True,1
425,withdrawal,0.0,4028.33,0,"Los Angeles, USA",iPhone,Public WiFi,False,False,1
426,fraud,1547.31,1172.0000000000005,Walmart,"New York, USA",Android,Public WiFi,False,True,1
427,fraud,197.65,-7750.210000000001,Best Buy,"London, UK",MacBook,Corporate Network,False,False,1
428,fraud,1983.57,678.77,Amazon,"Tokyo, Japan",Android,Corporate Network,False,False,1
428,email_change,0.0,678.77,0,"New York, USA",MacBook,Home WiFi,True,False,1
429,fraud,1221.8,-1698.2799999999995,Amazon,"Los Angeles, USA",iPhone,Corporate Network,False,False,1
430,fraud,1599.38,618.0099999999993,Amazon,"Tokyo, Japan",Android,Home WiFi,False,False,1
430,withdrawal,0.0,618.0099999999993,0,"London, UK",MacBook,Public WiFi,False,False,1
431,fraud,2996.05,-9547.330000000002,Walmart,"New York, USA",MacBook,Mobile Network,False,False,1
432,fraud,1826.21,9168.73,Amazon,"New York, USA",Windows Laptop,Mobile Network,False,False,1
432,withdrawal,0.0,9168.73,0,"Berlin, Germany",Android,Public WiFi,False,False,1
0,deposit,623.56,6683.84,Amazon,"London, UK",MacBook,Corporate Network,False,False,0
1,withdrawal,327.8,2573.26,Walmart,"Los Angeles, USA",Windows Laptop,Public WiFi,False,False,0
2,deposit,621.92,3962.3900000000003,Target,"Los Angeles, USA",Windows Laptop,Public WiFi,False,False,0
3,deposit,649.61,5755.340000000001,Starbucks,"Tokyo, Japan",MacBook,Corporate Network,False,False,0
4,deposit,325.38,6432.710000000001,Apple Store,"Tokyo, Japan",iPhone,Home WiFi,False,False,0
5,deposit,417.06,4748.0,Starbucks,"Los Angeles, USA",iPhone,Home WiFi,False,False,0
6,withdrawal,171.85,2779.49,Target,"Tokyo, Japan",iPhone,Home WiFi,False,False,0
7,deposit,919.28,1522.4100000000003,Target,"London, UK",Android,Home WiFi,False,False,0
7,email_change,0.0,1522.4100000000003,0,"New York, USA",Android,Mobile Network,False,False,0
8,withdrawal,65.24,5071.92,Best Buy,"Los Angeles, USA",Android,Home WiFi,False,False,0
8,password_change,0.0,5071.92,0,"New York, USA",MacBook,Mobile Network,False,False,0
9,deposit,975.22,5951.230000000001,Starbucks,"Los Angeles, USA",Windows Laptop,Mobile Network,False,False,0
10,withdrawal,76.88,4483.76,Walmart,"Berlin, Germany",iPhone,Public WiFi,False,False,0
11,deposit,315.85,4962.2,Target,"Los Angeles, USA",Android,Corporate Network,False,False,0
11,phone_change,0.0,4962.2,0,"Los Angeles, USA",iPhone,Mobile Network,True,False,0
12,withdrawal,407.03,4905.09,Amazon,"Los Angeles, USA",MacBook,Corporate Network,False,False,0
13,withdrawal,415.43,2907.4300000000007,Walmart,"London, UK",Android,Public WiFi,False,False,0
14,withdrawal,338.35,2240.94,Amazon,"London, UK",iPhone,Corporate Network,False,False,0
15,deposit,517.56,3349.9499999999994,Apple Store,"Los Angeles, USA",iPhone,Corporate Network,False,False,0
16,deposit,712.32,4629.58,Amazon,"Tokyo, Japan",Android,Corporate Network,False,False,0
17,deposit,308.2,2928.3799999999997,Amazon,"Los Angeles, USA",Linux PC,Mobile Network,False,False,0
18,withdrawal,93.6,2159.0900000000006,Amazon,"London, UK",iPhone,Home WiFi,False,False,0
18,phone_change,0.0,2159.0900000000006,0,"Los Angeles, USA",Windows Laptop,Public WiFi,True,False,0
19,deposit,697.91,4344.160000000001,Starbucks,"New York, USA",iPhone,Corporate Network,True,False,0
20,deposit,313.8,3046.5699999999997,Amazon,"Los Angeles, USA",Android,Public WiFi,True,False,0
21,deposit,541.94,3875.6700000000005,Amazon,"Los Angeles, USA",Windows Laptop,Corporate Network,False,False,0
22,withdrawal,424.8,4779.360000000001,Starbucks,"New York, USA",iPhone,Corporate Network,False,False,0
23,deposit,873.6,4221.030000000001,Target,"Berlin, Germany",Android,Mobile Network,False,False,0
24,deposit,258.55,2633.21,Walmart,"London, UK",iPhone,Mobile Network,False,False,0
25,deposit,273.86,4382.88,Apple Store,"Berlin, Germany",Windows Laptop,Home WiFi,False,False,0
26,withdrawal,368.58,2821.84,Amazon,"New York, USA",Windows Laptop,Home WiFi,False,False,0
27,withdrawal,256.44,5077.600000000001,Amazon,"London, UK",MacBook,Home WiFi,False,False,0
28,deposit,727.65,2573.6,Starbucks,"Berlin, Germany",iPhone,Home WiFi,False,False,0
29,deposit,286.18,3322.1,Amazon,"Paris, France",iPhone,Mobile Network,False,False,0
30,withdrawal,385.28,2131.46,Target,"Berlin, Germany",iPhone,Home WiFi,False,False,0
31,deposit,975.88,1933.77,Walmart,"London, UK",Android,Mobile Network,False,False,0
31,password_change,0.0,1933.77,0,"Los Angeles, USA",iPhone,Public WiFi,False,False,0
32,deposit,864.33,3604.29,Amazon,"Tokyo, Japan",iPhone,Home WiFi,True,False,0
32,phone_change,0.0,3604.29,0,"Los Angeles, USA",Android,Home WiFi,False,False,0
33,withdrawal,469.73,2604.7,Best Buy,"Tokyo, Japan",iPad,Mobile Network,False,False,0
34,withdrawal,281.63,1370.02,Amazon,"Los Angeles, USA",Android,Public WiFi,False,False,0
35,deposit,414.22,6874.640000000001,Walmart,"Berlin, Germany",Android,Public WiFi,False,False,0
36,deposit,524.34,1941.44,Walmart,"New York, USA",Windows Laptop,Public WiFi,False,False,0
36,password_change,0.0,1941.44,0,"Los Angeles, USA",iPhone,Corporate Network,False,False,0
37,withdrawal,382.48,2212.7000000000003,Amazon,"New York, USA",iPhone,Home WiFi,False,False,0
38,deposit,793.81,6677.5599999999995,Amazon,"Los Angeles, USA",iPhone,Home WiFi,False,False,0
39,deposit,848.01,7620.360000000001,Walmart,"Los Angeles, USA",MacBook,Corporate Network,False,True,0
40,withdrawal,419.65,3486.83,Apple Store,"London, UK",Windows Laptop,Public WiFi,False,False,0
41,deposit,660.34,8083.570000000001,Starbucks,"Tokyo, Japan",MacBook,Mobile Network,False,False,0
42,deposit,120.82,4147.84,Amazon,"Los Angeles, USA",MacBook,Public WiFi,False,False,0
42,password_change,0.0,4147.84,0,"Tokyo, Japan",MacBook,Corporate Network,False,False,0
43,withdrawal,128.18,4548.05,Best Buy,"Paris, France",Windows Laptop,Public WiFi,False,False,0
44,withdrawal,177.69,4692.5,Starbucks,"Tokyo, Japan",iPhone,Home WiFi,False,False,0
45,deposit,438.8,3773.23,Apple Store,"Berlin, Germany",MacBook,Corporate Network,False,False,0
46,deposit,966.4,6363.6799999999985,Walmart,"Los Angeles, USA",Windows Laptop,Mobile Network,False,False,0
47,withdrawal,302.96,4533.97,Amazon,"New York, USA",iPhone,Corporate Network,False,False,0
48,deposit,690.15,2221.16,Best Buy,"Tokyo, Japan",MacBook,Home WiFi,False,False,0
49,withdrawal,259.43,1692.4599999999996,Best Buy,"Tokyo, Japan",Windows Laptop,Public WiFi,False,False,0
50,withdrawal,402.25,5360.780000000001,Apple Store,"Los Angeles, USA",Windows Laptop,Corporate Network,False,False,0
51,deposit,494.2,7354.209999999999,Walmart,"Los Angeles, USA",Windows Laptop,Corporate Network,False,False,0
51,password_change,0.0,7354.209999999999,0,"Los Angeles, USA",Android,Mobile Network,False,False,0
52,deposit,264.48,5857.949999999999,Apple Store,"Tokyo, Japan",iPad,Home WiFi,False,False,0
53,deposit,682.31,5378.1,Starbucks,"Los Angeles, USA",iPhone,Mobile Network,False,False,0
53,email_change,0.0,5378.1,0,"New York, USA",Windows Laptop,Mobile Network,False,False,0
54,deposit,719.34,4832.93,Apple Store,"London, UK",iPhone,Mobile Network,False,False,0
54,phone_change,0.0,4832.93,0,"Paris, France",Android,Mobile Network,False,True,0
55,deposit,108.12,2895.36,Target,"Los Angeles, USA",MacBook,Home WiFi,False,False,0
56,deposit,886.27,3080.47,Walmart,"Los Angeles, USA",Linux PC,Mobile Network,False,False,0
57,withdrawal,294.36,3940.9099999999994,Starbucks,"London, UK",Windows Laptop,Home WiFi,False,False,0
58,deposit,344.09,4801.7300000000005,Walmart,"New York, USA",Android,Mobile Network,False,False,0
59,deposit,225.32,1715.0599999999997,Walmart,"Los Angeles, USA",iPhone,Corporate Network,False,False,0
60,deposit,783.65,4391.13,Walmart,"Paris, France",iPhone,Home WiFi,False,False,0
60,phone_change,0.0,4391.13,0,"Berlin, Germany",Windows Laptop,Home WiFi,False,False,0
61,deposit,232.42,4779.41,Amazon,"Berlin, Germany",Windows Laptop,Mobile Network,False,False,0
62,deposit,714.52,6696.3099999999995,Target,"Tokyo, Japan",Android,Public WiFi,False,False,0
63,deposit,977.47,3250.9300000000003,Amazon,"New York, USA",Windows Laptop,Mobile Network,False,False,0
64,withdrawal,268.64,2693.1700000000005,Target,"Berlin, Germany",Android,Mobile Network,False,False,0
64,phone_change,0.0,2693.1700000000005,0,"Los Angeles, USA",MacBook,Public WiFi,False,False,0
65,deposit,998.96,6429.600000000001,Amazon,"New York, USA",Android,Mobile Network,True,False,0
66,deposit,142.94,4160.63,Walmart,"Paris, France",Windows Laptop,Mobile Network,True,False,0
66,email_change,0.0,4160.63,0,"New York, USA",iPhone,Corporate Network,False,False,0
67,deposit,337.54,2912.59,Amazon,"Tokyo, Japan",Android,Public WiFi,False,False,0
68,withdrawal,475.83,4559.840000000001,Best Buy,"Los Angeles, USA",iPad,Corporate Network,False,False,0
69,withdrawal,373.87,3603.5299999999997,Best Buy,"New York, USA",Windows Laptop,Public WiFi,False,False,0
70,deposit,266.48,7199.59,Target,"New York, USA",Linux PC,Public WiFi,False,True,0
71,deposit,909.03,5986.469999999999,Walmart,"Tokyo, Japan",Windows Laptop,Corporate Network,True,False,0
72,deposit,396.31,4941.09,Amazon,"New York, USA",iPhone,Mobile Network,False,False,0
73,deposit,656.07,4284.22,Starbucks,"Paris, France",Android,Corporate Network,False,False,0
74,deposit,111.35,5619.02,Amazon,"Los Angeles, USA",iPhone,Public WiFi,False,False,0
75,deposit,899.44,6925.92,Starbucks,"Tokyo, Japan",Windows Laptop,Public WiFi,False,False,0
76,withdrawal,77.65,3192.0899999999997,Best Buy,"Tokyo, Japan",Windows Laptop,Mobile Network,False,True,0
77,withdrawal,367.03,5658.17,Target,"Los Angeles, USA",Windows Laptop,Corporate Network,False,False,0
78,withdrawal,218.86,6435.47,Walmart,"London, UK",Linux PC,Mobile Network,False,False,0
79,deposit,293.67,2434.3599999999997,Target,"New York, USA",MacBook,Corporate Network,False,False,0
80,withdrawal,199.78,4891.18,Starbucks,"New York, USA",iPhone,Corporate Network,False,False,0
81,deposit,987.96,3011.83,Amazon,"New York, USA",Windows Laptop,Corporate Network,False,False,0
82,deposit,240.49,3675.41,Amazon,"London, UK",iPhone,Home WiFi,False,False,0
83,deposit,214.14,6328.45,Starbucks,"New York, USA",MacBook,Corporate Network,False,False,0
84,withdrawal,480.82,7552.030000000001,Apple Store,"London, UK",Android,Corporate Network,False,False,0
84,phone_change,0.0,7552.030000000001,0,"London, UK",MacBook,Corporate Network,True,False,0
85,deposit,496.91,4610.75,Amazon,"Los Angeles, USA",Linux PC,Public WiFi,True,False,0
86,deposit,693.96,3792.5,Target,"New York, USA",iPhone,Corporate Network,False,False,0
87,deposit,206.55,5050.0,Starbucks,"Paris, France",Windows Laptop,Corporate Network,False,True,0
88,withdrawal,166.9,4483.310000000001,Apple Store,"Los Angeles, USA",Android,Mobile Network,False,False,0
89,deposit,358.6,6560.84,Best Buy,"Berlin, Germany",iPhone,Corporate Network,False,False,0
90,withdrawal,281.17,4393.94,Amazon,"Paris, France",Windows Laptop,Home WiFi,False,False,0
91,deposit,995.54,1409.7199999999998,Target,"New York, USA",Android,Home WiFi,False,False,0
91,phone_change,0.0,1409.7199999999998,0,"London, UK",Android,Corporate Network,False,False,0
92,withdrawal,317.07,3696.3100000000004,Apple Store,"New York, USA",Android,Mobile Network,False,False,0
93,deposit,266.87,5177.73,Amazon,"New York, USA",Android,Corporate Network,False,False,0
93,email_change,0.0,5177.73,0,"New York, USA",Windows Laptop,Public WiFi,False,False,0
94,withdrawal,446.77,3967.1300000000006,Amazon,"London, UK",Android,Public WiFi,False,False,0
95,deposit,855.86,2819.9300000000003,Starbucks,"Paris, France",Windows Laptop,Corporate Network,False,False,0
96,deposit,701.63,6213.7300000000005,Walmart,"Tokyo, Japan",MacBook,Home WiFi,False,False,0
97,deposit,871.68,6914.950000000001,Amazon,"Los Angeles, USA",Android,Home WiFi,False,False,0
98,withdrawal,72.71,4553.1900000000005,Amazon,"Paris, France",iPhone,Mobile Network,False,False,0
98,phone_change,0.0,4553.1900000000005,0,"Berlin, Germany",iPhone,Public WiFi,False,False,0
99,deposit,284.64,4368.25,Amazon,"Tokyo, Japan",MacBook,Corporate Network,False,False,0
100,withdrawal,153.68,1673.1899999999998,Amazon,"Berlin, Germany",Windows Laptop,Home WiFi,False,False,0
101,deposit,727.88,4282.65,Walmart,"New York, USA",Linux PC,Corporate Network,False,False,0
102,withdrawal,349.91,4801.870000000001,Walmart,"New York, USA",iPhone,Corporate Network,False,False,0
102,password_change,0.0,4801.870000000001,0,"Paris, France",MacBook,Mobile Network,False,False,0
103,withdrawal,278.22,2032.93,Walmart,"Los Angeles, USA",Android,Mobile Network,False,False,0
104,deposit,977.41,4495.72,Apple Store,"New York, USA",Linux PC,Corporate Network,False,False,0
104,phone_change,0.0,4495.72,0,"New York, USA",Android,Home WiFi,False,False,0
105,deposit,980.15,4332.12,Amazon,"Paris, France",MacBook,Corporate Network,False,False,0
106,withdrawal,446.71,3664.7199999999993,Target,"Los Angeles, USA",MacBook,Mobile Network,False,False,0
107,deposit,357.71,3150.5299999999997,Best Buy,"Berlin, Germany",MacBook,Public WiFi,False,False,0
108,withdrawal,87.28,6379.1900000000005,Best Buy,"New York, USA",MacBook,Mobile Network,False,False,0
109,deposit,578.76,3295.0699999999997,Apple Store,"New York, USA",Windows Laptop,Corporate Network,False,False,0
109,password_change,0.0,3295.0699999999997,0,"Paris, France",Windows Laptop,Mobile Network,False,False,0
110,deposit,736.99,3517.2,Amazon,"Berlin, Germany",iPhone,Home WiFi,False,False,0
111,deposit,330.54,2885.04,Apple Store,"Paris, France",iPhone,Corporate Network,False,False,0
112,deposit,795.03,6200.270000000001,Best Buy,"Los Angeles, USA",iPad,Home WiFi,False,False,0
112,email_change,0.0,6200.270000000001,0,"Tokyo, Japan",Windows Laptop,Corporate Network,False,False,0
113,deposit,981.44,5878.41,Amazon,"Berlin, Germany",iPhone,Mobile Network,False,False,0
113,email_change,0.0,5878.41,0,"New York, USA",iPad,Corporate Network,False,False,0
114,withdrawal,389.4,4349.0,Amazon,"New York, USA",Android,Public WiFi,False,False,0
115,withdrawal,170.19,4925.81,Amazon,"London, UK",Windows Laptop,Home WiFi,False,False,0
116,withdrawal,88.76,5750.669999999999,Amazon,"Berlin, Germany",Android,Public WiFi,False,False,0
117,withdrawal,221.46,4044.6399999999994,Walmart,"London, UK",Android,Mobile Network,False,False,0
118,withdrawal,274.73,2860.05,Starbucks,"New York, USA",Windows Laptop,Corporate Network,False,False,0
119,deposit,407.51,3461.5199999999995,Amazon,"New York, USA",Windows Laptop,Corporate Network,False,False,0
120,deposit,483.65,6802.529999999999,Best Buy,"Paris, France",Android,Public WiFi,False,False,0
121,withdrawal,201.11,3562.69,Starbucks,"Paris, France",Linux PC,Mobile Network,False,False,0
122,withdrawal,454.91,1937.1899999999994,Amazon,"Los Angeles, USA",Windows Laptop,Mobile Network,False,False,0
123,deposit,613.88,4435.97,Best Buy,"London, UK",MacBook,Home WiFi,False,False,0
124,deposit,423.72,3796.25,Target,"New York, USA",Android,Home WiFi,False,False,0
125,deposit,853.47,4869.909999999999,Starbucks,"London, UK",Linux PC,Public WiFi,True,False,0
126,withdrawal,125.11,5765.120000000001,Target,"London, UK",Android,Corporate Network,False,False,0
127,deposit,234.46,6150.249999999999,Starbucks,"Los Angeles, USA",iPhone,Corporate Network,False,False,0
127,password_change,0.0,6150.249999999999,0,"Berlin, Germany",Windows Laptop,Home WiFi,False,False,0
128,deposit,441.82,4901.59,Starbucks,"Los Angeles, USA",iPhone,Corporate Network,False,False,0
129,withdrawal,427.3,6861.410000000001,Walmart,"New York, USA",Windows Laptop,Corporate Network,False,False,0
130,withdrawal,182.46,7451.329999999999,Starbucks,"Berlin, Germany",MacBook,Public WiFi,False,False,0
131,withdrawal,323.97,3134.75,Starbucks,"New York, USA",iPhone,Corporate Network,False,False,0
132,deposit,730.0,2200.66,Best Buy,"London, UK",MacBook,Home WiFi,False,False,0
132,email_change,0.0,2200.66,0,"Los Angeles, USA",iPhone,Corporate Network,False,True,0
133,deposit,232.5,4037.26,Amazon,"New York, USA",Windows Laptop,Mobile Network,False,False,0
134,deposit,435.0,5522.7300000000005,Amazon,"London, UK",MacBook,Corporate Network,False,False,0
135,deposit,893.7,5732.19,Walmart,"Tokyo, Japan",iPhone,Home WiFi,False,False,0
135,password_change,0.0,5732.19,0,"Paris, France",Android,Public WiFi,False,False,0
136,deposit,390.15,4794.43,Target,"Los Angeles, USA",Windows Laptop,Mobile Network,False,False,0
137,deposit,143.75,3032.16,Best Buy,"New York, USA",iPhone,Corporate Network,False,False,0
137,password_change,0.0,3032.16,0,"Los Angeles, USA",iPhone,Corporate Network,False,False,0
138,deposit,997.98,6494.359999999999,Amazon,"New York, USA",Windows Laptop,Home WiFi,False,False,0
139,deposit,631.07,3414.9600000000005,Target,"Los Angeles, USA",Android,Public WiFi,False,False,0
140,deposit,990.19,5799.280000000001,Apple Store,"London, UK",iPhone,Corporate Network,False,False,0
141,withdrawal,209.97,3577.4,Walmart,"Los Angeles, USA",MacBook,Corporate Network,False,True,0
141,password_change,0.0,3577.4,0,"Berlin, Germany",Windows Laptop,Home WiFi,False,False,0
142,withdrawal,63.85,766.1999999999998,Best Buy,"Los Angeles, USA",iPhone,Corporate Network,False,False,0
143,deposit,613.56,6363.839999999998,Best Buy,"Paris, France",iPhone,Corporate Network,False,False,0
144,withdrawal,471.3,1794.61,Amazon,"London, UK",Linux PC,Public WiFi,True,False,0
145,deposit,463.81,4972.05,Walmart,"Paris, France",MacBook,Mobile Network,False,False,0
146,deposit,935.93,6615.420000000001,Target,"Los Angeles, USA",iPhone,Mobile Network,False,False,0
146,email_change,0.0,6615.420000000001,0,"London, UK",iPhone,Home WiFi,False,False,0
147,deposit,672.17,2957.39,Starbucks,"New York, USA",MacBook,Corporate Network,False,False,0
147,password_change,0.0,2957.39,0,"Paris, France",iPad,Corporate Network,False,False,0
148,withdrawal,88.12,3096.88,Best Buy,"Los Angeles, USA",iPhone,Home WiFi,False,False,0
149,deposit,378.35,3099.64,Walmart,"London, UK",iPhone,Corporate Network,False,False,0
150,deposit,875.33,6815.0,Walmart,"Tokyo, Japan",Windows Laptop,Home WiFi,False,False,0
150,phone_change,0.0,6815.0,0,"Paris, France",Android,Corporate Network,False,False,0
151,deposit,863.1,4648.9800000000005,Amazon,"Tokyo, Japan",MacBook,Mobile Network,False,False,0
152,withdrawal,464.92,5622.15,Walmart,"London, UK",Windows Laptop,Public WiFi,True,True,0
153,withdrawal,299.24,2042.1699999999998,Amazon,"New York, USA",iPad,Mobile Network,False,False,0
154,deposit,314.67,4281.73,Walmart,"Los Angeles, USA",Windows Laptop,Mobile Network,False,False,0
155,deposit,172.62,6807.11,Walmart,"Los Angeles, USA",Android,Corporate Network,False,False,0
156,deposit,882.92,7034.340000000001,Walmart,"Los Angeles, USA",MacBook,Corporate Network,False,False,0
156,email_change,0.0,7034.340000000001,0,"London, UK",MacBook,Home WiFi,False,True,0
157,deposit,916.19,6455.17,Walmart,"New York, USA",iPhone,Home WiFi,False,True,0
158,deposit,687.2,5804.41,Amazon,"London, UK",iPhone,Corporate Network,True,False,0
159,withdrawal,214.08,2544.0000000000005,Best Buy,"Los Angeles, USA",iPad,Corporate Network,False,False,0
160,deposit,903.32,2368.31,Amazon,"New York, USA",Linux PC,Mobile Network,False,True,0
161,deposit,188.13,6228.36,Amazon,"New York, USA",iPhone,Mobile Network,False,False,0
162,deposit,800.78,4406.63,Walmart,"London, UK",MacBook,Public WiFi,False,False,0
163,withdrawal,88.39,3954.3700000000003,Walmart,"Los Angeles, USA",Android,Public WiFi,False,True,0
164,withdrawal,445.53,3074.59,Amazon,"Paris, France",MacBook,Corporate Network,False,False,0
165,deposit,763.56,3599.73,Best Buy,"New York, USA",Android,Corporate Network,False,False,0
165,password_change,0.0,3599.73,0,"London, UK",Windows Laptop,Mobile Network,False,False,0
166,deposit,325.15,3141.73,Amazon,"London, UK",iPhone,Mobile Network,False,False,0
166,password_change,0.0,3141.73,0,"Paris, France",iPhone,Mobile Network,False,False,0
167,withdrawal,262.09,3867.25,Amazon,"Tokyo, Japan",Android,Corporate Network,False,False,0
168,deposit,488.77,3740.7500000000005,Starbucks,"London, UK",MacBook,Mobile Network,False,False,0
169,deposit,749.28,2563.78,Starbucks,"New York, USA",iPhone,Public WiFi,False,False,0
170,withdrawal,146.23,1333.63,Amazon,"New York, USA",Windows Laptop,Home WiFi,False,False,0
171,deposit,616.03,3510.459999999999,Amazon,"New York, USA",iPhone,Corporate Network,True,False,0
172,deposit,714.72,2591.9700000000003,Best Buy,"New York, USA",iPhone,Mobile Network,False,False,0
173,withdrawal,347.35,5641.839999999999,Amazon,"London, UK",iPhone,Corporate Network,False,False,0
174,deposit,345.64,2103.8199999999997,Target,"Paris, France",Android,Mobile Network,True,False,0
175,deposit,764.94,1402.21,Walmart,"New York, USA",Windows Laptop,Mobile Network,False,False,0
176,withdrawal,496.84,1144.6000000000001,Amazon,"Los Angeles, USA",Android,Corporate Network,False,True,0
177,deposit,555.44,6647.129999999999,Amazon,"New York, USA",iPhone,Mobile Network,False,False,0
178,withdrawal,252.13,4260.04,Amazon,"New York, USA",iPhone,Corporate Network,False,False,0
178,password_change,0.0,4260.04,0,"Tokyo, Japan",iPad,Home WiFi,False,False,0
179,withdrawal,86.94,3892.32,Apple Store,"New York, USA",iPad,Corporate Network,False,False,0
180,deposit,236.17,6314.110000000001,Starbucks,"New York, USA",MacBook,Mobile Network,False,False,0
180,phone_change,0.0,6314.110000000001,0,"Berlin, Germany",Windows Laptop,Mobile Network,False,False,0
181,withdrawal,77.93,4650.539999999999,Target,"New York, USA",Windows Laptop,Public WiFi,False,False,0
182,deposit,321.44,3457.9599999999996,Amazon,"New York, USA",iPhone,Public WiFi,False,False,0
182,password_change,0.0,3457.9599999999996,0,"Tokyo, Japan",iPhone,Home WiFi,False,False,0
183,deposit,997.03,3291.88,Starbucks,"Paris, France",MacBook,Corporate Network,False,False,0
183,email_change,0.0,3291.88,0,"London, UK",Android,Home WiFi,False,False,0
184,deposit,835.49,5447.739999999999,Amazon,"New York, USA",MacBook,Home WiFi,False,False,0
185,deposit,351.72,2587.3,Walmart,"New York, USA",iPad,Home WiFi,False,False,0
186,deposit,289.73,5154.140000000001,Walmart,"Tokyo, Japan",Windows Laptop,Home WiFi,False,False,0
187,deposit,753.97,3431.76,Walmart,"New York, USA",Windows Laptop,Home WiFi,False,False,0
188,deposit,548.28,3671.04,Best Buy,"Tokyo, Japan",iPad,Public WiFi,False,False,0
189,deposit,172.83,2937.51,Amazon,"New York, USA",Windows Laptop,Mobile Network,False,False,0
189,phone_change,0.0,2937.51,0,"New York, USA",Windows Laptop,Mobile Network,False,False,0
190,withdrawal,398.93,3688.8700000000003,Best Buy,"New York, USA",Windows Laptop,Public WiFi,False,False,0
191,deposit,197.84,3557.25,Best Buy,"Los Angeles, USA",Linux PC,Mobile Network,False,False,0
192,deposit,919.47,1200.56,Walmart,"New York, USA",Windows Laptop,Corporate Network,False,False,0
192,password_change,0.0,1200.56,0,"New York, USA",Android,Public WiFi,False,False,0
193,withdrawal,149.45,2583.43,Walmart,"Berlin, Germany",iPhone,Corporate Network,False,False,0
194,withdrawal,118.06,2111.37,Apple Store,"Berlin, Germany",Windows Laptop,Mobile Network,False,True,0
195,deposit,410.61,4415.58,Amazon,"New York, USA",Android,Mobile Network,False,False,0
196,deposit,944.56,3187.3,Target,"New York, USA",Windows Laptop,Corporate Network,False,False,0
197,withdrawal,181.98,5560.110000000001,Target,"Berlin, Germany",iPhone,Mobile Network,False,False,0
198,deposit,982.56,6999.26,Amazon,"London, UK",Linux PC,Home WiFi,False,False,0
199,withdrawal,343.57,4591.120000000001,Target,"Los Angeles, USA",MacBook,Mobile Network,False,False,0
199,phone_change,0.0,4591.120000000001,0,"Los Angeles, USA",Windows Laptop,Corporate Network,False,False,0
200,withdrawal,375.24,2758.76,Amazon,"New York, USA",iPhone,Corporate Network,False,False,0
200,email_change,0.0,2758.76,0,"Los Angeles, USA",Android,Public WiFi,False,False,0
201,deposit,379.18,4901.26,Starbucks,"New York, USA",Linux PC,Home WiFi,False,False,0
202,withdrawal,398.5,5425.52,Best Buy,"Berlin, Germany",MacBook,Corporate Network,False,False,0
203,withdrawal,415.73,2911.0,Walmart,"Paris, France",iPhone,Home WiFi,False,True,0
204,deposit,657.01,7045.449999999999,Amazon,"Berlin, Germany",MacBook,Public WiFi,False,False,0
205,deposit,715.8,5111.4400000000005,Best Buy,"Berlin, Germany",MacBook,Home WiFi,False,False,0
205,password_change,0.0,5111.4400000000005,0,"Tokyo, Japan",MacBook,Home WiFi,False,False,0
206,withdrawal,63.29,1873.0400000000002,Best Buy,"Berlin, Germany",Android,Corporate Network,False,False,0
207,deposit,828.62,4570.64,Best Buy,"Berlin, Germany",iPhone,Home WiFi,False,False,0
207,email_change,0.0,4570.64,0,"New York, USA",iPad,Corporate Network,False,False,0
208,withdrawal,432.14,4040.5900000000006,Amazon,"Berlin, Germany",MacBook,Public WiFi,False,False,0
208,phone_change,0.0,4040.5900000000006,0,"London, UK",Windows Laptop,Corporate Network,False,False,0
209,withdrawal,462.01,1859.72,Starbucks,"Paris, France",MacBook,Corporate Network,True,False,0
210,deposit,672.18,5980.6,Amazon,"Los Angeles, USA",iPhone,Corporate Network,False,True,0
211,deposit,749.6,4879.7300000000005,Walmart,"London, UK",iPad,Corporate Network,False,False,0
212,withdrawal,259.3,5704.06,Apple Store,"Los Angeles, USA",iPhone,Home WiFi,False,False,0
212,password_change,0.0,5704.06,0,"Berlin, Germany",iPad,Public WiFi,True,False,0
213,deposit,125.85,7264.37,Walmart,"Berlin, Germany",Windows Laptop,Corporate Network,False,False,0
214,deposit,429.62,5589.45,Amazon,"New York, USA",iPhone,Public WiFi,False,False,0
215,withdrawal,472.51,4709.859999999999,Amazon,"Berlin, Germany",iPhone,Public WiFi,False,False,0
216,deposit,987.36,4950.529999999999,Walmart,"Paris, France",iPhone,Public WiFi,False,False,0
217,deposit,679.48,6352.3499999999985,Starbucks,"Tokyo, Japan",iPhone,Home WiFi,False,False,0
218,deposit,486.27,3948.7999999999997,Target,"Los Angeles, USA",Windows Laptop,Home WiFi,False,False,0
219,withdrawal,195.44,3469.15,Walmart,"New York, USA",Android,Mobile Network,False,False,0
219,phone_change,0.0,3469.15,0,"New York, USA",Windows Laptop,Public WiFi,False,False,0
220,deposit,618.98,4685.77,Amazon,"London, UK",Android,Public WiFi,False,False,0
221,deposit,851.37,3843.5199999999995,Amazon,"Tokyo, Japan",Android,Mobile Network,False,False,0
222,withdrawal,190.73,5399.43,Walmart,"London, UK",iPhone,Corporate Network,False,False,0
223,withdrawal,479.2,3380.94,Amazon,"New York, USA",Windows Laptop,Public WiFi,False,False,0
224,withdrawal,317.28,81.83999999999992,Best Buy,"Tokyo, Japan",iPhone,Corporate Network,False,False,0
225,deposit,991.89,4351.710000000001,Amazon,"New York, USA",Android,Public WiFi,False,False,0
226,deposit,297.17,3222.92,Target,"Tokyo, Japan",Android,Corporate Network,False,False,0
227,withdrawal,468.72,2387.0599999999995,Amazon,"Paris, France",Windows Laptop,Mobile Network,False,False,0
228,withdrawal,370.57,4353.1500000000015,Best Buy,"Los Angeles, USA",Linux PC,Mobile Network,False,False,0
229,deposit,154.97,3614.5699999999997,Amazon,"Berlin, Germany",MacBook,Corporate Network,False,False,0
230,withdrawal,492.66,3545.4300000000003,Best Buy,"Tokyo, Japan",Android,Public WiFi,False,False,0
231,deposit,967.27,6393.639999999999,Amazon,"Los Angeles, USA",Windows Laptop,Home WiFi,False,False,0
232,withdrawal,362.95,2583.6500000000005,Walmart,"New York, USA",MacBook,Mobile Network,False,False,0
233,withdrawal,321.25,226.4999999999999,Target,"Tokyo, Japan",Android,Public WiFi,False,False,0
234,deposit,139.88,4651.59,Starbucks,"Los Angeles, USA",Linux PC,Public WiFi,False,False,0
234,phone_change,0.0,4651.59,0,"New York, USA",Windows Laptop,Mobile Network,False,False,0
235,deposit,165.68,4331.42,Target,"Los Angeles, USA",Windows Laptop,Mobile Network,False,False,0
236,withdrawal,177.18,6840.820000000001,Walmart,"London, UK",Android,Public WiFi,False,True,0
237,withdrawal,169.48,4029.19,Walmart,"Tokyo, Japan",iPhone,Mobile Network,False,False,0
238,withdrawal,238.48,3405.6900000000005,Amazon,"New York, USA",Windows Laptop,Mobile Network,False,False,0
239,deposit,817.73,3519.2499999999995,Apple Store,"London, UK",Windows Laptop,Mobile Network,False,False,0
240,deposit,585.89,3456.04,Starbucks,"New York, USA",iPhone,Mobile Network,False,False,0
241,deposit,976.94,3841.5699999999997,Target,"Tokyo, Japan",iPhone,Mobile Network,False,False,0
242,deposit,233.16,4531.5999999999985,Best Buy,"Tokyo, Japan",MacBook,Public WiFi,False,False,0
243,withdrawal,100.8,4134.48,Apple Store,"Tokyo, Japan",MacBook,Corporate Network,False,False,0
244,deposit,796.33,3602.9,Best Buy,"Berlin, Germany",iPhone,Mobile Network,False,False,0
245,deposit,722.03,2396.58,Walmart,"New York, USA",iPhone,Corporate Network,False,False,0
246,deposit,533.52,3312.54,Amazon,"New York, USA",Windows Laptop,Corporate Network,False,True,0
247,deposit,809.16,3264.71,Walmart,"New York, USA",Linux PC,Home WiFi,False,False,0
248,withdrawal,275.51,1980.7600000000004,Best Buy,"New York, USA",Windows Laptop,Home WiFi,False,False,0
249,deposit,914.04,3690.7799999999993,Best Buy,"Paris, France",Android,Home WiFi,False,False,0
250,deposit,220.87,2568.34,Best Buy,"New York, USA",Windows Laptop,Home WiFi,False,False,0
250,email_change,0.0,2568.34,0,"New York, USA",Android,Public WiFi,False,False,0
251,withdrawal,247.43,3302.92,Starbucks,"London, UK",iPad,Corporate Network,False,False,0
251,phone_change,0.0,3302.92,0,"New York, USA",Windows Laptop,Mobile Network,False,False,0
252,withdrawal,429.74,400.13000000000005,Apple Store,"New York, USA",Windows Laptop,Mobile Network,False,False,0
253,deposit,757.67,4214.67,Target,"Berlin, Germany",Android,Corporate Network,True,False,0
253,phone_change,0.0,4214.67,0,"Tokyo, Japan",MacBook,Mobile Network,False,False,0
254,withdrawal,67.28,5673.060000000001,Starbucks,"New York, USA",MacBook,Home WiFi,False,False,0
255,withdrawal,239.86,1849.42,Amazon,"Paris, France",Linux PC,Home WiFi,False,True,0
256,withdrawal,254.23,3417.060000000001,Walmart,"New York, USA",MacBook,Home WiFi,False,False,0
257,deposit,232.61,6642.019999999999,Walmart,"Tokyo, Japan",Android,Public WiFi,False,False,0
258,deposit,965.04,2221.98,Amazon,"Los Angeles, USA",iPhone,Mobile Network,False,False,0
259,deposit,519.98,5850.35,Apple Store,"Tokyo, Japan",MacBook,Home WiFi,False,False,0
260,withdrawal,188.47,3162.61,Walmart,"Los Angeles, USA",iPhone,Home WiFi,False,False,0
261,withdrawal,347.42,6067.07,Target,"London, UK",iPhone,Home WiFi,False,False,0
261,email_change,0.0,6067.07,0,"New York, USA",iPhone,Public WiFi,False,False,0
262,withdrawal,472.88,6802.83,Target,"Tokyo, Japan",MacBook,Public WiFi,False,False,0
263,deposit,709.43,4830.08,Starbucks,"Los Angeles, USA",MacBook,Public WiFi,False,False,0
264,deposit,252.57,2352.9100000000003,Target,"London, UK",Windows Laptop,Home WiFi,False,False,0
265,deposit,620.69,3870.6999999999994,Amazon,"New York, USA",iPhone,Mobile Network,False,False,0
266,deposit,610.48,4421.860000000001,Amazon,"Berlin, Germany",iPhone,Mobile Network,False,False,0
267,deposit,102.42,3798.31,Walmart,"Paris, France",MacBook,Corporate Network,False,False,0
268,withdrawal,435.55,3307.16,Best Buy,"Los Angeles, USA",Android,Public WiFi,False,False,0
269,deposit,316.39,5826.450000000001,Target,"London, UK",iPhone,Corporate Network,False,False,0
270,deposit,406.86,1849.75,Amazon,"Tokyo, Japan",MacBook,Home WiFi,False,False,0
271,deposit,305.39,1796.65,Starbucks,"London, UK",Android,Mobile Network,False,False,0
272,deposit,410.23,3895.48,Starbucks,"Tokyo, Japan",iPhone,Public WiFi,False,False,0
273,deposit,304.39,6077.600000000001,Amazon,"Berlin, Germany",Windows Laptop,Mobile Network,False,False,0
274,withdrawal,364.85,3106.78,Amazon,"Los Angeles, USA",iPhone,Corporate Network,False,True,0
275,withdrawal,87.28,6835.429999999999,Starbucks,"Berlin, Germany",Android,Corporate Network,False,False,0
276,withdrawal,348.73,4521.550000000001,Amazon,"New York, USA",Windows Laptop,Home WiFi,False,False,0
277,withdrawal,196.23,2187.9499999999994,Walmart,"Berlin, Germany",Android,Home WiFi,False,False,0
278,withdrawal,71.09,3008.1,Amazon,"Paris, France",MacBook,Corporate Network,False,False,0
278,email_change,0.0,3008.1,0,"New York, USA",iPhone,Mobile Network,False,False,0
279,deposit,109.79,5556.25,Walmart,"Los Angeles, USA",Windows Laptop,Corporate Network,False,False,0
280,deposit,195.8,4339.52,Walmart,"New York, USA",Android,Corporate Network,False,False,0
281,deposit,657.04,6532.98,Walmart,"Tokyo, Japan",MacBook,Public WiFi,True,False,0
282,withdrawal,363.02,3280.85,Target,"New York, USA",Android,Mobile Network,False,False,0
283,withdrawal,426.67,1575.87,Walmart,"London, UK",iPad,Mobile Network,False,False,0
284,deposit,682.15,5025.86,Best Buy,"London, UK",Android,Corporate Network,False,False,0
284,password_change,0.0,5025.86,0,"New York, USA",Linux PC,Public WiFi,False,False,0
285,deposit,862.44,2637.3900000000003,Amazon,"Paris, France",Android,Public WiFi,False,False,0
285,email_change,0.0,2637.3900000000003,0,"Tokyo, Japan",Android,Corporate Network,False,False,0
286,withdrawal,201.41,3184.83,Amazon,"Tokyo, Japan",iPhone,Corporate Network,False,False,0
286,phone_change,0.0,3184.83,0,"Berlin, Germany",iPhone,Public WiFi,False,False,0
287,deposit,231.63,6589.59,Walmart,"New York, USA",iPhone,Corporate Network,False,False,0
287,password_change,0.0,6589.59,0,"Los Angeles, USA",iPhone,Mobile Network,False,False,0
288,withdrawal,107.11,4069.18,Starbucks,"Los Angeles, USA",iPhone,Corporate Network,False,False,0
288,email_change,0.0,4069.18,0,"Tokyo, Japan",Windows Laptop,Mobile Network,False,False,0
289,deposit,131.89,3952.3199999999997,Amazon,"Paris, France",iPhone,Corporate Network,False,False,0
290,deposit,793.94,4548.9,Starbucks,"Los Angeles, USA",Android,Public WiFi,True,False,0
291,deposit,507.23,5374.639999999999,Best Buy,"New York, USA",Windows Laptop,Public WiFi,False,False,0
292,withdrawal,359.52,3190.9300000000003,Walmart,"Berlin, Germany",MacBook,Corporate Network,False,False,0
293,withdrawal,105.37,4822.430000000001,Best Buy,"New York, USA",iPhone,Corporate Network,False,False,0
294,withdrawal,110.14,5641.989999999999,Amazon,"New York, USA",iPhone,Public WiFi,False,False,0
294,phone_change,0.0,5641.989999999999,0,"New York, USA",Linux PC,Public WiFi,False,False,0
295,deposit,907.2,4952.31,Amazon,"New York, USA",MacBook,Home WiFi,False,False,0
296,deposit,880.74,5022.199999999999,Starbucks,"New York, USA",Windows Laptop,Public WiFi,False,False,0
296,email_change,0.0,5022.199999999999,0,"Berlin, Germany",Windows Laptop,Public WiFi,False,False,0
297,deposit,774.44,4378.7,Amazon,"Los Angeles, USA",Android,Mobile Network,False,False,0
298,deposit,361.45,2185.77,Apple Store,"New York, USA",Windows Laptop,Home WiFi,False,False,0
299,withdrawal,210.36,3275.86,Target,"Los Angeles, USA",Android,Home WiFi,False,False,0
300,withdrawal,492.25,3759.45,Apple Store,"London, UK",iPhone,Mobile Network,False,False,0
301,withdrawal,121.85,2681.1299999999997,Best Buy,"Los Angeles, USA",iPad,Home WiFi,False,False,0
302,withdrawal,389.58,3199.0600000000004,Walmart,"Los Angeles, USA",MacBook,Public WiFi,False,False,0
303,withdrawal,182.13,3086.0299999999997,Apple Store,"London, UK",iPhone,Public WiFi,False,False,0
303,password_change,0.0,3086.0299999999997,0,"Berlin, Germany",iPad,Public WiFi,False,False,0
304,deposit,292.13,4098.349999999999,Amazon,"Los Angeles, USA",MacBook,Home WiFi,False,False,0
304,phone_change,0.0,4098.349999999999,0,"Tokyo, Japan",Android,Mobile Network,False,False,0
305,deposit,495.67,7461.810000000001,Best Buy,"Los Angeles, USA",Android,Mobile Network,False,False,0
305,phone_change,0.0,7461.810000000001,0,"Tokyo, Japan",iPhone,Public WiFi,False,False,0
306,withdrawal,83.27,2296.77,Amazon,"Los Angeles, USA",Linux PC,Mobile Network,False,False,0
307,deposit,682.64,4072.8799999999997,Walmart,"New York, USA",Android,Home WiFi,False,False,0
308,deposit,596.5,2905.6800000000003,Amazon,"Los Angeles, USA",iPhone,Public WiFi,False,False,0
308,password_change,0.0,2905.6800000000003,0,"London, UK",Android,Home WiFi,False,False,0
309,deposit,409.9,3881.38,Amazon,"Paris, France",Windows Laptop,Public WiFi,False,False,0
310,deposit,402.69,3920.1200000000003,Walmart,"New York, USA",iPhone,Mobile Network,False,False,0
311,withdrawal,219.52,3827.08,Starbucks,"New York, USA",Windows Laptop,Corporate Network,False,True,0
312,deposit,457.14,2229.4799999999996,Apple Store,"Paris, France",Android,Home WiFi,False,False,0
312,password_change,0.0,2229.4799999999996,0,"Tokyo, Japan",MacBook,Home WiFi,False,False,0
313,deposit,982.68,1814.6999999999998,Walmart,"Paris, France",Android,Corporate Network,False,False,0
314,deposit,506.95,3948.18,Walmart,"New York, USA",iPhone,Mobile Network,False,True,0
315,deposit,247.02,3807.86,Best Buy,"Los Angeles, USA",iPhone,Public WiFi,False,False,0
316,deposit,777.02,5329.9400000000005,Target,"Tokyo, Japan",Windows Laptop,Corporate Network,False,False,0
317,deposit,999.89,6602.33,Best Buy,"Los Angeles, USA",Android,Mobile Network,True,False,0
317,phone_change,0.0,6602.33,0,"Tokyo, Japan",Windows Laptop,Corporate Network,False,False,0
318,deposit,242.19,3199.2300000000005,Amazon,"Berlin, Germany",Windows Laptop,Home WiFi,False,False,0
319,withdrawal,83.46,5484.91,Starbucks,"London, UK",Windows Laptop,Public WiFi,False,False,0
320,deposit,928.3,7041.640000000001,Amazon,"Los Angeles, USA",Windows Laptop,Mobile Network,False,True,0
321,deposit,259.1,3429.6699999999996,Best Buy,"Los Angeles, USA",iPhone,Mobile Network,False,False,0
321,email_change,0.0,3429.6699999999996,0,"New York, USA",Android,Mobile Network,False,False,0
322,deposit,371.28,7189.11,Amazon,"Paris, France",Android,Public WiFi,False,False,0
323,deposit,485.7,2910.7999999999997,Starbucks,"New York, USA",iPhone,Home WiFi,False,False,0
324,deposit,299.86,4590.37,Target,"Los Angeles, USA",iPhone,Mobile Network,False,False,0
325,deposit,231.28,2856.96,Target,"Paris, France",Windows Laptop,Mobile Network,False,False,0
326,deposit,161.65,4024.9000000000005,Amazon,"Los Angeles, USA",MacBook,Home WiFi,False,False,0
327,deposit,234.55,5197.8,Target,"New York, USA",Windows Laptop,Corporate Network,False,False,0
328,withdrawal,76.34,4129.179999999999,Best Buy,"Paris, France",MacBook,Mobile Network,False,False,0
329,withdrawal,174.5,1504.2900000000002,Best Buy,"Los Angeles, USA",Windows Laptop,Public WiFi,False,False,0
330,deposit,803.23,4084.3500000000004,Walmart,"New York, USA",Windows Laptop,Public WiFi,False,False,0
331,withdrawal,280.41,5188.43,Starbucks,"Los Angeles, USA",iPhone,Corporate Network,False,False,0
332,deposit,352.24,6026.87,Apple Store,"Los Angeles, USA",Android,Mobile Network,False,False,0
332,phone_change,0.0,6026.87,0,"Los Angeles, USA",iPhone,Mobile Network,False,False,0
333,withdrawal,66.01,2103.66,Amazon,"Berlin, Germany",Android,Corporate Network,True,False,0
334,deposit,258.63,2955.17,Walmart,"Tokyo, Japan",Windows Laptop,Public WiFi,False,False,0
335,deposit,185.53,2310.96,Target,"New York, USA",Android,Mobile Network,False,False,0
336,deposit,143.01,5768.569999999999,Amazon,"Los Angeles, USA",Windows Laptop,Public WiFi,False,False,0
337,deposit,360.38,5255.850000000001,Apple Store,"Los Angeles, USA",Windows Laptop,Corporate Network,False,True,0
338,withdrawal,69.94,5152.2699999999995,Apple Store,"Tokyo, Japan",iPhone,Public WiFi,False,False,0
339,withdrawal,344.0,3556.2799999999997,Amazon,"New York, USA",Android,Corporate Network,False,False,0
340,withdrawal,281.33,3772.7799999999997,Amazon,"New York, USA",Windows Laptop,Home WiFi,False,False,0
341,deposit,522.05,6240.610000000001,Amazon,"Tokyo, Japan",Android,Home WiFi,False,False,0
342,deposit,737.16,3336.17,Amazon,"New York, USA",Android,Mobile Network,False,False,0
342,email_change,0.0,3336.17,0,"Los Angeles, USA",iPhone,Corporate Network,False,False,0
343,withdrawal,212.04,4002.0999999999995,Apple Store,"Los Angeles, USA",iPhone,Public WiFi,False,False,0
343,phone_change,0.0,4002.0999999999995,0,"New York, USA",iPhone,Corporate Network,False,False,0
344,deposit,827.92,2727.25,Walmart,"New York, USA",Windows Laptop,Mobile Network,False,False,0
344,password_change,0.0,2727.25,0,"Los Angeles, USA",iPhone,Home WiFi,False,False,0
345,deposit,151.35,2211.03,Starbucks,"Berlin, Germany",Android,Corporate Network,False,False,0
345,email_change,0.0,2211.03,0,"New York, USA",iPhone,Public WiFi,False,False,0
346,withdrawal,103.0,5488.55,Amazon,"Los Angeles, USA",iPhone,Mobile Network,False,False,0
347,withdrawal,387.21,2124.4399999999996,Amazon,"Los Angeles, USA",Windows Laptop,Mobile Network,True,False,0
348,deposit,125.32,5273.7699999999995,Amazon,"Los Angeles, USA",iPhone,Home WiFi,False,False,0
349,deposit,879.07,6692.379999999999,Target,"New York, USA",Windows Laptop,Home WiFi,False,False,0
350,withdrawal,235.04,5241.28,Amazon,"New York, USA",Windows Laptop,Corporate Network,False,False,0
351,deposit,107.85,5390.8,Starbucks,"London, UK",MacBook,Corporate Network,True,False,0
351,phone_change,0.0,5390.8,0,"Berlin, Germany",MacBook,Mobile Network,False,False,0
352,withdrawal,329.21,1547.7699999999995,Walmart,"New York, USA",MacBook,Public WiFi,False,False,0
353,withdrawal,190.53,5002.69,Amazon,"Los Angeles, USA",MacBook,Public WiFi,False,False,0
354,deposit,722.56,3958.4799999999996,Walmart,"New York, USA",Android,Public WiFi,False,False,0
355,deposit,598.95,4640.51,Target,"London, UK",iPhone,Public WiFi,False,False,0
355,email_change,0.0,4640.51,0,"New York, USA",MacBook,Corporate Network,False,False,0
356,deposit,702.21,4912.26,Amazon,"Paris, France",iPad,Public WiFi,True,False,0
357,deposit,993.38,6883.200000000001,Starbucks,"Berlin, Germany",iPad,Public WiFi,False,False,0
358,deposit,100.99,6460.109999999999,Walmart,"London, UK",iPhone,Corporate Network,False,False,0
359,withdrawal,192.29,5859.89,Walmart,"Tokyo, Japan",iPad,Corporate Network,False,False,0
360,deposit,964.5,6337.270000000001,Starbucks,"London, UK",MacBook,Home WiFi,False,False,0
360,phone_change,0.0,6337.270000000001,0,"London, UK",Android,Mobile Network,False,False,0
361,deposit,827.4,2669.2000000000003,Best Buy,"New York, USA",MacBook,Corporate Network,False,False,0
362,withdrawal,487.59,5409.49,Best Buy,"Berlin, Germany",Android,Home WiFi,False,False,0
363,deposit,715.35,2074.74,Apple Store,"Tokyo, Japan",iPhone,Corporate Network,False,False,0
364,deposit,685.54,6812.16,Walmart,"Tokyo, Japan",iPhone,Corporate Network,False,False,0
365,deposit,860.96,5727.31,Best Buy,"New York, USA",Windows Laptop,Mobile Network,False,False,0
366,withdrawal,295.64,2205.1,Starbucks,"Paris, France",Android,Corporate Network,False,False,0
367,deposit,495.46,3122.02,Best Buy,"Los Angeles, USA",Android,Public WiFi,False,False,0
368,deposit,436.77,4293.240000000001,Starbucks,"New York, USA",MacBook,Mobile Network,False,False,0
369,deposit,614.67,6425.1,Walmart,"Paris, France",Android,Mobile Network,False,False,0
370,withdrawal,296.61,5958.570000000001,Amazon,"Los Angeles, USA",Windows Laptop,Corporate Network,False,False,0
371,withdrawal,118.84,5654.650000000001,Amazon,"Los Angeles, USA",iPhone,Public WiFi,False,False,0
372,withdrawal,466.6,4614.099999999999,Starbucks,"New York, USA",Android,Public WiFi,False,False,0
373,withdrawal,487.43,5114.78,Starbucks,"New York, USA",MacBook,Mobile Network,False,False,0
374,deposit,310.21,4759.570000000001,Best Buy,"London, UK",Linux PC,Mobile Network,False,False,0
375,withdrawal,211.46,4116.15,Best Buy,"New York, USA",iPhone,Public WiFi,False,False,0
376,deposit,245.74,3399.87,Starbucks,"Berlin, Germany",Windows Laptop,Public WiFi,False,False,0
377,deposit,263.66,2429.1399999999994,Target,"Los Angeles, USA",Windows Laptop,Mobile Network,False,False,0
378,deposit,533.18,7295.71,Target,"Tokyo, Japan",Linux PC,Home WiFi,True,False,0
379,deposit,981.88,4261.389999999999,Amazon,"Los Angeles, USA",MacBook,Home WiFi,False,False,0
380,deposit,782.95,6513.859999999999,Amazon,"Los Angeles, USA",MacBook,Public WiFi,False,False,0
381,deposit,122.09,1101.58,Starbucks,"New York, USA",Windows Laptop,Home WiFi,False,False,0
382,deposit,605.86,2805.57,Best Buy,"New York, USA",Android,Corporate Network,False,False,0
383,deposit,981.88,4970.63,Starbucks,"New York, USA",iPhone,Home WiFi,False,False,0
384,deposit,503.91,5049.69,Amazon,"Paris, France",Android,Corporate Network,False,False,0
385,deposit,624.99,6371.919999999999,Apple Store,"Paris, France",Windows Laptop,Public WiFi,False,False,0
385,password_change,0.0,6371.919999999999,0,"Tokyo, Japan",iPhone,Mobile Network,False,False,0
386,deposit,814.55,2886.7299999999996,Target,"New York, USA",Windows Laptop,Public WiFi,False,False,0
387,deposit,386.21,733.0799999999997,Apple Store,"London, UK",Android,Mobile Network,False,False,0
388,deposit,142.95,4960.84,Amazon,"New York, USA",Windows Laptop,Corporate Network,False,False,0
389,deposit,121.7,5341.0,Walmart,"Tokyo, Japan",Linux PC,Home WiFi,False,True,0
390,deposit,519.18,5179.400000000001,Best Buy,"Tokyo, Japan",Android,Mobile Network,False,False,0
391,withdrawal,270.24,6821.46,Apple Store,"London, UK",iPhone,Mobile Network,False,False,0
392,deposit,847.81,4120.469999999999,Walmart,"Los Angeles, USA",Android,Mobile Network,False,False,0
393,withdrawal,103.54,4796.580000000001,Target,"Tokyo, Japan",Android,Public WiFi,False,False,0
394,deposit,489.78,3197.7,Best Buy,"Los Angeles, USA",iPhone,Public WiFi,False,False,0
395,withdrawal,292.46,472.9300000000001,Amazon,"Los Angeles, USA",iPhone,Home WiFi,False,False,0
396,withdrawal,316.22,4179.58,Amazon,"Tokyo, Japan",MacBook,Mobile Network,False,True,0
396,password_change,0.0,4179.58,0,"Los Angeles, USA",iPhone,Mobile Network,False,False,0
397,deposit,629.48,2021.2300000000002,Target,"Berlin, Germany",iPad,Public WiFi,False,False,0
397,phone_change,0.0,2021.2300000000002,0,"Berlin, Germany",iPhone,Mobile Network,True,False,0
398,deposit,161.81,2961.06,Target,"Los Angeles, USA",iPhone,Corporate Network,False,False,0
399,deposit,949.74,5655.0599999999995,Walmart,"London, UK",Android,Public WiFi,False,False,0
400,withdrawal,145.28,5842.570000000001,Amazon,"New York, USA",Linux PC,Public WiFi,False,False,0
401,deposit,279.21,2851.05,Amazon,"Paris, France",Android,Corporate Network,False,False,0
402,withdrawal,330.62,6008.95,Target,"London, UK",Android,Public WiFi,False,False,0
402,password_change,0.0,6008.95,0,"Los Angeles, USA",iPhone,Home WiFi,False,False,0
403,deposit,667.1,4752.9,Apple Store,"London, UK",iPhone,Mobile Network,False,False,0
404,deposit,741.74,3827.29,Apple Store,"New York, USA",iPhone,Home WiFi,False,False,0
404,phone_change,0.0,3827.29,0,"Los Angeles, USA",iPhone,Home WiFi,False,True,0
405,deposit,282.85,4438.45,Amazon,"Los Angeles, USA",iPhone,Mobile Network,False,False,0
406,deposit,277.96,3892.4100000000003,Amazon,"Tokyo, Japan",iPad,Home WiFi,False,False,0
406,password_change,0.0,3892.4100000000003,0,"Tokyo, Japan",iPhone,Public WiFi,False,False,0
407,deposit,818.1,2041.5799999999995,Amazon,"Los Angeles, USA",iPhone,Mobile Network,False,False,0
407,password_change,0.0,2041.5799999999995,0,"London, UK",MacBook,Home WiFi,True,False,0
408,deposit,886.35,4381.05,Walmart,"Tokyo, Japan",iPhone,Mobile Network,False,False,0
409,withdrawal,436.79,3765.92,Amazon,"New York, USA",Android,Mobile Network,False,False,0
409,password_change,0.0,3765.92,0,"London, UK",Android,Mobile Network,False,False,0
410,deposit,952.44,3496.8,Walmart,"Los Angeles, USA",iPhone,Home WiFi,False,False,0
411,deposit,171.73,3995.9899999999993,Amazon,"New York, USA",iPhone,Mobile Network,False,False,0
412,withdrawal,168.72,5865.3099999999995,Starbucks,"New York, USA",Android,Home WiFi,False,False,0
413,deposit,246.52,5212.580000000001,Amazon,"Berlin, Germany",iPhone,Mobile Network,False,False,0
414,deposit,880.77,3879.5600000000004,Walmart,"New York, USA",iPhone,Public WiFi,False,False,0
414,phone_change,0.0,3879.5600000000004,0,"Los Angeles, USA",iPhone,Mobile Network,False,False,0
415,withdrawal,69.3,5161.05,Walmart,"New York, USA",iPhone,Home WiFi,False,False,0
416,deposit,297.81,3712.1899999999996,Target,"New York, USA",iPad,Home WiFi,False,False,0
417,deposit,323.58,5945.34,Starbucks,"New York, USA",Android,Home WiFi,False,True,0
418,deposit,513.63,5531.760000000001,Best Buy,"New York, USA",iPhone,Public WiFi,False,False,0
419,deposit,658.31,5566.549999999999,Best Buy,"London, UK",Android,Public WiFi,False,False,0
420,withdrawal,320.0,252.0300000000002,Amazon,"Los Angeles, USA",Linux PC,Home WiFi,False,False,0
421,deposit,854.63,5624.82,Best Buy,"New York, USA",Android,Public WiFi,False,False,0
422,deposit,460.32,4329.989999999999,Best Buy,"New York, USA",Android,Corporate Network,False,False,0
423,deposit,733.53,3626.9800000000005,Amazon,"Paris, France",iPhone,Home WiFi,False,False,0
423,phone_change,0.0,3626.9800000000005,0,"Paris, France",Android,Corporate Network,False,False,0
424,deposit,869.75,5067.6,Amazon,"Berlin, Germany",iPhone,Mobile Network,False,False,0
424,phone_change,0.0,5067.6,0,"New York, USA",iPhone,Home WiFi,False,True,0
425,deposit,907.54,5066.16,Starbucks,"Berlin, Germany",Linux PC,Home WiFi,False,False,0
426,deposit,979.9,3474.9199999999996,Amazon,"New York, USA",Linux PC,Public WiFi,False,True,0
427,deposit,967.54,3377.06,Apple Store,"Los Angeles, USA",iPad,Public WiFi,False,False,0
428,deposit,232.06,3639.02,Best Buy,"Tokyo, Japan",iPad,Mobile Network,False,True,0
429,deposit,696.17,4751.25,Apple Store,"Paris, France",Windows Laptop,Public WiFi,False,False,0
430,withdrawal,392.89,3107.0499999999997,Amazon,"Tokyo, Japan",iPhone,Mobile Network,False,False,0
431,deposit,314.94,4897.7,Amazon,"Berlin, Germany",iPad,Home WiFi,False,False,0
432,deposit,464.6,5173.68,Walmart,"New York, USA",Android,Corporate Network,False,False,0
433,withdrawal,495.37,3261.390000000001,Walmart,"Berlin, Germany",Linux PC,Home WiFi,False,False,0
434,deposit,599.36,2820.28,Apple Store,"New York, USA",iPhone,Public WiFi,False,False,0
435,withdrawal,395.45,5997.26,Walmart,"New York, USA",MacBook,Mobile Network,False,False,0
435,password_change,0.0,5997.26,0,"Paris, France",MacBook,Mobile Network,False,False,0
436,deposit,937.49,4497.7,Walmart,"Tokyo, Japan",Android,Public WiFi,False,False,0
437,withdrawal,161.28,917.1700000000001,Amazon,"London, UK",Android,Public WiFi,False,False,0
438,withdrawal,451.57,4884.68,Amazon,"Tokyo, Japan",Android,Corporate Network,True,False,0
439,withdrawal,384.32,1463.16,Amazon,"Los Angeles, USA",iPhone,Corporate Network,True,False,0
440,deposit,401.87,3646.3199999999997,Walmart,"Tokyo, Japan",iPad,Public WiFi,False,False,0
441,deposit,522.53,3397.4399999999996,Amazon,"London, UK",Linux PC,Corporate Network,False,False,0
442,deposit,893.71,5887.919999999999,Amazon,"New York, USA",iPhone,Home WiFi,False,False,0
443,deposit,584.65,6101.59,Walmart,"Tokyo, Japan",Windows Laptop,Public WiFi,False,False,0
444,deposit,838.66,4082.7999999999993,Amazon,"Los Angeles, USA",iPhone,Public WiFi,False,False,0
445,withdrawal,408.83,5372.64,Walmart,"Paris, France",iPhone,Corporate Network,False,True,0
446,deposit,625.66,5144.54,Starbucks,"New York, USA",Android,Public WiFi,False,False,0
447,withdrawal,490.02,2835.8399999999997,Starbucks,"New York, USA",Android,Corporate Network,False,False,0
448,withdrawal,414.64,5554.22,Apple Store,"Los Angeles, USA",iPhone,Public WiFi,False,False,0
449,withdrawal,366.03,1615.2700000000002,Best Buy,"New York, USA",MacBook,Mobile Network,False,False,0
450,withdrawal,179.6,6242.0,Amazon,"Tokyo, Japan",MacBook,Mobile Network,False,False,0
450,phone_change,0.0,6242.0,0,"Tokyo, Japan",MacBook,Corporate Network,False,False,0
451,withdrawal,412.57,126.48000000000019,Best Buy,"New York, USA",Windows Laptop,Corporate Network,False,False,0
452,deposit,250.42,7052.55,Amazon,"Los Angeles, USA",iPhone,Mobile Network,True,False,0
453,withdrawal,272.76,3105.8999999999996,Target,"Tokyo, Japan",Android,Home WiFi,False,False,0
453,password_change,0.0,3105.8999999999996,0,"London, UK",MacBook,Public WiFi,False,False,0
454,withdrawal,352.46,3523.45,Amazon,"Paris, France",iPad,Corporate Network,False,False,0
454,email_change,0.0,3523.45,0,"New York, USA",Android,Mobile Network,False,False,0
455,withdrawal,470.29,4313.66,Amazon,"London, UK",Android,Corporate Network,True,False,0
456,withdrawal,442.9,6854.209999999999,Amazon,"Paris, France",Android,Mobile Network,False,False,0
457,deposit,825.85,8650.29,Starbucks,"Los Angeles, USA",MacBook,Public WiFi,False,False,0
458,deposit,932.28,4727.88,Amazon,"New York, USA",Windows Laptop,Home WiFi,False,False,0
458,phone_change,0.0,4727.88,0,"Paris, France",Android,Public WiFi,False,False,0
459,withdrawal,200.93,4880.97,Apple Store,"New York, USA",Windows Laptop,Home WiFi,False,False,0
459,password_change,0.0,4880.97,0,"Los Angeles, USA",Android,Corporate Network,False,False,0
460,deposit,123.25,4864.63,Apple Store,"Tokyo, Japan",Linux PC,Home WiFi,False,False,0
461,withdrawal,242.54,5003.19,Amazon,"Tokyo, Japan",Android,Public WiFi,False,False,0
462,deposit,249.71,2982.28,Best Buy,"Los Angeles, USA",Windows Laptop,Public WiFi,False,False,0
462,phone_change,0.0,2982.28,0,"Tokyo, Japan",iPhone,Mobile Network,False,False,0
463,withdrawal,440.04,4910.94,Starbucks,"Los Angeles, USA",iPhone,Home WiFi,False,True,0
464,withdrawal,187.84,5364.490000000001,Apple Store,"New York, USA",MacBook,Public WiFi,False,False,0
464,phone_change,0.0,5364.490000000001,0,"Tokyo, Japan",Android,Public WiFi,False,False,0
465,deposit,208.61,4855.7699999999995,Amazon,"Los Angeles, USA",Windows Laptop,Corporate Network,False,False,0
466,deposit,104.85,5886.500000000001,Walmart,"London, UK",Windows Laptop,Public WiFi,False,False,0
467,withdrawal,192.45,4961.170000000001,Amazon,"New York, USA",MacBook,Mobile Network,False,False,0
468,deposit,647.06,3698.5599999999995,Starbucks,"Berlin, Germany",Android,Corporate Network,False,False,0
469,deposit,455.34,4657.99,Amazon,"Los Angeles, USA",iPhone,Home WiFi,False,False,0
470,deposit,706.82,3197.0800000000004,Amazon,"New York, USA",iPhone,Mobile Network,False,False,0
471,withdrawal,112.32,3390.07,Best Buy,"London, UK",Android,Corporate Network,False,False,0
472,deposit,131.72,7367.760000000001,Amazon,"New York, USA",Android,Home WiFi,False,False,0
473,deposit,236.77,762.0399999999997,Best Buy,"New York, USA",Android,Home WiFi,False,False,0
474,deposit,976.08,5561.03,Amazon,"London, UK",iPad,Mobile Network,True,False,0
475,deposit,958.9,6808.169999999998,Amazon,"New York, USA",Windows Laptop,Mobile Network,False,False,0
476,deposit,182.75,4149.380000000001,Target,"New York, USA",MacBook,Home WiFi,False,False,0
477,deposit,759.41,5185.1900000000005,Starbucks,"Los Angeles, USA",iPhone,Public WiFi,False,False,0
478,deposit,520.63,5680.11,Amazon,"Los Angeles, USA",Android,Public WiFi,False,False,0
479,deposit,931.77,6604.630000000001,Target,"Los Angeles, USA",Android,Mobile Network,False,False,0
480,deposit,661.81,702.54,Amazon,"London, UK",MacBook,Home WiFi,False,False,0
481,withdrawal,244.99,3946.6399999999994,Target,"New York, USA",iPhone,Mobile Network,False,False,0
482,deposit,358.69,4633.49,Walmart,"Berlin, Germany",Android,Mobile Network,False,False,0
483,deposit,724.08,6871.66,Apple Store,"Berlin, Germany",iPhone,Mobile Network,False,False,0
483,email_change,0.0,6871.66,0,"New York, USA",Android,Public WiFi,False,False,0
484,deposit,636.23,4425.53,Walmart,"Tokyo, Japan",iPhone,Public WiFi,False,False,0
485,withdrawal,276.79,3892.3599999999997,Starbucks,"Los Angeles, USA",iPhone,Public WiFi,False,False,0
486,withdrawal,398.74,3613.4399999999996,Walmart,"New York, USA",Android,Public WiFi,False,False,0
487,withdrawal,204.7,4257.900000000001,Amazon,"Los Angeles, USA",Windows Laptop,Public WiFi,False,False,0
488,withdrawal,184.52,3225.8100000000004,Amazon,"New York, USA",iPhone,Home WiFi,False,False,0
489,withdrawal,119.73,6886.660000000001,Walmart,"Paris, France",MacBook,Mobile Network,False,False,0
489,password_change,0.0,6886.660000000001,0,"New York, USA",iPhone,Home WiFi,False,False,0
490,withdrawal,310.49,5353.93,Apple Store,"Los Angeles, USA",MacBook,Corporate Network,False,False,0
491,withdrawal,404.92,3234.6499999999996,Target,"New York, USA",Android,Home WiFi,False,True,0
491,email_change,0.0,3234.6499999999996,0,"New York, USA",Windows Laptop,Home WiFi,False,False,0
492,deposit,747.65,4925.0599999999995,Walmart,"Berlin, Germany",Linux PC,Mobile Network,False,False,0
493,withdrawal,65.45,6215.830000000001,Walmart,"London, UK",MacBook,Home WiFi,False,False,0
493,email_change,0.0,6215.830000000001,0,"London, UK",Android,Corporate Network,False,False,0
494,deposit,185.55,6535.77,Amazon,"New York, USA",iPhone,Mobile Network,False,False,0
495,withdrawal,345.73,3773.11,Best Buy,"New York, USA",Android,Public WiFi,False,False,0
496,deposit,335.02,3748.6399999999994,Amazon,"Berlin, Germany",Windows Laptop,Mobile Network,False,False,0
497,deposit,572.78,7464.73,Amazon,"Tokyo, Japan",Windows Laptop,Public WiFi,False,False,0
498,deposit,705.97,5533.89,Best Buy,"Berlin, Germany",iPhone,Corporate Network,False,False,0
499,withdrawal,484.49,4895.49,Best Buy,"Tokyo, Japan",Android,Mobile Network,False,False,0
500,deposit,187.06,1629.9099999999996,Amazon,"Tokyo, Japan",iPhone,Home WiFi,False,False,0
501,deposit,690.25,5152.73,Best Buy,"London, UK",iPhone,Public WiFi,True,False,0
502,deposit,631.16,5162.79,Amazon,"Berlin, Germany",Windows Laptop,Public WiFi,False,False,0
503,deposit,516.27,1655.3199999999997,Amazon,"London, UK",MacBook,Public WiFi,False,False,0
504,deposit,947.04,7231.23,Target,"London, UK",Windows Laptop,Home WiFi,False,True,0
505,deposit,366.83,5333.219999999999,Amazon,"New York, USA",Android,Public WiFi,False,False,0
505,phone_change,0.0,5333.219999999999,0,"Los Angeles, USA",Windows Laptop,Mobile Network,False,False,0
506,deposit,559.76,6467.790000000001,Amazon,"Tokyo, Japan",MacBook,Corporate Network,False,False,0
507,deposit,420.96,1245.27,Amazon,"New York, USA",Android,Public WiFi,False,False,0
508,deposit,646.28,5897.969999999999,Walmart,"Tokyo, Japan",Android,Home WiFi,False,True,0
509,deposit,502.56,3944.6099999999997,Best Buy,"Los Angeles, USA",iPhone,Mobile Network,False,True,0
510,withdrawal,485.77,4448.269999999999,Amazon,"Tokyo, Japan",iPhone,Mobile Network,False,False,0
511,withdrawal,317.15,5242.419999999999,Walmart,"Paris, France",iPhone,Corporate Network,False,False,0
512,withdrawal,205.09,1996.5000000000007,Apple Store,"New York, USA",Windows Laptop,Public WiFi,False,False,0
513,deposit,836.19,3303.5099999999998,Amazon,"New York, USA",MacBook,Corporate Network,False,False,0
513,password_change,0.0,3303.5099999999998,0,"Los Angeles, USA",Windows Laptop,Public WiFi,True,False,0
514,deposit,131.03,3386.57,Best Buy,"Tokyo, Japan",Windows Laptop,Public WiFi,False,False,0
515,deposit,227.77,1648.43,Apple Store,"London, UK",MacBook,Mobile Network,False,False,0
516,deposit,786.72,1308.67,Walmart,"New York, USA",MacBook,Mobile Network,False,False,0
517,deposit,878.61,4008.94,Best Buy,"Los Angeles, USA",Android,Home WiFi,False,False,0
518,deposit,407.12,3326.67,Starbucks,"Berlin, Germany",iPad,Corporate Network,False,False,0
518,password_change,0.0,3326.67,0,"Los Angeles, USA",iPhone,Home WiFi,False,False,0
519,withdrawal,114.34,5575.32,Best Buy,"New York, USA",MacBook,Corporate Network,False,False,0
520,withdrawal,320.57,4023.73,Walmart,"Los Angeles, USA",Windows Laptop,Public WiFi,False,False,0
521,withdrawal,386.66,3099.68,Amazon,"London, UK",Android,Home WiFi,False,False,0
521,phone_change,0.0,3099.68,0,"New York, USA",iPhone,Mobile Network,False,False,0
522,withdrawal,351.24,5487.89,Best Buy,"Tokyo, Japan",Windows Laptop,Public WiFi,False,False,0
523,deposit,812.79,4602.5,Amazon,"Berlin, Germany",iPhone,Home WiFi,False,False,0
524,deposit,732.18,5858.63,Amazon,"New York, USA",iPhone,Public WiFi,False,False,0
525,deposit,994.22,3463.34,Apple Store,"London, UK",Windows Laptop,Public WiFi,False,False,0
525,phone_change,0.0,3463.34,0,"New York, USA",Linux PC,Home WiFi,False,False,0
526,deposit,656.84,5798.9400000000005,Amazon,"Tokyo, Japan",Windows Laptop,Home WiFi,False,False,0
527,withdrawal,202.35,1266.5100000000002,Walmart,"London, UK",Android,Corporate Network,False,False,0
528,withdrawal,328.33,3817.6500000000005,Amazon,"New York, USA",iPad,Home WiFi,False,False,0
529,deposit,952.6,6609.85,Walmart,"New York, USA",Android,Home WiFi,False,False,0
530,deposit,741.23,3556.3500000000004,Apple Store,"Paris, France",Android,Corporate Network,False,False,0
531,withdrawal,479.4,4417.52,Walmart,"Berlin, Germany",iPhone,Home WiFi,False,False,0
532,deposit,797.2,7654.250000000001,Target,"Tokyo, Japan",iPhone,Corporate Network,False,False,0
533,deposit,329.75,4284.75,Walmart,"London, UK",iPhone,Corporate Network,False,False,0
534,deposit,882.97,5363.9400000000005,Starbucks,"Tokyo, Japan",MacBook,Public WiFi,False,False,0
534,password_change,0.0,5363.9400000000005,0,"Berlin, Germany",Linux PC,Corporate Network,False,False,0
535,deposit,748.45,5199.87,Target,"New York, USA",MacBook,Public WiFi,False,False,0
536,deposit,369.37,5053.48,Target,"New York, USA",Windows Laptop,Public WiFi,False,False,0
537,deposit,719.9,3343.9500000000003,Amazon,"Berlin, Germany",Android,Mobile Network,False,False,0
537,password_change,0.0,3343.9500000000003,0,"New York, USA",iPhone,Public WiFi,True,False,0
538,withdrawal,419.26,5980.349999999999,Best Buy,"London, UK",iPhone,Mobile Network,False,False,0
539,deposit,779.04,7046.61,Target,"Berlin, Germany",iPhone,Corporate Network,False,False,0
540,withdrawal,358.0,6124.380000000001,Amazon,"Paris, France",iPhone,Mobile Network,False,False,0
541,deposit,300.06,2930.13,Best Buy,"London, UK",MacBook,Corporate Network,False,False,0
541,password_change,0.0,2930.13,0,"New York, USA",Android,Public WiFi,False,False,0
542,deposit,142.42,3845.9700000000003,Amazon,"London, UK",iPhone,Public WiFi,False,False,0
543,deposit,419.3,4534.790000000001,Target,"Paris, France",iPhone,Public WiFi,False,False,0
544,deposit,558.28,3543.29,Walmart,"New York, USA",Android,Public WiFi,False,False,0
544,password_change,0.0,3543.29,0,"London, UK",iPhone,Corporate Network,False,False,0
545,deposit,806.0,3023.8399999999997,Walmart,"London, UK",Android,Home WiFi,False,False,0
546,withdrawal,86.39,4325.19,Amazon,"Los Angeles, USA",Android,Corporate Network,False,False,0
547,deposit,836.68,5379.32,Starbucks,"New York, USA",MacBook,Public WiFi,False,False,0
548,withdrawal,290.14,3943.7099999999996,Amazon,"Berlin, Germany",iPhone,Mobile Network,False,False,0
548,phone_change,0.0,3943.7099999999996,0,"Los Angeles, USA",iPhone,Mobile Network,False,False,0
549,deposit,413.77,5079.540000000001,Best Buy,"Berlin, Germany",iPhone,Mobile Network,False,False,0
550,deposit,935.15,4090.27,Amazon,"New York, USA",Android,Corporate Network,False,False,0
550,phone_change,0.0,4090.27,0,"Los Angeles, USA",Linux PC,Corporate Network,False,False,0
551,withdrawal,141.33,3646.0,Amazon,"Tokyo, Japan",MacBook,Mobile Network,False,False,0
552,withdrawal,363.34,3970.1000000000004,Best Buy,"New York, USA",MacBook,Corporate Network,False,False,0
553,deposit,879.81,4662.4,Best Buy,"Paris, France",iPhone,Corporate Network,False,False,0
553,password_change,0.0,4662.4,0,"New York, USA",Android,Mobile Network,False,False,0
554,deposit,354.52,3941.6600000000003,Best Buy,"Los Angeles, USA",Windows Laptop,Corporate Network,False,False,0
555,deposit,305.13,6089.950000000001,Starbucks,"New York, USA",Android,Home WiFi,False,False,0
556,withdrawal,170.82,6132.400000000001,Walmart,"Tokyo, Japan",Android,Public WiFi,False,False,0
557,deposit,249.24,4507.42,Best Buy,"Tokyo, Japan",iPhone,Mobile Network,False,False,0
558,withdrawal,98.04,3534.6099999999997,Apple Store,"New York, USA",Android,Public WiFi,False,False,0
558,email_change,0.0,3534.6099999999997,0,"Los Angeles, USA",Android,Public WiFi,False,False,0
559,withdrawal,473.3,6186.259999999998,Amazon,"Paris, France",Windows Laptop,Home WiFi,False,False,0
560,deposit,732.39,5775.91,Target,"London, UK",iPhone,Corporate Network,False,False,0
561,deposit,557.51,5071.719999999999,Amazon,"New York, USA",Android,Corporate Network,True,False,0
562,withdrawal,499.84,4234.97,Target,"Los Angeles, USA",Android,Corporate Network,False,False,0
563,deposit,134.72,4007.2,Best Buy,"London, UK",iPhone,Mobile Network,False,False,0
564,deposit,878.12,5033.54,Target,"Paris, France",Android,Mobile Network,False,False,0
565,withdrawal,289.23,2641.5,Target,"Tokyo, Japan",iPhone,Public WiFi,False,False,0
566,deposit,661.75,5330.62,Starbucks,"Tokyo, Japan",Android,Corporate Network,False,False,0
567,deposit,937.86,3482.45,Starbucks,"Tokyo, Japan",Android,Mobile Network,False,False,0
568,deposit,502.4,2467.4,Target,"New York, USA",Android,Mobile Network,False,False,0
568,password_change,0.0,2467.4,0,"Berlin, Germany",Android,Corporate Network,False,False,0
569,withdrawal,403.25,1769.92,Walmart,"Tokyo, Japan",MacBook,Public WiFi,False,False,0
570,withdrawal,420.39,3062.55,Amazon,"New York, USA",MacBook,Mobile Network,False,False,0
570,phone_change,0.0,3062.55,0,"New York, USA",MacBook,Public WiFi,False,False,0
571,withdrawal,71.98,2535.35,Walmart,"Berlin, Germany",Linux PC,Corporate Network,False,False,0
572,withdrawal,80.44,6418.509999999999,Apple Store,"London, UK",iPhone,Public WiFi,False,False,0
573,deposit,111.74,770.9100000000001,Amazon,"London, UK",MacBook,Public WiFi,False,False,0
574,withdrawal,56.83,1235.9799999999998,Walmart,"Los Angeles, USA",Android,Public WiFi,True,False,0
574,password_change,0.0,1235.9799999999998,0,"Berlin, Germany",iPhone,Corporate Network,False,False,0
575,withdrawal,225.7,1990.0600000000002,Starbucks,"Los Angeles, USA",MacBook,Corporate Network,False,False,0
576,deposit,221.92,8417.24,Target,"New York, USA",Android,Corporate Network,False,False,0
577,deposit,340.97,2930.46,Best Buy,"New York, USA",Android,Mobile Network,False,False,0
578,deposit,700.59,5729.36,Amazon,"New York, USA",Android,Public WiFi,False,False,0
579,withdrawal,300.23,3363.2799999999993,Walmart,"Los Angeles, USA",iPhone,Mobile Network,False,False,0
580,deposit,939.44,4782.040000000001,Walmart,"New York, USA",iPhone,Home WiFi,False,False,0
581,deposit,246.64,4448.400000000001,Walmart,"Los Angeles, USA",Android,Home WiFi,False,False,0
582,withdrawal,202.76,2069.8099999999995,Apple Store,"Tokyo, Japan",Windows Laptop,Home WiFi,False,False,0
583,deposit,109.73,3644.0699999999993,Amazon,"Tokyo, Japan",MacBook,Public WiFi,False,False,0
584,deposit,512.98,4920.42,Best Buy,"New York, USA",MacBook,Mobile Network,False,False,0
585,withdrawal,268.87,1853.2100000000005,Target,"Tokyo, Japan",iPad,Home WiFi,False,False,0
586,deposit,935.57,3389.9900000000002,Amazon,"Berlin, Germany",iPhone,Public WiFi,False,False,0
587,withdrawal,231.99,4016.3599999999997,Best Buy,"Tokyo, Japan",iPhone,Mobile Network,False,False,0
588,withdrawal,286.54,3433.3899999999994,Walmart,"Paris, France",iPhone,Mobile Network,False,False,0
589,deposit,102.59,5148.1,Best Buy,"New York, USA",MacBook,Home WiFi,False,False,0
589,password_change,0.0,5148.1,0,"New York, USA",Windows Laptop,Corporate Network,False,False,0
590,withdrawal,441.19,4223.870000000001,Target,"Paris, France",Android,Public WiFi,True,False,0
591,deposit,568.3,4460.990000000001,Walmart,"New York, USA",iPhone,Mobile Network,False,False,0
592,withdrawal,280.16,5872.19,Walmart,"Los Angeles, USA",Android,Public WiFi,False,True,0
593,withdrawal,92.39,3816.04,Walmart,"Los Angeles, USA",iPhone,Mobile Network,False,False,0
594,deposit,587.46,6619.99,Target,"Paris, France",Android,Public WiFi,False,False,0
594,email_change,0.0,6619.99,0,"Berlin, Germany",Windows Laptop,Home WiFi,False,False,0
595,deposit,672.63,4064.5299999999993,Walmart,"Los Angeles, USA",MacBook,Home WiFi,False,False,0
595,email_change,0.0,4064.5299999999993,0,"New York, USA",Android,Mobile Network,False,False,0
596,deposit,738.63,5174.7300000000005,Amazon,"Berlin, Germany",iPhone,Mobile Network,False,False,0
597,deposit,709.14,7734.97,Best Buy,"Paris, France",Android,Corporate Network,False,False,0
598,deposit,844.4,5302.719999999999,Best Buy,"New York, USA",iPhone,Corporate Network,False,False,0
599,deposit,160.08,3729.45,Amazon,"Tokyo, Japan",Android,Mobile Network,False,False,0
599,phone_change,0.0,3729.45,0,"New York, USA",Windows Laptop,Mobile Network,False,False,0
600,deposit,933.7,6826.98,Best Buy,"New York, USA",iPhone,Public WiFi,False,False,0
601,deposit,165.28,4488.15,Target,"Berlin, Germany",iPhone,Corporate Network,False,False,0
602,deposit,597.6,2378.49,Amazon,"Los Angeles, USA",iPhone,Corporate Network,False,False,0
602,phone_change,0.0,2378.49,0,"Paris, France",iPhone,Mobile Network,False,False,0
603,withdrawal,228.54,3241.5,Target,"Los Angeles, USA",MacBook,Public WiFi,False,False,0
604,withdrawal,406.86,2287.06,Amazon,"London, UK",Android,Home WiFi,False,False,0
604,password_change,0.0,2287.06,0,"Paris, France",Windows Laptop,Corporate Network,False,False,0
605,withdrawal,356.26,1707.6700000000003,Apple Store,"New York, USA",MacBook,Home WiFi,False,False,0
605,email_change,0.0,1707.6700000000003,0,"Paris, France",Windows Laptop,Public WiFi,False,False,0
606,withdrawal,459.47,3938.9700000000003,Apple Store,"Los Angeles, USA",Windows Laptop,Public WiFi,False,False,0
607,withdrawal,458.73,4725.26,Amazon,"Los Angeles, USA",iPad,Public WiFi,False,False,0
608,withdrawal,220.69,3473.4100000000003,Target,"New York, USA",iPhone,Public WiFi,False,False,0
608,phone_change,0.0,3473.4100000000003,0,"Paris, France",Android,Public WiFi,False,False,0
609,withdrawal,101.22,1666.4400000000003,Target,"London, UK",Android,Corporate Network,False,False,0
609,email_change,0.0,1666.4400000000003,0,"New York, USA",MacBook,Public WiFi,False,False,0
610,withdrawal,359.54,4301.88,Amazon,"New York, USA",MacBook,Corporate Network,False,False,0
610,phone_change,0.0,4301.88,0,"Tokyo, Japan",MacBook,Corporate Network,False,False,0
611,deposit,443.33,5034.5199999999995,Starbucks,"Tokyo, Japan",Windows Laptop,Mobile Network,False,False,0
612,deposit,142.49,6992.98,Best Buy,"Berlin, Germany",Android,Mobile Network,False,False,0
613,withdrawal,153.34,3013.54,Target,"New York, USA",Android,Public WiFi,True,False,0
614,deposit,763.09,7631.33,Walmart,"Berlin, Germany",iPhone,Mobile Network,False,False,0
615,deposit,983.08,3845.71,Best Buy,"New York, USA",Android,Mobile Network,False,False,0
616,deposit,160.35,2564.8700000000003,Walmart,"London, UK",Android,Corporate Network,False,True,0
617,withdrawal,448.02,3208.73,Starbucks,"Los Angeles, USA",iPhone,Home WiFi,True,False,0
618,deposit,611.37,6654.39,Apple Store,"Berlin, Germany",Android,Mobile Network,False,False,0
619,deposit,140.92,1669.21,Walmart,"Paris, France",MacBook,Public WiFi,False,False,0
620,deposit,530.49,6750.239999999998,Target,"Berlin, Germany",Android,Mobile Network,False,False,0
621,withdrawal,178.16,1042.82,Amazon,"Paris, France",Android,Home WiFi,False,False,0
622,withdrawal,206.92,1703.5,Apple Store,"Berlin, Germany",Windows Laptop,Mobile Network,False,False,0
623,deposit,999.17,5381.3,Best Buy,"New York, USA",Windows Laptop,Mobile Network,False,False,0
624,deposit,729.81,4148.65,Amazon,"London, UK",Android,Home WiFi,False,False,0
625,deposit,663.59,4640.29,Target,"Tokyo, Japan",Android,Home WiFi,False,False,0
626,withdrawal,284.97,2035.7700000000007,Amazon,"Paris, France",Windows Laptop,Mobile Network,False,False,0
627,deposit,889.28,5655.279999999998,Amazon,"London, UK",MacBook,Corporate Network,False,False,0
627,email_change,0.0,5655.279999999998,0,"London, UK",iPhone,Home WiFi,False,False,0
628,deposit,207.28,4469.94,Amazon,"London, UK",iPhone,Corporate Network,False,False,0
629,withdrawal,359.77,4282.029999999999,Target,"Tokyo, Japan",Android,Home WiFi,False,False,0
629,phone_change,0.0,4282.029999999999,0,"Berlin, Germany",MacBook,Public WiFi,False,False,0
630,deposit,914.33,5246.58,Walmart,"New York, USA",iPhone,Mobile Network,False,False,0
630,email_change,0.0,5246.58,0,"New York, USA",Android,Mobile Network,False,False,0
631,withdrawal,185.78,3996.6299999999997,Amazon,"New York, USA",Android,Corporate Network,False,False,0
631,email_change,0.0,3996.6299999999997,0,"Berlin, Germany",MacBook,Public WiFi,False,True,0
632,withdrawal,256.08,5676.629999999999,Best Buy,"New York, USA",iPhone,Mobile Network,False,False,0
633,withdrawal,157.16,2198.33,Walmart,"New York, USA",iPad,Mobile Network,False,False,0
634,withdrawal,59.99,4410.29,Target,"New York, USA",iPad,Corporate Network,False,False,0
635,deposit,979.21,5080.72,Walmart,"London, UK",Android,Corporate Network,False,True,0
635,phone_change,0.0,5080.72,0,"Los Angeles, USA",Windows Laptop,Public WiFi,False,True,0
636,deposit,631.73,5478.880000000001,Best Buy,"New York, USA",iPhone,Home WiFi,False,False,0
637,deposit,680.31,6843.4400000000005,Amazon,"Los Angeles, USA",MacBook,Mobile Network,False,False,0
637,email_change,0.0,6843.4400000000005,0,"Paris, France",MacBook,Public WiFi,False,False,0
638,deposit,607.65,5078.49,Walmart,"New York, USA",iPhone,Home WiFi,False,False,0
638,phone_change,0.0,5078.49,0,"Los Angeles, USA",Android,Corporate Network,False,False,0
639,deposit,601.89,3098.2899999999995,Starbucks,"Los Angeles, USA",Android,Mobile Network,False,False,0
640,withdrawal,272.15,2391.6399999999994,Best Buy,"Tokyo, Japan",Windows Laptop,Public WiFi,False,False,0
640,phone_change,0.0,2391.6399999999994,0,"London, UK",Windows Laptop,Home WiFi,False,False,0
641,deposit,902.71,4730.29,Starbucks,"Berlin, Germany",iPad,Home WiFi,False,False,0
641,phone_change,0.0,4730.29,0,"Los Angeles, USA",MacBook,Public WiFi,False,False,0
642,deposit,975.99,3413.7699999999995,Target,"Paris, France",iPhone,Mobile Network,False,False,0
643,withdrawal,242.01,4561.51,Starbucks,"New York, USA",Windows Laptop,Mobile Network,False,False,0
644,withdrawal,359.55,3476.8599999999997,Best Buy,"Tokyo, Japan",iPad,Public WiFi,False,False,0
645,deposit,706.92,3851.37,Starbucks,"New York, USA",MacBook,Public WiFi,False,False,0
645,phone_change,0.0,3851.37,0,"Paris, France",iPhone,Mobile Network,False,False,0
646,deposit,767.6,5409.02,Amazon,"New York, USA",Windows Laptop,Home WiFi,False,False,0
647,deposit,102.02,3683.53,Amazon,"London, UK",iPhone,Corporate Network,False,False,0
648,withdrawal,213.04,5787.88,Best Buy,"Paris, France",Android,Mobile Network,False,False,0
649,withdrawal,381.78,1965.3499999999997,Walmart,"Berlin, Germany",iPhone,Home WiFi,False,False,0
650,deposit,611.48,6302.950000000001,Walmart,"New York, USA",Android,Corporate Network,False,False,0
651,deposit,698.5,6906.299999999999,Amazon,"Berlin, Germany",iPhone,Corporate Network,False,False,0
652,deposit,390.21,3608.4099999999994,Walmart,"Paris, France",Linux PC,Mobile Network,False,False,0
653,deposit,893.32,6882.15,Apple Store,"London, UK",iPhone,Home WiFi,False,False,0
653,password_change,0.0,6882.15,0,"Tokyo, Japan",Android,Mobile Network,False,False,0
654,deposit,472.54,2966.1600000000003,Amazon,"New York, USA",Windows Laptop,Home WiFi,False,False,0
655,withdrawal,130.36,5803.56,Amazon,"Los Angeles, USA",Linux PC,Mobile Network,False,False,0
656,withdrawal,332.03,5485.92,Amazon,"Los Angeles, USA",iPhone,Public WiFi,False,False,0
656,email_change,0.0,5485.92,0,"Los Angeles, USA",Windows Laptop,Mobile Network,False,False,0
657,deposit,812.71,7308.919999999999,Starbucks,"New York, USA",Windows Laptop,Public WiFi,True,False,0
657,phone_change,0.0,7308.919999999999,0,"Paris, France",iPhone,Corporate Network,False,True,0
658,deposit,198.18,2781.6599999999994,Walmart,"Los Angeles, USA",MacBook,Public WiFi,False,False,0
659,deposit,147.71,5913.19,Amazon,"New York, USA",iPad,Home WiFi,False,False,0
660,deposit,255.2,4379.26,Walmart,"Los Angeles, USA",iPhone,Public WiFi,False,False,0
660,email_change,0.0,4379.26,0,"Los Angeles, USA",Windows Laptop,Mobile Network,False,False,0
661,deposit,887.89,5528.16,Amazon,"Berlin, Germany",iPhone,Home WiFi,False,False,0
662,withdrawal,414.54,2214.96,Walmart,"Paris, France",Windows Laptop,Public WiFi,False,False,0
663,withdrawal,132.26,3479.1799999999994,Amazon,"London, UK",iPhone,Home WiFi,False,False,0
664,deposit,473.21,4018.4700000000003,Target,"Tokyo, Japan",iPhone,Home WiFi,False,False,0
665,deposit,833.29,6020.04,Walmart,"Los Angeles, USA",MacBook,Corporate Network,False,False,0
665,email_change,0.0,6020.04,0,"London, UK",iPhone,Home WiFi,False,False,0
666,withdrawal,297.23,6203.719999999999,Starbucks,"New York, USA",Windows Laptop,Public WiFi,False,False,0
667,withdrawal,387.83,3271.07,Amazon,"Los Angeles, USA",Windows Laptop,Home WiFi,False,False,0
668,deposit,585.55,6104.09,Amazon,"Berlin, Germany",iPhone,Mobile Network,False,False,0
669,withdrawal,332.6,3630.56,Target,"Paris, France",MacBook,Mobile Network,False,False,0
670,deposit,879.14,5939.479999999999,Apple Store,"New York, USA",MacBook,Mobile Network,False,False,0
671,withdrawal,496.07,2244.4,Amazon,"New York, USA",Android,Mobile Network,False,False,0
672,deposit,440.43,2289.56,Walmart,"Los Angeles, USA",iPhone,Home WiFi,False,False,0
673,deposit,648.43,6010.7300000000005,Walmart,"Los Angeles, USA",Android,Mobile Network,False,True,0
674,withdrawal,454.4,2967.1899999999996,Walmart,"Tokyo, Japan",iPhone,Corporate Network,False,False,0
675,withdrawal,361.4,4072.44,Amazon,"New York, USA",Android,Public WiFi,False,False,0
676,deposit,872.45,4932.669999999999,Amazon,"New York, USA",Android,Home WiFi,False,False,0
677,deposit,263.67,1731.0800000000004,Walmart,"Los Angeles, USA",iPhone,Mobile Network,False,False,0
678,deposit,523.88,3924.3099999999995,Amazon,"New York, USA",Android,Home WiFi,False,False,0
678,password_change,0.0,3924.3099999999995,0,"Tokyo, Japan",iPhone,Public WiFi,False,False,0
679,deposit,317.29,4710.370000000001,Walmart,"London, UK",MacBook,Corporate Network,True,False,0
680,deposit,973.07,4639.04,Walmart,"Berlin, Germany",MacBook,Public WiFi,False,False,0
681,deposit,452.29,2464.7400000000007,Best Buy,"New York, USA",iPad,Public WiFi,False,False,0
682,deposit,342.05,2373.57,Best Buy,"London, UK",MacBook,Mobile Network,False,False,0
682,password_change,0.0,2373.57,0,"Tokyo, Japan",Windows Laptop,Public WiFi,True,False,0
683,deposit,710.85,7063.07,Amazon,"London, UK",Android,Home WiFi,False,False,0
684,withdrawal,322.56,4573.4,Best Buy,"New York, USA",Android,Home WiFi,False,False,0
685,deposit,152.59,4718.830000000001,Amazon,"Berlin, Germany",Windows Laptop,Corporate Network,False,False,0
685,email_change,0.0,4718.830000000001,0,"Los Angeles, USA",Android,Corporate Network,False,False,0
686,withdrawal,61.95,8481.65,Target,"Berlin, Germany",Android,Home WiFi,False,False,0
686,phone_change,0.0,8481.65,0,"Los Angeles, USA",MacBook,Public WiFi,False,False,0
687,withdrawal,434.41,3923.169999999999,Amazon,"Berlin, Germany",Linux PC,Home WiFi,False,False,0
688,deposit,923.17,3032.54,Amazon,"Berlin, Germany",MacBook,Home WiFi,False,False,0
688,password_change,0.0,3032.54,0,"New York, USA",Windows Laptop,Mobile Network,False,False,0
689,deposit,556.6,4158.150000000001,Apple Store,"New York, USA",Android,Public WiFi,False,False,0
690,deposit,112.21,2391.6000000000004,Best Buy,"New York, USA",Android,Public WiFi,False,False,0
691,deposit,706.96,4892.7300000000005,Target,"London, UK",Windows Laptop,Corporate Network,False,False,0
692,withdrawal,320.1,3159.34,Best Buy,"London, UK",MacBook,Home WiFi,False,False,0
693,withdrawal,386.6,3455.13,Apple Store,"Tokyo, Japan",iPad,Mobile Network,False,False,0
693,password_change,0.0,3455.13,0,"Berlin, Germany",Android,Home WiFi,False,False,0
694,withdrawal,254.82,4490.900000000001,Amazon,"New York, USA",Android,Home WiFi,False,False,0
695,withdrawal,91.4,2205.6199999999994,Target,"Los Angeles, USA",MacBook,Public WiFi,False,False,0
696,deposit,763.14,3760.0899999999997,Amazon,"New York, USA",MacBook,Public WiFi,False,False,0
697,withdrawal,446.01,1739.49,Walmart,"Los Angeles, USA",Windows Laptop,Corporate Network,False,False,0
698,deposit,426.67,4420.04,Best Buy,"Berlin, Germany",iPad,Mobile Network,False,False,0
698,phone_change,0.0,4420.04,0,"New York, USA",MacBook,Corporate Network,False,False,0
699,withdrawal,53.18,3258.16,Amazon,"London, UK",MacBook,Home WiFi,False,False,0
700,withdrawal,95.04,3105.1499999999996,Best Buy,"Los Angeles, USA",iPhone,Home WiFi,False,False,0
701,deposit,139.06,1609.41,Walmart,"New York, USA",MacBook,Corporate Network,False,False,0
702,deposit,116.65,4818.759999999999,Target,"Los Angeles, USA",MacBook,Corporate Network,False,False,0
702,phone_change,0.0,4818.759999999999,0,"Paris, France",iPhone,Mobile Network,False,False,0
703,deposit,130.58,4461.5199999999995,Best Buy,"New York, USA",iPhone,Corporate Network,False,False,0
704,deposit,377.57,5244.66,Target,"London, UK",MacBook,Corporate Network,False,False,0
705,deposit,703.35,6671.05,Walmart,"New York, USA",Windows Laptop,Public WiFi,True,False,0
706,deposit,345.94,5235.01,Amazon,"Tokyo, Japan",Android,Home WiFi,False,False,0
707,withdrawal,148.82,4236.37,Walmart,"London, UK",iPhone,Public WiFi,False,False,0
708,deposit,594.25,6932.26,Amazon,"Los Angeles, USA",Linux PC,Mobile Network,False,False,0
709,withdrawal,114.13,4187.92,Amazon,"London, UK",Android,Corporate Network,False,False,0
710,deposit,558.02,3449.21,Walmart,"Berlin, Germany",Android,Mobile Network,False,False,0
711,deposit,572.81,5893.6,Starbucks,"New York, USA",Windows Laptop,Mobile Network,False,False,0
711,phone_change,0.0,5893.6,0,"Berlin, Germany",Android,Corporate Network,False,False,0
712,withdrawal,428.59,7603.969999999999,Walmart,"London, UK",Android,Public WiFi,False,False,0
713,deposit,730.97,6817.410000000001,Best Buy,"London, UK",Windows Laptop,Home WiFi,False,False,0
714,withdrawal,325.94,3010.06,Amazon,"Tokyo, Japan",iPhone,Mobile Network,False,False,0
714,phone_change,0.0,3010.06,0,"Los Angeles, USA",iPad,Mobile Network,False,False,0
715,withdrawal,354.08,6442.62,Starbucks,"Paris, France",iPhone,Corporate Network,False,False,0
716,deposit,868.58,2870.82,Starbucks,"New York, USA",iPad,Home WiFi,False,False,0
717,deposit,893.87,3387.7100000000005,Best Buy,"New York, USA",iPhone,Home WiFi,False,False,0
718,deposit,578.53,5489.749999999999,Walmart,"Paris, France",Android,Home WiFi,False,False,0
718,email_change,0.0,5489.749999999999,0,"New York, USA",Linux PC,Corporate Network,False,False,0
719,deposit,364.02,5618.290000000001,Apple Store,"New York, USA",iPad,Home WiFi,False,False,0
719,phone_change,0.0,5618.290000000001,0,"Paris, France",iPad,Home WiFi,False,False,0
720,deposit,212.8,2458.120000000001,Apple Store,"New York, USA",Android,Corporate Network,False,False,0
721,deposit,359.5,5034.56,Walmart,"London, UK",Android,Public WiFi,False,False,0
721,phone_change,0.0,5034.56,0,"Paris, France",MacBook,Public WiFi,False,False,0
722,deposit,659.86,6205.53,Apple Store,"Tokyo, Japan",Windows Laptop,Mobile Network,False,False,0
722,phone_change,0.0,6205.53,0,"Berlin, Germany",iPhone,Public WiFi,False,False,0
723,withdrawal,269.2,4070.6000000000004,Apple Store,"London, UK",iPhone,Mobile Network,False,False,0
724,withdrawal,459.04,5358.080000000001,Amazon,"London, UK",iPhone,Public WiFi,False,False,0
724,phone_change,0.0,5358.080000000001,0,"Los Angeles, USA",iPhone,Public WiFi,False,False,0
725,withdrawal,250.72,3468.1200000000003,Walmart,"Los Angeles, USA",MacBook,Public WiFi,False,False,0
726,deposit,838.09,7933.96,Target,"New York, USA",Windows Laptop,Mobile Network,False,False,0
727,deposit,475.85,1712.9999999999995,Target,"Los Angeles, USA",iPhone,Public WiFi,False,False,0
727,phone_change,0.0,1712.9999999999995,0,"New York, USA",Windows Laptop,Mobile Network,False,False,0
728,deposit,614.6,6241.86,Target,"Los Angeles, USA",Windows Laptop,Home WiFi,False,True,0
729,withdrawal,143.31,2582.76,Walmart,"London, UK",Android,Home WiFi,True,False,0
730,withdrawal,472.73,1192.21,Walmart,"London, UK",Android,Home WiFi,False,False,0
731,deposit,733.22,3138.63,Best Buy,"New York, USA",Android,Corporate Network,False,False,0
732,withdrawal,449.57,2760.1800000000003,Target,"New York, USA",Android,Home WiFi,False,False,0
733,deposit,379.17,3718.3900000000003,Amazon,"New York, USA",Linux PC,Public WiFi,False,False,0
734,withdrawal,148.84,4631.1900000000005,Amazon,"Berlin, Germany",iPhone,Home WiFi,False,False,0
735,withdrawal,252.49,4545.87,Walmart,"Berlin, Germany",Windows Laptop,Public WiFi,False,False,0
736,withdrawal,196.33,2383.2000000000003,Walmart,"Tokyo, Japan",Android,Public WiFi,False,False,0
737,deposit,746.0,2754.3199999999997,Starbucks,"Tokyo, Japan",Windows Laptop,Corporate Network,False,False,0
738,withdrawal,89.7,5311.93,Amazon,"Los Angeles, USA",iPhone,Public WiFi,False,False,0
739,deposit,968.46,5400.589999999999,Amazon,"New York, USA",Android,Home WiFi,False,False,0
740,withdrawal,217.32,5528.68,Walmart,"New York, USA",iPad,Mobile Network,False,False,0
741,deposit,282.66,5606.339999999998,Walmart,"Los Angeles, USA",MacBook,Home WiFi,False,False,0
741,email_change,0.0,5606.339999999998,0,"Tokyo, Japan",MacBook,Mobile Network,False,False,0
742,deposit,752.47,4629.29,Target,"London, UK",iPhone,Mobile Network,False,False,0
743,deposit,300.77,5390.139999999999,Starbucks,"Los Angeles, USA",Windows Laptop,Corporate Network,False,False,0
744,withdrawal,92.97,4938.15,Target,"Tokyo, Japan",iPhone,Mobile Network,False,True,0
744,phone_change,0.0,4938.15,0,"New York, USA",Android,Public WiFi,False,False,0
745,withdrawal,414.59,5007.250000000001,Amazon,"Tokyo, Japan",iPhone,Mobile Network,False,False,0
746,withdrawal,431.59,3474.51,Starbucks,"Los Angeles, USA",iPhone,Public WiFi,False,False,0
747,withdrawal,372.45,4268.14,Amazon,"New York, USA",Linux PC,Corporate Network,False,False,0
747,phone_change,0.0,4268.14,0,"New York, USA",MacBook,Home WiFi,False,False,0
748,deposit,156.43,5248.18,Amazon,"Tokyo, Japan",Windows Laptop,Public WiFi,False,False,0
748,phone_change,0.0,5248.18,0,"New York, USA",iPhone,Corporate Network,False,False,0
749,deposit,635.06,6116.51,Amazon,"New York, USA",Linux PC,Corporate Network,False,False,0
750,deposit,311.56,4874.35,Amazon,"Los Angeles, USA",Android,Public WiFi,False,False,0
750,email_change,0.0,4874.35,0,"New York, USA",iPhone,Home WiFi,False,False,0
751,withdrawal,376.78,4755.38,Best Buy,"New York, USA",Linux PC,Public WiFi,False,False,0
751,phone_change,0.0,4755.38,0,"London, UK",iPad,Home WiFi,False,True,0
752,deposit,766.99,3131.3099999999995,Amazon,"London, UK",Android,Corporate Network,False,False,0
753,withdrawal,241.64,5051.27,Walmart,"New York, USA",Android,Home WiFi,False,False,0
753,phone_change,0.0,5051.27,0,"New York, USA",iPhone,Mobile Network,False,False,0
754,deposit,873.79,1502.8,Best Buy,"New York, USA",Android,Home WiFi,False,False,0
754,password_change,0.0,1502.8,0,"London, UK",MacBook,Mobile Network,False,False,0
755,deposit,117.18,5008.990000000001,Amazon,"Berlin, Germany",Android,Home WiFi,True,False,0
756,withdrawal,117.17,8111.32,Apple Store,"Berlin, Germany",Linux PC,Public WiFi,False,True,0
756,password_change,0.0,8111.32,0,"New York, USA",Android,Corporate Network,False,False,0
757,deposit,764.15,3536.620000000001,Target,"New York, USA",MacBook,Mobile Network,False,False,0
758,withdrawal,71.7,6557.829999999999,Amazon,"Paris, France",Linux PC,Public WiFi,False,False,0
759,withdrawal,130.66,5164.599999999999,Amazon,"Paris, France",Android,Corporate Network,False,False,0
760,deposit,517.58,7929.54,Amazon,"Paris, France",Windows Laptop,Mobile Network,True,False,0
761,deposit,371.84,5274.600000000001,Target,"Paris, France",Android,Home WiFi,False,False,0
761,password_change,0.0,5274.600000000001,0,"Tokyo, Japan",MacBook,Mobile Network,False,False,0
762,deposit,446.87,6342.849999999999,Best Buy,"Los Angeles, USA",Windows Laptop,Mobile Network,False,False,0
763,deposit,822.04,2313.31,Amazon,"Tokyo, Japan",Android,Public WiFi,False,False,0
764,deposit,884.89,6888.06,Starbucks,"London, UK",Android,Public WiFi,True,False,0
765,deposit,131.02,5247.57,Starbucks,"London, UK",iPhone,Mobile Network,False,False,0
766,deposit,197.58,1706.8699999999997,Best Buy,"Los Angeles, USA",Windows Laptop,Corporate Network,False,True,0
767,deposit,794.54,4169.43,Amazon,"Paris, France",Windows Laptop,Home WiFi,False,False,0
767,email_change,0.0,4169.43,0,"London, UK",Windows Laptop,Public WiFi,False,False,0
768,deposit,698.88,7786.05,Amazon,"Paris, France",Windows Laptop,Home WiFi,False,False,0
769,withdrawal,459.47,4498.070000000001,Amazon,"New York, USA",iPhone,Public WiFi,False,True,0
770,withdrawal,411.9,2095.2899999999995,Best Buy,"Los Angeles, USA",MacBook,Mobile Network,False,False,0
771,deposit,492.67,3734.7099999999996,Amazon,"Tokyo, Japan",Android,Home WiFi,False,False,0
772,deposit,172.44,2699.93,Walmart,"Berlin, Germany",MacBook,Public WiFi,False,False,0
773,deposit,371.67,5388.900000000001,Amazon,"New York, USA",MacBook,Public WiFi,False,False,0
773,phone_change,0.0,5388.900000000001,0,"Los Angeles, USA",MacBook,Public WiFi,False,False,0
774,withdrawal,498.35,6046.949999999999,Target,"Berlin, Germany",Windows Laptop,Public WiFi,False,False,0
775,withdrawal,295.24,6630.350000000001,Apple Store,"London, UK",Android,Public WiFi,False,False,0
776,deposit,444.69,5960.89,Walmart,"New York, USA",Android,Public WiFi,False,False,0
776,phone_change,0.0,5960.89,0,"New York, USA",Android,Home WiFi,False,False,0
777,deposit,838.81,8145.48,Apple Store,"Berlin, Germany",Windows Laptop,Mobile Network,False,False,0
778,deposit,838.11,4237.64,Amazon,"New York, USA",iPhone,Corporate Network,False,False,0
779,withdrawal,204.02,3733.5299999999997,Starbucks,"London, UK",MacBook,Mobile Network,False,False,0
780,deposit,115.15,4941.82,Amazon,"Tokyo, Japan",Windows Laptop,Mobile Network,False,False,0
781,withdrawal,376.61,3889.5499999999997,Amazon,"Los Angeles, USA",Android,Home WiFi,False,False,0
782,deposit,841.44,5431.77,Amazon,"Berlin, Germany",Linux PC,Home WiFi,False,False,0
783,deposit,990.07,6562.609999999999,Walmart,"New York, USA",iPhone,Public WiFi,False,False,0
784,deposit,536.06,6542.869999999999,Walmart,"Los Angeles, USA",Windows Laptop,Mobile Network,False,False,0
785,deposit,583.22,5038.240000000001,Target,"Los Angeles, USA",iPhone,Home WiFi,False,False,0
786,withdrawal,123.56,6180.599999999999,Amazon,"New York, USA",iPhone,Home WiFi,False,False,0
787,deposit,613.47,5791.7699999999995,Target,"London, UK",iPad,Mobile Network,False,False,0
788,withdrawal,258.27,3705.93,Target,"London, UK",Linux PC,Public WiFi,False,False,0
789,deposit,770.06,3948.8799999999997,Starbucks,"Tokyo, Japan",iPhone,Home WiFi,False,False,0
789,email_change,0.0,3948.8799999999997,0,"New York, USA",Android,Home WiFi,False,False,0
790,deposit,838.8,5688.400000000001,Best Buy,"Los Angeles, USA",Linux PC,Mobile Network,False,False,0
791,deposit,178.67,3116.65,Walmart,"Los Angeles, USA",Android,Public WiFi,False,False,0
792,deposit,643.38,4725.57,Amazon,"London, UK",Android,Corporate Network,False,False,0
793,withdrawal,144.03,2206.98,Target,"New York, USA",Windows Laptop,Public WiFi,False,False,0
794,deposit,967.05,4756.29,Starbucks,"Tokyo, Japan",Android,Corporate Network,False,False,0
795,deposit,545.64,2084.84,Best Buy,"Paris, France",MacBook,Public WiFi,False,False,0
796,deposit,899.84,4218.29,Amazon,"New York, USA",MacBook,Home WiFi,False,False,0
797,withdrawal,307.25,6241.6900000000005,Amazon,"Los Angeles, USA",iPhone,Corporate Network,False,False,0
798,deposit,809.67,5142.48,Amazon,"Tokyo, Japan",iPhone,Public WiFi,False,False,0
799,deposit,986.41,6005.59,Amazon,"New York, USA",MacBook,Public WiFi,False,False,0
800,deposit,415.42,3160.86,Amazon,"Tokyo, Japan",iPhone,Public WiFi,False,False,0
801,withdrawal,360.23,5114.960000000001,Best Buy,"Berlin, Germany",iPhone,Mobile Network,False,False,0
802,withdrawal,350.73,2578.6200000000003,Best Buy,"New York, USA",iPad,Home WiFi,False,False,0
803,withdrawal,306.24,3160.379999999999,Amazon,"New York, USA",MacBook,Home WiFi,False,False,0
804,deposit,590.21,4129.22,Starbucks,"Berlin, Germany",Android,Mobile Network,False,True,0
805,deposit,186.77,3878.9700000000007,Amazon,"London, UK",Linux PC,Mobile Network,False,True,0
805,phone_change,0.0,3878.9700000000007,0,"Tokyo, Japan",Android,Corporate Network,False,False,0
806,withdrawal,373.85,7132.58,Best Buy,"Los Angeles, USA",iPhone,Public WiFi,False,False,0
807,deposit,130.46,3021.58,Walmart,"Tokyo, Japan",MacBook,Home WiFi,False,False,0
807,phone_change,0.0,3021.58,0,"Los Angeles, USA",MacBook,Corporate Network,False,False,0
808,deposit,363.33,3799.61,Amazon,"New York, USA",Android,Home WiFi,False,False,0
808,phone_change,0.0,3799.61,0,"London, UK",Windows Laptop,Home WiFi,False,False,0
809,withdrawal,333.84,1432.5300000000004,Apple Store,"Los Angeles, USA",MacBook,Public WiFi,False,False,0
810,deposit,944.6,8120.340000000001,Best Buy,"London, UK",Android,Public WiFi,False,False,0
811,deposit,523.18,7254.930000000001,Starbucks,"Berlin, Germany",Windows Laptop,Home WiFi,False,False,0
812,deposit,580.71,4452.4400000000005,Target,"London, UK",Windows Laptop,Public WiFi,False,False,0
812,password_change,0.0,4452.4400000000005,0,"Paris, France",Windows Laptop,Corporate Network,False,False,0
813,withdrawal,492.87,6984.82,Amazon,"New York, USA",Android,Corporate Network,False,False,0
814,deposit,406.68,2626.5,Best Buy,"Los Angeles, USA",iPhone,Home WiFi,False,False,0
815,withdrawal,189.32,4285.820000000001,Best Buy,"Los Angeles, USA",iPhone,Corporate Network,False,False,0
816,withdrawal,491.09,509.9099999999998,Starbucks,"Tokyo, Japan",iPad,Home WiFi,False,False,0
817,withdrawal,301.22,6467.610000000001,Apple Store,"New York, USA",iPhone,Corporate Network,True,False,0
818,withdrawal,291.36,3697.47,Best Buy,"New York, USA",iPad,Mobile Network,False,False,0
818,email_change,0.0,3697.47,0,"London, UK",iPhone,Corporate Network,False,False,0
819,withdrawal,383.79,2318.53,Target,"Tokyo, Japan",Android,Home WiFi,False,False,0
820,deposit,559.7,3617.6400000000003,Starbucks,"Tokyo, Japan",iPhone,Corporate Network,False,False,0
821,withdrawal,137.74,5436.4400000000005,Apple Store,"Los Angeles, USA",Android,Mobile Network,False,False,0
822,withdrawal,457.74,4340.840000000001,Amazon,"London, UK",MacBook,Public WiFi,False,False,0
823,deposit,802.59,4267.57,Walmart,"London, UK",iPhone,Home WiFi,False,False,0
824,deposit,369.75,3312.82,Amazon,"New York, USA",MacBook,Home WiFi,False,False,0
824,phone_change,0.0,3312.82,0,"New York, USA",iPad,Mobile Network,False,False,0
825,withdrawal,186.83,7034.910000000001,Target,"Los Angeles, USA",iPhone,Mobile Network,False,False,0
826,withdrawal,178.64,4724.769999999999,Target,"Berlin, Germany",iPhone,Home WiFi,False,False,0
827,withdrawal,408.19,1482.4600000000003,Apple Store,"Los Angeles, USA",MacBook,Mobile Network,False,False,0
827,password_change,0.0,1482.4600000000003,0,"New York, USA",Android,Public WiFi,False,False,0
828,deposit,391.67,4026.5699999999997,Target,"London, UK",iPhone,Public WiFi,False,False,0
829,deposit,602.54,3224.55,Starbucks,"Los Angeles, USA",MacBook,Public WiFi,False,False,0
830,deposit,629.48,2181.23,Walmart,"New York, USA",Windows Laptop,Corporate Network,False,False,0
830,email_change,0.0,2181.23,0,"New York, USA",MacBook,Public WiFi,False,False,0
831,deposit,191.4,5512.800000000001,Target,"London, UK",Windows Laptop,Mobile Network,False,False,0
832,deposit,964.09,6003.409999999999,Apple Store,"Tokyo, Japan",Windows Laptop,Public WiFi,False,False,0
833,deposit,764.52,5138.959999999999,Best Buy,"New York, USA",MacBook,Corporate Network,False,False,0
834,deposit,905.78,6209.740000000001,Walmart,"London, UK",Android,Public WiFi,False,False,0
835,deposit,505.0,6318.25,Amazon,"New York, USA",Android,Home WiFi,False,False,0
836,deposit,663.68,6986.970000000001,Amazon,"Berlin, Germany",MacBook,Public WiFi,False,False,0
836,phone_change,0.0,6986.970000000001,0,"Berlin, Germany",Android,Corporate Network,False,False,0
837,deposit,848.9,2794.8500000000004,Walmart,"Los Angeles, USA",MacBook,Mobile Network,False,False,0
838,deposit,291.93,9000.83,Amazon,"Los Angeles, USA",Android,Corporate Network,False,False,0
839,deposit,560.73,6786.639999999999,Walmart,"Berlin, Germany",iPhone,Home WiFi,False,False,0
839,password_change,0.0,6786.639999999999,0,"Paris, France",Linux PC,Public WiFi,False,False,0
840,withdrawal,445.05,1461.7600000000002,Best Buy,"New York, USA",iPhone,Public WiFi,False,False,0
840,email_change,0.0,1461.7600000000002,0,"Tokyo, Japan",iPhone,Home WiFi,False,False,0
841,withdrawal,208.67,2488.21,Walmart,"Los Angeles, USA",MacBook,Public WiFi,False,False,0
841,phone_change,0.0,2488.21,0,"Berlin, Germany",Windows Laptop,Public WiFi,False,False,0
842,deposit,697.51,7214.4,Best Buy,"Tokyo, Japan",MacBook,Corporate Network,False,False,0
843,withdrawal,100.55,2312.49,Amazon,"London, UK",MacBook,Mobile Network,False,False,0
844,deposit,232.24,6266.3099999999995,Amazon,"Berlin, Germany",iPhone,Corporate Network,False,False,0
845,deposit,785.52,5020.67,Best Buy,"New York, USA",Windows Laptop,Corporate Network,False,False,0
846,deposit,647.57,5868.4,Walmart,"New York, USA",Windows Laptop,Public WiFi,False,False,0
847,deposit,109.0,6703.34,Amazon,"Tokyo, Japan",Android,Mobile Network,False,True,0
848,deposit,756.11,6377.08,Walmart,"Los Angeles, USA",iPhone,Home WiFi,False,True,0
848,phone_change,0.0,6377.08,0,"Tokyo, Japan",iPhone,Home WiFi,False,False,0
849,deposit,445.23,7039.57,Walmart,"New York, USA",MacBook,Home WiFi,False,False,0
850,deposit,595.78,5182.749999999999,Amazon,"London, UK",Android,Public WiFi,False,False,0
851,deposit,406.39,3218.54,Target,"Tokyo, Japan",Windows Laptop,Public WiFi,False,False,0
851,password_change,0.0,3218.54,0,"Paris, France",Linux PC,Mobile Network,False,False,0
852,deposit,729.11,3415.25,Target,"New York, USA",MacBook,Corporate Network,False,False,0
852,email_change,0.0,3415.25,0,"New York, USA",Windows Laptop,Public WiFi,False,False,0
853,deposit,477.14,5166.650000000001,Amazon,"New York, USA",Windows Laptop,Public WiFi,False,False,0
853,phone_change,0.0,5166.650000000001,0,"Paris, France",Windows Laptop,Home WiFi,False,False,0
854,withdrawal,457.0,2440.5,Walmart,"New York, USA",Android,Mobile Network,False,False,0
854,password_change,0.0,2440.5,0,"Tokyo, Japan",Android,Public WiFi,False,False,0
855,withdrawal,207.81,3221.16,Amazon,"London, UK",iPhone,Public WiFi,False,False,0
855,phone_change,0.0,3221.16,0,"Paris, France",Android,Mobile Network,False,False,0
856,deposit,937.23,4217.700000000001,Walmart,"New York, USA",Android,Mobile Network,False,False,0
857,withdrawal,201.68,6412.960000000001,Apple Store,"Tokyo, Japan",iPhone,Home WiFi,False,False,0
858,deposit,575.52,2527.42,Target,"Los Angeles, USA",Windows Laptop,Mobile Network,True,False,0
859,withdrawal,310.77,2674.38,Amazon,"Berlin, Germany",MacBook,Corporate Network,False,False,0
860,withdrawal,149.85,4894.739999999999,Apple Store,"Los Angeles, USA",MacBook,Public WiFi,False,False,0
861,withdrawal,265.07,5524.46,Best Buy,"Los Angeles, USA",Android,Home WiFi,False,False,0
862,deposit,160.32,8089.69,Apple Store,"Tokyo, Japan",Linux PC,Corporate Network,False,False,0
863,withdrawal,496.62,2632.5,Apple Store,"New York, USA",MacBook,Corporate Network,False,False,0
863,password_change,0.0,2632.5,0,"New York, USA",MacBook,Public WiFi,False,False,0
864,deposit,642.94,4412.8,Target,"Los Angeles, USA",iPhone,Mobile Network,True,False,0
864,email_change,0.0,4412.8,0,"New York, USA",iPad,Home WiFi,False,False,0
865,deposit,642.73,6770.550000000001,Best Buy,"Los Angeles, USA",Android,Public WiFi,False,False,0
866,withdrawal,136.99,1322.6400000000006,Target,"Paris, France",iPhone,Public WiFi,False,False,0
866,phone_change,0.0,1322.6400000000006,0,"Los Angeles, USA",MacBook,Mobile Network,False,False,0
867,withdrawal,216.0,4946.740000000001,Amazon,"New York, USA",Windows Laptop,Home WiFi,False,False,0
868,deposit,620.86,5672.4800000000005,Amazon,"Tokyo, Japan",iPhone,Corporate Network,False,False,0
869,deposit,228.22,4352.84,Best Buy,"Paris, France",iPad,Home WiFi,False,False,0
870,deposit,380.56,5644.800000000001,Target,"Los Angeles, USA",Android,Corporate Network,False,False,0
870,email_change,0.0,5644.800000000001,0,"Tokyo, Japan",iPhone,Public WiFi,False,False,0
871,withdrawal,313.07,367.80000000000024,Amazon,"Los Angeles, USA",iPhone,Mobile Network,False,False,0
871,email_change,0.0,367.80000000000024,0,"New York, USA",iPad,Public WiFi,False,False,0
872,deposit,244.2,4500.009999999999,Starbucks,"Paris, France",Linux PC,Home WiFi,False,False,0
873,deposit,641.38,4439.9,Amazon,"New York, USA",Android,Public WiFi,False,False,0
874,deposit,860.19,3918.5099999999998,Apple Store,"Paris, France",Android,Corporate Network,False,False,0
875,withdrawal,241.01,3650.24,Target,"Paris, France",Windows Laptop,Home WiFi,False,False,0
876,withdrawal,318.75,2749.6400000000003,Amazon,"Tokyo, Japan",Windows Laptop,Home WiFi,False,False,0
877,withdrawal,410.12,687.85,Amazon,"New York, USA",iPhone,Mobile Network,False,True,0
878,deposit,935.26,4083.2200000000003,Amazon,"London, UK",MacBook,Public WiFi,True,False,0
879,deposit,991.43,6891.340000000001,Best Buy,"New York, USA",Windows Laptop,Home WiFi,False,True,0
879,phone_change,0.0,6891.340000000001,0,"New York, USA",Android,Mobile Network,False,True,0
880,deposit,151.5,6233.15,Starbucks,"Paris, France",iPhone,Home WiFi,False,False,0
881,deposit,985.98,6349.460000000001,Target,"Berlin, Germany",iPhone,Public WiFi,False,False,0
882,deposit,325.87,2332.01,Target,"Berlin, Germany",Android,Mobile Network,False,False,0
882,phone_change,0.0,2332.01,0,"New York, USA",iPhone,Mobile Network,False,False,0
883,deposit,513.04,3417.71,Amazon,"New York, USA",iPhone,Public WiFi,False,False,0
884,deposit,384.66,5398.7,Walmart,"New York, USA",iPhone,Home WiFi,False,False,0
885,deposit,199.14,5417.749999999999,Walmart,"Paris, France",Windows Laptop,Home WiFi,False,False,0
886,deposit,566.32,4771.540000000001,Target,"London, UK",MacBook,Public WiFi,False,False,0
886,phone_change,0.0,4771.540000000001,0,"New York, USA",Android,Home WiFi,False,False,0
887,deposit,179.03,5350.8,Walmart,"Tokyo, Japan",MacBook,Public WiFi,False,False,0
888,deposit,212.91,7258.719999999998,Apple Store,"Tokyo, Japan",iPhone,Home WiFi,False,False,0
889,deposit,361.69,2613.7000000000003,Target,"Berlin, Germany",Windows Laptop,Corporate Network,False,False,0
890,deposit,602.31,6315.91,Best Buy,"New York, USA",iPhone,Corporate Network,False,False,0
891,deposit,689.18,6226.780000000001,Best Buy,"New York, USA",MacBook,Corporate Network,False,False,0
892,deposit,624.47,6278.03,Amazon,"London, UK",iPhone,Home WiFi,False,False,0
893,deposit,149.1,1010.4900000000004,Walmart,"Berlin, Germany",iPhone,Corporate Network,False,False,0
893,phone_change,0.0,1010.4900000000004,0,"Paris, France",iPhone,Corporate Network,False,False,0
894,withdrawal,473.39,3987.61,Target,"Tokyo, Japan",iPhone,Public WiFi,False,False,0
895,deposit,138.37,6371.25,Target,"Paris, France",Windows Laptop,Corporate Network,False,False,0
896,withdrawal,420.84,6026.479999999999,Target,"Paris, France",Linux PC,Public WiFi,False,False,0
897,deposit,236.35,4334.09,Amazon,"New York, USA",Windows Laptop,Public WiFi,False,False,0
897,phone_change,0.0,4334.09,0,"New York, USA",Android,Corporate Network,False,False,0
898,deposit,742.89,6025.1900000000005,Walmart,"New York, USA",iPhone,Home WiFi,False,False,0
899,deposit,390.83,6739.280000000001,Amazon,"Los Angeles, USA",Android,Home WiFi,False,False,0
900,withdrawal,77.93,3541.69,Walmart,"New York, USA",iPhone,Home WiFi,False,False,0
901,withdrawal,223.13,2066.27,Apple Store,"Los Angeles, USA",iPhone,Public WiFi,False,False,0
902,deposit,285.6,3271.62,Amazon,"New York, USA",Windows Laptop,Public WiFi,False,False,0
903,deposit,193.11,5496.93,Walmart,"Tokyo, Japan",iPhone,Home WiFi,False,False,0
904,deposit,635.0,5977.02,Best Buy,"Tokyo, Japan",iPhone,Corporate Network,False,True,0
905,deposit,117.57,4482.93,Amazon,"Tokyo, Japan",iPhone,Public WiFi,False,False,0
906,withdrawal,239.5,3724.4599999999996,Amazon,"Los Angeles, USA",Linux PC,Public WiFi,False,True,0
907,deposit,668.16,5739.06,Amazon,"London, UK",Windows Laptop,Corporate Network,False,False,0
908,deposit,547.56,4460.72,Best Buy,"New York, USA",Android,Public WiFi,False,False,0
908,password_change,0.0,4460.72,0,"Tokyo, Japan",Windows Laptop,Home WiFi,False,False,0
909,withdrawal,405.64,3844.93,Walmart,"New York, USA",MacBook,Mobile Network,False,False,0
910,deposit,194.64,4480.950000000001,Target,"Berlin, Germany",iPhone,Home WiFi,False,False,0
910,password_change,0.0,4480.950000000001,0,"New York, USA",iPhone,Mobile Network,False,False,0
911,deposit,149.51,3359.96,Amazon,"Tokyo, Japan",Android,Mobile Network,False,False,0
912,deposit,799.48,3478.5600000000004,Walmart,"Paris, France",Windows Laptop,Mobile Network,False,True,0
913,deposit,577.61,3577.3100000000004,Amazon,"Tokyo, Japan",MacBook,Home WiFi,False,False,0
914,withdrawal,276.97,4983.87,Amazon,"New York, USA",Android,Public WiFi,False,False,0
915,withdrawal,418.84,3382.6800000000003,Best Buy,"Tokyo, Japan",iPhone,Corporate Network,False,False,0
916,withdrawal,276.46,4477.82,Apple Store,"New York, USA",iPhone,Corporate Network,False,False,0
917,withdrawal,99.67,5052.79,Apple Store,"Tokyo, Japan",MacBook,Public WiFi,False,False,0
918,deposit,433.92,6511.910000000001,Best Buy,"Los Angeles, USA",Android,Corporate Network,False,False,0
919,withdrawal,199.29,2686.5099999999998,Target,"New York, USA",Android,Mobile Network,False,False,0
920,withdrawal,343.1,4773.869999999999,Apple Store,"Los Angeles, USA",MacBook,Home WiFi,False,False,0
921,deposit,967.57,2830.8,Target,"New York, USA",MacBook,Mobile Network,False,False,0
922,deposit,993.02,5815.779999999999,Amazon,"New York, USA",Android,Corporate Network,False,False,0
923,deposit,958.21,8250.649999999998,Starbucks,"Tokyo, Japan",MacBook,Corporate Network,False,False,0
924,deposit,525.13,5591.8,Starbucks,"Paris, France",Windows Laptop,Mobile Network,False,False,0
924,password_change,0.0,5591.8,0,"New York, USA",Windows Laptop,Home WiFi,False,False,0
925,deposit,306.61,6232.490000000001,Apple Store,"New York, USA",iPhone,Home WiFi,False,False,0
926,deposit,109.69,4990.929999999999,Walmart,"Berlin, Germany",iPhone,Mobile Network,False,False,0
926,email_change,0.0,4990.929999999999,0,"New York, USA",iPhone,Corporate Network,False,False,0
927,deposit,747.43,4734.410000000001,Walmart,"New York, USA",Windows Laptop,Home WiFi,False,False,0
928,withdrawal,498.31,4099.259999999999,Best Buy,"New York, USA",Windows Laptop,Corporate Network,False,False,0
929,withdrawal,353.03,3555.409999999999,Amazon,"Tokyo, Japan",Windows Laptop,Home WiFi,False,False,0
929,password_change,0.0,3555.409999999999,0,"Berlin, Germany",iPhone,Mobile Network,False,False,0
930,deposit,393.69,5315.07,Target,"Berlin, Germany",Windows Laptop,Home WiFi,False,False,0
930,email_change,0.0,5315.07,0,"Berlin, Germany",Android,Home WiFi,False,False,0
931,deposit,196.9,5209.080000000001,Best Buy,"Los Angeles, USA",iPhone,Home WiFi,False,False,0
932,withdrawal,364.12,4062.5699999999997,Amazon,"Los Angeles, USA",MacBook,Corporate Network,False,False,0
933,deposit,536.66,4014.29,Walmart,"Los Angeles, USA",Windows Laptop,Mobile Network,False,False,0
934,deposit,924.92,4571.8,Target,"Tokyo, Japan",Android,Public WiFi,False,False,0
935,deposit,131.09,3713.830000000001,Best Buy,"New York, USA",Android,Mobile Network,False,False,0
935,password_change,0.0,3713.830000000001,0,"New York, USA",Windows Laptop,Home WiFi,False,False,0
936,withdrawal,193.35,4921.58,Amazon,"London, UK",Windows Laptop,Mobile Network,False,False,0
937,withdrawal,284.35,2850.2200000000003,Best Buy,"Los Angeles, USA",Android,Home WiFi,False,False,0
938,withdrawal,135.46,7430.34,Target,"New York, USA",Windows Laptop,Corporate Network,False,False,0
939,withdrawal,476.71,5483.42,Walmart,"Los Angeles, USA",iPhone,Mobile Network,False,False,0
940,deposit,802.22,2903.8500000000004,Amazon,"New York, USA",Windows Laptop,Home WiFi,False,False,0
940,password_change,0.0,2903.8500000000004,0,"Berlin, Germany",MacBook,Mobile Network,False,False,0
941,withdrawal,55.46,2813.4499999999994,Walmart,"New York, USA",iPhone,Corporate Network,False,False,0
941,email_change,0.0,2813.4499999999994,0,"Tokyo, Japan",Android,Home WiFi,False,False,0
942,deposit,196.25,4485.400000000001,Starbucks,"Tokyo, Japan",iPhone,Public WiFi,False,False,0
943,withdrawal,434.16,3504.36,Best Buy,"New York, USA",iPad,Public WiFi,False,False,0
944,deposit,479.19,3048.1200000000003,Walmart,"New York, USA",Windows Laptop,Corporate Network,False,False,0
945,deposit,553.58,5212.290000000001,Target,"Berlin, Germany",iPhone,Corporate Network,False,False,0
945,email_change,0.0,5212.290000000001,0,"New York, USA",Windows Laptop,Home WiFi,False,False,0
946,deposit,288.47,1829.89,Amazon,"Berlin, Germany",Android,Home WiFi,False,False,0
947,deposit,493.03,6816.579999999999,Amazon,"Los Angeles, USA",iPhone,Corporate Network,False,True,0
948,deposit,648.11,3038.1799999999994,Amazon,"London, UK",Android,Home WiFi,False,False,0
949,deposit,185.2,4200.750000000001,Amazon,"Tokyo, Japan",iPhone,Mobile Network,False,False,0
950,deposit,964.73,5131.3099999999995,Walmart,"Tokyo, Japan",Windows Laptop,Home WiFi,False,False,0
951,deposit,899.51,6753.25,Walmart,"Paris, France",iPhone,Public WiFi,False,False,0
951,password_change,0.0,6753.25,0,"New York, USA",Windows Laptop,Corporate Network,False,False,0
952,deposit,638.8,3291.46,Walmart,"Los Angeles, USA",iPad,Corporate Network,False,False,0
953,withdrawal,411.77,3376.38,Best Buy,"New York, USA",Windows Laptop,Public WiFi,False,False,0
954,deposit,407.39,6284.780000000001,Apple Store,"Berlin, Germany",Windows Laptop,Mobile Network,False,False,0
954,password_change,0.0,6284.780000000001,0,"Tokyo, Japan",Windows Laptop,Mobile Network,False,False,0
955,deposit,418.63,6605.31,Apple Store,"Paris, France",Windows Laptop,Public WiFi,False,False,0
955,phone_change,0.0,6605.31,0,"New York, USA",MacBook,Mobile Network,False,False,0
956,deposit,798.16,7147.76,Target,"Berlin, Germany",Windows Laptop,Public WiFi,False,False,0
957,deposit,424.35,6115.870000000001,Apple Store,"Tokyo, Japan",MacBook,Mobile Network,False,False,0
957,password_change,0.0,6115.870000000001,0,"New York, USA",iPhone,Home WiFi,False,False,0
958,withdrawal,419.26,1639.89,Amazon,"London, UK",iPhone,Public WiFi,False,False,0
959,deposit,784.05,5536.4,Walmart,"Berlin, Germany",iPhone,Public WiFi,False,False,0
960,deposit,512.8,5882.28,Starbucks,"New York, USA",Android,Mobile Network,False,False,0
961,deposit,791.67,4534.340000000001,Amazon,"Los Angeles, USA",iPhone,Public WiFi,False,False,0
962,deposit,528.19,4912.6799999999985,Best Buy,"Berlin, Germany",MacBook,Corporate Network,False,False,0
963,deposit,982.86,6574.94,Amazon,"New York, USA",iPhone,Mobile Network,False,False,0
963,phone_change,0.0,6574.94,0,"New York, USA",Windows Laptop,Mobile Network,False,False,0
964,deposit,376.87,5119.44,Starbucks,"New York, USA",MacBook,Public WiFi,False,False,0
964,phone_change,0.0,5119.44,0,"Berlin, Germany",iPhone,Mobile Network,False,False,0
965,deposit,826.85,6613.349999999999,Apple Store,"New York, USA",iPhone,Public WiFi,False,False,0
966,withdrawal,132.89,4129.389999999999,Target,"Berlin, Germany",Android,Public WiFi,False,False,0
967,deposit,711.12,4490.02,Starbucks,"Tokyo, Japan",Android,Public WiFi,False,False,0
967,email_change,0.0,4490.02,0,"Los Angeles, USA",Windows Laptop,Public WiFi,False,False,0
968,withdrawal,164.94,5510.79,Amazon,"New York, USA",Windows Laptop,Mobile Network,False,False,0
969,deposit,906.48,6366.039999999999,Target,"Berlin, Germany",iPhone,Public WiFi,True,False,0
970,deposit,363.79,8287.75,Walmart,"Paris, France",iPhone,Corporate Network,False,False,0
970,email_change,0.0,8287.75,0,"New York, USA",Android,Home WiFi,False,False,0
971,withdrawal,178.48,4728.85,Starbucks,"New York, USA",MacBook,Public WiFi,False,False,0
972,withdrawal,487.57,1899.3500000000001,Best Buy,"Paris, France",Android,Home WiFi,False,False,0
973,withdrawal,212.84,4894.129999999999,Apple Store,"London, UK",iPhone,Mobile Network,False,False,0
973,password_change,0.0,4894.129999999999,0,"Paris, France",Windows Laptop,Home WiFi,False,False,0
974,withdrawal,250.37,3360.9000000000005,Target,"New York, USA",MacBook,Corporate Network,False,False,0
975,withdrawal,249.56,2646.1799999999994,Walmart,"Los Angeles, USA",MacBook,Corporate Network,False,False,0
976,deposit,862.88,5860.96,Walmart,"London, UK",Android,Corporate Network,False,False,0
977,deposit,869.56,4801.15,Amazon,"Berlin, Germany",Android,Home WiFi,True,False,0
978,deposit,631.7,4571.68,Apple Store,"Los Angeles, USA",MacBook,Mobile Network,False,False,0
979,deposit,886.94,3119.41,Amazon,"Tokyo, Japan",MacBook,Mobile Network,False,False,0
980,withdrawal,97.17,5590.389999999999,Apple Store,"New York, USA",Windows Laptop,Mobile Network,False,False,0
981,withdrawal,243.18,4851.039999999999,Best Buy,"Tokyo, Japan",Android,Mobile Network,False,False,0
981,email_change,0.0,4851.039999999999,0,"London, UK",Android,Public WiFi,False,False,0
982,deposit,930.79,6115.199999999999,Apple Store,"Los Angeles, USA",iPhone,Home WiFi,False,False,0
983,withdrawal,124.88,4032.62,Target,"Los Angeles, USA",Windows Laptop,Public WiFi,False,False,0
984,deposit,384.79,4901.67,Target,"New York, USA",Windows Laptop,Corporate Network,False,False,0
985,deposit,154.49,2200.800000000001,Amazon,"Los Angeles, USA",MacBook,Corporate Network,False,False,0
986,withdrawal,199.82,3382.2599999999998,Starbucks,"London, UK",iPhone,Corporate Network,False,False,0
987,deposit,272.53,2976.13,Amazon,"New York, USA",iPhone,Home WiFi,False,False,0
987,password_change,0.0,2976.13,0,"Los Angeles, USA",iPhone,Corporate Network,False,False,0
988,deposit,979.31,4454.79,Walmart,"Los Angeles, USA",iPhone,Mobile Network,False,False,0
989,deposit,189.37,2104.15,Walmart,"Tokyo, Japan",iPhone,Home WiFi,False,False,0
989,phone_change,0.0,2104.15,0,"New York, USA",MacBook,Public WiFi,False,False,0
990,deposit,620.46,4649.35,Target,"London, UK",iPhone,Public WiFi,False,False,0
991,deposit,915.43,6233.71,Best Buy,"Paris, France",Linux PC,Mobile Network,False,False,0
992,deposit,285.99,3093.0999999999995,Target,"New York, USA",Android,Mobile Network,False,False,0
993,deposit,625.81,3169.52,Walmart,"New York, USA",iPad,Home WiFi,False,False,0
994,withdrawal,424.76,5110.249999999999,Walmart,"Tokyo, Japan",Windows Laptop,Mobile Network,False,False,0
995,deposit,558.8,4387.21,Amazon,"London, UK",iPhone,Home WiFi,False,False,0
996,withdrawal,276.44,1854.2700000000004,Starbucks,"Los Angeles, USA",Android,Mobile Network,False,False,0
997,deposit,299.57,5363.9299999999985,Amazon,"Berlin, Germany",Windows Laptop,Mobile Network,False,False,0
998,deposit,788.15,3124.5299999999997,Amazon,"Los Angeles, USA",Android,Home WiFi,False,False,0
999,deposit,663.17,3032.23,Walmart,"Los Angeles, USA",MacBook,Public WiFi,False,False,0
100,fraud,667.22,-9148.859999999999,Amazon,"New York, USA",Android,Home WiFi,False,False,1
100,withdrawal,0.0,-9148.859999999999,0,"Tokyo, Japan",iPhone,Mobile Network,False,False,1
101,fraud,1014.49,-10320.91,Walmart,"Berlin, Germany",Android,Public WiFi,False,False,1
101,withdrawal,0.0,-10320.91,0,"Los Angeles, USA",Android,Public WiFi,False,False,1
102,fraud,45.72,-9711.400000000001,Walmart,"Paris, France",MacBook,Mobile Network,False,False,1
103,fraud,4470.59,-5633.949999999999,Amazon,"Berlin, Germany",MacBook,Public WiFi,False,False,1
103,password_change,0.0,-5633.949999999999,0,"Paris, France",Windows Laptop,Mobile Network,False,False,1
104,fraud,123.16,-5603.09,Amazon,"Tokyo, Japan",Android,Home WiFi,False,False,1
105,fraud,140.13,-9646.94,Amazon,"Berlin, Germany",Windows Laptop,Corporate Network,False,False,1
106,fraud,1681.81,-4906.26,Target,"Los Angeles, USA",MacBook,Mobile Network,False,False,1
107,fraud,892.79,-5488.95,Amazon,"Paris, France",Android,Corporate Network,False,False,1
107,withdrawal,0.0,-5488.95,0,"Los Angeles, USA",iPad,Corporate Network,False,False,1
108,fraud,1592.43,-8074.09,Walmart,"Berlin, Germany",iPhone,Public WiFi,False,False,1
109,fraud,25.59,2483.710000000001,Amazon,"New York, USA",iPhone,Mobile Network,False,False,1
109,withdrawal,0.0,2483.710000000001,0,"Tokyo, Japan",MacBook,Mobile Network,False,True,1
110,fraud,866.84,-8336.95,Target,"Paris, France",Android,Public WiFi,False,False,1
110,email_change,0.0,-8336.95,0,"Los Angeles, USA",Windows Laptop,Public WiFi,False,False,1
111,fraud,459.48,8703.18,Amazon,"New York, USA",iPhone,Home WiFi,False,False,1
111,email_change,0.0,8703.18,0,"London, UK",iPhone,Home WiFi,False,False,1
112,fraud,6558.51,-6722.75,Amazon,"Tokyo, Japan",Android,Mobile Network,False,False,1
113,fraud,9776.21,-12758.77,Target,"Tokyo, Japan",MacBook,Mobile Network,False,False,1
114,fraud,938.84,3423.21,Walmart,"Tokyo, Japan",Android,Home WiFi,False,False,1
115,fraud,4073.35,-2814.7999999999997,Target,"Los Angeles, USA",Android,Public WiFi,False,False,1
115,withdrawal,0.0,-2814.7999999999997,0,"London, UK",iPhone,Mobile Network,False,False,1
116,fraud,37.8,12428.81,Best Buy,"Los Angeles, USA",MacBook,Mobile Network,False,False,1
116,withdrawal,0.0,12428.81,0,"Los Angeles, USA",Android,Corporate Network,False,False,1
117,fraud,867.73,6428.780000000001,Apple Store,"New York, USA",MacBook,Public WiFi,False,False,1
117,withdrawal,0.0,6428.780000000001,0,"Berlin, Germany",iPhone,Mobile Network,False,False,1
118,fraud,115.93,4420.049999999999,Amazon,"Berlin, Germany",Android,Public WiFi,False,False,1
119,fraud,3419.03,-9425.039999999999,Amazon,"New York, USA",iPhone,Corporate Network,False,False,1
119,suspicious_login,0.0,-9425.039999999999,0,"Berlin, Germany",Windows Laptop,Corporate Network,False,False,1
120,fraud,1201.0,-2779.84,Walmart,"Los Angeles, USA",iPhone,Public WiFi,False,False,1
121,fraud,3430.54,-5232.51,Amazon,"Los Angeles, USA",Android,Home WiFi,False,False,1
122,fraud,777.87,-480.4800000000001,Walmart,"London, UK",Android,Public WiFi,False,False,1
123,fraud,3332.54,6110.26,Amazon,"Los Angeles, USA",iPhone,Home WiFi,False,False,1
124,fraud,91.7,2978.0199999999995,Walmart,"New York, USA",Windows Laptop,Home WiFi,False,False,1
124,password_change,0.0,2978.0199999999995,0,"Los Angeles, USA",Android,Home WiFi,False,False,1
125,fraud,3977.64,16021.87,Amazon,"London, UK",Android,Mobile Network,False,False,1
125,deposit,0.0,16021.87,0,"New York, USA",iPhone,Corporate Network,False,False,1
126,fraud,4012.55,-8704.09,Apple Store,"Berlin, Germany",iPhone,Corporate Network,False,True,1
127,fraud,2106.4,2784.0500000000006,Starbucks,"Tokyo, Japan",Android,Home WiFi,False,False,1
127,phone_change,0.0,2784.0500000000006,0,"Tokyo, Japan",iPad,Home WiFi,False,False,1
128,fraud,2948.08,-1547.810000000001,Best Buy,"New York, USA",Android,Mobile Network,False,False,1
128,failed_login,0.0,-1547.810000000001,0,"Tokyo, Japan",iPhone,Home WiFi,False,False,1
129,fraud,3979.28,-10437.220000000001,Target,"London, UK",iPhone,Corporate Network,False,False,1
129,suspicious_login,0.0,-10437.220000000001,0,"New York, USA",MacBook,Home WiFi,False,False,1
130,fraud,155.6,5480.45,Walmart,"New York, USA",Windows Laptop,Corporate Network,False,False,1
131,fraud,450.37,801.8800000000009,Amazon,"New York, USA",Windows Laptop,Home WiFi,False,False,1
131,email_change,0.0,801.8800000000009,0,"Tokyo, Japan",Windows Laptop,Mobile Network,False,False,1
132,fraud,4060.73,-8125.75,Starbucks,"Los Angeles, USA",MacBook,Home WiFi,False,False,1
133,fraud,1783.41,-3078.83,Amazon,"Tokyo, Japan",iPhone,Home WiFi,False,False,1
134,fraud,792.86,6070.2,Target,"Los Angeles, USA",Windows Laptop,Home WiFi,False,False,1
135,fraud,2867.95,-7811.199999999999,Apple Store,"New York, USA",iPhone,Public WiFi,False,False,1
136,fraud,1972.24,-8737.84,Apple Store,"Los Angeles, USA",MacBook,Mobile Network,False,False,1
137,fraud,374.83,3723.12,Walmart,"New York, USA",Windows Laptop,Public WiFi,False,False,1
137,email_change,0.0,3723.12,0,"New York, USA",Windows Laptop,Home WiFi,False,False,1
138,fraud,2032.29,2428.3199999999997,Starbucks,"Paris, France",iPhone,Mobile Network,False,False,1
139,fraud,686.89,9289.89,Amazon,"Paris, France",iPhone,Corporate Network,False,False,1
140,fraud,2492.0,-4485.04,Target,"New York, USA",iPad,Mobile Network,False,False,1
140,withdrawal,0.0,-4485.04,0,"New York, USA",iPhone,Mobile Network,False,False,1
141,fraud,794.09,111.93000000000086,Amazon,"New York, USA",iPhone,Public WiFi,False,False,1
142,fraud,471.5,-5727.92,Walmart,"New York, USA",iPhone,Public WiFi,False,True,1
143,fraud,1761.69,-22792.05,Amazon,"New York, USA",MacBook,Mobile Network,False,False,1
143,withdrawal,0.0,-22792.05,0,"London, UK",Android,Corporate Network,False,False,1
144,fraud,1834.23,-13812.6,Amazon,"London, UK",iPhone,Corporate Network,False,False,1
145,fraud,4016.13,-11942.079999999998,Amazon,"Berlin, Germany",Linux PC,Public WiFi,False,False,1
146,fraud,51.47,4945.070000000001,Amazon,"Los Angeles, USA",MacBook,Mobile Network,False,False,1
147,fraud,8713.26,-7690.6,Amazon,"New York, USA",MacBook,Home WiFi,False,True,1
147,withdrawal,0.0,-7690.6,0,"Los Angeles, USA",MacBook,Mobile Network,False,False,1
148,fraud,75.51,-9024.109999999999,Starbucks,"Los Angeles, USA",iPhone,Home WiFi,False,False,1
149,fraud,16.5,-4070.87,Amazon,"Los Angeles, USA",Android,Mobile Network,False,False,1
150,fraud,151.55,-982.6400000000003,Best Buy,"Tokyo, Japan",Windows Laptop,Public WiFi,False,False,1
151,fraud,45.14,3571.47,Apple Store,"Tokyo, Japan",iPhone,Mobile Network,False,False,1
151,withdrawal,0.0,3571.47,0,"Los Angeles, USA",iPhone,Mobile Network,False,False,1
152,fraud,53.94,5744.210000000002,Amazon,"Los Angeles, USA",Android,Home WiFi,False,False,1
153,fraud,833.15,3737.9999999999995,Target,"New York, USA",iPhone,Public WiFi,False,False,1
154,fraud,153.87,56.250000000000114,Amazon,"Los Angeles, USA",MacBook,Corporate Network,False,False,1
155,fraud,2424.72,-8843.119999999999,Amazon,"New York, USA",Android,Mobile Network,False,False,1
156,fraud,57.01,-5778.62,Best Buy,"Berlin, Germany",iPad,Public WiFi,False,False,1
157,fraud,4447.21,-2993.500000000001,Amazon,"Los Angeles, USA",Linux PC,Public WiFi,False,False,1
157,suspicious_login,0.0,-2993.500000000001,0,"London, UK",MacBook,Mobile Network,False,False,1
158,fraud,1143.61,7671.600000000001,Apple Store,"Berlin, Germany",Windows Laptop,Mobile Network,False,False,1
158,withdrawal,0.0,7671.600000000001,0,"Los Angeles, USA",Windows Laptop,Public WiFi,False,False,1
159,fraud,4856.38,3978.8900000000003,Apple Store,"London, UK",iPhone,Public WiFi,False,False,1
160,fraud,1382.0,-668.9300000000001,Amazon,"London, UK",Android,Corporate Network,False,False,1
161,fraud,1037.49,1517.1200000000006,Starbucks,"Los Angeles, USA",iPhone,Public WiFi,False,False,1
162,fraud,1226.98,-3698.9799999999996,Target,"Berlin, Germany",Windows Laptop,Corporate Network,False,False,1
162,withdrawal,0.0,-3698.9799999999996,0,"New York, USA",Linux PC,Corporate Network,False,False,1
163,fraud,3224.63,-1401.8400000000001,Best Buy,"Los Angeles, USA",Android,Home WiFi,False,False,1
164,fraud,730.67,-2276.05,Target,"Tokyo, Japan",Linux PC,Corporate Network,False,False,1
164,phone_change,0.0,-2276.05,0,"London, UK",Android,Home WiFi,False,False,1
165,fraud,5273.3,-7305.390000000001,Walmart,"New York, USA",Android,Mobile Network,False,False,1
166,fraud,1726.32,-9574.42,Best Buy,"London, UK",Android,Public WiFi,False,False,1
167,fraud,7640.38,-10570.04,Target,"Paris, France",iPhone,Public WiFi,False,False,1
168,fraud,1382.93,973.9299999999996,Amazon,"Paris, France",iPhone,Corporate Network,False,False,1
168,withdrawal,0.0,973.9299999999996,0,"Paris, France",MacBook,Home WiFi,False,False,1
169,fraud,2605.24,-4839.2699999999995,Walmart,"New York, USA",Android,Corporate Network,False,False,1
170,fraud,1957.52,-1722.41,Walmart,"Paris, France",Android,Mobile Network,False,False,1
171,fraud,1414.78,2622.4399999999996,Best Buy,"London, UK",MacBook,Home WiFi,False,False,1
172,fraud,962.65,245.74999999999966,Apple Store,"Los Angeles, USA",iPhone,Corporate Network,False,False,1
173,fraud,183.82,-1933.5999999999997,Target,"Los Angeles, USA",iPhone,Home WiFi,False,False,1
174,fraud,338.0,-434.77000000000066,Starbucks,"Tokyo, Japan",Windows Laptop,Public WiFi,False,False,1
174,phone_change,0.0,-434.77000000000066,0,"Los Angeles, USA",iPhone,Corporate Network,False,False,1
175,fraud,172.13,3046.15,Walmart,"New York, USA",Android,Public WiFi,False,False,1
175,phone_change,0.0,3046.15,0,"Los Angeles, USA",iPhone,Home WiFi,False,False,1
176,fraud,368.62,-4866.490000000001,Walmart,"Los Angeles, USA",MacBook,Mobile Network,False,False,1
177,fraud,1545.39,-3608.430000000001,Best Buy,"London, UK",iPhone,Home WiFi,False,False,1
177,email_change,0.0,-3608.430000000001,0,"Tokyo, Japan",iPhone,Home WiFi,False,False,1
178,fraud,47.79,4059.9499999999994,Amazon,"New York, USA",iPhone,Home WiFi,False,False,1
178,failed_login,0.0,4059.9499999999994,0,"Paris, France",iPhone,Mobile Network,True,False,1
179,fraud,1013.19,-818.1400000000001,Amazon,"New York, USA",Linux PC,Mobile Network,False,False,1
179,withdrawal,0.0,-818.1400000000001,0,"Berlin, Germany",iPhone,Public WiFi,False,False,1
180,fraud,4641.26,4365.99,Amazon,"Los Angeles, USA",MacBook,Home WiFi,False,False,1
180,phone_change,0.0,4365.99,0,"Tokyo, Japan",Android,Public WiFi,False,False,1
181,fraud,258.3,440.7000000000001,Amazon,"New York, USA",iPad,Mobile Network,False,False,1
182,fraud,6802.93,-18983.48,Amazon,"New York, USA",Windows Laptop,Corporate Network,False,False,1
182,phone_change,0.0,-18983.48,0,"London, UK",iPhone,Home WiFi,False,False,1
183,fraud,66.33,-2602.299999999999,Apple Store,"Tokyo, Japan",MacBook,Public WiFi,False,False,1
184,fraud,683.88,2650.8399999999997,Walmart,"New York, USA",MacBook,Corporate Network,False,False,1
184,email_change,0.0,2650.8399999999997,0,"Los Angeles, USA",MacBook,Public WiFi,False,False,1
185,fraud,320.41,-8788.75,Starbucks,"New York, USA",iPad,Mobile Network,False,False,1
186,fraud,24.95,8068.129999999999,Target,"New York, USA",Android,Corporate Network,False,False,1
187,fraud,1836.29,-2375.6400000000003,Amazon,"New York, USA",iPhone,Home WiFi,False,False,1
188,fraud,6187.31,-18242.850000000002,Starbucks,"Paris, France",Windows Laptop,Home WiFi,False,False,1
189,fraud,16.57,1370.68,Target,"Tokyo, Japan",iPad,Home WiFi,False,False,1
189,withdrawal,0.0,1370.68,0,"Berlin, Germany",iPhone,Mobile Network,False,False,1
190,fraud,1030.7,-1624.2500000000002,Amazon,"New York, USA",Android,Home WiFi,False,False,1
191,fraud,45.45,-10768.06,Apple Store,"London, UK",Windows Laptop,Mobile Network,False,True,1
191,failed_login,0.0,-10768.06,0,"New York, USA",iPhone,Corporate Network,False,False,1
192,fraud,1617.06,-4613.97,Walmart,"London, UK",Android,Home WiFi,False,False,1
193,fraud,280.85,8069.75,Amazon,"Los Angeles, USA",Linux PC,Home WiFi,False,False,1
193,phone_change,0.0,8069.75,0,"Paris, France",Windows Laptop,Public WiFi,False,False,1
194,fraud,4504.49,-6096.84,Best Buy,"London, UK",iPad,Home WiFi,False,False,1
195,fraud,6063.97,3259.1400000000003,Starbucks,"London, UK",iPad,Corporate Network,False,False,1
196,fraud,1088.89,3838.29,Amazon,"Los Angeles, USA",Linux PC,Corporate Network,False,True,1
196,failed_login,0.0,3838.29,0,"London, UK",iPad,Home WiFi,False,True,1
197,fraud,1590.38,-7349.080000000001,Walmart,"Paris, France",MacBook,Public WiFi,False,False,1
197,withdrawal,0.0,-7349.080000000001,0,"Paris, France",Android,Corporate Network,False,False,1
198,fraud,2714.13,-11929.59,Walmart,"Los Angeles, USA",Windows Laptop,Home WiFi,False,False,1
199,fraud,2247.17,-2877.66,Amazon,"Paris, France",iPhone,Mobile Network,False,False,1
200,fraud,936.35,-8687.7,Walmart,"London, UK",Linux PC,Public WiFi,False,False,1
201,fraud,119.09,3351.17,Starbucks,"Tokyo, Japan",iPhone,Mobile Network,False,True,1
201,phone_change,0.0,3351.17,0,"Tokyo, Japan",iPhone,Corporate Network,False,False,1
202,fraud,911.21,-6211.39,Amazon,"New York, USA",iPhone,Corporate Network,False,False,1
203,fraud,1021.48,-2104.9200000000005,Amazon,"Los Angeles, USA",iPhone,Public WiFi,False,False,1
203,password_change,0.0,-2104.9200000000005,0,"Paris, France",Android,Corporate Network,False,False,1
204,fraud,162.95,-1654.3699999999997,Walmart,"London, UK",Android,Home WiFi,False,True,1
205,fraud,3785.18,5328.95,Starbucks,"Paris, France",iPhone,Corporate Network,False,False,1
205,email_change,0.0,5328.95,0,"New York, USA",Windows Laptop,Mobile Network,False,False,1
206,fraud,8452.54,-9099.150000000001,Walmart,"Los Angeles, USA",Windows Laptop,Corporate Network,False,False,1
206,deposit,0.0,-9099.150000000001,0,"New York, USA",iPhone,Public WiFi,False,False,1
207,fraud,1187.85,4082.4900000000002,Apple Store,"Tokyo, Japan",MacBook,Public WiFi,False,False,1
208,fraud,2892.25,-7363.1500000000015,Amazon,"Los Angeles, USA",Android,Mobile Network,False,False,1
208,deposit,0.0,-7363.1500000000015,0,"London, UK",MacBook,Mobile Network,False,True,1
209,fraud,4447.89,-7327.02,Walmart,"London, UK",MacBook,Corporate Network,False,False,1
210,fraud,182.96,1418.0600000000009,Target,"London, UK",MacBook,Home WiFi,False,False,1
210,password_change,0.0,1418.0600000000009,0,"Berlin, Germany",iPhone,Public WiFi,True,False,1
211,fraud,2732.32,-16904.280000000002,Best Buy,"Paris, France",Windows Laptop,Corporate Network,False,False,1
211,failed_login,0.0,-16904.280000000002,0,"Paris, France",iPad,Corporate Network,False,False,1
212,fraud,4650.56,4923.1900000000005,Amazon,"Tokyo, Japan",Android,Corporate Network,True,False,1
213,fraud,3823.45,3641.93,Amazon,"New York, USA",Windows Laptop,Corporate Network,False,False,1
214,fraud,2270.66,-5869.900000000001,Apple Store,"New York, USA",Android,Public WiFi,False,False,1
214,withdrawal,0.0,-5869.900000000001,0,"Los Angeles, USA",iPhone,Mobile Network,False,False,1
215,fraud,1496.55,-6904.329999999999,Walmart,"New York, USA",Android,Mobile Network,False,False,1
216,fraud,1707.71,-17325.66,Walmart,"New York, USA",iPhone,Corporate Network,False,False,1
217,fraud,49.86,-819.9000000000003,Amazon,"Los Angeles, USA",Android,Home WiFi,False,False,1
218,fraud,5618.46,-8166.790000000001,Walmart,"New York, USA",MacBook,Mobile Network,False,False,1
218,withdrawal,0.0,-8166.790000000001,0,"Paris, France",Android,Public WiFi,False,False,1
219,fraud,2143.73,-341.9999999999991,Target,"Los Angeles, USA",Android,Corporate Network,False,False,1
220,fraud,1404.65,-4296.17,Amazon,"London, UK",Linux PC,Mobile Network,False,False,1
221,fraud,1804.18,-7299.179999999999,Amazon,"Los Angeles, USA",MacBook,Mobile Network,False,False,1
221,failed_login,0.0,-7299.179999999999,0,"Tokyo, Japan",MacBook,Home WiFi,False,False,1
222,fraud,59.83,-6905.51,Amazon,"London, UK",iPhone,Public WiFi,False,False,1
223,fraud,830.84,-4862.0199999999995,Apple Store,"London, UK",Android,Corporate Network,False,False,1
224,fraud,8084.91,-14878.5,Apple Store,"Los Angeles, USA",Windows Laptop,Home WiFi,False,False,1
225,fraud,19.05,-681.6900000000003,Starbucks,"Paris, France",Windows Laptop,Public WiFi,False,False,1
226,fraud,79.78,-9857.069999999998,Target,"Berlin, Germany",Windows Laptop,Mobile Network,False,False,1
226,suspicious_login,0.0,-9857.069999999998,0,"New York, USA",iPhone,Mobile Network,False,True,1
227,fraud,17.52,-1795.4799999999993,Apple Store,"Tokyo, Japan",Windows Laptop,Public WiFi,False,True,1
227,email_change,0.0,-1795.4799999999993,0,"Berlin, Germany",Android,Corporate Network,False,False,1
228,fraud,2464.33,446.68000000000075,Walmart,"Berlin, Germany",Windows Laptop,Public WiFi,False,False,1
229,fraud,4923.34,-4072.08,Amazon,"Tokyo, Japan",MacBook,Corporate Network,True,False,1
229,deposit,0.0,-4072.08,0,"New York, USA",MacBook,Home WiFi,False,False,1
230,fraud,4902.79,2910.9399999999996,Best Buy,"New York, USA",Android,Corporate Network,False,False,1
230,deposit,0.0,2910.9399999999996,0,"Tokyo, Japan",Windows Laptop,Public WiFi,False,False,1
231,fraud,2546.1,-805.9100000000001,Best Buy,"Tokyo, Japan",Android,Home WiFi,False,False,1
231,password_change,0.0,-805.9100000000001,0,"Los Angeles, USA",Android,Public WiFi,False,False,1
232,fraud,57.67,845.7500000000001,Apple Store,"London, UK",Android,Home WiFi,True,False,1
232,withdrawal,0.0,845.7500000000001,0,"London, UK",Windows Laptop,Home WiFi,False,False,1
233,fraud,758.31,-5052.210000000001,Amazon,"New York, USA",iPhone,Home WiFi,False,False,1
234,fraud,64.99,-2959.42,Best Buy,"New York, USA",MacBook,Public WiFi,False,False,1
235,fraud,1256.87,-7263.81,Apple Store,"Paris, France",iPhone,Corporate Network,False,False,1
236,fraud,4653.61,-25900.350000000002,Amazon,"Tokyo, Japan",Windows Laptop,Mobile Network,False,False,1
236,withdrawal,0.0,-25900.350000000002,0,"London, UK",Android,Home WiFi,False,False,1
237,fraud,1775.44,1342.4499999999998,Best Buy,"Los Angeles, USA",MacBook,Mobile Network,False,False,1
238,fraud,1224.3,-9723.8,Starbucks,"Tokyo, Japan",MacBook,Mobile Network,False,False,1
238,withdrawal,0.0,-9723.8,0,"Los Angeles, USA",Windows Laptop,Public WiFi,False,False,1
239,fraud,961.59,-11132.130000000001,Amazon,"Berlin, Germany",Windows Laptop,Home WiFi,False,False,1
240,fraud,1919.0,-886.4199999999998,Best Buy,"New York, USA",Windows Laptop,Home WiFi,False,False,1
241,fraud,3607.66,-9633.71,Walmart,"Paris, France",Android,Public WiFi,True,False,1
241,deposit,0.0,-9633.71,0,"Berlin, Germany",Android,Mobile Network,False,False,1
242,fraud,302.27,806.1499999999996,Amazon,"New York, USA",Android,Mobile Network,False,False,1
242,phone_change,0.0,806.1499999999996,0,"Berlin, Germany",Android,Corporate Network,False,False,1
243,fraud,294.13,777.8199999999999,Apple Store,"Tokyo, Japan",iPhone,Home WiFi,False,True,1
244,fraud,314.74,2098.08,Best Buy,"London, UK",Android,Corporate Network,False,False,1
245,fraud,1144.79,1655.7800000000007,Amazon,"New York, USA",Android,Corporate Network,False,False,1
246,fraud,368.8,-2205.8300000000004,Walmart,"Berlin, Germany",Windows Laptop,Public WiFi,False,False,1
247,fraud,2878.82,-2542.64,Amazon,"New York, USA",Android,Corporate Network,False,False,1
247,suspicious_login,0.0,-2542.64,0,"New York, USA",Windows Laptop,Home WiFi,False,False,1
248,fraud,412.05,-1333.19,Walmart,"London, UK",iPhone,Public WiFi,False,False,1
249,fraud,1787.97,-215.1700000000003,Amazon,"Los Angeles, USA",Windows Laptop,Home WiFi,False,False,1
250,fraud,355.32,-19.059999999999775,Apple Store,"Paris, France",Android,Public WiFi,False,False,1
250,phone_change,0.0,-19.059999999999775,0,"New York, USA",MacBook,Mobile Network,False,False,1
251,fraud,125.18,1342.210000000001,Amazon,"Berlin, Germany",iPad,Home WiFi,False,False,1
251,password_change,0.0,1342.210000000001,0,"Los Angeles, USA",Linux PC,Corporate Network,False,False,1
252,fraud,1401.88,9642.84,Amazon,"Los Angeles, USA",iPhone,Home WiFi,False,False,1
252,phone_change,0.0,9642.84,0,"London, UK",Android,Corporate Network,False,False,1
253,fraud,165.59,-1629.3300000000006,Best Buy,"Tokyo, Japan",Windows Laptop,Public WiFi,False,True,1
254,fraud,883.6,6059.96,Walmart,"Los Angeles, USA",Android,Public WiFi,False,False,1
254,failed_login,0.0,6059.96,0,"Berlin, Germany",MacBook,Public WiFi,False,False,1
255,fraud,1415.84,-8260.79,Best Buy,"London, UK",Android,Mobile Network,False,False,1
255,password_change,0.0,-8260.79,0,"New York, USA",Windows Laptop,Home WiFi,False,False,1
256,fraud,930.95,-5553.71,Amazon,"Los Angeles, USA",iPhone,Corporate Network,False,True,1
256,withdrawal,0.0,-5553.71,0,"Paris, France",iPhone,Corporate Network,False,False,1
257,fraud,3023.61,9813.72,Amazon,"Los Angeles, USA",iPhone,Corporate Network,False,False,1
258,fraud,1752.73,-4876.639999999999,Amazon,"Paris, France",iPad,Corporate Network,False,False,1
259,fraud,38.35,10707.730000000001,Amazon,"Berlin, Germany",iPhone,Public WiFi,False,False,1
260,fraud,1685.5,6084.089999999998,Walmart,"Los Angeles, USA",iPhone,Mobile Network,False,False,1
260,suspicious_login,0.0,6084.089999999998,0,"Paris, France",Windows Laptop,Mobile Network,False,False,1
261,fraud,1501.42,-20790.61,Best Buy,"Paris, France",iPhone,Public WiFi,False,False,1
262,fraud,460.32,1728.0200000000002,Target,"London, UK",iPhone,Mobile Network,False,False,1
262,password_change,0.0,1728.0200000000002,0,"Tokyo, Japan",MacBook,Home WiFi,False,False,1
263,fraud,22.4,-4775.57,Walmart,"Paris, France",iPhone,Corporate Network,False,False,1
264,fraud,1326.74,-22934.97,Amazon,"London, UK",Android,Home WiFi,False,False,1
265,fraud,1554.32,-1990.1000000000004,Amazon,"Los Angeles, USA",iPhone,Home WiFi,False,False,1
266,fraud,3159.26,-394.8100000000004,Walmart,"Paris, France",Windows Laptop,Mobile Network,True,False,1
266,withdrawal,0.0,-394.8100000000004,0,"London, UK",Windows Laptop,Public WiFi,False,False,1
267,fraud,1167.75,-3332.6800000000003,Target,"New York, USA",Windows Laptop,Mobile Network,False,False,1
268,fraud,1063.9,-4394.630000000001,Target,"New York, USA",iPhone,Home WiFi,False,False,1
268,withdrawal,0.0,-4394.630000000001,0,"New York, USA",Android,Home WiFi,False,False,1
269,fraud,149.22,1480.3399999999997,Amazon,"Los Angeles, USA",iPhone,Mobile Network,False,False,1
269,failed_login,0.0,1480.3399999999997,0,"Los Angeles, USA",iPad,Corporate Network,False,False,1
270,fraud,80.2,3973.369999999999,Best Buy,"New York, USA",Android,Corporate Network,False,False,1
271,fraud,354.35,-7007.210000000001,Apple Store,"New York, USA",iPad,Home WiFi,False,True,1
271,phone_change,0.0,-7007.210000000001,0,"Paris, France",Windows Laptop,Mobile Network,False,False,1
272,fraud,1891.74,-2881.8100000000004,Apple Store,"London, UK",Linux PC,Corporate Network,False,False,1
272,failed_login,0.0,-2881.8100000000004,0,"Los Angeles, USA",Android,Home WiFi,False,False,1
273,fraud,1915.44,-18957.94,Amazon,"New York, USA",Android,Public WiFi,False,False,1
274,fraud,3105.36,-772.1800000000007,Walmart,"London, UK",Linux PC,Mobile Network,False,False,1
275,fraud,2618.9,-2237.46,Amazon,"Paris, France",iPhone,Mobile Network,False,False,1
275,failed_login,0.0,-2237.46,0,"Los Angeles, USA",iPad,Home WiFi,False,False,1
276,fraud,1329.14,-361.2199999999996,Walmart,"Tokyo, Japan",iPad,Public WiFi,False,False,1
276,withdrawal,0.0,-361.2199999999996,0,"London, UK",Linux PC,Mobile Network,True,False,1
277,fraud,2061.56,-14152.289999999999,Amazon,"London, UK",MacBook,Home WiFi,False,False,1
278,fraud,1651.44,-10211.060000000001,Starbucks,"New York, USA",Windows Laptop,Public WiFi,False,False,1
279,fraud,1298.46,-5275.62,Starbucks,"Paris, France",Android,Corporate Network,False,False,1
280,fraud,70.62,-1977.8099999999995,Apple Store,"New York, USA",Windows Laptop,Corporate Network,False,False,1
281,fraud,9577.35,-28521.690000000002,Target,"Tokyo, Japan",MacBook,Home WiFi,False,False,1
282,fraud,2025.53,5018.579999999999,Walmart,"Tokyo, Japan",iPhone,Mobile Network,False,False,1
283,fraud,3711.22,-3809.7,Target,"New York, USA",iPhone,Corporate Network,False,False,1
284,fraud,463.24,4618.78,Amazon,"Tokyo, Japan",Linux PC,Mobile Network,False,False,1
284,phone_change,0.0,4618.78,0,"New York, USA",Windows Laptop,Mobile Network,False,False,1
285,fraud,1003.67,-547.8500000000003,Apple Store,"Los Angeles, USA",Android,Public WiFi,False,False,1
286,fraud,33.16,-20002.45,Amazon,"New York, USA",Linux PC,Public WiFi,False,False,1
286,suspicious_login,0.0,-20002.45,0,"London, UK",Windows Laptop,Home WiFi,False,False,1
287,fraud,3095.97,-2757.47,Best Buy,"New York, USA",Android,Home WiFi,True,True,1
287,withdrawal,0.0,-2757.47,0,"Tokyo, Japan",iPhone,Mobile Network,False,False,1
288,fraud,9889.7,-12245.14,Best Buy,"Berlin, Germany",iPhone,Home WiFi,False,False,1
288,withdrawal,0.0,-12245.14,0,"New York, USA",Linux PC,Mobile Network,False,False,1
289,fraud,239.08,1134.6100000000001,Walmart,"Paris, France",Windows Laptop,Home WiFi,False,False,1
290,fraud,4999.51,1843.3800000000006,Walmart,"New York, USA",Android,Corporate Network,False,False,1
291,fraud,4080.38,2404.5199999999995,Walmart,"Paris, France",Android,Mobile Network,False,False,1
292,fraud,2045.26,-5688.07,Starbucks,"Paris, France",iPhone,Mobile Network,True,False,1
293,fraud,4656.85,-13417.199999999999,Amazon,"Paris, France",Android,Public WiFi,False,False,1
293,withdrawal,0.0,-13417.199999999999,0,"Los Angeles, USA",Android,Mobile Network,False,False,1
294,fraud,3084.65,-2781.0199999999995,Apple Store,"Los Angeles, USA",Android,Mobile Network,False,False,1
295,fraud,1777.63,3587.079999999999,Walmart,"Berlin, Germany",iPhone,Public WiFi,False,False,1
296,fraud,349.82,746.3,Best Buy,"New York, USA",Windows Laptop,Home WiFi,False,False,1
296,phone_change,0.0,746.3,0,"New York, USA",iPhone,Home WiFi,False,False,1
297,fraud,575.55,-5285.62,Best Buy,"Berlin, Germany",Windows Laptop,Corporate Network,False,False,1
