,agent_id,timestamp,behavior,action,granted,initial_balance,amount,balance,merchant,location,device,network,compromised_device,compromised_network,fraud
0,0,2025-01-14 19:29:05.795678,money_laundering,withdrawal,False,4247.71,7431.95,4247.71,Bank,"London, UK",Windows Laptop,Home WiFi,0,0,1
1,0,2025-01-14 19:29:07.795913,money_laundering,deposit,True,4247.71,3425.74,7673.45,ATM,"Los Angeles, USA",Linux PC,Mobile Network,0,0,1
2,0,2025-01-14 19:29:03.802094,identity_theft,withdrawal,True,4552.32,1922.86,2629.46,Bank,"Berlin, Germany",Android,Mobile Network,0,0,1
3,0,2025-01-14 19:28:51.802251,identity_theft,failed_login,True,2629.46,0.0,2629.46,,"Berlin, Germany",iPhone,Home WiFi,0,0,1
4,0,2025-01-14 19:29:08.802345,identity_theft,withdrawal,True,2629.46,1529.12,1100.34,Bank,"New York, USA",Windows Laptop,Public WiFi,0,0,1
5,0,2025-01-14 19:28:39.802465,identity_theft,suspicious_login,True,1164.34,0.0,1164.34,,"New York, USA",MacBook,Public WiFi,0,0,1
6,0,2025-01-14 19:29:05.802553,identity_theft,withdrawal,False,1164.34,4073.73,1164.34,ATM,"Tokyo, Japan",Windows Laptop,Home WiFi,0,0,1
7,0,2025-01-14 19:28:46.802647,identity_theft,withdrawal,False,1164.34,3704.93,1164.34,ATM,"Tokyo, Japan",iPad,Home WiFi,0,0,1
8,0,2025-01-14 19:28:53.802769,identity_theft,withdrawal,False,1164.34,2320.73,1164.34,Bank,"New York, USA",Android,Mobile Network,0,0,1
9,0,2025-01-14 19:29:00.802861,identity_theft,failed_login,True,1164.34,0.0,1164.34,,"New York, USA",MacBook,Public WiFi,0,0,1
10,0,2025-01-14 19:28:53.802955,money_laundering,withdrawal,False,1429.28,9235.11,1429.28,Bank,"Tokyo, Japan",iPhone,Home WiFi,0,0,1
11,0,2025-01-14 19:28:45.803054,money_laundering,withdrawal,False,1429.28,6530.23,1429.28,ATM,"Tokyo, Japan",Windows Laptop,Public WiFi,0,0,1
12,0,2025-01-14 19:28:39.803164,money_laundering,phone_change,True,1429.28,0.0,1429.28,,"Los Angeles, USA",iPhone,Home WiFi,0,0,1
13,0,2025-01-14 19:29:05.803247,money_laundering,withdrawal,False,1429.28,5917.1,1429.28,ATM,"New York, USA",MacBook,Public WiFi,0,0,1
14,0,2025-01-14 19:28:48.803362,money_laundering,phone_change,True,3951.37,0.0,3951.37,,"New York, USA",Android,Home WiFi,0,0,1
15,0,2025-01-14 19:28:54.803454,phishing,failed_login,True,1882.41,0.0,1882.41,,"Los Angeles, USA",Android,Public WiFi,0,0,1
16,0,2025-01-14 19:29:00.803539,phishing,phone_change,True,1882.41,0.0,1882.41,,"New York, USA",Windows Laptop,Mobile Network,0,0,1
17,0,2025-01-14 19:29:06.803621,phishing,purchase,True,1882.41,1.73,1880.68,Amazon,"New York, USA",Windows Laptop,Home WiFi,0,0,1
18,0,2025-01-14 19:28:50.803746,phishing,withdrawal,True,1880.68,1647.27,233.41,Bank,"New York, USA",iPhone,Public WiFi,0,0,1
19,0,2025-01-14 19:29:05.803843,phishing,purchase,False,233.41,254.47,233.41,Target,"Tokyo, Japan",iPhone,Public WiFi,0,0,1
20,0,2025-01-14 19:28:43.803937,phishing,failed_login,True,233.41,0.0,233.41,,"Paris, France",iPhone,Home WiFi,0,0,1
21,0,2025-01-14 19:28:42.804027,phishing,failed_login,True,233.41,0.0,233.41,,"Los Angeles, USA",MacBook,Home WiFi,0,0,1
22,0,2025-01-14 19:29:08.804120,card_skimming,purchase,True,3366.31,599.02,2767.29,PayPal,"New York, USA",MacBook,Corporate Network,0,0,1
23,0,2025-01-14 19:28:57.804217,card_skimming,withdrawal,True,2767.29,834.36,1932.93,Bank,"Los Angeles, USA",MacBook,Mobile Network,0,0,1
24,0,2025-01-14 19:28:49.804316,money_laundering,email_change,True,3864.59,0.0,3864.59,,"London, UK",Linux PC,Home WiFi,0,0,1
25,0,2025-01-14 19:28:44.804402,money_laundering,withdrawal,False,3864.59,4486.66,3864.59,Bank,"Los Angeles, USA",iPhone,Home WiFi,0,0,1
26,0,2025-01-14 19:29:06.804495,money_laundering,purchase,True,3864.59,427.25,3437.34,Amazon,"Los Angeles, USA",MacBook,Mobile Network,0,0,1
27,0,2025-01-14 19:28:55.804588,money_laundering,phone_change,True,3437.34,0.0,3437.34,,"New York, USA",Android,Corporate Network,0,0,1
28,0,2025-01-14 19:28:40.804672,money_laundering,deposit,True,3437.34,4656.22,8093.56,PayPal,"Los Angeles, USA",iPhone,Public WiFi,0,0,1
29,0,2025-01-14 19:28:51.804782,money_laundering,phone_change,True,8093.56,0.0,8093.56,,"London, UK",iPhone,Public WiFi,0,0,1
30,0,2025-01-14 19:28:44.804874,card_skimming,failed_login,True,2368.06,0.0,2368.06,,"New York, USA",Windows Laptop,Public WiFi,0,0,1
31,0,2025-01-14 19:28:50.804962,card_skimming,withdrawal,True,2368.06,1386.52,981.54,Bank,"Los Angeles, USA",Linux PC,Mobile Network,0,0,1
32,0,2025-01-14 19:28:44.805069,card_skimming,withdrawal,False,981.54,1888.11,981.54,ATM,"Tokyo, Japan",iPad,Mobile Network,0,1,1
33,0,2025-01-14 19:29:03.805158,card_skimming,phone_change,True,981.54,0.0,981.54,,"New York, USA",Android,Home WiFi,0,0,1
34,0,2025-01-14 19:29:00.805240,card_skimming,withdrawal,True,981.54,940.38,41.16,Bank,"Berlin, Germany",Android,Corporate Network,0,0,1
35,0,2025-01-14 19:28:57.805345,card_skimming,purchase,False,41.16,359.1,41.16,PayPal,"Paris, France",Windows Laptop,Mobile Network,0,0,1
36,0,2025-01-14 19:28:44.805438,card_skimming,purchase,False,41.16,690.4,41.16,Target,"London, UK",Linux PC,Public WiFi,0,0,1
37,0,2025-01-14 19:29:02.805538,phishing,failed_login,True,4342.68,0.0,4342.68,,"Berlin, Germany",MacBook,Home WiFi,0,0,1
38,0,2025-01-14 19:28:51.805623,phishing,suspicious_login,True,4342.68,0.0,4342.68,,"New York, USA",iPhone,Mobile Network,0,0,1
39,0,2025-01-14 19:29:03.805712,phishing,password_change,True,4342.68,0.0,4342.68,,"New York, USA",Linux PC,Mobile Network,0,0,1
40,0,2025-01-14 19:29:04.805793,phishing,failed_login,True,4342.68,0.0,4342.68,,"Tokyo, Japan",MacBook,Home WiFi,0,0,1
41,0,2025-01-14 19:28:39.805882,phishing,withdrawal,True,4342.68,2846.53,1496.15,Bank,"Los Angeles, USA",iPhone,Public WiFi,1,1,1
42,0,2025-01-14 19:28:49.805984,phishing,failed_login,True,1494.2,0.0,1494.2,,"Los Angeles, USA",MacBook,Mobile Network,0,0,1
43,0,2025-01-14 19:28:53.806069,phishing,withdrawal,False,1494.2,1535.06,1494.2,Bank,"Paris, France",iPhone,Mobile Network,0,0,1
44,0,2025-01-14 19:29:03.806161,phishing,withdrawal,False,1494.2,2321.78,1494.2,ATM,"Los Angeles, USA",Linux PC,Mobile Network,0,1,1
45,0,2025-01-14 19:28:43.806272,phishing,suspicious_login,True,1494.2,0.0,1494.2,,"New York, USA",Android,Home WiFi,1,0,1
46,0,2025-01-14 19:28:55.806354,phishing,failed_login,True,1494.2,0.0,1494.2,,"Berlin, Germany",iPhone,Home WiFi,0,0,1
47,0,2025-01-14 19:28:45.806435,phishing,password_change,True,1494.2,0.0,1494.2,,"London, UK",Windows Laptop,Corporate Network,0,0,1
48,0,2025-01-14 19:28:41.806515,phishing,phone_change,True,1494.2,0.0,1494.2,,"London, UK",Windows Laptop,Home WiFi,0,0,1
49,0,2025-01-14 19:28:48.806595,phishing,withdrawal,False,1494.2,2326.94,1494.2,Bank,"London, UK",MacBook,Public WiFi,0,0,1
50,0,2025-01-14 19:28:44.806705,phishing,failed_login,True,1060.86,0.0,1060.86,,"Los Angeles, USA",Android,Public WiFi,0,0,1
51,0,2025-01-14 19:28:47.806807,phishing,withdrawal,False,1060.86,2100.12,1060.86,ATM,"Los Angeles, USA",MacBook,Public WiFi,0,0,1
52,0,2025-01-14 19:29:02.806921,phishing,deposit,True,1060.86,65.76,1126.62,Bank,"London, UK",Windows Laptop,Public WiFi,0,0,1
53,0,2025-01-14 19:28:56.807019,phishing,withdrawal,False,1126.62,1689.5,1126.62,ATM,"New York, USA",Android,Home WiFi,0,0,1
54,0,2025-01-14 19:28:54.807108,phishing,purchase,True,1126.62,158.09,968.53,Amazon,"Paris, France",MacBook,Public WiFi,0,0,1
55,0,2025-01-14 19:28:56.807198,phishing,deposit,True,968.53,105.24,1073.77,ATM,"Tokyo, Japan",Windows Laptop,Public WiFi,0,0,1
56,0,2025-01-14 19:28:47.807289,phishing,failed_login,True,1073.77,0.0,1073.77,,"London, UK",Windows Laptop,Home WiFi,0,0,1
57,0,2025-01-14 19:28:55.807388,identity_theft,failed_login,True,4742.25,0.0,4742.25,,"Berlin, Germany",MacBook,Home WiFi,0,0,1
58,0,2025-01-14 19:28:45.807473,identity_theft,withdrawal,True,4742.25,2730.07,2012.18,ATM,"Tokyo, Japan",iPhone,Corporate Network,0,0,1
59,0,2025-01-14 19:28:52.807573,card_skimming,withdrawal,True,3602.88,1294.94,2307.94,ATM,"New York, USA",MacBook,Home WiFi,0,0,1
60,0,2025-01-14 19:28:45.807663,card_skimming,withdrawal,True,2307.94,1573.72,734.22,Bank,"New York, USA",Windows Laptop,Home WiFi,0,0,1
61,0,2025-01-14 19:28:53.807768,card_skimming,purchase,True,734.22,218.65,515.57,Amazon,"Berlin, Germany",Android,Home WiFi,0,0,1
62,0,2025-01-14 19:28:46.807861,card_skimming,withdrawal,False,515.57,1923.62,515.57,Bank,"New York, USA",iPhone,Home WiFi,0,0,1
63,0,2025-01-14 19:28:55.807967,card_skimming,purchase,True,515.57,205.69,309.88,Starbucks,"New York, USA",iPhone,Home WiFi,0,0,1
64,0,2025-01-14 19:28:50.808060,card_skimming,withdrawal,False,309.88,1144.89,309.88,Bank,"Paris, France",iPhone,Mobile Network,0,0,1
65,0,2025-01-14 19:29:08.808173,card_skimming,failed_login,True,1901.4,0.0,1901.4,,"Berlin, Germany",Android,Home WiFi,0,0,1
66,0,2025-01-14 19:28:49.808257,card_skimming,withdrawal,True,1901.4,1081.42,819.98,Bank,"Berlin, Germany",iPhone,Public WiFi,0,0,1
67,0,2025-01-14 19:28:53.808366,card_skimming,withdrawal,False,819.98,1661.18,819.98,ATM,"Tokyo, Japan",MacBook,Home WiFi,0,0,1
68,0,2025-01-14 19:28:53.808470,card_skimming,deposit,True,819.98,8.04,828.02,PayPal,"New York, USA",Windows Laptop,Mobile Network,0,0,1
69,0,2025-01-14 19:28:53.808561,card_skimming,purchase,True,828.02,650.29,177.73,Walmart,"New York, USA",Windows Laptop,Home WiFi,0,0,1
70,0,2025-01-14 19:28:40.808658,card_skimming,purchase,False,177.73,538.49,177.73,Walmart,"Los Angeles, USA",iPhone,Public WiFi,0,0,1
71,0,2025-01-14 19:28:45.808762,card_skimming,withdrawal,False,177.73,1001.26,177.73,ATM,"Paris, France",Android,Mobile Network,0,0,1
72,0,2025-01-14 19:28:43.808869,card_skimming,withdrawal,False,177.73,1004.27,177.73,ATM,"London, UK",Android,Home WiFi,0,0,1
73,0,2025-01-14 19:28:41.808983,identity_theft,suspicious_login,True,4826.44,0.0,4826.44,,"New York, USA",iPhone,Mobile Network,0,0,1
74,0,2025-01-14 19:28:39.809080,identity_theft,withdrawal,True,4826.44,1141.01,3685.43,Bank,"New York, USA",Android,Home WiFi,0,0,1
75,0,2025-01-14 19:28:59.809194,identity_theft,withdrawal,True,3685.43,1771.13,1914.3,Bank,"Tokyo, Japan",Windows Laptop,Home WiFi,0,0,1
76,0,2025-01-14 19:29:01.809306,identity_theft,withdrawal,True,1914.3,1767.13,147.17,Bank,"New York, USA",iPhone,Corporate Network,0,0,1
77,0,2025-01-14 19:28:57.809396,identity_theft,failed_login,True,147.17,0.0,147.17,,"Los Angeles, USA",iPhone,Public WiFi,0,0,1
78,0,2025-01-14 19:28:59.809484,identity_theft,suspicious_login,True,147.17,0.0,147.17,,"Tokyo, Japan",Android,Home WiFi,0,0,1
79,0,2025-01-14 19:29:03.809574,phishing,failed_login,True,2748.22,0.0,2748.22,,"London, UK",iPhone,Home WiFi,0,0,1
80,0,2025-01-14 19:29:01.809664,phishing,withdrawal,False,2085.99,2812.15,2085.99,Bank,"New York, USA",Android,Home WiFi,0,0,1
81,0,2025-01-14 19:28:47.809778,phishing,purchase,True,4090.57,177.18,3913.39,Amazon,"Los Angeles, USA",Android,Public WiFi,0,0,1
82,0,2025-01-14 19:28:40.809874,phishing,withdrawal,True,3913.39,1557.52,2355.87,ATM,"London, UK",iPhone,Home WiFi,0,1,1
83,0,2025-01-14 19:29:08.809964,phishing,phone_change,True,2355.87,0.0,2355.87,,"London, UK",iPad,Public WiFi,0,0,1
84,0,2025-01-14 19:28:47.810048,phishing,withdrawal,False,2355.87,2950.44,2355.87,Bank,"Los Angeles, USA",Android,Public WiFi,0,0,1
85,0,2025-01-14 19:28:50.810139,phishing,withdrawal,False,2355.87,2592.79,2355.87,Bank,"New York, USA",iPhone,Home WiFi,0,0,1
86,0,2025-01-14 19:29:01.810229,phishing,password_change,True,2355.87,0.0,2355.87,,"Paris, France",MacBook,Corporate Network,0,0,1
87,0,2025-01-14 19:29:04.810312,phishing,failed_login,True,2355.87,0.0,2355.87,,"New York, USA",iPhone,Corporate Network,0,0,1
88,0,2025-01-14 19:28:59.810392,phishing,withdrawal,True,2355.87,1312.62,1043.25,Bank,"Los Angeles, USA",iPhone,Mobile Network,0,0,1
89,0,2025-01-14 19:28:55.810489,phishing,failed_login,True,1043.25,0.0,1043.25,,"New York, USA",Windows Laptop,Home WiFi,0,0,1
90,0,2025-01-14 19:29:04.810572,phishing,purchase,True,1043.25,490.04,553.21,Amazon,"Tokyo, Japan",Windows Laptop,Public WiFi,0,0,1
91,0,2025-01-14 19:29:02.810679,money_laundering,withdrawal,False,4379.65,6218.36,4379.65,Bank,"Los Angeles, USA",Windows Laptop,Public WiFi,0,0,1
92,0,2025-01-14 19:29:03.810780,money_laundering,withdrawal,False,4379.65,5450.78,4379.65,Bank,"New York, USA",Android,Corporate Network,0,0,1
93,0,2025-01-14 19:29:06.810871,money_laundering,withdrawal,False,4379.65,4493.25,4379.65,ATM,"Tokyo, Japan",Windows Laptop,Public WiFi,0,0,1
94,0,2025-01-14 19:28:42.810961,money_laundering,withdrawal,False,4379.65,5590.6,4379.65,ATM,"Tokyo, Japan",Android,Public WiFi,0,0,1
95,0,2025-01-14 19:29:06.811068,money_laundering,purchase,True,4379.65,519.42,3860.23,Target,"Los Angeles, USA",iPhone,Home WiFi,0,0,1
96,0,2025-01-14 19:28:53.811161,money_laundering,deposit,True,3860.23,4662.83,8523.06,ATM,"Berlin, Germany",MacBook,Public WiFi,0,0,1
97,0,2025-01-14 19:28:45.811268,money_laundering,purchase,True,8523.06,443.45,8079.61,Amazon,"New York, USA",Android,Mobile Network,1,0,1
98,0,2025-01-14 19:29:04.811370,identity_theft,password_change,True,3143.37,0.0,3143.37,,"Berlin, Germany",Android,Public WiFi,0,0,1
99,0,2025-01-14 19:28:49.811456,identity_theft,suspicious_login,True,3143.37,0.0,3143.37,,"Berlin, Germany",Android,Home WiFi,0,1,1
100,0,2025-01-14 19:28:46.811544,identity_theft,withdrawal,True,3143.37,1374.78,1768.59,ATM,"Tokyo, Japan",Windows Laptop,Corporate Network,0,0,1
101,0,2025-01-14 19:29:02.811644,identity_theft,suspicious_login,True,1768.59,0.0,1768.59,,"Los Angeles, USA",iPad,Home WiFi,0,0,1
102,0,2025-01-14 19:28:57.811737,identity_theft,withdrawal,False,1768.59,4475.09,1768.59,ATM,"Tokyo, Japan",MacBook,Home WiFi,0,0,1
103,0,2025-01-14 19:28:42.811829,identity_theft,withdrawal,False,1768.59,1780.26,1768.59,ATM,"New York, USA",MacBook,Corporate Network,0,0,1
104,0,2025-01-14 19:28:40.811918,identity_theft,withdrawal,False,1768.59,3282.02,1768.59,ATM,"New York, USA",iPhone,Home WiFi,0,0,1
105,0,2025-01-14 19:28:58.812009,identity_theft,withdrawal,True,1768.59,1030.32,738.27,Bank,"Tokyo, Japan",iPhone,Mobile Network,0,0,1
106,0,2025-01-14 19:28:50.812108,identity_theft,deposit,True,4398.65,94.73,4493.38,PayPal,"London, UK",Android,Corporate Network,0,0,1
107,0,2025-01-14 19:28:57.812201,identity_theft,withdrawal,True,4493.38,1373.83,3119.55,ATM,"Los Angeles, USA",MacBook,Public WiFi,0,0,1
108,0,2025-01-14 19:28:45.812292,identity_theft,withdrawal,True,3119.55,1516.72,1602.83,ATM,"New York, USA",Android,Home WiFi,0,0,1
109,0,2025-01-14 19:28:39.812382,identity_theft,withdrawal,False,1602.83,4853.24,1602.83,Bank,"Tokyo, Japan",Linux PC,Home WiFi,0,0,1
110,0,2025-01-14 19:29:07.812479,card_skimming,withdrawal,True,4979.8,1466.06,3513.74,Bank,"Berlin, Germany",iPhone,Mobile Network,0,0,1
111,0,2025-01-14 19:28:56.812605,money_laundering,withdrawal,False,2920.06,8028.97,2920.06,ATM,"New York, USA",MacBook,Home WiFi,0,0,1
112,0,2025-01-14 19:29:06.812712,identity_theft,withdrawal,False,1031.8,3177.55,1031.8,Bank,"Los Angeles, USA",Android,Public WiFi,0,0,1
113,0,2025-01-14 19:28:57.812820,identity_theft,failed_login,True,1031.8,0.0,1031.8,,"London, UK",iPad,Home WiFi,0,0,1
114,0,2025-01-14 19:29:07.812903,identity_theft,suspicious_login,True,1031.8,0.0,1031.8,,"Tokyo, Japan",Windows Laptop,Public WiFi,0,1,1
115,0,2025-01-14 19:29:08.812985,identity_theft,withdrawal,False,1031.8,1840.75,1031.8,ATM,"Berlin, Germany",Android,Corporate Network,0,0,1
116,0,2025-01-14 19:28:50.813076,identity_theft,withdrawal,False,1031.8,2907.65,1031.8,ATM,"Tokyo, Japan",Android,Mobile Network,0,0,1
117,0,2025-01-14 19:29:06.813166,identity_theft,suspicious_login,True,1031.8,0.0,1031.8,,"London, UK",MacBook,Corporate Network,0,0,1
118,0,2025-01-14 19:29:06.813249,identity_theft,failed_login,True,1031.8,0.0,1031.8,,"New York, USA",iPhone,Public WiFi,0,0,1
119,0,2025-01-14 19:29:03.813329,identity_theft,suspicious_login,True,1031.8,0.0,1031.8,,"Los Angeles, USA",iPhone,Public WiFi,0,0,1
120,0,2025-01-14 19:28:55.813418,money_laundering,withdrawal,True,4062.5,2895.09,1167.41,ATM,"Tokyo, Japan",Android,Home WiFi,0,0,1
121,0,2025-01-14 19:28:56.813516,money_laundering,purchase,True,1167.41,87.97,1079.44,PayPal,"Tokyo, Japan",iPad,Home WiFi,0,0,1
122,0,2025-01-14 19:29:08.813631,money_laundering,phone_change,True,1079.44,0.0,1079.44,,"Los Angeles, USA",Android,Public WiFi,0,0,1
123,0,2025-01-14 19:28:54.813745,money_laundering,email_change,True,1079.44,0.0,1079.44,,"Paris, France",Android,Home WiFi,0,0,1
124,0,2025-01-14 19:28:40.813842,identity_theft,password_change,True,2925.78,0.0,2925.78,,"London, UK",Android,Home WiFi,0,0,1
125,0,2025-01-14 19:28:49.813931,identity_theft,withdrawal,True,2925.78,1097.17,1828.61,Bank,"Tokyo, Japan",Windows Laptop,Mobile Network,0,0,1
126,0,2025-01-14 19:28:39.814036,identity_theft,purchase,True,1828.61,186.87,1641.74,Starbucks,"Los Angeles, USA",Android,Mobile Network,0,0,1
127,0,2025-01-14 19:29:02.814129,identity_theft,withdrawal,False,1641.74,4044.93,1641.74,ATM,"Paris, France",iPhone,Home WiFi,0,0,1
128,0,2025-01-14 19:28:53.814228,phishing,withdrawal,False,1155.12,2001.11,1155.12,Bank,"London, UK",Android,Home WiFi,0,0,1
129,0,2025-01-14 19:29:08.814319,phishing,purchase,True,1155.12,382.29,772.83,Apple,"Tokyo, Japan",Linux PC,Corporate Network,0,0,1
130,0,2025-01-14 19:29:06.814411,phishing,withdrawal,False,772.83,1932.71,772.83,Bank,"Tokyo, Japan",Android,Home WiFi,0,0,1
131,0,2025-01-14 19:28:40.814522,phishing,password_change,True,772.83,0.0,772.83,,"Paris, France",iPhone,Home WiFi,0,0,1
132,0,2025-01-14 19:29:03.814604,phishing,failed_login,True,772.83,0.0,772.83,,"Tokyo, Japan",MacBook,Corporate Network,0,0,1
133,0,2025-01-14 19:28:41.814689,phishing,suspicious_login,True,772.83,0.0,772.83,,"Tokyo, Japan",iPhone,Public WiFi,0,1,1
134,0,2025-01-14 19:29:01.814780,phishing,suspicious_login,True,772.83,0.0,772.83,,"New York, USA",iPhone,Corporate Network,0,0,1
135,0,2025-01-14 19:28:49.814859,phishing,withdrawal,False,772.83,2797.37,772.83,Bank,"London, UK",iPhone,Home WiFi,0,0,1
136,0,2025-01-14 19:28:42.814961,phishing,phone_change,True,3451.19,0.0,3451.19,,"London, UK",MacBook,Mobile Network,0,0,1
137,0,2025-01-14 19:28:45.815045,phishing,failed_login,True,3451.19,0.0,3451.19,,"Los Angeles, USA",Android,Corporate Network,0,0,1
138,0,2025-01-14 19:28:45.815125,phishing,withdrawal,True,3451.19,1940.7,1510.49,Bank,"Los Angeles, USA",iPad,Public WiFi,0,0,1
139,0,2025-01-14 19:29:01.815216,phishing,failed_login,True,1510.49,0.0,1510.49,,"Los Angeles, USA",MacBook,Home WiFi,0,0,1
140,0,2025-01-14 19:28:58.815298,phishing,failed_login,True,1510.49,0.0,1510.49,,"Berlin, Germany",Android,Home WiFi,0,0,1
141,0,2025-01-14 19:28:55.815382,phishing,failed_login,True,1510.49,0.0,1510.49,,"Los Angeles, USA",Windows Laptop,Home WiFi,0,0,1
142,0,2025-01-14 19:28:46.815462,phishing,deposit,True,1510.49,150.27,1660.76,Bank,"New York, USA",Windows Laptop,Home WiFi,0,0,1
143,0,2025-01-14 19:28:49.815554,phishing,failed_login,True,1660.76,0.0,1660.76,,"London, UK",Windows Laptop,Public WiFi,0,0,1
144,0,2025-01-14 19:29:03.815635,phishing,withdrawal,False,1660.76,1686.24,1660.76,ATM,"Los Angeles, USA",Android,Home WiFi,0,0,1
145,0,2025-01-14 19:28:57.815738,phishing,purchase,True,1660.76,607.99,1052.77,Starbucks,"Tokyo, Japan",MacBook,Mobile Network,0,0,1
146,0,2025-01-14 19:29:03.815841,identity_theft,suspicious_login,True,1299.48,0.0,1299.48,,"New York, USA",iPhone,Corporate Network,0,0,1
147,0,2025-01-14 19:28:50.815931,identity_theft,withdrawal,False,1299.48,4307.92,1299.48,ATM,"Berlin, Germany",Windows Laptop,Mobile Network,0,0,1
148,0,2025-01-14 19:28:59.816033,identity_theft,withdrawal,False,1299.48,3763.2,1299.48,Bank,"Los Angeles, USA",Android,Public WiFi,0,0,1
149,0,2025-01-14 19:28:54.816137,identity_theft,suspicious_login,True,1299.48,0.0,1299.48,,"New York, USA",Windows Laptop,Public WiFi,0,0,1
150,0,2025-01-14 19:29:08.816217,identity_theft,password_change,True,1299.48,0.0,1299.48,,"Tokyo, Japan",Linux PC,Corporate Network,0,0,1
151,0,2025-01-14 19:28:48.816302,identity_theft,deposit,True,1299.48,34.62,1334.1,PayPal,"Paris, France",iPad,Mobile Network,0,0,1
152,0,2025-01-14 19:29:00.816396,identity_theft,withdrawal,False,1334.1,1602.96,1334.1,ATM,"Paris, France",iPhone,Public WiFi,0,0,1
153,0,2025-01-14 19:28:56.816501,identity_theft,withdrawal,False,1334.1,3294.22,1334.1,Bank,"Berlin, Germany",iPhone,Public WiFi,0,0,1
154,0,2025-01-14 19:28:43.816606,identity_theft,purchase,True,1334.1,292.03,1042.07,Apple,"Tokyo, Japan",MacBook,Corporate Network,0,0,1
155,0,2025-01-14 19:28:55.816716,identity_theft,withdrawal,False,1042.07,4882.82,1042.07,Bank,"New York, USA",Windows Laptop,Public WiFi,1,0,1
156,0,2025-01-14 19:28:59.816822,identity_theft,withdrawal,False,2176.11,4268.01,2176.11,ATM,"Tokyo, Japan",Android,Mobile Network,0,0,1
157,0,2025-01-14 19:28:39.816931,identity_theft,withdrawal,False,2176.11,4987.66,2176.11,Bank,"Tokyo, Japan",Android,Home WiFi,0,0,1
158,0,2025-01-14 19:29:00.817022,identity_theft,failed_login,True,2176.11,0.0,2176.11,,"New York, USA",iPhone,Home WiFi,0,0,1
159,0,2025-01-14 19:28:58.817105,identity_theft,suspicious_login,True,2176.11,0.0,2176.11,,"Tokyo, Japan",MacBook,Home WiFi,0,0,1
160,0,2025-01-14 19:28:57.817185,identity_theft,withdrawal,False,2176.11,3723.72,2176.11,Bank,"Los Angeles, USA",iPhone,Public WiFi,0,0,1
161,0,2025-01-14 19:28:58.817293,identity_theft,password_change,True,2176.11,0.0,2176.11,,"New York, USA",iPhone,Public WiFi,1,0,1
162,0,2025-01-14 19:29:03.817375,identity_theft,withdrawal,False,2176.11,3783.16,2176.11,ATM,"Berlin, Germany",Android,Home WiFi,0,0,1
163,0,2025-01-14 19:28:54.817467,identity_theft,withdrawal,True,2176.11,1786.3,389.81,Bank,"London, UK",iPhone,Home WiFi,0,0,1
164,0,2025-01-14 19:29:07.817562,identity_theft,withdrawal,False,389.81,4086.97,389.81,Bank,"Los Angeles, USA",Windows Laptop,Home WiFi,0,0,1
165,0,2025-01-14 19:28:51.817652,identity_theft,withdrawal,False,389.81,1116.46,389.81,Bank,"Los Angeles, USA",iPad,Mobile Network,0,0,1
166,0,2025-01-14 19:28:41.817758,phishing,purchase,True,3274.36,447.93,2826.43,Amazon,"London, UK",Android,Mobile Network,0,0,1
167,0,2025-01-14 19:28:51.817856,phishing,deposit,True,2826.43,113.8,2940.23,ATM,"Berlin, Germany",iPhone,Corporate Network,0,0,1
168,0,2025-01-14 19:28:57.817947,phishing,withdrawal,True,2940.23,1620.06,1320.17,Bank,"Paris, France",iPhone,Corporate Network,0,0,1
169,0,2025-01-14 19:29:01.818037,phishing,withdrawal,False,1320.17,1337.08,1320.17,ATM,"London, UK",iPhone,Home WiFi,0,0,1
170,0,2025-01-14 19:28:50.818127,phishing,withdrawal,False,1320.17,1592.08,1320.17,ATM,"New York, USA",Windows Laptop,Mobile Network,0,0,1
171,0,2025-01-14 19:29:00.818220,phishing,withdrawal,False,1320.17,2702.93,1320.17,ATM,"Paris, France",Windows Laptop,Home WiFi,0,0,1
172,0,2025-01-14 19:29:06.818310,phishing,withdrawal,False,1320.17,1485.38,1320.17,Bank,"Tokyo, Japan",iPhone,Public WiFi,0,0,1
173,0,2025-01-14 19:28:43.818399,phishing,purchase,True,1320.17,28.75,1291.42,PayPal,"Los Angeles, USA",Windows Laptop,Public WiFi,0,0,1
174,0,2025-01-14 19:28:46.818499,identity_theft,purchase,True,1095.05,468.36,626.69,Amazon,"Los Angeles, USA",Windows Laptop,Public WiFi,0,0,1
175,0,2025-01-14 19:28:40.818599,identity_theft,suspicious_login,True,626.69,0.0,626.69,,"Los Angeles, USA",Windows Laptop,Public WiFi,0,0,1
176,0,2025-01-14 19:28:57.818717,identity_theft,withdrawal,False,626.69,1437.33,626.69,ATM,"Tokyo, Japan",Windows Laptop,Home WiFi,0,0,1
177,0,2025-01-14 19:28:58.818847,identity_theft,withdrawal,False,2001.45,4529.89,2001.45,Bank,"Los Angeles, USA",Windows Laptop,Mobile Network,0,0,1
178,0,2025-01-14 19:28:56.818940,identity_theft,suspicious_login,True,2001.45,0.0,2001.45,,"Paris, France",iPhone,Mobile Network,0,0,1
179,0,2025-01-14 19:28:44.819043,identity_theft,withdrawal,True,2001.45,1782.8,218.65,ATM,"Los Angeles, USA",MacBook,Corporate Network,0,0,1
180,0,2025-01-14 19:28:49.819147,identity_theft,purchase,False,218.65,591.64,218.65,Amazon,"New York, USA",Linux PC,Home WiFi,0,0,1
181,0,2025-01-14 19:29:03.819247,identity_theft,suspicious_login,True,218.65,0.0,218.65,,"London, UK",iPhone,Public WiFi,0,0,1
182,0,2025-01-14 19:29:06.819330,identity_theft,withdrawal,False,218.65,2309.56,218.65,Bank,"New York, USA",iPhone,Home WiFi,0,0,1
183,0,2025-01-14 19:29:06.819421,identity_theft,password_change,True,218.65,0.0,218.65,,"New York, USA",iPhone,Home WiFi,0,0,1
184,0,2025-01-14 19:29:06.819502,identity_theft,withdrawal,False,218.65,2791.99,218.65,Bank,"London, UK",Windows Laptop,Home WiFi,0,0,1
185,0,2025-01-14 19:28:55.819602,phishing,withdrawal,True,3881.05,1613.66,2267.39,ATM,"New York, USA",Windows Laptop,Mobile Network,0,0,1
186,0,2025-01-14 19:28:50.819725,phishing,withdrawal,True,2267.39,1974.86,292.53,ATM,"New York, USA",Android,Home WiFi,0,0,1
187,0,2025-01-14 19:29:04.819831,phishing,purchase,False,292.53,452.97,292.53,Starbucks,"New York, USA",iPhone,Public WiFi,0,0,1
188,0,2025-01-14 19:28:45.819930,phishing,withdrawal,False,292.53,2658.84,292.53,ATM,"Los Angeles, USA",Android,Mobile Network,0,0,1
189,0,2025-01-14 19:29:07.820020,phishing,suspicious_login,True,292.53,0.0,292.53,,"New York, USA",iPhone,Public WiFi,0,0,1
190,0,2025-01-14 19:28:50.820111,identity_theft,withdrawal,True,1342.81,1278.19,64.62,ATM,"New York, USA",Linux PC,Public WiFi,0,0,1
191,0,2025-01-14 19:29:05.820207,identity_theft,failed_login,True,64.62,0.0,64.62,,"Paris, France",MacBook,Public WiFi,1,0,1
192,0,2025-01-14 19:28:58.820290,identity_theft,failed_login,True,64.62,0.0,64.62,,"New York, USA",iPhone,Public WiFi,0,0,1
193,0,2025-01-14 19:29:00.820371,identity_theft,withdrawal,False,64.62,4363.12,64.62,Bank,"Paris, France",MacBook,Home WiFi,0,0,1
194,0,2025-01-14 19:28:44.820462,identity_theft,suspicious_login,True,64.62,0.0,64.62,,"London, UK",Windows Laptop,Home WiFi,0,0,1
195,0,2025-01-14 19:28:40.820544,identity_theft,withdrawal,False,64.62,2397.91,64.62,ATM,"Tokyo, Japan",MacBook,Home WiFi,0,0,1
196,0,2025-01-14 19:28:53.820755,identity_theft,withdrawal,False,64.62,3461.56,64.62,Bank,"New York, USA",MacBook,Home WiFi,0,0,1
197,0,2025-01-14 19:28:43.820847,identity_theft,withdrawal,False,64.62,3283.41,64.62,ATM,"Los Angeles, USA",iPad,Home WiFi,0,0,1
198,0,2025-01-14 19:28:41.820937,identity_theft,withdrawal,False,64.62,2873.0,64.62,Bank,"New York, USA",MacBook,Public WiFi,0,0,1
199,0,2025-01-14 19:28:51.821031,identity_theft,failed_login,True,64.62,0.0,64.62,,"Los Angeles, USA",MacBook,Home WiFi,0,0,1
200,0,2025-01-14 19:28:41.821126,money_laundering,email_change,True,2462.62,0.0,2462.62,,"Berlin, Germany",Android,Public WiFi,0,0,1
201,0,2025-01-14 19:29:05.821213,money_laundering,phone_change,True,2462.62,0.0,2462.62,,"Berlin, Germany",Linux PC,Home WiFi,0,0,1
202,0,2025-01-14 19:28:39.821295,money_laundering,deposit,True,2462.62,4539.46,7002.08,ATM,"New York, USA",Android,Corporate Network,0,0,1
203,0,2025-01-14 19:28:54.821396,money_laundering,withdrawal,False,4630.33,6548.35,4630.33,ATM,"London, UK",iPhone,Mobile Network,0,0,1
204,0,2025-01-14 19:28:44.821494,card_skimming,withdrawal,False,1127.61,1736.97,1127.61,Bank,"Los Angeles, USA",Android,Public WiFi,1,0,1
205,0,2025-01-14 19:29:07.821595,card_skimming,withdrawal,True,1127.61,524.84,602.77,Bank,"Berlin, Germany",Windows Laptop,Home WiFi,0,0,1
206,0,2025-01-14 19:28:53.821716,card_skimming,withdrawal,False,602.77,1551.03,602.77,Bank,"Los Angeles, USA",Android,Public WiFi,0,0,1
207,0,2025-01-14 19:28:52.821829,card_skimming,withdrawal,False,602.77,1247.4,602.77,ATM,"Los Angeles, USA",Windows Laptop,Public WiFi,0,0,1
208,0,2025-01-14 19:28:49.821933,card_skimming,withdrawal,False,602.77,1802.02,602.77,Bank,"New York, USA",Android,Home WiFi,0,0,1
209,0,2025-01-14 19:28:48.822027,card_skimming,deposit,True,602.77,26.3,629.07,ATM,"London, UK",Android,Mobile Network,0,0,1
210,0,2025-01-14 19:28:49.822145,card_skimming,phone_change,True,629.07,0.0,629.07,,"New York, USA",Linux PC,Public WiFi,0,0,1
211,0,2025-01-14 19:28:50.822254,card_skimming,phone_change,True,629.07,0.0,629.07,,"Los Angeles, USA",Android,Corporate Network,0,0,1
212,0,2025-01-14 19:28:45.822336,card_skimming,purchase,True,629.07,431.32,197.75,Starbucks,"Paris, France",iPad,Home WiFi,0,0,1
213,0,2025-01-14 19:28:49.822430,card_skimming,withdrawal,False,197.75,1019.22,197.75,Bank,"Los Angeles, USA",Windows Laptop,Mobile Network,0,0,1
214,0,2025-01-14 19:28:41.822545,identity_theft,withdrawal,False,2560.93,4962.36,2560.93,ATM,"Paris, France",Windows Laptop,Home WiFi,1,0,1
215,0,2025-01-14 19:28:53.822637,identity_theft,withdrawal,False,2560.93,2922.72,2560.93,Bank,"New York, USA",iPhone,Home WiFi,0,0,1
216,0,2025-01-14 19:28:50.822737,identity_theft,failed_login,True,2560.93,0.0,2560.93,,"Los Angeles, USA",Android,Mobile Network,0,0,1
217,0,2025-01-14 19:29:02.822828,phishing,purchase,True,2540.37,144.19,2396.18,Apple,"New York, USA",Linux PC,Home WiFi,0,0,1
218,0,2025-01-14 19:28:56.822924,phishing,withdrawal,True,2396.18,1732.3,663.88,ATM,"London, UK",Linux PC,Public WiFi,0,0,1
219,0,2025-01-14 19:28:51.823015,phishing,suspicious_login,True,663.88,0.0,663.88,,"Paris, France",iPhone,Home WiFi,0,0,1
220,0,2025-01-14 19:28:59.823098,phishing,deposit,True,663.88,145.01,808.89,ATM,"Los Angeles, USA",iPhone,Home WiFi,0,0,1
221,0,2025-01-14 19:28:52.823198,phishing,password_change,True,808.89,0.0,808.89,,"Los Angeles, USA",Windows Laptop,Public WiFi,0,0,1
222,0,2025-01-14 19:28:48.823282,phishing,failed_login,True,808.89,0.0,808.89,,"New York, USA",iPhone,Home WiFi,0,0,1
223,0,2025-01-14 19:28:56.823363,phishing,withdrawal,False,808.89,2330.23,808.89,ATM,"Los Angeles, USA",Android,Home WiFi,1,0,1
224,0,2025-01-14 19:28:49.823471,phishing,withdrawal,False,808.89,1858.51,808.89,ATM,"Berlin, Germany",MacBook,Mobile Network,0,0,1
225,0,2025-01-14 19:28:57.823561,phishing,suspicious_login,True,808.89,0.0,808.89,,"New York, USA",iPhone,Home WiFi,0,0,1
226,0,2025-01-14 19:29:07.823653,money_laundering,purchase,True,4186.95,172.34,4014.61,Walmart,"London, UK",MacBook,Mobile Network,0,0,1
227,0,2025-01-14 19:28:44.823763,money_laundering,withdrawal,True,4014.61,3423.77,590.84,ATM,"New York, USA",iPad,Public WiFi,0,0,1
228,0,2025-01-14 19:29:00.823854,money_laundering,withdrawal,False,590.84,7130.56,590.84,Bank,"Los Angeles, USA",iPhone,Public WiFi,0,1,1
229,0,2025-01-14 19:29:02.823945,money_laundering,deposit,True,590.84,1718.2,2309.04,Bank,"New York, USA",Windows Laptop,Public WiFi,0,0,1
230,0,2025-01-14 19:28:43.824041,money_laundering,purchase,True,2309.04,7.94,2301.1,Best Buy,"New York, USA",iPhone,Public WiFi,0,0,1
231,0,2025-01-14 19:29:02.824137,money_laundering,purchase,True,2301.1,381.28,1919.82,Starbucks,"Los Angeles, USA",MacBook,Home WiFi,0,0,1
232,0,2025-01-14 19:28:41.824237,money_laundering,withdrawal,False,1919.82,5599.25,1919.82,Bank,"Berlin, Germany",MacBook,Public WiFi,0,0,1
233,0,2025-01-14 19:28:56.824327,money_laundering,withdrawal,False,1919.82,6434.41,1919.82,ATM,"New York, USA",Android,Public WiFi,0,0,1
234,0,2025-01-14 19:29:07.824416,money_laundering,deposit,True,1919.82,2057.52,3977.34,PayPal,"New York, USA",Linux PC,Public WiFi,0,0,1
235,0,2025-01-14 19:28:46.824524,money_laundering,withdrawal,False,3977.34,7275.27,3977.34,ATM,"New York, USA",MacBook,Corporate Network,0,0,1
236,0,2025-01-14 19:29:05.824629,identity_theft,withdrawal,False,2829.47,4364.86,2829.47,ATM,"Berlin, Germany",iPad,Home WiFi,0,0,1
237,0,2025-01-14 19:28:50.824760,phishing,withdrawal,True,3017.06,1175.7,1841.36,ATM,"New York, USA",Windows Laptop,Mobile Network,0,0,1
238,0,2025-01-14 19:28:49.824852,phishing,purchase,True,1841.36,178.22,1663.14,Apple,"Berlin, Germany",Linux PC,Home WiFi,0,0,1
239,0,2025-01-14 19:29:02.824945,phishing,withdrawal,False,1663.14,2931.11,1663.14,Bank,"London, UK",Linux PC,Public WiFi,0,0,1
240,0,2025-01-14 19:28:57.825035,phishing,purchase,True,1663.14,578.33,1084.81,Walmart,"New York, USA",iPhone,Public WiFi,0,0,1
241,0,2025-01-14 19:28:44.825131,phishing,withdrawal,False,1084.81,1896.94,1084.81,Bank,"New York, USA",Android,Public WiFi,0,0,1
242,0,2025-01-14 19:28:57.825225,phishing,withdrawal,False,1084.81,2380.04,1084.81,ATM,"Paris, France",Windows Laptop,Corporate Network,0,0,1
243,0,2025-01-14 19:28:59.825331,phishing,deposit,True,1084.81,121.69,1206.5,PayPal,"New York, USA",Android,Home WiFi,0,0,1
244,0,2025-01-14 19:29:07.825431,identity_theft,suspicious_login,True,3081.17,0.0,3081.17,,"London, UK",Android,Public WiFi,0,0,1
245,0,2025-01-14 19:29:03.825516,identity_theft,suspicious_login,True,3081.17,0.0,3081.17,,"Paris, France",iPhone,Public WiFi,0,0,1
246,0,2025-01-14 19:28:56.825610,identity_theft,purchase,True,3081.17,108.82,2972.35,Walmart,"Los Angeles, USA",MacBook,Public WiFi,0,0,1
247,0,2025-01-14 19:28:49.825737,identity_theft,failed_login,True,2972.35,0.0,2972.35,,"London, UK",MacBook,Public WiFi,0,0,1
248,0,2025-01-14 19:29:06.825830,identity_theft,suspicious_login,True,2972.35,0.0,2972.35,,"Los Angeles, USA",MacBook,Public WiFi,0,0,1
249,0,2025-01-14 19:28:49.825919,card_skimming,withdrawal,True,2876.88,1375.35,1501.53,Bank,"Los Angeles, USA",Windows Laptop,Home WiFi,0,0,1
250,0,2025-01-14 19:28:59.826012,card_skimming,withdrawal,False,1501.53,1791.88,1501.53,Bank,"Los Angeles, USA",Android,Home WiFi,0,1,1
251,0,2025-01-14 19:29:05.826105,card_skimming,purchase,True,1501.53,9.16,1492.37,PayPal,"Paris, France",iPad,Home WiFi,0,0,1
252,0,2025-01-14 19:28:57.826198,card_skimming,failed_login,True,1492.37,0.0,1492.37,,"Paris, France",MacBook,Home WiFi,0,0,1
253,0,2025-01-14 19:29:01.826285,card_skimming,withdrawal,True,1492.37,726.12,766.25,ATM,"London, UK",Android,Corporate Network,0,0,1
254,0,2025-01-14 19:28:46.826376,card_skimming,withdrawal,False,766.25,1455.62,766.25,Bank,"Tokyo, Japan",iPhone,Public WiFi,0,0,1
255,0,2025-01-14 19:29:04.826465,card_skimming,withdrawal,False,766.25,1018.68,766.25,Bank,"London, UK",MacBook,Home WiFi,0,0,1
256,0,2025-01-14 19:28:51.826570,card_skimming,phone_change,True,766.25,0.0,766.25,,"New York, USA",Windows Laptop,Home WiFi,0,0,1
257,0,2025-01-14 19:28:54.826651,card_skimming,purchase,True,766.25,433.32,332.93,Best Buy,"Los Angeles, USA",iPhone,Public WiFi,0,0,1
258,0,2025-01-14 19:29:03.826755,card_skimming,withdrawal,False,332.93,1022.96,332.93,ATM,"Paris, France",iPhone,Corporate Network,0,0,1
259,0,2025-01-14 19:28:46.826854,phishing,purchase,True,3574.41,160.6,3413.81,Target,"Paris, France",Android,Mobile Network,0,0,1
260,0,2025-01-14 19:28:47.826947,phishing,withdrawal,True,3413.81,2700.5,713.31,ATM,"New York, USA",MacBook,Home WiFi,0,0,1
261,0,2025-01-14 19:28:49.827062,phishing,withdrawal,False,713.31,2687.46,713.31,Bank,"New York, USA",Android,Public WiFi,0,0,1
262,0,2025-01-14 19:28:51.827153,phishing,deposit,True,713.31,155.06,868.37,PayPal,"New York, USA",iPhone,Mobile Network,0,0,1
263,0,2025-01-14 19:29:00.827247,phishing,purchase,True,868.37,257.39,610.98,Walmart,"Tokyo, Japan",iPhone,Mobile Network,0,0,1
264,0,2025-01-14 19:29:03.827338,phishing,failed_login,True,610.98,0.0,610.98,,"New York, USA",iPhone,Mobile Network,0,0,1
265,0,2025-01-14 19:29:02.827429,phishing,purchase,True,2815.47,382.51,2432.96,Walmart,"London, UK",iPad,Home WiFi,0,0,1
266,0,2025-01-14 19:29:02.827523,phishing,phone_change,True,2432.96,0.0,2432.96,,"Paris, France",iPhone,Public WiFi,0,0,1
267,0,2025-01-14 19:28:41.827610,phishing,failed_login,True,2432.96,0.0,2432.96,,"Berlin, Germany",Android,Public WiFi,0,0,1
268,0,2025-01-14 19:28:52.827691,phishing,withdrawal,True,2432.96,1255.37,1177.59,Bank,"Tokyo, Japan",iPhone,Public WiFi,0,0,1
269,0,2025-01-14 19:28:55.827792,phishing,withdrawal,False,1177.59,2103.81,1177.59,ATM,"Los Angeles, USA",MacBook,Mobile Network,0,0,1
270,0,2025-01-14 19:28:52.827881,phishing,password_change,True,1177.59,0.0,1177.59,,"London, UK",Windows Laptop,Public WiFi,0,0,1
271,0,2025-01-14 19:28:58.827972,phishing,withdrawal,False,1177.59,1767.49,1177.59,ATM,"Los Angeles, USA",Android,Home WiFi,0,0,1
272,0,2025-01-14 19:28:53.828073,phishing,withdrawal,False,1922.72,1926.16,1922.72,ATM,"New York, USA",MacBook,Home WiFi,0,0,1
273,0,2025-01-14 19:28:56.828172,money_laundering,purchase,True,2833.84,685.51,2148.33,Walmart,"New York, USA",Android,Home WiFi,0,1,1
274,0,2025-01-14 19:28:46.828265,money_laundering,withdrawal,False,2148.33,6204.64,2148.33,ATM,"Berlin, Germany",iPhone,Mobile Network,0,0,1
275,0,2025-01-14 19:29:06.828377,money_laundering,withdrawal,False,2148.33,7247.47,2148.33,ATM,"New York, USA",Windows Laptop,Home WiFi,0,0,1
276,0,2025-01-14 19:28:59.828475,phishing,withdrawal,True,2069.03,1774.51,294.52,Bank,"London, UK",iPhone,Home WiFi,0,0,1
277,0,2025-01-14 19:28:46.828567,phishing,phone_change,True,294.52,0.0,294.52,,"New York, USA",iPhone,Mobile Network,0,0,1
278,0,2025-01-14 19:29:07.828649,phishing,withdrawal,False,294.52,1274.44,294.52,Bank,"London, UK",MacBook,Public WiFi,0,0,1
279,0,2025-01-14 19:28:50.828772,card_skimming,withdrawal,False,1275.35,1940.83,1275.35,Bank,"Tokyo, Japan",Windows Laptop,Public WiFi,1,0,1
280,0,2025-01-14 19:29:03.828863,card_skimming,withdrawal,False,1275.35,1447.99,1275.35,Bank,"Tokyo, Japan",Windows Laptop,Home WiFi,0,0,1
281,0,2025-01-14 19:28:42.828983,phishing,withdrawal,False,1886.55,2966.88,1886.55,Bank,"Paris, France",iPhone,Public WiFi,0,0,1
282,0,2025-01-14 19:28:50.829076,phishing,deposit,True,1886.55,82.06,1968.61,Bank,"Los Angeles, USA",Android,Public WiFi,0,0,1
283,0,2025-01-14 19:28:58.829166,phishing,withdrawal,False,1968.61,2967.96,1968.61,Bank,"Tokyo, Japan",Android,Home WiFi,0,0,1
284,0,2025-01-14 19:29:03.829272,phishing,phone_change,True,1968.61,0.0,1968.61,,"New York, USA",MacBook,Home WiFi,0,0,1
285,0,2025-01-14 19:28:45.829358,phishing,withdrawal,True,1968.61,1642.52,326.09,Bank,"Los Angeles, USA",MacBook,Home WiFi,0,0,1
286,0,2025-01-14 19:28:49.829461,phishing,withdrawal,False,326.09,1545.2,326.09,ATM,"Berlin, Germany",iPhone,Corporate Network,0,0,1
287,0,2025-01-14 19:28:39.829551,phishing,purchase,False,326.09,613.51,326.09,Target,"Paris, France",Windows Laptop,Home WiFi,0,0,1
288,0,2025-01-14 19:28:39.829643,phishing,password_change,True,326.09,0.0,326.09,,"New York, USA",Android,Public WiFi,0,0,1
289,0,2025-01-14 19:29:06.829744,money_laundering,withdrawal,False,2844.11,4871.21,2844.11,Bank,"Berlin, Germany",iPhone,Mobile Network,0,0,1
290,0,2025-01-14 19:28:58.829836,money_laundering,phone_change,True,2844.11,0.0,2844.11,,"Los Angeles, USA",Windows Laptop,Mobile Network,0,0,1
291,0,2025-01-14 19:28:46.829923,money_laundering,withdrawal,True,2844.11,2341.7,502.41,ATM,"Tokyo, Japan",iPhone,Public WiFi,0,0,1
292,0,2025-01-14 19:28:49.830028,money_laundering,withdrawal,False,502.41,9116.32,502.41,Bank,"Paris, France",iPad,Home WiFi,0,0,1
293,0,2025-01-14 19:28:40.830118,money_laundering,email_change,True,502.41,0.0,502.41,,"Los Angeles, USA",MacBook,Public WiFi,0,0,1
294,0,2025-01-14 19:28:54.830199,money_laundering,purchase,False,502.41,584.14,502.41,Best Buy,"New York, USA",MacBook,Public WiFi,0,0,1
295,0,2025-01-14 19:28:58.830292,money_laundering,deposit,True,502.41,4654.46,5156.87,ATM,"New York, USA",MacBook,Home WiFi,0,0,1
296,0,2025-01-14 19:28:50.830404,money_laundering,withdrawal,False,5156.87,9387.77,5156.87,Bank,"Los Angeles, USA",Android,Home WiFi,1,0,1
297,0,2025-01-14 19:28:46.830494,money_laundering,withdrawal,False,5156.87,7267.32,5156.87,ATM,"Tokyo, Japan",Windows Laptop,Home WiFi,0,0,1
298,0,2025-01-14 19:28:50.830608,money_laundering,withdrawal,False,1876.49,6647.09,1876.49,Bank,"Los Angeles, USA",Windows Laptop,Corporate Network,0,0,1
299,0,2025-01-14 19:28:59.830723,money_laundering,deposit,True,1876.49,3568.99,5445.48,PayPal,"Berlin, Germany",iPad,Public WiFi,0,0,1
300,0,2025-01-14 19:29:08.830828,money_laundering,deposit,True,5445.48,3703.44,9148.92,Bank,"Los Angeles, USA",iPhone,Home WiFi,0,0,1
301,0,2025-01-14 19:28:52.830945,phishing,withdrawal,True,4689.57,2049.71,2639.86,ATM,"Tokyo, Japan",iPhone,Corporate Network,0,0,1
302,0,2025-01-14 19:28:52.831039,phishing,withdrawal,True,2639.86,2564.71,75.15,ATM,"Tokyo, Japan",Android,Home WiFi,0,0,1
303,0,2025-01-14 19:28:42.831128,phishing,failed_login,True,75.15,0.0,75.15,,"London, UK",Android,Home WiFi,0,0,1
304,0,2025-01-14 19:29:00.831211,phishing,deposit,True,75.15,192.54,267.69,ATM,"London, UK",iPhone,Mobile Network,0,0,1
305,0,2025-01-14 19:29:08.831302,phishing,withdrawal,False,267.69,1682.78,267.69,Bank,"New York, USA",iPhone,Mobile Network,1,0,1
306,0,2025-01-14 19:28:51.831404,card_skimming,withdrawal,True,4240.9,1741.26,2499.64,Bank,"Paris, France",Linux PC,Public WiFi,0,0,1
307,0,2025-01-14 19:29:07.831496,card_skimming,failed_login,True,2499.64,0.0,2499.64,,"New York, USA",iPhone,Home WiFi,0,0,1
308,0,2025-01-14 19:28:39.831579,card_skimming,withdrawal,True,2499.64,1778.18,721.46,Bank,"New York, USA",iPhone,Home WiFi,0,0,1
309,0,2025-01-14 19:28:39.831683,card_skimming,withdrawal,True,721.46,706.24,15.22,Bank,"New York, USA",iPhone,Public WiFi,0,0,1
310,0,2025-01-14 19:28:40.831784,card_skimming,withdrawal,False,15.22,1872.33,15.22,ATM,"Tokyo, Japan",Android,Mobile Network,0,0,1
311,0,2025-01-14 19:29:03.831893,card_skimming,withdrawal,False,15.22,961.5,15.22,Bank,"Paris, France",Windows Laptop,Public WiFi,0,0,1
312,0,2025-01-14 19:28:48.831983,card_skimming,withdrawal,False,15.22,527.38,15.22,ATM,"New York, USA",Android,Home WiFi,0,0,1
313,0,2025-01-14 19:28:54.832082,phishing,failed_login,True,3753.1,0.0,3753.1,,"New York, USA",MacBook,Public WiFi,0,0,1
314,0,2025-01-14 19:28:51.832166,phishing,withdrawal,True,3753.1,1692.41,2060.69,ATM,"Tokyo, Japan",iPhone,Home WiFi,0,0,1
315,0,2025-01-14 19:28:42.832262,phishing,withdrawal,False,2060.69,2715.79,2060.69,Bank,"Los Angeles, USA",iPhone,Public WiFi,0,0,1
316,0,2025-01-14 19:28:50.832352,phishing,withdrawal,True,2060.69,1268.45,792.24,Bank,"Los Angeles, USA",Android,Home WiFi,0,1,1
317,0,2025-01-14 19:28:48.832447,phishing,withdrawal,False,792.24,1083.6,792.24,Bank,"Los Angeles, USA",Android,Mobile Network,0,0,1
318,0,2025-01-14 19:29:05.832553,phishing,purchase,True,792.24,15.84,776.4,Amazon,"Paris, France",Android,Public WiFi,0,0,1
319,0,2025-01-14 19:29:07.832646,phishing,password_change,True,776.4,0.0,776.4,,"New York, USA",iPhone,Mobile Network,0,0,1
320,0,2025-01-14 19:28:54.832738,phishing,password_change,True,776.4,0.0,776.4,,"New York, USA",Android,Corporate Network,0,0,1
321,0,2025-01-14 19:28:43.832832,card_skimming,phone_change,True,3387.35,0.0,3387.35,,"New York, USA",iPad,Home WiFi,0,0,1
322,0,2025-01-14 19:28:39.832917,card_skimming,withdrawal,True,3387.35,1000.98,2386.37,ATM,"London, UK",iPhone,Public WiFi,0,0,1
323,0,2025-01-14 19:29:02.833031,card_skimming,purchase,True,2386.37,95.33,2291.04,Target,"Paris, France",MacBook,Public WiFi,0,0,1
324,0,2025-01-14 19:29:00.833123,card_skimming,purchase,True,2291.04,633.91,1657.13,PayPal,"London, UK",Android,Mobile Network,0,0,1
325,0,2025-01-14 19:28:44.833213,card_skimming,purchase,True,1657.13,68.37,1588.76,Walmart,"New York, USA",iPad,Mobile Network,0,0,1
326,0,2025-01-14 19:28:40.833305,card_skimming,withdrawal,True,1588.76,791.96,796.8,ATM,"Paris, France",Android,Corporate Network,0,0,1
327,0,2025-01-14 19:28:54.833419,identity_theft,withdrawal,False,1188.05,2233.01,1188.05,ATM,"New York, USA",Windows Laptop,Mobile Network,0,0,1
328,0,2025-01-14 19:28:51.833531,identity_theft,failed_login,True,1188.05,0.0,1188.05,,"Tokyo, Japan",Windows Laptop,Home WiFi,0,0,1
329,0,2025-01-14 19:28:41.833613,identity_theft,withdrawal,False,1188.05,1961.14,1188.05,Bank,"London, UK",iPhone,Corporate Network,0,0,1
330,0,2025-01-14 19:29:04.833726,identity_theft,withdrawal,False,1188.05,2173.83,1188.05,ATM,"New York, USA",iPhone,Public WiFi,0,0,1
331,0,2025-01-14 19:29:02.833821,identity_theft,suspicious_login,True,1188.05,0.0,1188.05,,"New York, USA",iPhone,Home WiFi,0,0,1
332,0,2025-01-14 19:28:44.833913,identity_theft,withdrawal,True,3789.81,1847.75,1942.06,ATM,"Paris, France",Android,Mobile Network,0,0,1
333,0,2025-01-14 19:28:46.834005,identity_theft,withdrawal,False,1942.06,2050.75,1942.06,ATM,"New York, USA",Android,Home WiFi,0,0,1
334,0,2025-01-14 19:28:45.834114,identity_theft,withdrawal,False,1942.06,4704.55,1942.06,Bank,"London, UK",Linux PC,Home WiFi,0,0,1
335,0,2025-01-14 19:29:07.834203,identity_theft,failed_login,True,1942.06,0.0,1942.06,,"Los Angeles, USA",iPhone,Corporate Network,0,0,1
336,0,2025-01-14 19:29:01.834285,identity_theft,withdrawal,False,1942.06,3863.26,1942.06,ATM,"New York, USA",Windows Laptop,Mobile Network,0,0,1
337,0,2025-01-14 19:28:59.834376,identity_theft,withdrawal,False,1942.06,4838.39,1942.06,Bank,"Los Angeles, USA",iPad,Home WiFi,0,0,1
338,0,2025-01-14 19:28:56.834470,identity_theft,purchase,True,1942.06,597.31,1344.75,Target,"New York, USA",iPhone,Public WiFi,0,0,1
339,0,2025-01-14 19:28:50.834567,identity_theft,withdrawal,False,1344.75,3674.88,1344.75,ATM,"London, UK",iPhone,Mobile Network,0,0,1
340,0,2025-01-14 19:29:04.834656,identity_theft,purchase,True,1344.75,81.57,1263.18,Best Buy,"Berlin, Germany",Android,Mobile Network,0,0,1
341,0,2025-01-14 19:28:47.834773,phishing,withdrawal,True,3062.59,1618.74,1443.85,Bank,"Tokyo, Japan",Android,Home WiFi,0,0,1
342,0,2025-01-14 19:28:58.834881,phishing,withdrawal,False,1443.85,2047.01,1443.85,Bank,"London, UK",Linux PC,Home WiFi,0,0,1
343,0,2025-01-14 19:28:41.834971,phishing,withdrawal,False,1443.85,2012.91,1443.85,ATM,"New York, USA",iPad,Home WiFi,0,0,1
344,0,2025-01-14 19:29:08.835075,phishing,withdrawal,True,1443.85,1294.56,149.29,Bank,"Tokyo, Japan",MacBook,Home WiFi,0,0,1
345,0,2025-01-14 19:28:44.835164,phishing,purchase,False,149.29,550.77,149.29,Amazon,"London, UK",Android,Mobile Network,0,0,1
346,0,2025-01-14 19:28:49.835254,phishing,suspicious_login,True,149.29,0.0,149.29,,"Los Angeles, USA",MacBook,Public WiFi,0,0,1
347,0,2025-01-14 19:28:55.835336,phishing,withdrawal,False,149.29,2317.24,149.29,ATM,"Berlin, Germany",Windows Laptop,Mobile Network,0,0,1
348,0,2025-01-14 19:29:06.835439,phishing,failed_login,True,149.29,0.0,149.29,,"New York, USA",Android,Home WiFi,0,0,1
349,0,2025-01-14 19:28:45.835525,phishing,withdrawal,False,149.29,2846.96,149.29,Bank,"Tokyo, Japan",Windows Laptop,Mobile Network,0,0,1
350,0,2025-01-14 19:28:58.835637,identity_theft,password_change,True,4640.47,0.0,4640.47,,"New York, USA",Windows Laptop,Public WiFi,0,0,1
351,0,2025-01-14 19:28:57.835738,identity_theft,purchase,True,4640.47,319.11,4321.36,Best Buy,"Los Angeles, USA",Windows Laptop,Corporate Network,1,0,1
352,0,2025-01-14 19:28:46.835832,identity_theft,withdrawal,True,4321.36,2850.72,1470.64,Bank,"New York, USA",Linux PC,Public WiFi,0,0,1
353,0,2025-01-14 19:28:55.835937,identity_theft,withdrawal,False,1470.64,3003.44,1470.64,Bank,"New York, USA",Windows Laptop,Public WiFi,0,0,1
354,0,2025-01-14 19:29:06.836026,identity_theft,withdrawal,False,1470.64,2575.97,1470.64,Bank,"Los Angeles, USA",Android,Home WiFi,0,0,1
355,0,2025-01-14 19:28:44.836115,identity_theft,withdrawal,True,1470.64,1380.66,89.98,Bank,"Tokyo, Japan",Android,Corporate Network,0,1,1
356,0,2025-01-14 19:28:51.836219,identity_theft,failed_login,True,89.98,0.0,89.98,,"New York, USA",MacBook,Home WiFi,0,0,1
357,0,2025-01-14 19:29:01.836300,identity_theft,withdrawal,False,89.98,3188.6,89.98,ATM,"New York, USA",MacBook,Home WiFi,0,0,1
358,0,2025-01-14 19:28:55.836391,identity_theft,withdrawal,False,89.98,3194.55,89.98,ATM,"New York, USA",Android,Home WiFi,0,0,1
359,0,2025-01-14 19:28:45.836490,money_laundering,deposit,True,3782.25,4963.61,8745.86,ATM,"Los Angeles, USA",MacBook,Home WiFi,0,0,1
360,0,2025-01-14 19:28:44.836603,money_laundering,withdrawal,True,8745.86,2037.39,6708.47,ATM,"Paris, France",iPhone,Public WiFi,0,0,1
361,0,2025-01-14 19:29:05.836721,money_laundering,deposit,True,6708.47,2892.32,9600.79,PayPal,"London, UK",Android,Public WiFi,0,0,1
362,0,2025-01-14 19:28:51.836826,money_laundering,purchase,True,9600.79,357.24,9243.55,Amazon,"Los Angeles, USA",iPhone,Home WiFi,0,0,1
363,0,2025-01-14 19:28:44.836918,money_laundering,deposit,True,9243.55,501.33,9744.88,Bank,"Tokyo, Japan",Android,Corporate Network,0,0,1
364,0,2025-01-14 19:28:49.837023,money_laundering,purchase,True,9744.88,341.73,9403.15,Amazon,"New York, USA",iPhone,Mobile Network,0,0,1
365,0,2025-01-14 19:28:48.837114,money_laundering,deposit,True,9403.15,3397.3,12800.45,PayPal,"Los Angeles, USA",Linux PC,Home WiFi,0,1,1
366,0,2025-01-14 19:28:52.837227,money_laundering,withdrawal,True,3662.33,3447.91,214.42,Bank,"Los Angeles, USA",iPad,Home WiFi,0,0,1
367,0,2025-01-14 19:28:40.837319,money_laundering,withdrawal,False,214.42,4484.22,214.42,ATM,"Paris, France",iPhone,Mobile Network,0,0,1
368,0,2025-01-14 19:28:59.837424,money_laundering,deposit,True,214.42,2485.94,2700.36,ATM,"Berlin, Germany",Linux PC,Mobile Network,0,0,1
369,0,2025-01-14 19:28:49.837527,money_laundering,withdrawal,False,2700.36,3813.04,2700.36,Bank,"New York, USA",Windows Laptop,Public WiFi,0,0,1
370,0,2025-01-14 19:28:45.837622,money_laundering,purchase,True,2700.36,277.68,2422.68,Best Buy,"Los Angeles, USA",Windows Laptop,Public WiFi,0,0,1
371,0,2025-01-14 19:28:57.837724,money_laundering,withdrawal,False,2422.68,2623.54,2422.68,Bank,"New York, USA",iPhone,Home WiFi,0,0,1
372,0,2025-01-14 19:28:57.837815,money_laundering,withdrawal,False,2422.68,4864.31,2422.68,ATM,"Los Angeles, USA",Windows Laptop,Corporate Network,0,0,1
373,0,2025-01-14 19:29:04.837904,money_laundering,deposit,True,2422.68,4326.57,6749.25,Bank,"London, UK",Windows Laptop,Home WiFi,0,0,1
374,0,2025-01-14 19:28:46.838010,money_laundering,withdrawal,True,6749.25,6301.29,447.96,Bank,"New York, USA",Windows Laptop,Public WiFi,0,0,1
375,0,2025-01-14 19:28:57.838108,phishing,deposit,True,2970.62,188.4,3159.02,Bank,"Los Angeles, USA",iPad,Home WiFi,0,0,1
376,0,2025-01-14 19:28:45.838200,phishing,withdrawal,True,3159.02,1445.57,1713.45,ATM,"Los Angeles, USA",iPhone,Home WiFi,0,1,1
377,0,2025-01-14 19:28:39.838288,phishing,purchase,True,1713.45,640.07,1073.38,Walmart,"New York, USA",Windows Laptop,Mobile Network,0,0,1
378,0,2025-01-14 19:28:56.838385,phishing,failed_login,True,4766.56,0.0,4766.56,,"Tokyo, Japan",MacBook,Mobile Network,0,1,1
379,0,2025-01-14 19:28:45.838471,phishing,withdrawal,True,4766.56,1045.2,3721.36,ATM,"Paris, France",iPhone,Home WiFi,0,0,1
380,0,2025-01-14 19:29:02.838567,phishing,withdrawal,True,3721.36,2641.55,1079.81,Bank,"New York, USA",Android,Mobile Network,0,0,1
381,0,2025-01-14 19:28:53.838659,phishing,purchase,True,1079.81,450.22,629.59,Walmart,"New York, USA",Windows Laptop,Corporate Network,0,0,1
382,0,2025-01-14 19:28:55.838760,phishing,withdrawal,False,629.59,1718.45,629.59,Bank,"Los Angeles, USA",MacBook,Mobile Network,0,0,1
383,0,2025-01-14 19:28:41.838849,phishing,password_change,True,629.59,0.0,629.59,,"Tokyo, Japan",iPhone,Public WiFi,0,0,1
384,0,2025-01-14 19:29:03.838932,phishing,withdrawal,False,629.59,2251.88,629.59,Bank,"Berlin, Germany",iPhone,Mobile Network,0,1,1
385,0,2025-01-14 19:29:01.839022,phishing,deposit,True,629.59,190.96,820.55,ATM,"Berlin, Germany",Android,Public WiFi,0,0,1
386,0,2025-01-14 19:28:50.839119,money_laundering,phone_change,True,3608.41,0.0,3608.41,,"Berlin, Germany",Linux PC,Public WiFi,0,0,1
387,0,2025-01-14 19:29:07.839204,money_laundering,withdrawal,False,3608.41,4795.37,3608.41,ATM,"Los Angeles, USA",Linux PC,Home WiFi,1,0,1
388,0,2025-01-14 19:28:46.839294,money_laundering,email_change,True,3608.41,0.0,3608.41,,"New York, USA",iPhone,Public WiFi,0,0,1
389,0,2025-01-14 19:29:06.839376,money_laundering,deposit,True,3608.41,2694.91,6303.32,ATM,"Los Angeles, USA",Android,Mobile Network,0,0,1
390,0,2025-01-14 19:28:42.839479,money_laundering,withdrawal,True,6303.32,4936.81,1366.51,ATM,"Los Angeles, USA",MacBook,Home WiFi,0,0,1
391,0,2025-01-14 19:28:59.839590,money_laundering,deposit,True,1366.51,2851.19,4217.7,PayPal,"New York, USA",iPhone,Public WiFi,0,0,1
392,0,2025-01-14 19:29:00.839701,money_laundering,withdrawal,False,4217.7,4782.17,4217.7,ATM,"London, UK",Android,Mobile Network,0,0,1
393,0,2025-01-14 19:28:57.839801,card_skimming,withdrawal,False,1142.36,1839.73,1142.36,ATM,"New York, USA",iPhone,Public WiFi,0,0,1
394,0,2025-01-14 19:28:59.839907,card_skimming,failed_login,True,1142.36,0.0,1142.36,,"Paris, France",MacBook,Corporate Network,0,0,1
395,0,2025-01-14 19:29:08.839993,card_skimming,withdrawal,True,1142.36,581.8,560.56,ATM,"Tokyo, Japan",Android,Home WiFi,0,0,1
396,0,2025-01-14 19:29:08.840101,card_skimming,withdrawal,False,560.56,1962.58,560.56,ATM,"London, UK",Android,Mobile Network,0,0,1
397,0,2025-01-14 19:29:03.840213,identity_theft,withdrawal,True,3577.47,2945.26,632.21,Bank,"Berlin, Germany",iPhone,Public WiFi,0,0,1
398,0,2025-01-14 19:28:47.840304,identity_theft,password_change,True,632.21,0.0,632.21,,"New York, USA",iPhone,Home WiFi,0,0,1
399,0,2025-01-14 19:28:44.840393,phishing,phone_change,True,1973.68,0.0,1973.68,,"New York, USA",iPhone,Home WiFi,0,0,1
400,0,2025-01-14 19:29:06.840475,phishing,phone_change,True,1973.68,0.0,1973.68,,"Tokyo, Japan",iPad,Home WiFi,0,0,1
401,0,2025-01-14 19:28:43.840564,phishing,suspicious_login,True,1973.68,0.0,1973.68,,"Tokyo, Japan",iPhone,Home WiFi,0,0,1
402,0,2025-01-14 19:28:44.840649,phishing,withdrawal,False,1973.68,2063.84,1973.68,ATM,"Paris, France",Windows Laptop,Home WiFi,0,0,1
403,0,2025-01-14 19:29:00.840749,phishing,withdrawal,True,1973.68,1322.82,650.86,Bank,"Berlin, Germany",iPhone,Public WiFi,1,0,1
404,0,2025-01-14 19:28:53.840854,phishing,failed_login,True,650.86,0.0,650.86,,"Los Angeles, USA",Android,Public WiFi,0,0,1
405,0,2025-01-14 19:28:54.840935,phishing,withdrawal,False,650.86,1218.59,650.86,ATM,"Paris, France",Android,Home WiFi,0,0,1
406,0,2025-01-14 19:28:46.841047,phishing,withdrawal,True,2714.04,2134.43,579.61,ATM,"Tokyo, Japan",iPhone,Mobile Network,0,0,1
407,0,2025-01-14 19:28:56.841139,phishing,failed_login,True,579.61,0.0,579.61,,"Tokyo, Japan",Windows Laptop,Mobile Network,0,0,1
408,0,2025-01-14 19:29:07.841221,phishing,failed_login,True,579.61,0.0,579.61,,"London, UK",iPhone,Public WiFi,0,0,1
409,0,2025-01-14 19:28:49.841301,phishing,withdrawal,False,579.61,1284.18,579.61,ATM,"New York, USA",MacBook,Public WiFi,0,0,1
410,0,2025-01-14 19:29:06.841403,phishing,phone_change,True,579.61,0.0,579.61,,"London, UK",iPhone,Public WiFi,0,0,1
411,0,2025-01-14 19:29:07.841488,phishing,password_change,True,579.61,0.0,579.61,,"Los Angeles, USA",Android,Home WiFi,0,0,1
412,0,2025-01-14 19:28:43.841569,phishing,withdrawal,False,579.61,2556.89,579.61,ATM,"Los Angeles, USA",Linux PC,Home WiFi,0,0,1
413,0,2025-01-14 19:29:06.841676,card_skimming,purchase,True,1778.17,366.25,1411.92,Amazon,"New York, USA",Android,Corporate Network,0,0,1
414,0,2025-01-14 19:28:56.841779,card_skimming,purchase,True,1411.92,554.51,857.41,Amazon,"Los Angeles, USA",Windows Laptop,Home WiFi,0,0,1
415,0,2025-01-14 19:28:59.841875,card_skimming,purchase,True,857.41,580.44,276.97,Amazon,"London, UK",Windows Laptop,Mobile Network,0,0,1
416,0,2025-01-14 19:28:48.841966,card_skimming,failed_login,True,276.97,0.0,276.97,,"Los Angeles, USA",MacBook,Mobile Network,0,0,1
417,0,2025-01-14 19:29:02.842048,card_skimming,purchase,True,276.97,109.78,167.19,Amazon,"Berlin, Germany",Android,Home WiFi,0,0,1
418,0,2025-01-14 19:28:59.842140,card_skimming,withdrawal,False,167.19,1618.87,167.19,ATM,"Paris, France",Windows Laptop,Public WiFi,1,0,1
419,0,2025-01-14 19:28:59.842244,card_skimming,withdrawal,False,167.19,1168.58,167.19,ATM,"London, UK",Windows Laptop,Corporate Network,0,0,1
420,0,2025-01-14 19:28:41.842334,card_skimming,purchase,False,167.19,581.18,167.19,Best Buy,"New York, USA",MacBook,Public WiFi,0,0,1
421,0,2025-01-14 19:28:57.842428,card_skimming,withdrawal,False,167.19,880.73,167.19,Bank,"New York, USA",Android,Home WiFi,0,0,1
422,0,2025-01-14 19:28:46.842544,identity_theft,failed_login,True,4600.36,0.0,4600.36,,"London, UK",Windows Laptop,Public WiFi,0,0,1
423,0,2025-01-14 19:28:39.842627,identity_theft,withdrawal,True,4600.36,1589.12,3011.24,ATM,"New York, USA",Android,Home WiFi,0,0,1
424,0,2025-01-14 19:28:43.842730,identity_theft,failed_login,True,3011.24,0.0,3011.24,,"Tokyo, Japan",iPad,Home WiFi,0,0,1
425,0,2025-01-14 19:28:59.842811,identity_theft,suspicious_login,True,3011.24,0.0,3011.24,,"New York, USA",MacBook,Home WiFi,0,0,1
426,0,2025-01-14 19:29:00.842890,identity_theft,withdrawal,False,3011.24,3029.77,3011.24,ATM,"Los Angeles, USA",MacBook,Public WiFi,0,0,1
427,0,2025-01-14 19:28:51.842981,identity_theft,withdrawal,True,3011.24,1338.52,1672.72,ATM,"New York, USA",Windows Laptop,Mobile Network,0,0,1
428,0,2025-01-14 19:29:06.843084,identity_theft,withdrawal,True,1672.72,1349.96,322.76,Bank,"Tokyo, Japan",iPad,Home WiFi,0,0,1
429,0,2025-01-14 19:28:55.843174,identity_theft,withdrawal,False,322.76,2150.77,322.76,ATM,"Tokyo, Japan",iPhone,Home WiFi,1,0,1
430,0,2025-01-14 19:28:49.843272,card_skimming,withdrawal,True,2115.41,886.49,1228.92,Bank,"Berlin, Germany",iPhone,Home WiFi,0,0,1
431,0,2025-01-14 19:28:54.843367,card_skimming,withdrawal,False,1228.92,1749.38,1228.92,ATM,"Berlin, Germany",iPhone,Home WiFi,1,0,1
432,0,2025-01-14 19:28:44.843457,card_skimming,withdrawal,False,1228.92,1860.82,1228.92,Bank,"London, UK",Windows Laptop,Mobile Network,0,0,1
433,0,2025-01-14 19:28:45.843561,card_skimming,purchase,True,1228.92,595.6,633.32,Amazon,"Los Angeles, USA",iPhone,Home WiFi,0,0,1
434,0,2025-01-14 19:29:03.843653,card_skimming,withdrawal,False,633.32,685.76,633.32,ATM,"Tokyo, Japan",MacBook,Home WiFi,0,0,1
435,0,2025-01-14 19:28:44.843777,card_skimming,purchase,True,633.32,477.06,156.26,Amazon,"Los Angeles, USA",iPhone,Public WiFi,0,0,1
436,0,2025-01-14 19:28:42.843868,card_skimming,withdrawal,False,156.26,1922.33,156.26,Bank,"New York, USA",iPhone,Home WiFi,0,0,1
437,0,2025-01-14 19:28:49.843956,card_skimming,purchase,True,156.26,37.63,118.63,Walmart,"New York, USA",iPad,Home WiFi,0,0,1
438,0,2025-01-14 19:28:56.844046,card_skimming,withdrawal,False,118.63,1144.31,118.63,Bank,"Los Angeles, USA",MacBook,Public WiFi,0,0,1
439,0,2025-01-14 19:29:05.844134,card_skimming,purchase,False,118.63,431.69,118.63,Best Buy,"New York, USA",iPhone,Public WiFi,0,0,1
440,0,2025-01-14 19:28:59.844234,card_skimming,failed_login,True,2414.53,0.0,2414.53,,"New York, USA",iPhone,Home WiFi,0,0,1
441,0,2025-01-14 19:29:01.844324,card_skimming,withdrawal,True,2414.53,1246.77,1167.76,ATM,"New York, USA",iPhone,Home WiFi,1,0,1
442,0,2025-01-14 19:28:44.844416,card_skimming,failed_login,True,1167.76,0.0,1167.76,,"Paris, France",Windows Laptop,Mobile Network,0,0,1
443,0,2025-01-14 19:29:07.844497,card_skimming,withdrawal,False,1167.76,1179.62,1167.76,Bank,"New York, USA",iPhone,Mobile Network,0,0,1
444,0,2025-01-14 19:28:44.844600,card_skimming,phone_change,True,1167.76,0.0,1167.76,,"Tokyo, Japan",iPhone,Mobile Network,0,0,1
445,0,2025-01-14 19:28:57.844681,card_skimming,withdrawal,False,1167.76,1546.25,1167.76,Bank,"Tokyo, Japan",iPhone,Corporate Network,0,0,1
446,0,2025-01-14 19:28:59.844801,card_skimming,purchase,True,1167.76,434.58,733.18,Apple,"New York, USA",Windows Laptop,Public WiFi,0,0,1
447,0,2025-01-14 19:28:57.844901,identity_theft,withdrawal,False,2153.15,2524.26,2153.15,Bank,"New York, USA",Android,Home WiFi,0,1,1
448,0,2025-01-14 19:28:54.844997,money_laundering,email_change,True,2970.55,0.0,2970.55,,"New York, USA",Windows Laptop,Public WiFi,0,0,1
449,0,2025-01-14 19:28:59.845081,money_laundering,deposit,True,2970.55,4567.45,7538.0,Bank,"New York, USA",iPhone,Corporate Network,0,0,1
450,0,2025-01-14 19:28:48.845185,money_laundering,deposit,True,7538.0,3316.51,10854.51,ATM,"Paris, France",iPhone,Home WiFi,0,0,1
451,0,2025-01-14 19:28:59.845293,money_laundering,withdrawal,True,10854.51,2973.08,7881.43,ATM,"Paris, France",Windows Laptop,Home WiFi,0,0,1
452,0,2025-01-14 19:29:07.845384,money_laundering,withdrawal,True,7881.43,2783.84,5097.59,Bank,"London, UK",Windows Laptop,Public WiFi,0,0,1
453,0,2025-01-14 19:28:49.845493,money_laundering,purchase,True,5097.59,372.49,4725.1,Starbucks,"New York, USA",Windows Laptop,Mobile Network,0,0,1
454,0,2025-01-14 19:28:50.845586,money_laundering,withdrawal,False,4725.1,5903.91,4725.1,ATM,"Paris, France",MacBook,Public WiFi,0,0,1
455,0,2025-01-14 19:29:05.845693,money_laundering,withdrawal,True,4725.1,4379.29,345.81,Bank,"New York, USA",iPhone,Home WiFi,1,0,1
456,0,2025-01-14 19:29:03.845795,money_laundering,email_change,True,345.81,0.0,345.81,,"Tokyo, Japan",iPad,Home WiFi,0,1,1
457,0,2025-01-14 19:28:59.845880,money_laundering,phone_change,True,345.81,0.0,345.81,,"Paris, France",Windows Laptop,Home WiFi,0,0,1
458,0,2025-01-14 19:29:00.845969,card_skimming,withdrawal,True,1361.4,1128.08,233.32,ATM,"London, UK",iPhone,Mobile Network,1,0,1
459,0,2025-01-14 19:29:05.846074,card_skimming,withdrawal,False,233.32,636.3,233.32,Bank,"London, UK",Windows Laptop,Public WiFi,0,0,1
460,0,2025-01-14 19:29:07.846177,card_skimming,email_change,True,233.32,0.0,233.32,,"New York, USA",Windows Laptop,Public WiFi,1,0,1
461,0,2025-01-14 19:29:00.846262,card_skimming,deposit,True,233.32,48.34,281.66,Bank,"Paris, France",iPhone,Home WiFi,0,0,1
462,0,2025-01-14 19:29:07.846354,card_skimming,withdrawal,False,281.66,896.46,281.66,ATM,"Los Angeles, USA",Android,Home WiFi,0,0,1
463,0,2025-01-14 19:29:01.846442,card_skimming,withdrawal,False,281.66,1929.29,281.66,Bank,"New York, USA",Windows Laptop,Public WiFi,0,0,1
464,0,2025-01-14 19:28:53.846531,card_skimming,failed_login,True,281.66,0.0,281.66,,"Los Angeles, USA",iPhone,Mobile Network,0,0,1
465,0,2025-01-14 19:28:40.846618,card_skimming,purchase,True,281.66,142.92,138.74,Best Buy,"London, UK",Windows Laptop,Public WiFi,0,0,1
466,0,2025-01-14 19:29:04.846718,card_skimming,withdrawal,False,138.74,1839.51,138.74,ATM,"Los Angeles, USA",MacBook,Public WiFi,0,0,1
467,0,2025-01-14 19:28:45.846813,card_skimming,withdrawal,False,138.74,1389.27,138.74,ATM,"Paris, France",Android,Corporate Network,0,0,1
468,0,2025-01-14 19:28:54.846927,card_skimming,withdrawal,True,4375.58,854.42,3521.16,ATM,"Paris, France",iPhone,Corporate Network,0,0,1
469,0,2025-01-14 19:28:43.847032,card_skimming,withdrawal,True,3521.16,589.25,2931.91,Bank,"Los Angeles, USA",iPhone,Public WiFi,0,0,1
470,0,2025-01-14 19:28:57.847134,card_skimming,email_change,True,2931.91,0.0,2931.91,,"London, UK",Windows Laptop,Mobile Network,0,0,1
471,0,2025-01-14 19:28:49.847219,card_skimming,withdrawal,True,2931.91,1325.19,1606.72,ATM,"Los Angeles, USA",Windows Laptop,Home WiFi,0,0,1
472,0,2025-01-14 19:28:51.847309,card_skimming,withdrawal,True,1606.72,1341.15,265.57,Bank,"New York, USA",Windows Laptop,Mobile Network,0,0,1
473,0,2025-01-14 19:28:40.847398,card_skimming,withdrawal,False,265.57,1358.67,265.57,Bank,"New York, USA",iPad,Public WiFi,0,0,1
474,0,2025-01-14 19:28:50.847502,card_skimming,purchase,False,265.57,462.59,265.57,Walmart,"Tokyo, Japan",iPhone,Home WiFi,0,0,1
475,0,2025-01-14 19:28:49.847593,card_skimming,withdrawal,False,265.57,1458.5,265.57,ATM,"New York, USA",iPad,Home WiFi,0,0,1
476,0,2025-01-14 19:28:53.847682,card_skimming,purchase,True,265.57,256.68,8.89,Starbucks,"New York, USA",Android,Public WiFi,0,0,1
477,0,2025-01-14 19:28:52.847788,card_skimming,purchase,False,8.89,150.52,8.89,Amazon,"Berlin, Germany",iPhone,Home WiFi,0,0,1
478,0,2025-01-14 19:28:56.847888,identity_theft,withdrawal,False,2490.55,4435.64,2490.55,ATM,"Berlin, Germany",iPhone,Corporate Network,0,0,1
479,0,2025-01-14 19:28:42.847985,money_laundering,withdrawal,False,1091.36,6254.05,1091.36,ATM,"Tokyo, Japan",Android,Home WiFi,0,0,1
480,0,2025-01-14 19:28:40.848075,money_laundering,email_change,True,1091.36,0.0,1091.36,,"New York, USA",MacBook,Home WiFi,1,0,1
481,0,2025-01-14 19:28:51.848162,money_laundering,withdrawal,False,1091.36,3171.27,1091.36,ATM,"Tokyo, Japan",iPad,Corporate Network,0,0,1
482,0,2025-01-14 19:29:04.848267,money_laundering,purchase,True,1091.36,521.18,570.18,Target,"New York, USA",Android,Corporate Network,1,0,1
483,0,2025-01-14 19:28:42.848362,money_laundering,deposit,True,570.18,4155.35,4725.53,Bank,"Berlin, Germany",Windows Laptop,Home WiFi,0,0,1
484,0,2025-01-14 19:28:43.848467,money_laundering,deposit,True,4725.53,3928.05,8653.58,PayPal,"London, UK",Windows Laptop,Public WiFi,0,0,1
485,0,2025-01-14 19:28:42.848557,money_laundering,withdrawal,True,8653.58,3325.78,5327.8,ATM,"Los Angeles, USA",MacBook,Public WiFi,0,0,1
486,0,2025-01-14 19:28:43.848646,money_laundering,deposit,True,5327.8,1500.34,6828.14,Bank,"Los Angeles, USA",Windows Laptop,Mobile Network,0,0,1
487,0,2025-01-14 19:28:58.848769,money_laundering,purchase,True,2177.45,38.57,2138.88,Apple,"New York, USA",Windows Laptop,Home WiFi,0,0,1
488,0,2025-01-14 19:29:05.848869,money_laundering,withdrawal,False,2138.88,4986.54,2138.88,ATM,"New York, USA",Android,Public WiFi,1,0,1
489,0,2025-01-14 19:28:46.848985,identity_theft,failed_login,True,4607.99,0.0,4607.99,,"Paris, France",Windows Laptop,Home WiFi,0,1,1
490,0,2025-01-14 19:28:46.849068,identity_theft,password_change,True,4607.99,0.0,4607.99,,"London, UK",Windows Laptop,Home WiFi,0,0,1
491,0,2025-01-14 19:29:02.849152,identity_theft,suspicious_login,True,4607.99,0.0,4607.99,,"Tokyo, Japan",Linux PC,Home WiFi,0,0,1
492,0,2025-01-14 19:29:04.849233,identity_theft,withdrawal,True,4607.99,1746.28,2861.71,Bank,"Los Angeles, USA",iPhone,Mobile Network,0,0,1
493,0,2025-01-14 19:28:51.849325,identity_theft,withdrawal,False,2861.71,4211.88,2861.71,ATM,"New York, USA",Android,Public WiFi,0,0,1
494,0,2025-01-14 19:28:51.849414,identity_theft,withdrawal,True,2861.71,2199.8,661.91,Bank,"Berlin, Germany",iPhone,Home WiFi,0,0,1
495,0,2025-01-14 19:28:50.849518,identity_theft,failed_login,True,661.91,0.0,661.91,,"Los Angeles, USA",Windows Laptop,Home WiFi,0,0,1
496,0,2025-01-14 19:28:52.849608,phishing,withdrawal,True,3427.51,2496.38,931.13,ATM,"Los Angeles, USA",iPad,Public WiFi,0,0,1
497,0,2025-01-14 19:29:07.849728,phishing,purchase,True,931.13,43.16,887.97,Target,"Los Angeles, USA",Windows Laptop,Home WiFi,0,0,1
498,0,2025-01-14 19:28:46.849821,phishing,withdrawal,False,887.97,2730.83,887.97,ATM,"New York, USA",iPhone,Home WiFi,0,0,1
499,0,2025-01-14 19:28:50.849931,phishing,purchase,True,887.97,423.92,464.05,Apple,"New York, USA",iPhone,Home WiFi,0,0,1
500,0,2025-01-14 19:28:47.850023,phishing,withdrawal,False,464.05,1594.91,464.05,ATM,"Los Angeles, USA",Windows Laptop,Public WiFi,0,0,1
501,0,2025-01-14 19:28:45.850116,phishing,purchase,True,464.05,462.28,1.77,Amazon,"Tokyo, Japan",iPhone,Public WiFi,0,0,1
502,0,2025-01-14 19:28:57.850216,card_skimming,withdrawal,True,2071.32,1053.05,1018.27,ATM,"Los Angeles, USA",Windows Laptop,Public WiFi,0,0,1
503,0,2025-01-14 19:28:54.850308,card_skimming,withdrawal,False,1018.27,1880.57,1018.27,Bank,"New York, USA",Android,Mobile Network,0,0,1
504,0,2025-01-14 19:28:47.850414,card_skimming,withdrawal,True,1018.27,718.0,300.27,ATM,"Los Angeles, USA",MacBook,Public WiFi,0,1,1
505,0,2025-01-14 19:29:07.850503,card_skimming,withdrawal,False,300.27,1927.75,300.27,ATM,"Los Angeles, USA",Windows Laptop,Home WiFi,0,0,1
506,0,2025-01-14 19:28:56.850607,card_skimming,withdrawal,False,300.27,1096.23,300.27,ATM,"London, UK",Windows Laptop,Mobile Network,0,0,1
507,0,2025-01-14 19:29:01.850704,card_skimming,phone_change,True,300.27,0.0,300.27,,"New York, USA",Android,Public WiFi,0,0,1
508,0,2025-01-14 19:29:06.850789,card_skimming,phone_change,True,300.27,0.0,300.27,,"New York, USA",MacBook,Public WiFi,0,0,1
509,0,2025-01-14 19:28:41.850883,money_laundering,deposit,True,4007.3,3120.57,7127.87,PayPal,"New York, USA",Android,Mobile Network,0,0,1
510,0,2025-01-14 19:28:51.850989,money_laundering,deposit,True,7127.87,3842.53,10970.4,PayPal,"Tokyo, Japan",Android,Corporate Network,0,0,1
511,0,2025-01-14 19:28:43.851102,money_laundering,withdrawal,True,10970.4,8275.64,2694.76,ATM,"Tokyo, Japan",MacBook,Public WiFi,0,1,1
512,0,2025-01-14 19:29:06.851206,money_laundering,withdrawal,False,2694.76,2741.06,2694.76,ATM,"New York, USA",Linux PC,Public WiFi,0,0,1
513,0,2025-01-14 19:28:48.851296,money_laundering,phone_change,True,2694.76,0.0,2694.76,,"New York, USA",MacBook,Public WiFi,0,0,1
514,0,2025-01-14 19:28:39.851378,money_laundering,withdrawal,False,2694.76,2898.55,2694.76,ATM,"Tokyo, Japan",iPhone,Home WiFi,0,0,1
515,0,2025-01-14 19:28:55.851489,phishing,withdrawal,True,3030.95,1569.7,1461.25,ATM,"Paris, France",Android,Mobile Network,0,0,1
516,0,2025-01-14 19:28:56.851581,phishing,withdrawal,False,1461.25,2209.09,1461.25,Bank,"Los Angeles, USA",Windows Laptop,Public WiFi,0,0,1
517,0,2025-01-14 19:28:49.851670,phishing,withdrawal,True,1461.25,1063.73,397.52,Bank,"Tokyo, Japan",Windows Laptop,Public WiFi,0,0,1
518,0,2025-01-14 19:28:44.851767,phishing,purchase,True,397.52,249.77,147.75,Starbucks,"Paris, France",iPhone,Corporate Network,0,0,1
519,0,2025-01-14 19:28:57.851858,phishing,password_change,True,147.75,0.0,147.75,,"London, UK",Windows Laptop,Mobile Network,0,0,1
520,0,2025-01-14 19:28:48.851948,phishing,failed_login,True,147.75,0.0,147.75,,"New York, USA",Linux PC,Public WiFi,0,0,1
521,0,2025-01-14 19:28:47.852032,phishing,withdrawal,False,147.75,1027.2,147.75,ATM,"Los Angeles, USA",iPhone,Public WiFi,0,0,1
522,0,2025-01-14 19:28:51.852132,card_skimming,purchase,True,4162.99,534.78,3628.21,Amazon,"London, UK",Windows Laptop,Home WiFi,0,0,1
523,0,2025-01-14 19:28:48.852225,card_skimming,withdrawal,True,3628.21,1985.46,1642.75,ATM,"New York, USA",Windows Laptop,Public WiFi,0,0,1
524,0,2025-01-14 19:29:05.852329,card_skimming,failed_login,True,1642.75,0.0,1642.75,,"New York, USA",iPhone,Home WiFi,0,0,1
525,0,2025-01-14 19:28:54.852410,card_skimming,email_change,True,1642.75,0.0,1642.75,,"Tokyo, Japan",MacBook,Mobile Network,0,0,1
526,0,2025-01-14 19:28:47.852490,card_skimming,failed_login,True,1642.75,0.0,1642.75,,"Tokyo, Japan",Android,Mobile Network,0,0,1
527,0,2025-01-14 19:29:05.852570,card_skimming,withdrawal,True,1642.75,776.13,866.62,ATM,"New York, USA",Android,Mobile Network,0,0,1
528,0,2025-01-14 19:28:43.852665,card_skimming,withdrawal,False,866.62,974.17,866.62,ATM,"New York, USA",MacBook,Public WiFi,0,0,1
529,0,2025-01-14 19:28:41.852764,card_skimming,withdrawal,False,866.62,1861.06,866.62,Bank,"London, UK",MacBook,Mobile Network,0,0,1
530,0,2025-01-14 19:29:06.852877,card_skimming,withdrawal,False,1674.89,1826.95,1674.89,Bank,"Los Angeles, USA",iPhone,Corporate Network,0,0,1
531,0,2025-01-14 19:29:01.852994,card_skimming,withdrawal,False,1674.89,1721.45,1674.89,Bank,"Tokyo, Japan",MacBook,Home WiFi,0,0,1
532,0,2025-01-14 19:28:44.853100,card_skimming,withdrawal,True,1674.89,1246.45,428.44,ATM,"Los Angeles, USA",iPhone,Home WiFi,0,0,1
533,0,2025-01-14 19:29:07.853203,card_skimming,purchase,True,428.44,24.36,404.08,Best Buy,"London, UK",iPhone,Public WiFi,0,0,1
534,0,2025-01-14 19:28:49.853294,card_skimming,withdrawal,False,404.08,1593.57,404.08,Bank,"London, UK",iPhone,Mobile Network,0,0,1
535,0,2025-01-14 19:28:56.853383,card_skimming,withdrawal,False,404.08,717.2,404.08,Bank,"Paris, France",MacBook,Mobile Network,0,1,1
536,0,2025-01-14 19:28:57.853487,card_skimming,withdrawal,False,404.08,1844.48,404.08,Bank,"Los Angeles, USA",iPad,Public WiFi,0,0,1
537,0,2025-01-14 19:29:01.853576,card_skimming,phone_change,True,404.08,0.0,404.08,,"Los Angeles, USA",MacBook,Public WiFi,0,0,1
538,0,2025-01-14 19:28:42.853667,phishing,purchase,True,3074.13,287.17,2786.96,Amazon,"London, UK",iPhone,Home WiFi,0,0,1
539,0,2025-01-14 19:28:46.853768,phishing,purchase,True,2786.96,697.21,2089.75,Amazon,"New York, USA",Windows Laptop,Home WiFi,0,0,1
540,0,2025-01-14 19:28:52.853864,phishing,withdrawal,False,2089.75,2873.81,2089.75,ATM,"Berlin, Germany",Windows Laptop,Mobile Network,0,0,1
541,0,2025-01-14 19:28:49.853985,card_skimming,email_change,True,4142.81,0.0,4142.81,,"Tokyo, Japan",Android,Home WiFi,0,0,1
542,0,2025-01-14 19:28:42.854069,card_skimming,withdrawal,True,4142.81,1549.32,2593.49,ATM,"Los Angeles, USA",Android,Public WiFi,0,0,1
543,0,2025-01-14 19:28:49.854172,card_skimming,purchase,True,2593.49,236.94,2356.55,Best Buy,"Tokyo, Japan",MacBook,Home WiFi,0,0,1
544,0,2025-01-14 19:29:01.854263,card_skimming,withdrawal,True,2356.55,640.84,1715.71,Bank,"Tokyo, Japan",Android,Corporate Network,0,0,1
545,0,2025-01-14 19:29:06.854367,card_skimming,withdrawal,True,1715.71,884.21,831.5,ATM,"Paris, France",Windows Laptop,Home WiFi,0,0,1
546,0,2025-01-14 19:28:54.854465,money_laundering,withdrawal,False,1343.01,9540.64,1343.01,ATM,"Tokyo, Japan",iPhone,Public WiFi,0,0,1
547,0,2025-01-14 19:28:58.854570,money_laundering,deposit,True,1343.01,3776.86,5119.87,Bank,"New York, USA",iPhone,Public WiFi,0,0,1
548,0,2025-01-14 19:28:56.854675,money_laundering,purchase,True,5119.87,321.13,4798.74,Amazon,"Berlin, Germany",Android,Public WiFi,0,0,1
549,0,2025-01-14 19:28:50.854777,money_laundering,deposit,True,4798.74,3847.07,8645.81,Bank,"Los Angeles, USA",iPhone,Corporate Network,0,0,1
550,0,2025-01-14 19:28:59.854882,money_laundering,purchase,True,8645.81,53.87,8591.94,Best Buy,"Los Angeles, USA",iPhone,Home WiFi,0,0,1
551,0,2025-01-14 19:29:05.854978,money_laundering,deposit,True,8591.94,2686.45,11278.39,PayPal,"Los Angeles, USA",Windows Laptop,Home WiFi,0,0,1
552,0,2025-01-14 19:28:54.855098,money_laundering,withdrawal,False,2085.14,5383.29,2085.14,Bank,"Los Angeles, USA",iPhone,Public WiFi,0,0,1
553,0,2025-01-14 19:28:55.855204,money_laundering,withdrawal,False,2085.14,9925.69,2085.14,Bank,"Los Angeles, USA",iPhone,Public WiFi,0,0,1
554,0,2025-01-14 19:29:01.855294,money_laundering,withdrawal,False,2085.14,4025.61,2085.14,Bank,"New York, USA",iPad,Home WiFi,1,1,1
555,0,2025-01-14 19:28:55.855397,money_laundering,withdrawal,False,2085.14,5587.74,2085.14,Bank,"Los Angeles, USA",Android,Home WiFi,0,0,1
556,0,2025-01-14 19:28:55.855487,money_laundering,withdrawal,False,2085.14,2548.22,2085.14,ATM,"London, UK",iPhone,Home WiFi,0,0,1
557,0,2025-01-14 19:28:49.855591,money_laundering,purchase,True,2085.14,696.38,1388.76,PayPal,"London, UK",iPad,Home WiFi,0,0,1
558,0,2025-01-14 19:28:53.855687,money_laundering,withdrawal,False,1388.76,8766.51,1388.76,ATM,"Tokyo, Japan",Linux PC,Home WiFi,0,0,1
559,0,2025-01-14 19:28:40.855800,money_laundering,deposit,True,1388.76,4559.5,5948.26,PayPal,"New York, USA",Android,Corporate Network,0,0,1
560,0,2025-01-14 19:28:39.855903,money_laundering,purchase,True,5948.26,139.69,5808.57,PayPal,"Los Angeles, USA",Android,Public WiFi,0,0,1
561,0,2025-01-14 19:29:00.856008,phishing,withdrawal,False,1128.88,1458.0,1128.88,ATM,"New York, USA",MacBook,Home WiFi,0,0,1
562,0,2025-01-14 19:28:57.856109,phishing,withdrawal,False,1128.88,2084.62,1128.88,ATM,"Berlin, Germany",Windows Laptop,Mobile Network,0,0,1
563,0,2025-01-14 19:28:47.856215,phishing,withdrawal,False,1128.88,2859.06,1128.88,ATM,"Tokyo, Japan",MacBook,Home WiFi,0,0,1
564,0,2025-01-14 19:28:58.856319,phishing,withdrawal,False,1128.88,2196.52,1128.88,Bank,"New York, USA",iPhone,Public WiFi,0,0,1
565,0,2025-01-14 19:28:58.856433,phishing,failed_login,True,1128.88,0.0,1128.88,,"New York, USA",iPhone,Public WiFi,0,0,1
566,0,2025-01-14 19:28:49.856533,phishing,purchase,True,1128.88,20.95,1107.93,Amazon,"Los Angeles, USA",Android,Mobile Network,0,0,1
567,0,2025-01-14 19:28:55.856630,phishing,withdrawal,False,1107.93,2088.17,1107.93,ATM,"Paris, France",iPhone,Mobile Network,0,0,1
568,0,2025-01-14 19:28:59.856738,phishing,purchase,True,1107.93,35.05,1072.88,Apple,"Berlin, Germany",MacBook,Home WiFi,0,0,1
569,0,2025-01-14 19:28:59.856829,phishing,password_change,True,1072.88,0.0,1072.88,,"New York, USA",iPhone,Public WiFi,0,0,1
570,0,2025-01-14 19:29:03.856921,money_laundering,withdrawal,False,1893.41,9516.18,1893.41,ATM,"Paris, France",MacBook,Home WiFi,0,0,1
571,0,2025-01-14 19:28:49.857017,money_laundering,withdrawal,False,1893.41,8252.99,1893.41,Bank,"London, UK",iPhone,Public WiFi,0,0,1
572,0,2025-01-14 19:29:04.857108,money_laundering,phone_change,True,1893.41,0.0,1893.41,,"New York, USA",Windows Laptop,Home WiFi,0,0,1
573,0,2025-01-14 19:28:48.857203,phishing,deposit,True,3967.46,142.28,4109.74,ATM,"New York, USA",Android,Corporate Network,0,0,1
574,0,2025-01-14 19:28:39.857295,phishing,withdrawal,True,4109.74,2968.62,1141.12,ATM,"Berlin, Germany",iPad,Public WiFi,0,0,1
575,0,2025-01-14 19:28:53.857385,phishing,purchase,True,1141.12,533.3,607.82,Starbucks,"Tokyo, Japan",iPhone,Home WiFi,0,0,1
576,0,2025-01-14 19:28:45.857483,money_laundering,purchase,True,1675.0,80.3,1594.7,Target,"Los Angeles, USA",MacBook,Mobile Network,0,0,1
577,0,2025-01-14 19:29:00.857576,money_laundering,purchase,True,1594.7,307.25,1287.45,Walmart,"Los Angeles, USA",iPad,Public WiFi,0,0,1
578,0,2025-01-14 19:28:42.857671,money_laundering,deposit,True,1287.45,1653.47,2940.92,Bank,"Tokyo, Japan",iPhone,Home WiFi,0,0,1
579,0,2025-01-14 19:28:47.857785,money_laundering,email_change,True,2940.92,0.0,2940.92,,"New York, USA",iPhone,Corporate Network,0,0,1
580,0,2025-01-14 19:28:44.857866,money_laundering,withdrawal,False,2940.92,7423.74,2940.92,Bank,"Paris, France",iPhone,Mobile Network,0,0,1
581,0,2025-01-14 19:28:53.857972,money_laundering,deposit,True,2940.92,4477.79,7418.71,ATM,"Berlin, Germany",Android,Public WiFi,0,0,1
582,0,2025-01-14 19:29:07.858077,money_laundering,phone_change,True,7418.71,0.0,7418.71,,"Los Angeles, USA",Windows Laptop,Home WiFi,0,0,1
583,0,2025-01-14 19:28:53.858164,money_laundering,withdrawal,True,7418.71,6629.91,788.8,Bank,"Berlin, Germany",iPhone,Mobile Network,0,0,1
584,0,2025-01-14 19:28:39.858256,money_laundering,deposit,True,788.8,4246.96,5035.76,PayPal,"Los Angeles, USA",Windows Laptop,Public WiFi,0,0,1
585,0,2025-01-14 19:28:50.858354,identity_theft,withdrawal,True,4370.56,3993.36,377.2,ATM,"New York, USA",Windows Laptop,Mobile Network,0,0,1
586,0,2025-01-14 19:28:41.858445,identity_theft,purchase,True,377.2,24.51,352.69,Apple,"Tokyo, Japan",Android,Public WiFi,0,0,1
587,0,2025-01-14 19:28:40.858541,identity_theft,withdrawal,False,352.69,3804.55,352.69,Bank,"New York, USA",Windows Laptop,Public WiFi,0,0,1
588,0,2025-01-14 19:28:44.858647,identity_theft,purchase,False,352.69,368.54,352.69,Amazon,"Los Angeles, USA",iPhone,Public WiFi,0,0,1
589,0,2025-01-14 19:28:59.858754,money_laundering,phone_change,True,1064.51,0.0,1064.51,,"New York, USA",Android,Home WiFi,0,0,1
590,0,2025-01-14 19:29:08.858838,money_laundering,email_change,True,1064.51,0.0,1064.51,,"New York, USA",Windows Laptop,Public WiFi,0,0,1
591,0,2025-01-14 19:28:48.858923,money_laundering,purchase,True,1064.51,625.01,439.5,Target,"Berlin, Germany",Windows Laptop,Home WiFi,1,0,1
592,0,2025-01-14 19:28:40.859016,money_laundering,deposit,True,439.5,3121.53,3561.03,ATM,"New York, USA",MacBook,Public WiFi,0,0,1
593,0,2025-01-14 19:28:46.859121,money_laundering,deposit,True,3561.03,1888.35,5449.38,ATM,"Paris, France",Windows Laptop,Home WiFi,0,0,1
594,0,2025-01-14 19:29:07.859229,money_laundering,purchase,True,5449.38,459.21,4990.17,PayPal,"Berlin, Germany",iPhone,Mobile Network,0,0,1
595,0,2025-01-14 19:29:02.859330,card_skimming,withdrawal,True,1554.13,534.16,1019.97,Bank,"Los Angeles, USA",Android,Public WiFi,0,0,1
596,0,2025-01-14 19:28:46.859437,card_skimming,purchase,True,1019.97,39.4,980.57,Best Buy,"London, UK",iPhone,Corporate Network,0,0,1
597,0,2025-01-14 19:29:00.859528,card_skimming,withdrawal,False,980.57,1002.5,980.57,ATM,"New York, USA",MacBook,Public WiFi,0,0,1
598,0,2025-01-14 19:28:49.865345,phishing,withdrawal,True,4550.24,2686.57,1863.67,Bank,"Tokyo, Japan",iPad,Home WiFi,0,0,1
599,0,2025-01-14 19:28:44.865467,phishing,withdrawal,True,1863.67,1429.61,434.06,ATM,"Los Angeles, USA",iPhone,Mobile Network,0,0,1
600,0,2025-01-14 19:28:51.865559,phishing,phone_change,True,434.06,0.0,434.06,,"Los Angeles, USA",MacBook,Public WiFi,0,0,1
601,0,2025-01-14 19:28:42.865651,phishing,withdrawal,False,434.06,1082.01,434.06,Bank,"Los Angeles, USA",Android,Mobile Network,0,0,1
602,0,2025-01-14 19:28:55.865765,phishing,withdrawal,False,434.06,1209.12,434.06,Bank,"Paris, France",Linux PC,Public WiFi,0,0,1
603,0,2025-01-14 19:29:04.865854,phishing,failed_login,True,434.06,0.0,434.06,,"London, UK",iPhone,Public WiFi,0,0,1
604,0,2025-01-14 19:28:53.865936,phishing,withdrawal,False,434.06,2749.95,434.06,ATM,"New York, USA",Android,Home WiFi,0,0,1
605,0,2025-01-14 19:28:51.866026,phishing,failed_login,True,434.06,0.0,434.06,,"New York, USA",Android,Corporate Network,0,0,1
606,0,2025-01-14 19:28:43.866120,identity_theft,withdrawal,True,4695.74,2518.86,2176.88,Bank,"London, UK",iPad,Home WiFi,0,0,1
607,0,2025-01-14 19:28:48.866234,card_skimming,deposit,True,1408.39,10.27,1418.66,ATM,"Tokyo, Japan",Windows Laptop,Public WiFi,0,0,1
608,0,2025-01-14 19:28:53.866326,card_skimming,purchase,True,1418.66,203.1,1215.56,Walmart,"New York, USA",Android,Public WiFi,0,0,1
609,0,2025-01-14 19:28:39.866418,card_skimming,purchase,True,1215.56,104.5,1111.06,PayPal,"Los Angeles, USA",iPhone,Home WiFi,0,0,1
610,0,2025-01-14 19:28:54.866508,card_skimming,withdrawal,False,1111.06,1831.68,1111.06,ATM,"Tokyo, Japan",Windows Laptop,Public WiFi,0,0,1
611,0,2025-01-14 19:28:52.866618,card_skimming,withdrawal,True,1111.06,1054.88,56.18,Bank,"Berlin, Germany",Android,Corporate Network,0,0,1
612,0,2025-01-14 19:29:06.866730,card_skimming,email_change,True,56.18,0.0,56.18,,"Berlin, Germany",MacBook,Home WiFi,1,0,1
613,0,2025-01-14 19:28:40.866812,card_skimming,purchase,False,56.18,519.58,56.18,Best Buy,"New York, USA",iPhone,Mobile Network,1,0,1
614,0,2025-01-14 19:28:57.866914,card_skimming,withdrawal,False,1715.26,1915.15,1715.26,Bank,"Paris, France",Android,Home WiFi,0,0,1
615,0,2025-01-14 19:28:48.867020,card_skimming,withdrawal,True,1715.26,1456.85,258.41,ATM,"New York, USA",Android,Mobile Network,0,0,1
616,0,2025-01-14 19:28:45.867124,card_skimming,deposit,True,258.41,46.21,304.62,ATM,"Paris, France",Android,Home WiFi,0,0,1
617,0,2025-01-14 19:28:58.867224,phishing,failed_login,True,2459.33,0.0,2459.33,,"London, UK",iPad,Public WiFi,0,0,1
618,0,2025-01-14 19:28:53.867308,phishing,withdrawal,True,2459.33,1259.8,1199.53,ATM,"New York, USA",Android,Public WiFi,0,0,1
619,0,2025-01-14 19:29:00.867399,phishing,withdrawal,False,1199.53,1840.86,1199.53,ATM,"New York, USA",Android,Public WiFi,0,0,1
620,0,2025-01-14 19:28:57.867503,phishing,withdrawal,False,1199.53,2568.12,1199.53,Bank,"New York, USA",Windows Laptop,Home WiFi,0,0,1
621,0,2025-01-14 19:29:03.867609,phishing,deposit,True,1199.53,107.75,1307.28,ATM,"New York, USA",MacBook,Home WiFi,0,1,1
622,0,2025-01-14 19:29:01.867711,phishing,suspicious_login,True,1307.28,0.0,1307.28,,"London, UK",iPhone,Home WiFi,0,0,1
623,0,2025-01-14 19:28:46.867804,phishing,withdrawal,True,3553.96,1043.65,2510.31,ATM,"Tokyo, Japan",iPhone,Home WiFi,0,0,1
624,0,2025-01-14 19:28:43.867897,phishing,withdrawal,True,2510.31,2329.55,180.76,Bank,"New York, USA",MacBook,Public WiFi,0,0,1
625,0,2025-01-14 19:28:42.868002,phishing,withdrawal,False,180.76,1142.99,180.76,Bank,"New York, USA",iPhone,Mobile Network,0,0,1
626,0,2025-01-14 19:28:55.868106,phishing,password_change,True,180.76,0.0,180.76,,"New York, USA",MacBook,Home WiFi,0,0,1
627,0,2025-01-14 19:29:04.868188,phishing,suspicious_login,True,180.76,0.0,180.76,,"Paris, France",Android,Mobile Network,0,0,1
628,0,2025-01-14 19:28:48.868268,phishing,password_change,True,180.76,0.0,180.76,,"Tokyo, Japan",iPad,Home WiFi,0,0,1
629,0,2025-01-14 19:29:03.868347,phishing,phone_change,True,180.76,0.0,180.76,,"London, UK",MacBook,Corporate Network,0,0,1
630,0,2025-01-14 19:29:01.868426,phishing,password_change,True,180.76,0.0,180.76,,"Los Angeles, USA",Windows Laptop,Mobile Network,0,0,1
631,0,2025-01-14 19:28:53.868505,phishing,withdrawal,False,180.76,2120.29,180.76,ATM,"New York, USA",MacBook,Home WiFi,0,0,1
632,0,2025-01-14 19:28:42.868597,phishing,suspicious_login,True,180.76,0.0,180.76,,"New York, USA",Android,Home WiFi,0,0,1
633,0,2025-01-14 19:28:44.868700,phishing,deposit,True,1018.38,188.38,1206.76,PayPal,"Tokyo, Japan",iPhone,Home WiFi,0,0,1
634,0,2025-01-14 19:28:39.868795,phishing,withdrawal,False,1206.76,2246.63,1206.76,ATM,"Los Angeles, USA",Android,Public WiFi,0,0,1
635,0,2025-01-14 19:28:52.868885,phishing,purchase,True,1206.76,427.72,779.04,Apple,"New York, USA",iPhone,Mobile Network,0,0,1
636,0,2025-01-14 19:28:45.868976,phishing,withdrawal,False,779.04,2565.04,779.04,Bank,"Paris, France",iPhone,Mobile Network,0,0,1
637,0,2025-01-14 19:29:04.869070,phishing,withdrawal,False,779.04,2450.83,779.04,ATM,"New York, USA",iPhone,Home WiFi,0,0,1
638,0,2025-01-14 19:28:52.869160,phishing,withdrawal,False,779.04,1899.04,779.04,Bank,"Tokyo, Japan",MacBook,Public WiFi,0,1,1
639,0,2025-01-14 19:28:57.869249,phishing,withdrawal,False,779.04,1985.58,779.04,ATM,"New York, USA",iPhone,Mobile Network,0,0,1
640,0,2025-01-14 19:28:39.869337,phishing,password_change,True,779.04,0.0,779.04,,"Tokyo, Japan",MacBook,Corporate Network,0,0,1
641,0,2025-01-14 19:29:08.869421,phishing,withdrawal,False,779.04,1674.97,779.04,Bank,"New York, USA",MacBook,Home WiFi,0,0,1
642,0,2025-01-14 19:29:03.869526,phishing,password_change,True,779.04,0.0,779.04,,"New York, USA",iPhone,Mobile Network,0,0,1
643,0,2025-01-14 19:29:03.869624,phishing,withdrawal,False,1582.41,2787.65,1582.41,ATM,"New York, USA",Linux PC,Public WiFi,0,0,1
644,0,2025-01-14 19:29:04.869731,phishing,suspicious_login,True,1582.41,0.0,1582.41,,"Tokyo, Japan",iPad,Public WiFi,0,0,1
645,0,2025-01-14 19:28:50.869814,phishing,password_change,True,1582.41,0.0,1582.41,,"Paris, France",iPhone,Mobile Network,0,0,1
646,0,2025-01-14 19:28:41.869894,phishing,suspicious_login,True,1582.41,0.0,1582.41,,"Berlin, Germany",Windows Laptop,Public WiFi,0,1,1
647,0,2025-01-14 19:28:45.869978,phishing,failed_login,True,1582.41,0.0,1582.41,,"Berlin, Germany",iPhone,Public WiFi,0,0,1
648,0,2025-01-14 19:28:57.870059,phishing,failed_login,True,1582.41,0.0,1582.41,,"New York, USA",iPhone,Home WiFi,0,0,1
649,0,2025-01-14 19:28:43.870139,phishing,withdrawal,False,1582.41,2162.28,1582.41,Bank,"Berlin, Germany",Linux PC,Home WiFi,0,0,1
650,0,2025-01-14 19:28:47.870239,money_laundering,withdrawal,False,3363.62,6319.29,3363.62,Bank,"London, UK",Android,Mobile Network,0,0,1
651,0,2025-01-14 19:28:47.870331,money_laundering,withdrawal,False,3363.62,7162.37,3363.62,ATM,"London, UK",iPhone,Home WiFi,0,0,1
652,0,2025-01-14 19:28:44.870420,money_laundering,deposit,True,3363.62,1822.57,5186.19,PayPal,"Tokyo, Japan",Linux PC,Public WiFi,0,0,1
653,0,2025-01-14 19:29:03.870525,money_laundering,withdrawal,True,5186.19,2991.53,2194.66,ATM,"London, UK",MacBook,Home WiFi,0,0,1
654,0,2025-01-14 19:28:44.870630,money_laundering,withdrawal,False,2194.66,9803.91,2194.66,Bank,"New York, USA",Android,Public WiFi,0,0,1
655,0,2025-01-14 19:28:41.870730,money_laundering,purchase,True,2194.66,438.88,1755.78,Starbucks,"Paris, France",Linux PC,Public WiFi,0,0,1
656,0,2025-01-14 19:28:39.870822,money_laundering,withdrawal,False,1755.78,5782.96,1755.78,Bank,"Los Angeles, USA",MacBook,Home WiFi,0,0,1
657,0,2025-01-14 19:28:40.870911,money_laundering,email_change,True,1755.78,0.0,1755.78,,"New York, USA",MacBook,Mobile Network,0,0,1
658,0,2025-01-14 19:28:52.871004,money_laundering,withdrawal,False,2283.74,3317.38,2283.74,Bank,"Tokyo, Japan",MacBook,Mobile Network,0,1,1
659,0,2025-01-14 19:28:42.871109,money_laundering,withdrawal,False,2283.74,7533.16,2283.74,Bank,"Los Angeles, USA",MacBook,Mobile Network,0,0,1
660,0,2025-01-14 19:28:40.871213,money_laundering,deposit,True,2283.74,1448.54,3732.28,ATM,"Los Angeles, USA",Windows Laptop,Public WiFi,0,0,1
661,0,2025-01-14 19:29:06.871311,money_laundering,deposit,True,1646.46,3317.42,4963.88,PayPal,"Berlin, Germany",iPhone,Mobile Network,0,0,1
662,0,2025-01-14 19:29:08.871418,money_laundering,deposit,True,4963.88,2062.17,7026.05,PayPal,"Tokyo, Japan",Linux PC,Home WiFi,0,0,1
663,0,2025-01-14 19:28:48.871523,money_laundering,purchase,True,7026.05,221.05,6805.0,Target,"New York, USA",Android,Home WiFi,0,0,1
664,0,2025-01-14 19:29:03.871615,money_laundering,withdrawal,True,6805.0,2096.88,4708.12,ATM,"Los Angeles, USA",Linux PC,Public WiFi,0,1,1
665,0,2025-01-14 19:28:56.871731,money_laundering,deposit,True,4708.12,3543.73,8251.85,PayPal,"New York, USA",Android,Corporate Network,0,0,1
666,0,2025-01-14 19:29:05.871836,money_laundering,deposit,True,8251.85,601.31,8853.16,ATM,"Los Angeles, USA",Windows Laptop,Public WiFi,0,0,1
667,0,2025-01-14 19:29:02.871939,money_laundering,email_change,True,8853.16,0.0,8853.16,,"New York, USA",Linux PC,Public WiFi,0,0,1
668,0,2025-01-14 19:28:42.872020,money_laundering,withdrawal,True,8853.16,5277.73,3575.43,ATM,"New York, USA",Android,Home WiFi,0,0,1
669,0,2025-01-14 19:29:08.872123,money_laundering,deposit,True,3575.43,3372.0,6947.43,ATM,"Tokyo, Japan",iPhone,Public WiFi,0,0,1
670,0,2025-01-14 19:28:42.872228,money_laundering,withdrawal,True,6947.43,3603.04,3344.39,ATM,"Los Angeles, USA",iPhone,Home WiFi,0,0,1
671,0,2025-01-14 19:28:44.872342,money_laundering,deposit,True,3326.37,3399.05,6725.42,ATM,"Tokyo, Japan",MacBook,Corporate Network,0,0,1
672,0,2025-01-14 19:28:50.872448,money_laundering,phone_change,True,6725.42,0.0,6725.42,,"New York, USA",Windows Laptop,Home WiFi,0,0,1
673,0,2025-01-14 19:28:47.872538,identity_theft,suspicious_login,True,1230.88,0.0,1230.88,,"Tokyo, Japan",Windows Laptop,Public WiFi,0,0,1
674,0,2025-01-14 19:28:43.872628,card_skimming,email_change,True,3524.1,0.0,3524.1,,"London, UK",iPhone,Home WiFi,0,0,1
675,0,2025-01-14 19:28:56.872720,card_skimming,deposit,True,3524.1,46.19,3570.29,ATM,"Tokyo, Japan",MacBook,Home WiFi,0,0,1
676,0,2025-01-14 19:28:42.872812,card_skimming,withdrawal,True,3570.29,1988.88,1581.41,ATM,"Paris, France",Windows Laptop,Mobile Network,0,1,1
677,0,2025-01-14 19:28:45.872921,card_skimming,purchase,True,1581.41,274.55,1306.86,Amazon,"New York, USA",Android,Corporate Network,0,0,1
678,0,2025-01-14 19:28:47.873014,card_skimming,withdrawal,True,1306.86,1080.83,226.03,Bank,"Tokyo, Japan",iPhone,Public WiFi,0,0,1
679,0,2025-01-14 19:29:02.873119,card_skimming,withdrawal,False,226.03,1970.61,226.03,ATM,"Tokyo, Japan",iPhone,Public WiFi,0,1,1
680,0,2025-01-14 19:29:07.873208,card_skimming,withdrawal,False,226.03,1856.55,226.03,Bank,"Los Angeles, USA",Windows Laptop,Corporate Network,0,0,1
681,0,2025-01-14 19:28:40.873307,identity_theft,purchase,True,1818.25,186.94,1631.31,Best Buy,"Los Angeles, USA",MacBook,Home WiFi,0,0,1
682,0,2025-01-14 19:28:56.873400,identity_theft,withdrawal,True,1631.31,1312.97,318.34,Bank,"Los Angeles, USA",Windows Laptop,Public WiFi,0,0,1
683,0,2025-01-14 19:28:51.873505,identity_theft,suspicious_login,True,318.34,0.0,318.34,,"Los Angeles, USA",iPhone,Home WiFi,0,0,1
684,0,2025-01-14 19:28:45.873595,money_laundering,deposit,True,1669.56,1435.5,3105.06,Bank,"Berlin, Germany",Windows Laptop,Public WiFi,0,0,1
685,0,2025-01-14 19:28:48.873689,money_laundering,deposit,True,3105.06,3228.02,6333.08,ATM,"New York, USA",Windows Laptop,Home WiFi,1,0,1
686,0,2025-01-14 19:29:08.873789,money_laundering,phone_change,True,6333.08,0.0,6333.08,,"Paris, France",iPhone,Public WiFi,0,0,1
687,0,2025-01-14 19:28:51.873883,phishing,purchase,True,2685.05,331.04,2354.01,Apple,"New York, USA",iPad,Public WiFi,0,0,1
688,0,2025-01-14 19:28:43.873979,phishing,password_change,True,2354.01,0.0,2354.01,,"Los Angeles, USA",Windows Laptop,Home WiFi,0,0,1
689,0,2025-01-14 19:28:55.874061,phishing,withdrawal,False,2354.01,2667.43,2354.01,Bank,"London, UK",iPad,Mobile Network,0,0,1
690,0,2025-01-14 19:28:50.874164,phishing,failed_login,True,2354.01,0.0,2354.01,,"New York, USA",MacBook,Public WiFi,0,1,1
691,0,2025-01-14 19:28:41.874245,phishing,suspicious_login,True,2354.01,0.0,2354.01,,"Los Angeles, USA",Android,Mobile Network,0,0,1
692,0,2025-01-14 19:29:03.874324,phishing,suspicious_login,True,2354.01,0.0,2354.01,,"Tokyo, Japan",iPhone,Public WiFi,0,0,1
693,0,2025-01-14 19:28:44.874413,phishing,failed_login,True,4432.1,0.0,4432.1,,"New York, USA",iPhone,Public WiFi,0,0,1
694,0,2025-01-14 19:28:50.874495,phishing,withdrawal,True,4432.1,1691.79,2740.31,ATM,"Tokyo, Japan",MacBook,Home WiFi,0,0,1
695,0,2025-01-14 19:29:02.874586,phishing,purchase,True,2740.31,247.98,2492.33,Amazon,"Paris, France",iPhone,Corporate Network,0,0,1
696,0,2025-01-14 19:28:52.874682,phishing,withdrawal,True,2492.33,2313.05,179.28,Bank,"New York, USA",iPhone,Home WiFi,0,0,1
697,0,2025-01-14 19:28:52.874779,phishing,withdrawal,False,179.28,1311.64,179.28,ATM,"Los Angeles, USA",Android,Public WiFi,0,1,1
698,0,2025-01-14 19:29:01.874884,phishing,withdrawal,False,179.28,1987.12,179.28,ATM,"Paris, France",Android,Public WiFi,0,0,1
699,0,2025-01-14 19:28:43.874986,phishing,withdrawal,False,179.28,2815.8,179.28,ATM,"New York, USA",iPhone,Public WiFi,0,0,1
700,0,2025-01-14 19:28:52.875075,phishing,withdrawal,False,179.28,1132.62,179.28,Bank,"Tokyo, Japan",Linux PC,Home WiFi,0,1,1
701,0,2025-01-14 19:28:43.875163,phishing,suspicious_login,True,179.28,0.0,179.28,,"New York, USA",iPhone,Public WiFi,1,0,1
702,0,2025-01-14 19:28:39.875244,phishing,withdrawal,False,179.28,1198.34,179.28,Bank,"Paris, France",iPhone,Public WiFi,0,0,1
703,0,2025-01-14 19:29:05.875344,identity_theft,password_change,True,4561.13,0.0,4561.13,,"Tokyo, Japan",Linux PC,Public WiFi,0,0,1
704,0,2025-01-14 19:28:56.875428,identity_theft,failed_login,True,4561.13,0.0,4561.13,,"London, UK",Android,Mobile Network,0,0,1
705,0,2025-01-14 19:28:39.875508,identity_theft,failed_login,True,4561.13,0.0,4561.13,,"Tokyo, Japan",Windows Laptop,Corporate Network,0,0,1
706,0,2025-01-14 19:28:42.875587,identity_theft,withdrawal,True,4561.13,3938.78,622.35,ATM,"New York, USA",iPhone,Mobile Network,0,0,1
707,0,2025-01-14 19:29:07.875677,identity_theft,withdrawal,False,622.35,3640.14,622.35,Bank,"Berlin, Germany",Windows Laptop,Public WiFi,0,0,1
708,0,2025-01-14 19:28:39.875783,phishing,failed_login,True,2622.92,0.0,2622.92,,"Tokyo, Japan",iPad,Home WiFi,0,0,1
709,0,2025-01-14 19:29:06.875870,phishing,suspicious_login,True,2622.92,0.0,2622.92,,"Paris, France",Windows Laptop,Home WiFi,0,0,1
710,0,2025-01-14 19:29:03.875969,phishing,withdrawal,False,2622.92,2653.51,2622.92,ATM,"Tokyo, Japan",Android,Public WiFi,0,0,1
711,0,2025-01-14 19:28:46.876073,phishing,withdrawal,True,2622.92,1879.14,743.78,ATM,"Berlin, Germany",iPhone,Mobile Network,0,0,1
712,0,2025-01-14 19:28:55.876162,phishing,phone_change,True,743.78,0.0,743.78,,"New York, USA",MacBook,Home WiFi,0,0,1
713,0,2025-01-14 19:28:40.876243,phishing,password_change,True,743.78,0.0,743.78,,"Los Angeles, USA",MacBook,Public WiFi,0,0,1
714,0,2025-01-14 19:29:01.876323,phishing,withdrawal,False,743.78,2591.94,743.78,Bank,"Los Angeles, USA",iPhone,Mobile Network,0,0,1
715,0,2025-01-14 19:29:00.876413,phishing,deposit,True,743.78,173.96,917.74,Bank,"New York, USA",iPhone,Home WiFi,0,0,1
716,0,2025-01-14 19:29:07.876503,phishing,purchase,True,917.74,352.02,565.72,Starbucks,"Paris, France",MacBook,Home WiFi,0,0,1
717,0,2025-01-14 19:28:59.876598,phishing,failed_login,True,565.72,0.0,565.72,,"London, UK",Android,Home WiFi,0,0,1
718,0,2025-01-14 19:28:54.876692,money_laundering,withdrawal,False,4764.88,5070.64,4764.88,Bank,"New York, USA",iPhone,Home WiFi,0,0,1
719,0,2025-01-14 19:28:51.876808,money_laundering,withdrawal,False,4764.88,9230.25,4764.88,Bank,"Los Angeles, USA",Android,Mobile Network,0,0,1
720,0,2025-01-14 19:28:41.876897,money_laundering,withdrawal,False,4764.88,8484.77,4764.88,Bank,"Paris, France",Windows Laptop,Public WiFi,0,0,1
721,0,2025-01-14 19:28:52.876985,money_laundering,deposit,True,4764.88,950.57,5715.45,PayPal,"New York, USA",iPhone,Corporate Network,0,0,1
722,0,2025-01-14 19:28:51.877089,money_laundering,withdrawal,True,5715.45,3434.86,2280.59,ATM,"New York, USA",iPhone,Corporate Network,0,0,1
723,0,2025-01-14 19:28:52.877192,money_laundering,withdrawal,False,2280.59,6124.48,2280.59,ATM,"New York, USA",Android,Mobile Network,0,0,1
724,0,2025-01-14 19:28:56.877304,money_laundering,withdrawal,False,1647.2,7185.52,1647.2,Bank,"London, UK",Android,Public WiFi,0,0,1
725,0,2025-01-14 19:28:59.877396,money_laundering,deposit,True,1647.2,829.75,2476.95,Bank,"New York, USA",Windows Laptop,Home WiFi,0,0,1
726,0,2025-01-14 19:29:05.877493,card_skimming,phone_change,True,2029.34,0.0,2029.34,,"Paris, France",Linux PC,Corporate Network,0,0,1
727,0,2025-01-14 19:28:51.877586,card_skimming,purchase,True,2029.34,594.29,1435.05,Best Buy,"Los Angeles, USA",Windows Laptop,Home WiFi,1,0,1
728,0,2025-01-14 19:28:56.877711,card_skimming,failed_login,True,1435.05,0.0,1435.05,,"Los Angeles, USA",MacBook,Mobile Network,0,0,1
729,0,2025-01-14 19:28:55.877809,card_skimming,withdrawal,True,2276.74,914.88,1361.86,Bank,"Tokyo, Japan",Linux PC,Public WiFi,0,0,1
730,0,2025-01-14 19:28:39.877902,card_skimming,failed_login,True,1361.86,0.0,1361.86,,"London, UK",Android,Public WiFi,0,0,1
731,0,2025-01-14 19:28:56.877983,card_skimming,withdrawal,True,1361.86,1353.37,8.49,ATM,"New York, USA",Android,Corporate Network,0,0,1
732,0,2025-01-14 19:28:48.878074,card_skimming,withdrawal,False,8.49,1472.38,8.49,Bank,"Berlin, Germany",Linux PC,Home WiFi,0,0,1
733,0,2025-01-14 19:28:46.878162,card_skimming,withdrawal,False,8.49,706.33,8.49,ATM,"Los Angeles, USA",Windows Laptop,Mobile Network,0,1,1
734,0,2025-01-14 19:28:57.878250,card_skimming,phone_change,True,8.49,0.0,8.49,,"Paris, France",Linux PC,Corporate Network,0,0,1
735,0,2025-01-14 19:29:06.878332,card_skimming,email_change,True,8.49,0.0,8.49,,"Paris, France",Windows Laptop,Public WiFi,0,0,1
736,0,2025-01-14 19:29:00.878411,card_skimming,deposit,True,8.49,26.13,34.62,ATM,"Berlin, Germany",Android,Public WiFi,0,0,1
737,0,2025-01-14 19:29:01.878511,identity_theft,withdrawal,False,1335.92,2050.3,1335.92,Bank,"New York, USA",Android,Corporate Network,0,0,1
738,0,2025-01-14 19:28:42.878602,identity_theft,withdrawal,False,1335.92,4400.98,1335.92,ATM,"Berlin, Germany",Windows Laptop,Public WiFi,1,0,1
739,0,2025-01-14 19:29:04.878715,identity_theft,withdrawal,False,1335.92,4191.69,1335.92,Bank,"Los Angeles, USA",iPad,Public WiFi,0,0,1
740,0,2025-01-14 19:28:39.878819,identity_theft,suspicious_login,True,1335.92,0.0,1335.92,,"Los Angeles, USA",Linux PC,Home WiFi,0,0,1
741,0,2025-01-14 19:29:01.878900,identity_theft,withdrawal,False,1335.92,4440.32,1335.92,ATM,"New York, USA",iPhone,Public WiFi,0,0,1
742,0,2025-01-14 19:29:00.878990,identity_theft,purchase,True,1335.92,568.49,767.43,Amazon,"Los Angeles, USA",MacBook,Mobile Network,0,0,1
743,0,2025-01-14 19:28:44.879081,identity_theft,deposit,True,767.43,49.52,816.95,ATM,"New York, USA",Linux PC,Mobile Network,1,0,1
744,0,2025-01-14 19:28:52.879180,phishing,password_change,True,4826.06,0.0,4826.06,,"New York, USA",iPhone,Public WiFi,0,0,1
745,0,2025-01-14 19:28:41.879264,phishing,purchase,True,4826.06,362.59,4463.47,Amazon,"London, UK",Android,Home WiFi,1,0,1
746,0,2025-01-14 19:28:59.879356,phishing,purchase,True,4463.47,331.24,4132.23,Best Buy,"Tokyo, Japan",iPad,Corporate Network,0,0,1
747,0,2025-01-14 19:29:06.879446,phishing,withdrawal,True,4132.23,1304.18,2828.05,Bank,"New York, USA",MacBook,Home WiFi,0,0,1
748,0,2025-01-14 19:28:44.879551,phishing,withdrawal,True,2828.05,1080.63,1747.42,Bank,"London, UK",iPhone,Home WiFi,0,0,1
749,0,2025-01-14 19:28:49.879663,card_skimming,withdrawal,True,4592.76,1545.74,3047.02,ATM,"London, UK",iPad,Public WiFi,0,0,1
750,0,2025-01-14 19:29:08.879768,card_skimming,failed_login,True,3047.02,0.0,3047.02,,"Paris, France",Android,Home WiFi,0,0,1
751,0,2025-01-14 19:29:05.879850,card_skimming,purchase,True,3047.02,392.02,2655.0,Walmart,"New York, USA",MacBook,Home WiFi,0,0,1
752,0,2025-01-14 19:28:54.879942,card_skimming,withdrawal,True,2655.0,773.19,1881.81,ATM,"Los Angeles, USA",Android,Mobile Network,0,0,1
753,0,2025-01-14 19:28:45.880031,card_skimming,withdrawal,True,1881.81,705.55,1176.26,ATM,"Tokyo, Japan",MacBook,Corporate Network,1,0,1
754,0,2025-01-14 19:28:42.880136,card_skimming,purchase,True,1176.26,204.7,971.56,Amazon,"London, UK",iPhone,Public WiFi,0,0,1
755,0,2025-01-14 19:29:01.880236,identity_theft,failed_login,True,1678.85,0.0,1678.85,,"Paris, France",Windows Laptop,Mobile Network,0,1,1
756,0,2025-01-14 19:29:01.880320,identity_theft,suspicious_login,True,1678.85,0.0,1678.85,,"New York, USA",iPad,Corporate Network,0,0,1
757,0,2025-01-14 19:28:53.880400,identity_theft,withdrawal,False,1678.85,4613.17,1678.85,ATM,"Tokyo, Japan",Windows Laptop,Mobile Network,1,0,1
758,0,2025-01-14 19:29:01.880491,identity_theft,withdrawal,False,1678.85,4016.45,1678.85,Bank,"Los Angeles, USA",Android,Public WiFi,0,0,1
759,0,2025-01-14 19:29:05.880580,identity_theft,suspicious_login,True,1678.85,0.0,1678.85,,"New York, USA",iPhone,Home WiFi,0,0,1
760,0,2025-01-14 19:28:47.880662,identity_theft,suspicious_login,True,1678.85,0.0,1678.85,,"Tokyo, Japan",Windows Laptop,Home WiFi,1,0,1
761,0,2025-01-14 19:28:44.880751,identity_theft,password_change,True,1678.85,0.0,1678.85,,"Berlin, Germany",iPhone,Home WiFi,0,0,1
762,0,2025-01-14 19:28:40.880842,identity_theft,suspicious_login,True,1908.02,0.0,1908.02,,"Los Angeles, USA",iPhone,Public WiFi,0,0,1
763,0,2025-01-14 19:29:04.880924,identity_theft,withdrawal,True,1908.02,1836.43,71.59,Bank,"Paris, France",Android,Public WiFi,0,0,1
764,0,2025-01-14 19:28:39.881027,identity_theft,suspicious_login,True,71.59,0.0,71.59,,"Paris, France",iPhone,Public WiFi,0,0,1
765,0,2025-01-14 19:29:00.881116,identity_theft,withdrawal,False,2199.3,4396.07,2199.3,Bank,"New York, USA",iPhone,Public WiFi,0,0,1
766,0,2025-01-14 19:28:57.881221,identity_theft,withdrawal,False,2199.3,2277.24,2199.3,Bank,"New York, USA",iPhone,Public WiFi,0,0,1
767,0,2025-01-14 19:29:04.881310,identity_theft,purchase,True,2199.3,190.76,2008.54,Walmart,"Tokyo, Japan",Windows Laptop,Mobile Network,0,0,1
768,0,2025-01-14 19:29:05.881402,identity_theft,deposit,True,2008.54,94.47,2103.01,ATM,"Tokyo, Japan",Windows Laptop,Public WiFi,0,0,1
769,0,2025-01-14 19:29:08.881491,identity_theft,withdrawal,False,2103.01,3791.02,2103.01,ATM,"New York, USA",Android,Home WiFi,0,0,1
770,0,2025-01-14 19:28:43.881595,identity_theft,withdrawal,False,2103.01,2368.19,2103.01,ATM,"Paris, France",iPhone,Public WiFi,0,0,1
771,0,2025-01-14 19:28:52.881707,identity_theft,failed_login,True,2103.01,0.0,2103.01,,"Tokyo, Japan",MacBook,Public WiFi,0,0,1
772,0,2025-01-14 19:29:03.881789,identity_theft,password_change,True,2103.01,0.0,2103.01,,"Los Angeles, USA",MacBook,Mobile Network,0,0,1
773,0,2025-01-14 19:28:54.881869,identity_theft,suspicious_login,True,2103.01,0.0,2103.01,,"New York, USA",Windows Laptop,Home WiFi,0,0,1
774,0,2025-01-14 19:28:52.881960,money_laundering,withdrawal,False,2807.4,5637.94,2807.4,Bank,"New York, USA",iPhone,Mobile Network,0,0,1
775,0,2025-01-14 19:29:08.882059,identity_theft,withdrawal,True,4743.79,4201.02,542.77,ATM,"New York, USA",Linux PC,Mobile Network,0,0,1
776,0,2025-01-14 19:29:01.882164,identity_theft,withdrawal,False,542.77,2797.57,542.77,ATM,"New York, USA",iPhone,Mobile Network,0,0,1
777,0,2025-01-14 19:28:57.882254,identity_theft,purchase,True,542.77,459.55,83.22,Apple,"Paris, France",iPhone,Public WiFi,0,0,1
778,0,2025-01-14 19:28:51.882344,identity_theft,withdrawal,False,83.22,1869.45,83.22,ATM,"Paris, France",Android,Public WiFi,0,1,1
779,0,2025-01-14 19:28:40.882457,card_skimming,failed_login,True,3599.77,0.0,3599.77,,"Berlin, Germany",iPhone,Mobile Network,0,0,1
780,0,2025-01-14 19:29:05.882541,card_skimming,withdrawal,True,3599.77,1807.63,1792.14,ATM,"London, UK",iPad,Public WiFi,0,0,1
781,0,2025-01-14 19:28:39.882632,card_skimming,withdrawal,True,1792.14,931.09,861.05,Bank,"London, UK",iPhone,Home WiFi,0,0,1
782,0,2025-01-14 19:28:57.882729,card_skimming,deposit,True,861.05,28.92,889.97,Bank,"New York, USA",iPhone,Mobile Network,0,0,1
783,0,2025-01-14 19:29:02.882819,card_skimming,withdrawal,True,889.97,680.45,209.52,ATM,"Los Angeles, USA",Linux PC,Public WiFi,0,0,1
784,0,2025-01-14 19:28:47.882923,card_skimming,failed_login,True,209.52,0.0,209.52,,"Paris, France",Android,Public WiFi,0,0,1
785,0,2025-01-14 19:28:44.883004,card_skimming,withdrawal,False,209.52,1232.95,209.52,Bank,"Los Angeles, USA",Windows Laptop,Mobile Network,1,0,1
786,0,2025-01-14 19:28:40.883107,card_skimming,withdrawal,False,209.52,1295.76,209.52,ATM,"Los Angeles, USA",iPhone,Public WiFi,0,0,1
787,0,2025-01-14 19:28:58.883196,card_skimming,failed_login,True,209.52,0.0,209.52,,"Berlin, Germany",Windows Laptop,Home WiFi,0,0,1
788,0,2025-01-14 19:28:39.883287,identity_theft,withdrawal,True,3330.26,1863.18,1467.08,Bank,"Berlin, Germany",MacBook,Home WiFi,0,0,1
789,0,2025-01-14 19:28:41.883378,identity_theft,withdrawal,False,1467.08,1834.54,1467.08,ATM,"Tokyo, Japan",iPhone,Mobile Network,0,0,1
790,0,2025-01-14 19:28:52.883467,identity_theft,password_change,True,1467.08,0.0,1467.08,,"Tokyo, Japan",Android,Home WiFi,0,0,1
791,0,2025-01-14 19:28:51.883549,identity_theft,purchase,True,1467.08,490.6,976.48,Walmart,"Tokyo, Japan",iPhone,Mobile Network,0,0,1
792,0,2025-01-14 19:29:03.883641,identity_theft,failed_login,True,976.48,0.0,976.48,,"New York, USA",Windows Laptop,Public WiFi,0,0,1
793,0,2025-01-14 19:28:52.883731,identity_theft,withdrawal,False,976.48,2018.89,976.48,Bank,"Los Angeles, USA",Windows Laptop,Home WiFi,0,0,1
794,0,2025-01-14 19:29:05.883821,identity_theft,deposit,True,976.48,59.8,1036.28,ATM,"New York, USA",Windows Laptop,Public WiFi,0,0,1
795,0,2025-01-14 19:28:59.883910,identity_theft,suspicious_login,True,1036.28,0.0,1036.28,,"New York, USA",iPhone,Home WiFi,0,0,1
796,0,2025-01-14 19:29:04.883991,identity_theft,purchase,True,1036.28,99.13,937.15,Walmart,"Berlin, Germany",MacBook,Home WiFi,0,0,1
797,0,2025-01-14 19:28:51.884093,money_laundering,purchase,True,1500.94,291.13,1209.81,Walmart,"Los Angeles, USA",Android,Mobile Network,0,0,1
798,0,2025-01-14 19:28:42.884186,money_laundering,email_change,True,1209.81,0.0,1209.81,,"Los Angeles, USA",MacBook,Home WiFi,0,0,1
799,0,2025-01-14 19:28:55.884268,money_laundering,purchase,True,1209.81,541.5,668.31,Walmart,"New York, USA",Android,Home WiFi,0,0,1
800,0,2025-01-14 19:28:57.884367,card_skimming,withdrawal,True,4610.55,614.57,3995.98,ATM,"Los Angeles, USA",Linux PC,Home WiFi,0,0,1
801,0,2025-01-14 19:28:47.884458,card_skimming,purchase,True,3995.98,641.9,3354.08,PayPal,"New York, USA",iPhone,Public WiFi,0,0,1
802,0,2025-01-14 19:28:49.884549,card_skimming,withdrawal,True,3354.08,713.03,2641.05,ATM,"Paris, France",Windows Laptop,Home WiFi,0,0,1
803,0,2025-01-14 19:28:49.884659,card_skimming,deposit,True,2641.05,44.87,2685.92,ATM,"Berlin, Germany",Windows Laptop,Public WiFi,0,0,1
804,0,2025-01-14 19:28:39.884757,card_skimming,purchase,True,2685.92,100.07,2585.85,Best Buy,"London, UK",iPhone,Home WiFi,0,0,1
805,0,2025-01-14 19:29:05.884847,card_skimming,withdrawal,True,2585.85,1277.67,1308.18,Bank,"London, UK",iPhone,Home WiFi,0,0,1
806,0,2025-01-14 19:29:03.884961,money_laundering,deposit,True,1149.03,1186.38,2335.41,PayPal,"Los Angeles, USA",MacBook,Home WiFi,0,0,1
807,0,2025-01-14 19:29:00.885068,money_laundering,phone_change,True,2335.41,0.0,2335.41,,"New York, USA",Android,Public WiFi,0,0,1
808,0,2025-01-14 19:28:49.885164,money_laundering,purchase,True,2335.41,61.46,2273.95,Amazon,"Tokyo, Japan",iPhone,Corporate Network,0,0,1
809,0,2025-01-14 19:29:07.885256,money_laundering,withdrawal,False,2273.95,2628.38,2273.95,ATM,"London, UK",iPhone,Mobile Network,0,0,1
810,0,2025-01-14 19:28:50.885344,money_laundering,withdrawal,True,2273.95,2004.82,269.13,ATM,"Los Angeles, USA",MacBook,Public WiFi,0,0,1
811,0,2025-01-14 19:28:44.885448,money_laundering,withdrawal,False,269.13,9485.74,269.13,Bank,"Los Angeles, USA",MacBook,Home WiFi,0,0,1
812,0,2025-01-14 19:28:54.885536,money_laundering,withdrawal,False,269.13,5086.0,269.13,Bank,"New York, USA",Android,Mobile Network,0,0,1
813,0,2025-01-14 19:28:44.885624,money_laundering,deposit,True,269.13,1057.35,1326.48,PayPal,"New York, USA",Android,Mobile Network,0,0,1
814,0,2025-01-14 19:29:05.885748,card_skimming,withdrawal,True,3075.08,897.98,2177.1,Bank,"Los Angeles, USA",Android,Public WiFi,0,0,1
815,0,2025-01-14 19:28:52.885854,card_skimming,deposit,True,2177.1,44.12,2221.22,PayPal,"London, UK",iPhone,Public WiFi,0,0,1
816,0,2025-01-14 19:28:52.885952,identity_theft,withdrawal,False,1731.16,2261.54,1731.16,Bank,"Berlin, Germany",MacBook,Public WiFi,0,0,1
817,0,2025-01-14 19:28:46.886043,identity_theft,withdrawal,False,1731.16,4596.88,1731.16,ATM,"New York, USA",Android,Home WiFi,0,0,1
818,0,2025-01-14 19:28:42.886132,identity_theft,purchase,True,1731.16,520.77,1210.39,Walmart,"London, UK",MacBook,Public WiFi,0,0,1
819,0,2025-01-14 19:29:04.886230,card_skimming,failed_login,True,4443.66,0.0,4443.66,,"New York, USA",Android,Home WiFi,0,0,1
820,0,2025-01-14 19:28:39.886315,card_skimming,purchase,True,4443.66,35.99,4407.67,Best Buy,"New York, USA",Android,Public WiFi,0,0,1
821,0,2025-01-14 19:29:05.886408,card_skimming,withdrawal,True,4407.67,1989.91,2417.76,ATM,"New York, USA",Linux PC,Public WiFi,0,0,1
822,0,2025-01-14 19:28:52.886512,card_skimming,withdrawal,True,2417.76,1733.47,684.29,ATM,"Los Angeles, USA",Windows Laptop,Mobile Network,0,0,1
823,0,2025-01-14 19:28:44.886630,card_skimming,withdrawal,False,684.29,1071.57,684.29,ATM,"Los Angeles, USA",MacBook,Mobile Network,0,0,1
824,0,2025-01-14 19:29:03.886742,card_skimming,withdrawal,False,684.29,1082.04,684.29,Bank,"London, UK",Windows Laptop,Home WiFi,0,0,1
825,0,2025-01-14 19:29:08.886831,card_skimming,failed_login,True,684.29,0.0,684.29,,"Tokyo, Japan",iPhone,Home WiFi,0,0,1
826,0,2025-01-14 19:28:51.886912,card_skimming,failed_login,True,684.29,0.0,684.29,,"Berlin, Germany",MacBook,Mobile Network,0,0,1
827,0,2025-01-14 19:29:04.887002,identity_theft,suspicious_login,True,4140.12,0.0,4140.12,,"Paris, France",iPhone,Home WiFi,0,0,1
828,0,2025-01-14 19:28:52.887084,identity_theft,failed_login,True,4140.12,0.0,4140.12,,"Tokyo, Japan",Android,Home WiFi,0,0,1
829,0,2025-01-14 19:29:01.887164,identity_theft,withdrawal,True,4140.12,3373.79,766.33,Bank,"London, UK",iPhone,Home WiFi,0,0,1
830,0,2025-01-14 19:28:54.887263,money_laundering,purchase,True,2498.82,440.94,2057.88,Walmart,"Los Angeles, USA",Windows Laptop,Mobile Network,0,1,1
831,0,2025-01-14 19:28:55.887356,money_laundering,withdrawal,False,2057.88,2528.97,2057.88,ATM,"New York, USA",iPhone,Home WiFi,0,0,1
832,0,2025-01-14 19:29:06.887445,money_laundering,phone_change,True,2057.88,0.0,2057.88,,"Paris, France",Android,Public WiFi,0,0,1
833,0,2025-01-14 19:28:49.887527,money_laundering,withdrawal,False,2057.88,3981.03,2057.88,ATM,"Los Angeles, USA",Windows Laptop,Mobile Network,0,0,1
834,0,2025-01-14 19:28:46.887617,money_laundering,withdrawal,False,2057.88,3832.51,2057.88,Bank,"Tokyo, Japan",iPad,Home WiFi,0,0,1
835,0,2025-01-14 19:28:54.887729,money_laundering,deposit,True,2057.88,2050.11,4107.99,ATM,"New York, USA",iPhone,Public WiFi,0,0,1
836,0,2025-01-14 19:28:58.887834,money_laundering,deposit,True,4107.99,2972.83,7080.82,ATM,"New York, USA",Windows Laptop,Mobile Network,1,0,1
837,0,2025-01-14 19:29:08.887937,money_laundering,withdrawal,True,7080.82,4389.55,2691.27,ATM,"Los Angeles, USA",iPhone,Home WiFi,0,0,1
838,0,2025-01-14 19:28:58.888037,phishing,suspicious_login,True,1054.15,0.0,1054.15,,"Los Angeles, USA",Windows Laptop,Corporate Network,0,0,1
839,0,2025-01-14 19:28:52.888121,phishing,withdrawal,False,1054.15,2169.37,1054.15,Bank,"New York, USA",iPhone,Public WiFi,0,0,1
840,0,2025-01-14 19:28:45.888212,phishing,password_change,True,1054.15,0.0,1054.15,,"New York, USA",Android,Home WiFi,0,0,1
841,0,2025-01-14 19:28:53.888294,phishing,failed_login,True,1054.15,0.0,1054.15,,"New York, USA",MacBook,Public WiFi,0,0,1
842,0,2025-01-14 19:28:48.888373,phishing,withdrawal,False,1054.15,1598.36,1054.15,ATM,"Los Angeles, USA",iPhone,Public WiFi,0,0,1
843,0,2025-01-14 19:29:03.888478,money_laundering,withdrawal,False,3371.49,5235.47,3371.49,Bank,"London, UK",Android,Public WiFi,0,0,1
844,0,2025-01-14 19:28:48.888569,money_laundering,purchase,True,3371.49,438.98,2932.51,Amazon,"Tokyo, Japan",iPhone,Home WiFi,0,1,1
845,0,2025-01-14 19:29:04.888660,money_laundering,deposit,True,2932.51,4909.1,7841.61,ATM,"New York, USA",Android,Corporate Network,0,0,1
846,0,2025-01-14 19:28:54.888774,money_laundering,withdrawal,True,7841.61,5175.17,2666.44,Bank,"New York, USA",Windows Laptop,Home WiFi,0,0,1
847,0,2025-01-14 19:28:43.888873,money_laundering,withdrawal,False,2666.44,4482.51,2666.44,ATM,"Berlin, Germany",iPhone,Home WiFi,0,0,1
848,0,2025-01-14 19:29:00.888976,money_laundering,withdrawal,False,2666.44,4599.03,2666.44,ATM,"Berlin, Germany",Android,Corporate Network,0,0,1
849,0,2025-01-14 19:28:50.889065,money_laundering,phone_change,True,2666.44,0.0,2666.44,,"New York, USA",Android,Home WiFi,0,0,1
850,0,2025-01-14 19:29:01.889156,identity_theft,password_change,True,4753.36,0.0,4753.36,,"Los Angeles, USA",Windows Laptop,Public WiFi,0,0,1
851,0,2025-01-14 19:29:01.889240,identity_theft,withdrawal,True,4753.36,4266.17,487.19,Bank,"Tokyo, Japan",MacBook,Public WiFi,0,0,1
852,0,2025-01-14 19:28:47.889330,identity_theft,purchase,True,487.19,77.87,409.32,PayPal,"New York, USA",iPhone,Public WiFi,0,0,1
853,0,2025-01-14 19:28:48.889422,identity_theft,withdrawal,False,409.32,3354.77,409.32,Bank,"Los Angeles, USA",MacBook,Public WiFi,1,0,1
854,0,2025-01-14 19:29:00.889516,identity_theft,withdrawal,False,409.32,1972.02,409.32,ATM,"London, UK",Windows Laptop,Corporate Network,1,0,1
855,0,2025-01-14 19:28:51.889621,identity_theft,deposit,True,409.32,42.07,451.39,Bank,"Tokyo, Japan",iPhone,Home WiFi,0,0,1
856,0,2025-01-14 19:28:47.889721,identity_theft,suspicious_login,True,451.39,0.0,451.39,,"London, UK",Android,Mobile Network,0,0,1
857,0,2025-01-14 19:28:47.889814,money_laundering,withdrawal,True,2886.49,2054.89,831.6,ATM,"Tokyo, Japan",iPhone,Home WiFi,0,0,1
858,0,2025-01-14 19:28:39.889905,money_laundering,withdrawal,False,831.6,9737.94,831.6,Bank,"New York, USA",iPhone,Public WiFi,0,0,1
859,0,2025-01-14 19:28:39.889994,money_laundering,deposit,True,831.6,3350.48,4182.08,PayPal,"Paris, France",Windows Laptop,Home WiFi,0,0,1
860,0,2025-01-14 19:28:53.890099,money_laundering,purchase,True,4182.08,130.99,4051.09,Apple,"New York, USA",MacBook,Home WiFi,0,0,1
861,0,2025-01-14 19:28:47.890191,money_laundering,withdrawal,True,4051.09,2953.61,1097.48,ATM,"London, UK",Android,Home WiFi,0,0,1
862,0,2025-01-14 19:28:40.890280,money_laundering,withdrawal,False,1097.48,3747.97,1097.48,ATM,"London, UK",MacBook,Home WiFi,0,0,1
863,0,2025-01-14 19:28:45.890368,money_laundering,withdrawal,False,1097.48,4228.55,1097.48,ATM,"Tokyo, Japan",Android,Public WiFi,0,0,1
864,0,2025-01-14 19:29:04.890458,money_laundering,deposit,True,1097.48,4638.06,5735.54,ATM,"Los Angeles, USA",MacBook,Home WiFi,0,0,1
865,0,2025-01-14 19:29:03.890564,money_laundering,withdrawal,False,5735.54,7233.58,5735.54,ATM,"Berlin, Germany",Android,Home WiFi,0,0,1
866,0,2025-01-14 19:29:05.890659,money_laundering,withdrawal,True,5735.54,4485.02,1250.52,ATM,"Berlin, Germany",Windows Laptop,Home WiFi,0,0,1
867,0,2025-01-14 19:29:08.890787,identity_theft,withdrawal,True,4477.52,1380.44,3097.08,Bank,"Berlin, Germany",iPhone,Home WiFi,0,0,1
868,0,2025-01-14 19:28:45.890894,identity_theft,failed_login,True,3097.08,0.0,3097.08,,"Los Angeles, USA",Android,Home WiFi,0,0,1
869,0,2025-01-14 19:29:08.890983,identity_theft,suspicious_login,True,2685.01,0.0,2685.01,,"Los Angeles, USA",Android,Home WiFi,0,0,1
870,0,2025-01-14 19:28:39.891067,identity_theft,suspicious_login,True,2685.01,0.0,2685.01,,"Los Angeles, USA",iPhone,Corporate Network,0,0,1
871,0,2025-01-14 19:28:45.891147,identity_theft,purchase,True,2685.01,467.69,2217.32,Target,"Tokyo, Japan",Windows Laptop,Home WiFi,0,0,1
872,0,2025-01-14 19:28:57.891241,identity_theft,password_change,True,2217.32,0.0,2217.32,,"Paris, France",Android,Home WiFi,0,0,1
873,0,2025-01-14 19:28:47.891322,identity_theft,withdrawal,False,2217.32,2539.44,2217.32,ATM,"New York, USA",Android,Home WiFi,0,0,1
874,0,2025-01-14 19:28:55.891412,identity_theft,withdrawal,False,2217.32,2403.15,2217.32,ATM,"London, UK",Windows Laptop,Corporate Network,0,0,1
875,0,2025-01-14 19:28:55.891516,identity_theft,suspicious_login,True,2217.32,0.0,2217.32,,"New York, USA",Android,Home WiFi,0,0,1
876,0,2025-01-14 19:28:41.891606,identity_theft,withdrawal,False,1760.86,4832.26,1760.86,Bank,"New York, USA",iPad,Home WiFi,0,0,1
877,0,2025-01-14 19:28:58.891709,identity_theft,withdrawal,False,1760.86,4712.84,1760.86,Bank,"New York, USA",iPhone,Mobile Network,0,0,1
878,0,2025-01-14 19:28:41.891815,identity_theft,withdrawal,False,1760.86,2516.31,1760.86,ATM,"Tokyo, Japan",MacBook,Public WiFi,0,0,1
879,0,2025-01-14 19:29:06.891905,identity_theft,failed_login,True,1760.86,0.0,1760.86,,"New York, USA",iPhone,Corporate Network,0,0,1
880,0,2025-01-14 19:28:59.891986,identity_theft,withdrawal,False,1760.86,1762.04,1760.86,ATM,"Tokyo, Japan",iPhone,Public WiFi,0,0,1
881,0,2025-01-14 19:29:08.892090,identity_theft,deposit,True,1760.86,53.47,1814.33,ATM,"New York, USA",iPhone,Corporate Network,0,0,1
882,0,2025-01-14 19:29:04.892180,identity_theft,withdrawal,False,1814.33,2015.86,1814.33,Bank,"Berlin, Germany",Linux PC,Public WiFi,0,0,1
883,0,2025-01-14 19:28:41.892269,identity_theft,password_change,True,1814.33,0.0,1814.33,,"Los Angeles, USA",Windows Laptop,Home WiFi,0,0,1
884,0,2025-01-14 19:28:40.892351,identity_theft,withdrawal,False,1814.33,2224.32,1814.33,Bank,"Los Angeles, USA",Windows Laptop,Public WiFi,0,0,1
885,0,2025-01-14 19:28:55.892454,identity_theft,withdrawal,False,1814.33,3589.35,1814.33,ATM,"Los Angeles, USA",MacBook,Home WiFi,0,0,1
886,0,2025-01-14 19:28:45.892557,identity_theft,withdrawal,False,1581.17,4964.41,1581.17,Bank,"New York, USA",MacBook,Public WiFi,0,0,1
887,0,2025-01-14 19:29:00.892669,identity_theft,withdrawal,False,1581.17,2517.32,1581.17,ATM,"New York, USA",iPhone,Mobile Network,0,0,1
888,0,2025-01-14 19:29:03.892794,identity_theft,withdrawal,True,1581.17,1466.21,114.96,ATM,"Paris, France",Android,Public WiFi,0,0,1
889,0,2025-01-14 19:28:42.892884,identity_theft,withdrawal,False,114.96,1597.44,114.96,Bank,"New York, USA",iPhone,Public WiFi,0,0,1
890,0,2025-01-14 19:28:44.893011,identity_theft,withdrawal,False,114.96,3543.24,114.96,ATM,"Tokyo, Japan",MacBook,Mobile Network,1,0,1
891,0,2025-01-14 19:28:41.893114,identity_theft,failed_login,True,114.96,0.0,114.96,,"Los Angeles, USA",iPad,Mobile Network,0,0,1
892,0,2025-01-14 19:29:06.893194,identity_theft,purchase,False,114.96,210.96,114.96,Amazon,"London, UK",iPad,Home WiFi,0,0,1
893,0,2025-01-14 19:28:52.893296,identity_theft,withdrawal,True,4220.22,3535.89,684.33,Bank,"Los Angeles, USA",MacBook,Mobile Network,0,0,1
894,0,2025-01-14 19:28:53.893402,identity_theft,withdrawal,False,684.33,1625.57,684.33,Bank,"Berlin, Germany",Windows Laptop,Mobile Network,0,0,1
895,0,2025-01-14 19:28:53.893492,identity_theft,deposit,True,684.33,31.92,716.25,PayPal,"Tokyo, Japan",iPhone,Home WiFi,0,0,1
896,0,2025-01-14 19:29:02.893584,identity_theft,withdrawal,False,716.25,1148.05,716.25,Bank,"Los Angeles, USA",iPhone,Public WiFi,0,0,1
897,0,2025-01-14 19:28:53.893675,identity_theft,withdrawal,False,716.25,4704.14,716.25,ATM,"Tokyo, Japan",Linux PC,Public WiFi,0,0,1
898,0,2025-01-14 19:28:48.893789,identity_theft,withdrawal,False,716.25,3210.55,716.25,ATM,"New York, USA",Android,Public WiFi,0,0,1
899,0,2025-01-14 19:28:53.893893,identity_theft,suspicious_login,True,716.25,0.0,716.25,,"Tokyo, Japan",MacBook,Home WiFi,0,0,1
900,0,2025-01-14 19:28:52.893984,identity_theft,withdrawal,False,1517.29,3739.09,1517.29,ATM,"London, UK",Windows Laptop,Corporate Network,0,0,1
901,0,2025-01-14 19:29:03.894089,identity_theft,withdrawal,False,1517.29,4057.07,1517.29,Bank,"New York, USA",Android,Corporate Network,0,0,1
902,0,2025-01-14 19:28:52.894192,identity_theft,suspicious_login,True,1517.29,0.0,1517.29,,"New York, USA",iPhone,Public WiFi,0,0,1
903,0,2025-01-14 19:29:06.894273,identity_theft,failed_login,True,1517.29,0.0,1517.29,,"New York, USA",Linux PC,Home WiFi,0,0,1
904,0,2025-01-14 19:28:57.894352,identity_theft,failed_login,True,1517.29,0.0,1517.29,,"London, UK",iPad,Home WiFi,0,0,1
905,0,2025-01-14 19:29:05.894431,identity_theft,withdrawal,False,1517.29,4330.86,1517.29,ATM,"Los Angeles, USA",iPhone,Home WiFi,0,0,1
906,0,2025-01-14 19:28:54.894523,identity_theft,suspicious_login,True,1517.29,0.0,1517.29,,"New York, USA",Android,Corporate Network,0,1,1
907,0,2025-01-14 19:28:56.894610,identity_theft,withdrawal,False,1517.29,3824.19,1517.29,ATM,"New York, USA",Android,Home WiFi,0,0,1
908,0,2025-01-14 19:28:52.894712,identity_theft,withdrawal,False,1517.29,2715.69,1517.29,ATM,"Paris, France",Windows Laptop,Public WiFi,0,0,1
909,0,2025-01-14 19:28:56.894829,money_laundering,purchase,True,1543.75,314.99,1228.76,Best Buy,"London, UK",Linux PC,Corporate Network,0,0,1
910,0,2025-01-14 19:28:41.894923,money_laundering,deposit,True,1228.76,3502.18,4730.94,PayPal,"New York, USA",MacBook,Home WiFi,0,0,1
911,0,2025-01-14 19:28:45.895029,money_laundering,withdrawal,False,4730.94,6267.09,4730.94,Bank,"Paris, France",iPhone,Public WiFi,0,0,1
912,0,2025-01-14 19:29:06.895118,money_laundering,phone_change,True,4730.94,0.0,4730.94,,"New York, USA",iPhone,Public WiFi,0,0,1
913,0,2025-01-14 19:28:46.895200,money_laundering,purchase,True,4730.94,497.64,4233.3,Best Buy,"New York, USA",MacBook,Mobile Network,0,0,1
914,0,2025-01-14 19:29:00.895291,money_laundering,deposit,True,4233.3,1061.18,5294.48,PayPal,"Los Angeles, USA",iPhone,Home WiFi,0,0,1
915,0,2025-01-14 19:28:50.895396,money_laundering,withdrawal,True,5294.48,3389.49,1904.99,Bank,"Los Angeles, USA",iPhone,Corporate Network,0,0,1
916,0,2025-01-14 19:28:47.895486,money_laundering,purchase,True,1904.99,596.48,1308.51,Best Buy,"Los Angeles, USA",iPhone,Mobile Network,0,0,1
917,0,2025-01-14 19:28:43.895576,money_laundering,withdrawal,False,1308.51,3014.01,1308.51,Bank,"Los Angeles, USA",Linux PC,Home WiFi,0,0,1
918,0,2025-01-14 19:28:59.895664,money_laundering,withdrawal,False,1308.51,8193.65,1308.51,ATM,"London, UK",MacBook,Mobile Network,0,0,1
919,0,2025-01-14 19:29:04.895774,phishing,withdrawal,True,4964.72,1263.04,3701.68,ATM,"New York, USA",iPhone,Public WiFi,0,1,1
920,0,2025-01-14 19:28:52.895871,card_skimming,withdrawal,True,1091.45,929.89,161.56,ATM,"Los Angeles, USA",Android,Home WiFi,0,0,1
921,0,2025-01-14 19:29:00.895977,card_skimming,withdrawal,False,161.56,1828.23,161.56,ATM,"New York, USA",Android,Public WiFi,0,0,1
922,0,2025-01-14 19:28:50.896081,card_skimming,withdrawal,False,161.56,1379.25,161.56,Bank,"London, UK",MacBook,Mobile Network,0,0,1
923,0,2025-01-14 19:28:49.896170,card_skimming,purchase,False,161.56,186.9,161.56,Amazon,"New York, USA",iPhone,Public WiFi,0,1,1
924,0,2025-01-14 19:28:58.896269,card_skimming,failed_login,True,1201.86,0.0,1201.86,,"Los Angeles, USA",MacBook,Home WiFi,0,0,1
925,0,2025-01-14 19:29:01.896359,money_laundering,purchase,True,4527.21,670.84,3856.37,PayPal,"New York, USA",iPhone,Home WiFi,0,0,1
926,0,2025-01-14 19:29:04.896452,money_laundering,withdrawal,True,3856.37,2886.01,970.36,ATM,"Los Angeles, USA",MacBook,Home WiFi,0,0,1
927,0,2025-01-14 19:28:41.896572,money_laundering,withdrawal,True,4707.25,4014.8,692.45,ATM,"London, UK",iPhone,Home WiFi,0,1,1
928,0,2025-01-14 19:28:43.896719,phishing,purchase,True,2875.72,225.42,2650.3,Walmart,"Tokyo, Japan",Android,Home WiFi,0,0,1
929,0,2025-01-14 19:29:03.896813,phishing,withdrawal,True,2650.3,1701.9,948.4,ATM,"Los Angeles, USA",iPhone,Public WiFi,0,0,1
930,0,2025-01-14 19:28:59.896918,identity_theft,suspicious_login,True,4291.77,0.0,4291.77,,"Tokyo, Japan",MacBook,Home WiFi,0,0,1
931,0,2025-01-14 19:28:49.897017,identity_theft,purchase,True,4291.77,145.59,4146.18,PayPal,"Paris, France",Android,Home WiFi,0,0,1
932,0,2025-01-14 19:28:46.897110,identity_theft,withdrawal,True,4146.18,1222.4,2923.78,Bank,"New York, USA",Android,Corporate Network,0,0,1
933,0,2025-01-14 19:29:06.897199,identity_theft,purchase,True,2923.78,213.45,2710.33,Walmart,"London, UK",iPhone,Home WiFi,0,1,1
934,0,2025-01-14 19:28:41.897289,identity_theft,withdrawal,False,2710.33,3903.55,2710.33,Bank,"London, UK",Android,Home WiFi,0,0,1
935,0,2025-01-14 19:28:52.897388,card_skimming,purchase,True,3848.34,593.11,3255.23,Best Buy,"London, UK",Linux PC,Mobile Network,0,0,1
936,0,2025-01-14 19:28:52.897480,card_skimming,purchase,True,3255.23,85.38,3169.85,Target,"New York, USA",Android,Home WiFi,0,0,1
937,0,2025-01-14 19:28:53.897578,phishing,failed_login,True,1790.92,0.0,1790.92,,"Los Angeles, USA",Windows Laptop,Mobile Network,0,0,1
938,0,2025-01-14 19:28:54.897663,phishing,suspicious_login,True,1790.92,0.0,1790.92,,"Paris, France",iPhone,Mobile Network,0,1,1
939,0,2025-01-14 19:29:04.897755,phishing,purchase,True,1790.92,260.11,1530.81,Amazon,"New York, USA",Android,Corporate Network,0,0,1
940,0,2025-01-14 19:28:56.897848,phishing,failed_login,True,1530.81,0.0,1530.81,,"New York, USA",Windows Laptop,Home WiFi,0,0,1
941,0,2025-01-14 19:28:51.897929,phishing,suspicious_login,True,1530.81,0.0,1530.81,,"Los Angeles, USA",iPhone,Public WiFi,1,0,1
942,0,2025-01-14 19:28:48.898009,phishing,withdrawal,False,1530.81,1871.75,1530.81,ATM,"Los Angeles, USA",Linux PC,Home WiFi,0,0,1
943,0,2025-01-14 19:28:56.898113,phishing,withdrawal,False,1530.81,1549.33,1530.81,Bank,"Los Angeles, USA",iPhone,Public WiFi,1,0,1
944,0,2025-01-14 19:28:58.898226,identity_theft,deposit,True,4137.88,38.83,4176.71,ATM,"Los Angeles, USA",Android,Home WiFi,0,0,1
945,0,2025-01-14 19:28:57.898324,identity_theft,deposit,True,4174.51,35.61,4210.12,ATM,"Los Angeles, USA",MacBook,Home WiFi,0,1,1
946,0,2025-01-14 19:29:01.898415,identity_theft,withdrawal,True,4210.12,1657.96,2552.16,ATM,"Paris, France",Windows Laptop,Mobile Network,0,0,1
947,0,2025-01-14 19:28:53.898504,identity_theft,withdrawal,True,2552.16,1919.63,632.53,ATM,"Tokyo, Japan",Windows Laptop,Mobile Network,0,0,1
948,0,2025-01-14 19:28:51.898605,identity_theft,withdrawal,False,632.53,2138.93,632.53,ATM,"Berlin, Germany",iPhone,Corporate Network,0,0,1
949,0,2025-01-14 19:28:46.898724,identity_theft,password_change,True,632.53,0.0,632.53,,"New York, USA",MacBook,Public WiFi,0,0,1
950,0,2025-01-14 19:28:48.898808,identity_theft,suspicious_login,True,632.53,0.0,632.53,,"London, UK",Android,Home WiFi,0,0,1
951,0,2025-01-14 19:28:46.898899,phishing,deposit,True,4934.7,162.05,5096.75,Bank,"New York, USA",iPhone,Public WiFi,0,0,1
952,0,2025-01-14 19:28:56.899003,phishing,password_change,True,5096.75,0.0,5096.75,,"New York, USA",iPhone,Public WiFi,0,0,1
953,0,2025-01-14 19:28:49.899086,phishing,password_change,True,5096.75,0.0,5096.75,,"London, UK",iPad,Home WiFi,0,0,1
954,0,2025-01-14 19:29:06.899166,phishing,phone_change,True,5096.75,0.0,5096.75,,"New York, USA",MacBook,Corporate Network,0,0,1
955,0,2025-01-14 19:28:39.899246,phishing,purchase,True,5096.75,194.64,4902.11,Amazon,"Tokyo, Japan",Windows Laptop,Home WiFi,0,0,1
956,0,2025-01-14 19:28:58.899339,phishing,failed_login,True,4902.11,0.0,4902.11,,"London, UK",Windows Laptop,Home WiFi,0,0,1
957,0,2025-01-14 19:28:51.899421,phishing,withdrawal,True,4902.11,2627.23,2274.88,Bank,"London, UK",MacBook,Public WiFi,0,0,1
958,0,2025-01-14 19:29:02.899534,identity_theft,withdrawal,False,4665.61,4700.93,4665.61,ATM,"Tokyo, Japan",iPhone,Home WiFi,0,0,1
959,0,2025-01-14 19:29:03.899639,identity_theft,purchase,True,4665.61,0.78,4664.83,Target,"Paris, France",MacBook,Home WiFi,0,0,1
960,0,2025-01-14 19:28:50.899742,identity_theft,withdrawal,True,4664.83,1151.1,3513.73,Bank,"Berlin, Germany",iPhone,Home WiFi,0,0,1
961,0,2025-01-14 19:28:56.899847,identity_theft,withdrawal,False,3513.73,3592.15,3513.73,Bank,"London, UK",Linux PC,Corporate Network,0,0,1
962,0,2025-01-14 19:29:00.899950,identity_theft,withdrawal,True,3513.73,2903.49,610.24,Bank,"Los Angeles, USA",Android,Mobile Network,0,0,1
963,0,2025-01-14 19:29:04.900039,identity_theft,withdrawal,False,610.24,3250.13,610.24,Bank,"Paris, France",iPhone,Home WiFi,0,0,1
964,0,2025-01-14 19:28:41.900128,identity_theft,suspicious_login,True,610.24,0.0,610.24,,"New York, USA",MacBook,Public WiFi,0,0,1
965,0,2025-01-14 19:28:51.900210,identity_theft,withdrawal,False,610.24,1123.5,610.24,Bank,"London, UK",Android,Public WiFi,0,0,1
966,0,2025-01-14 19:29:07.900321,identity_theft,deposit,True,2631.32,11.57,2642.89,ATM,"New York, USA",Android,Public WiFi,0,0,1
967,0,2025-01-14 19:28:41.900414,identity_theft,purchase,True,2642.89,688.97,1953.92,Best Buy,"New York, USA",MacBook,Public WiFi,0,0,1
968,0,2025-01-14 19:28:51.900506,identity_theft,withdrawal,False,1953.92,3010.96,1953.92,Bank,"New York, USA",Android,Public WiFi,0,0,1
969,0,2025-01-14 19:28:59.900610,identity_theft,suspicious_login,True,1953.92,0.0,1953.92,,"Berlin, Germany",iPhone,Mobile Network,0,0,1
970,0,2025-01-14 19:28:52.900692,identity_theft,deposit,True,1953.92,59.37,2013.29,Bank,"New York, USA",iPad,Home WiFi,0,0,1
971,0,2025-01-14 19:28:51.900792,identity_theft,failed_login,True,2013.29,0.0,2013.29,,"Tokyo, Japan",Windows Laptop,Public WiFi,0,0,1
972,0,2025-01-14 19:28:44.900875,identity_theft,withdrawal,False,2013.29,3895.55,2013.29,Bank,"London, UK",iPhone,Mobile Network,0,0,1
973,0,2025-01-14 19:28:56.900978,identity_theft,withdrawal,False,2013.29,3265.72,2013.29,ATM,"London, UK",iPhone,Public WiFi,0,0,1
974,0,2025-01-14 19:28:53.901068,identity_theft,withdrawal,False,2013.29,3704.8,2013.29,ATM,"New York, USA",Windows Laptop,Mobile Network,0,0,1
975,0,2025-01-14 19:28:55.901156,identity_theft,failed_login,True,2013.29,0.0,2013.29,,"Tokyo, Japan",Android,Public WiFi,0,0,1
976,0,2025-01-14 19:29:08.901248,money_laundering,email_change,True,2837.16,0.0,2837.16,,"New York, USA",Windows Laptop,Public WiFi,0,0,1
977,0,2025-01-14 19:29:07.901331,money_laundering,purchase,True,2837.16,239.78,2597.38,Apple,"London, UK",Windows Laptop,Corporate Network,0,0,1
978,0,2025-01-14 19:28:45.901423,money_laundering,deposit,True,2597.38,859.81,3457.19,Bank,"New York, USA",Windows Laptop,Corporate Network,0,0,1
979,0,2025-01-14 19:28:59.901527,money_laundering,deposit,True,3457.19,3249.16,6706.35,Bank,"Berlin, Germany",Windows Laptop,Public WiFi,0,0,1
980,0,2025-01-14 19:28:51.901630,money_laundering,phone_change,True,6706.35,0.0,6706.35,,"Tokyo, Japan",MacBook,Home WiFi,0,0,1
981,0,2025-01-14 19:28:40.901718,money_laundering,phone_change,True,6706.35,0.0,6706.35,,"New York, USA",MacBook,Corporate Network,0,0,1
982,0,2025-01-14 19:28:58.901800,money_laundering,withdrawal,True,6706.35,6467.82,238.53,ATM,"Tokyo, Japan",MacBook,Home WiFi,1,0,1
983,0,2025-01-14 19:29:03.901890,money_laundering,deposit,True,238.53,3956.59,4195.12,Bank,"Berlin, Germany",MacBook,Mobile Network,0,0,1
984,0,2025-01-14 19:28:59.901995,money_laundering,deposit,True,4195.12,2388.63,6583.75,ATM,"New York, USA",Android,Public WiFi,1,0,1
985,0,2025-01-14 19:28:40.902098,money_laundering,purchase,True,6583.75,694.48,5889.27,Amazon,"Berlin, Germany",Windows Laptop,Home WiFi,0,0,1
986,0,2025-01-14 19:28:42.902201,identity_theft,failed_login,True,1791.69,0.0,1791.69,,"Tokyo, Japan",Android,Home WiFi,0,0,1
987,0,2025-01-14 19:28:39.902291,identity_theft,password_change,True,1116.51,0.0,1116.51,,"Los Angeles, USA",iPad,Home WiFi,1,0,1
988,0,2025-01-14 19:29:05.902374,identity_theft,purchase,True,1116.51,650.38,466.13,Apple,"Los Angeles, USA",Android,Mobile Network,0,0,1
989,0,2025-01-14 19:28:59.902466,identity_theft,withdrawal,False,466.13,4959.89,466.13,Bank,"Berlin, Germany",Linux PC,Home WiFi,0,0,1
990,0,2025-01-14 19:28:39.902554,identity_theft,deposit,True,466.13,97.95,564.08,Bank,"Paris, France",iPhone,Home WiFi,0,0,1
991,0,2025-01-14 19:29:06.902643,identity_theft,purchase,True,564.08,150.96,413.12,Best Buy,"New York, USA",Android,Home WiFi,0,0,1
992,0,2025-01-14 19:28:59.902743,identity_theft,withdrawal,False,413.12,2569.02,413.12,Bank,"London, UK",iPad,Home WiFi,0,0,1
993,0,2025-01-14 19:28:57.902833,identity_theft,withdrawal,False,413.12,4845.65,413.12,Bank,"New York, USA",iPhone,Public WiFi,0,0,1
994,0,2025-01-14 19:28:50.902950,phishing,phone_change,True,4098.75,0.0,4098.75,,"Tokyo, Japan",iPad,Mobile Network,0,0,1
995,0,2025-01-14 19:28:46.903033,phishing,withdrawal,True,4098.75,1422.66,2676.09,Bank,"New York, USA",iPhone,Mobile Network,1,0,1
996,0,2025-01-14 19:28:52.903124,phishing,phone_change,True,2676.09,0.0,2676.09,,"Paris, France",Windows Laptop,Mobile Network,0,0,1
997,0,2025-01-14 19:29:00.903205,phishing,purchase,True,2676.09,128.81,2547.28,Walmart,"Berlin, Germany",iPhone,Home WiFi,0,0,1
998,0,2025-01-14 19:28:41.903297,phishing,failed_login,True,2547.28,0.0,2547.28,,"London, UK",Windows Laptop,Public WiFi,0,1,1
999,0,2025-01-14 19:29:04.903378,phishing,withdrawal,False,2547.28,2869.66,2547.28,ATM,"Tokyo, Japan",iPhone,Mobile Network,0,0,1
