agent_id,type,amount,balance,timestamp,fraud,risk_level
0,withdrawal,115.39265434068987,4519.39461337588,2024-11-03 22:47:01.196425,0,
1,deposit,730.1304596580533,5602.28383649022,2024-11-03 23:08:01.196425,0,
2,withdrawal,482.0220572819211,1303.6506781451203,2024-11-03 23:25:01.196425,0,
2,password_change,0.0,1303.6506781451203,2024-11-03 23:26:01.196425,0,
3,withdrawal,453.86543454837675,3264.4529992329403,2024-11-03 23:35:01.196425,0,
4,withdrawal,410.027381761478,1773.0584153629716,2024-11-03 23:52:01.196425,0,
4,email_change,0.0,1773.0584153629716,2024-11-03 23:54:01.196425,0,
5,deposit,236.34024457688864,5043.995740395915,2024-11-04 00:08:01.196425,0,
6,withdrawal,398.2416012653335,2517.725045157994,2024-11-04 00:37:01.196425,0,
7,deposit,776.842294671828,4402.275646243418,2024-11-04 01:06:01.196425,0,
8,deposit,246.22554764422787,1733.5985285555432,2024-11-04 01:14:01.196425,0,
9,withdrawal,284.13359801423627,2659.488448286295,2024-11-04 01:18:01.196425,0,
9,password_change,0.0,2659.488448286295,2024-11-04 01:41:01.196425,0,
10,withdrawal,391.68697101018404,1790.4333570413132,2024-11-04 02:02:01.196425,0,
11,withdrawal,233.0144793570396,4708.632271081546,2024-11-04 02:10:01.196425,0,
12,withdrawal,204.94293423231818,4458.162896049796,2024-11-04 02:26:01.196425,0,
12,email_change,0.0,4458.162896049796,2024-11-04 02:55:01.196425,0,
13,deposit,320.1918737704491,4815.180976533753,2024-11-04 02:59:01.196425,0,
14,deposit,391.8036225470707,4730.909704363234,2024-11-04 03:04:01.196425,0,
15,withdrawal,55.70938420060411,4885.876787746757,2024-11-04 03:14:01.196425,0,
16,withdrawal,67.33914485630459,4409.538241081306,2024-11-04 03:37:01.196425,0,
16,phone_change,0.0,4409.538241081306,2024-11-04 04:04:01.196425,0,
17,withdrawal,105.51489377913448,2875.805591925264,2024-11-04 04:21:01.196425,0,
17,phone_change,0.0,2875.805591925264,2024-11-04 04:37:01.196425,0,
18,withdrawal,479.39151548768007,2780.9074975893463,2024-11-04 04:38:01.196425,0,
19,withdrawal,453.9784535937651,2729.076503964301,2024-11-04 04:39:01.196425,0,
20,deposit,182.28608346171154,2332.182369759008,2024-11-04 05:02:01.196425,0,
21,withdrawal,353.3054185160107,2823.891175763342,2024-11-04 05:04:01.196425,0,
22,deposit,409.0930111847236,1631.1121480110116,2024-11-04 05:25:01.196425,0,
23,deposit,355.4740481978436,1875.9612479775355,2024-11-04 05:50:01.196425,0,
23,phone_change,0.0,1875.9612479775355,2024-11-04 06:19:01.196425,0,
24,deposit,193.83946671026808,3082.184386314265,2024-11-04 06:45:01.196425,0,
25,deposit,288.1702706170877,4321.441929055913,2024-11-04 06:53:01.196425,0,
25,email_change,0.0,4321.441929055913,2024-11-04 07:00:01.196425,0,
26,withdrawal,423.05734941260977,2739.7780438610043,2024-11-04 07:22:01.196425,0,
26,password_change,0.0,2739.7780438610043,2024-11-04 07:41:01.196425,0,
27,withdrawal,202.19918713088302,1478.456297388156,2024-11-04 07:55:01.196425,0,
27,password_change,0.0,1478.456297388156,2024-11-04 08:17:01.196425,0,
28,deposit,135.56015639270723,3061.4915757945378,2024-11-04 08:18:01.196425,0,
29,deposit,472.1911938622249,3034.089521650782,2024-11-04 08:28:01.196425,0,
30,deposit,409.95106611090955,2069.8653324069883,2024-11-04 08:55:01.196425,0,
31,withdrawal,489.3122285311684,4348.152832607193,2024-11-04 09:17:01.196425,0,
31,phone_change,0.0,4348.152832607193,2024-11-04 09:46:01.196425,0,
32,withdrawal,297.4592814903689,1591.269712584016,2024-11-04 09:48:01.196425,0,
32,password_change,0.0,1591.269712584016,2024-11-04 10:11:01.196425,0,
33,withdrawal,479.59563063181065,2561.4436618312902,2024-11-04 10:23:01.196425,0,
33,phone_change,0.0,2561.4436618312902,2024-11-04 10:38:01.196425,0,
34,withdrawal,457.71892024180517,2248.6441428220555,2024-11-04 10:58:01.196425,0,
35,withdrawal,55.5909996199117,1344.4051942127346,2024-11-04 11:25:01.196425,0,
35,password_change,0.0,1344.4051942127346,2024-11-04 11:27:01.196425,0,
36,deposit,606.0248488274394,4166.823710113191,2024-11-04 11:57:01.196425,0,
37,deposit,851.8570175606196,4687.623738291721,2024-11-04 12:14:01.196425,0,
38,withdrawal,87.50305927428272,1066.8259344584621,2024-11-04 12:19:01.196425,0,
39,withdrawal,305.63729071731626,4126.780594113651,2024-11-04 12:21:01.196425,0,
39,email_change,0.0,4126.780594113651,2024-11-04 12:45:01.196425,0,
40,withdrawal,416.13229406201503,2912.542697197181,2024-11-04 12:51:01.196425,0,
41,withdrawal,498.9061987055079,3025.2965849311618,2024-11-04 12:54:01.196425,0,
42,deposit,664.8128635054729,3412.8657031194825,2024-11-04 13:24:01.196425,0,
42,password_change,0.0,3412.8657031194825,2024-11-04 13:38:01.196425,0,
43,deposit,863.8929027951822,5008.362316685201,2024-11-04 13:54:01.196425,0,
44,withdrawal,490.16404508211656,2536.7590598491606,2024-11-04 14:16:01.196425,0,
45,withdrawal,219.79195507848962,4462.924389839325,2024-11-04 14:40:01.196425,0,
46,deposit,184.07293562392655,2284.6058070898926,2024-11-04 15:00:01.196425,0,
47,deposit,435.53934622699603,2170.82920920982,2024-11-04 15:03:01.196425,0,
48,deposit,392.9140672189555,2016.4037694476292,2024-11-04 15:06:01.196425,0,
49,deposit,314.31475251346916,4999.3516530754905,2024-11-04 15:30:01.196425,0,
50,withdrawal,82.28375487835528,1343.2438999500223,2024-11-04 15:44:01.196425,0,
51,deposit,182.83496510782464,1373.2588873314303,2024-11-04 15:53:01.196425,0,
52,deposit,515.7241583422888,4534.095303176997,2024-11-04 16:15:01.196425,0,
53,deposit,274.99619449052415,4882.419098832081,2024-11-04 16:31:01.196425,0,
54,withdrawal,155.61118897402272,3167.451632330909,2024-11-04 16:33:01.196425,0,
55,deposit,571.1051492824903,2187.838067013122,2024-11-04 16:50:01.196425,0,
55,password_change,0.0,2187.838067013122,2024-11-04 17:15:01.196425,0,
56,withdrawal,267.2443494980836,2002.172301374765,2024-11-04 17:41:01.196425,0,
57,withdrawal,406.54047397718006,3149.380019830324,2024-11-04 17:50:01.196425,0,
58,deposit,312.6259909701823,3517.5788272574405,2024-11-04 18:03:01.196425,0,
59,withdrawal,444.86665009857734,1483.5053204914393,2024-11-04 18:08:01.196425,0,
60,withdrawal,330.8229349778512,2127.350627087701,2024-11-04 18:19:01.196425,0,
61,deposit,945.9248305116956,2404.921542279201,2024-11-04 18:39:01.196425,0,
62,deposit,685.5403386865577,3551.870865856027,2024-11-04 19:01:01.196425,0,
63,withdrawal,244.3034505214245,1337.8393498761034,2024-11-04 19:06:01.196425,0,
64,deposit,994.0471792215798,3980.2237087582057,2024-11-04 19:14:01.196425,0,
64,password_change,0.0,3980.2237087582057,2024-11-04 19:17:01.196425,0,
65,deposit,751.556972246081,4651.462342199958,2024-11-04 19:34:01.196425,0,
66,withdrawal,254.34016364557672,1725.4380880588828,2024-11-04 19:56:01.196425,0,
67,deposit,770.1879187572171,3985.887090067628,2024-11-04 20:13:01.196425,0,
68,withdrawal,388.8586038139209,1014.1779551183846,2024-11-04 20:26:01.196425,0,
68,phone_change,0.0,1014.1779551183846,2024-11-04 20:37:01.196425,0,
69,deposit,820.8908540035961,4880.8404023617395,2024-11-04 20:54:01.196425,0,
70,withdrawal,232.82271573943143,2059.507852081668,2024-11-04 21:00:01.196425,0,
71,withdrawal,248.12623956219113,995.496685782538,2024-11-04 21:20:01.196425,0,
71,email_change,0.0,995.496685782538,2024-11-04 21:34:01.196425,0,
72,deposit,936.53956250095,4575.550133506255,2024-11-04 21:46:01.196425,0,
73,deposit,454.0009574046019,5360.9641875507095,2024-11-04 22:02:01.196425,0,
74,deposit,420.44391916716285,5274.25840660446,2024-11-04 22:14:01.196425,0,
75,deposit,650.7125844895377,2699.6177363991233,2024-11-04 22:20:01.196425,0,
76,withdrawal,353.92419806189264,795.5469507047465,2024-11-04 22:40:01.196425,0,
77,withdrawal,327.8771569605738,2766.7289025284485,2024-11-04 22:47:01.196425,0,
78,deposit,538.1439134005223,4393.0255607199315,2024-11-04 23:15:01.196425,0,
79,withdrawal,325.42448947036814,3925.47744061694,2024-11-04 23:23:01.196425,0,
80,deposit,658.9542481307647,2525.985742059682,2024-11-04 23:49:01.196425,0,
81,deposit,957.9474181900871,3344.8164017240706,2024-11-05 00:07:01.196425,0,
82,deposit,520.9421432142243,2508.9282410098194,2024-11-05 00:18:01.196425,0,
83,deposit,912.9976223373154,2146.8295214083523,2024-11-05 00:29:01.196425,0,
84,deposit,981.2037723734849,2976.185320341722,2024-11-05 00:39:01.196425,0,
84,phone_change,0.0,2976.185320341722,2024-11-05 00:40:01.196425,0,
85,deposit,659.7624391471824,2111.7624152298285,2024-11-05 01:05:01.196425,0,
86,deposit,439.07376002738727,3021.31891450758,2024-11-05 01:09:01.196425,0,
87,deposit,872.6793238002135,2340.2217770572934,2024-11-05 01:34:01.196425,0,
87,phone_change,0.0,2340.2217770572934,2024-11-05 01:50:01.196425,0,
88,withdrawal,198.89992351443573,4406.679169811057,2024-11-05 02:20:01.196425,0,
89,withdrawal,92.52447142745338,3607.6619592009147,2024-11-05 02:34:01.196425,0,
90,deposit,312.4559406833252,1978.1043470639459,2024-11-05 02:57:01.196425,0,
90,phone_change,0.0,1978.1043470639459,2024-11-05 03:27:01.196425,0,
91,deposit,840.8907677040107,2716.343725616607,2024-11-05 03:28:01.196425,0,
92,withdrawal,293.1286649867482,1925.9127286296123,2024-11-05 03:42:01.196425,0,
93,withdrawal,379.51123781399974,1664.6403082755448,2024-11-05 03:43:01.196425,0,
93,password_change,0.0,1664.6403082755448,2024-11-05 04:09:01.196425,0,
94,deposit,897.2605138133147,2911.508409877215,2024-11-05 04:36:01.196425,0,
94,password_change,0.0,2911.508409877215,2024-11-05 05:06:01.196425,0,
95,withdrawal,193.83286325680575,2812.4188190220334,2024-11-05 05:24:01.196425,0,
95,phone_change,0.0,2812.4188190220334,2024-11-05 05:36:01.196425,0,
96,deposit,368.0812138664256,3315.3520080673247,2024-11-05 05:58:01.196425,0,
96,phone_change,0.0,3315.3520080673247,2024-11-05 06:01:01.196425,0,
97,deposit,257.1580211471953,3696.0266043679294,2024-11-05 06:03:01.196425,0,
98,withdrawal,226.12110683589492,990.5839899135607,2024-11-05 06:19:01.196425,0,
99,deposit,762.4749256046034,5597.957192761442,2024-11-05 06:30:01.196425,0,
100,deposit,379.8999112074876,2428.1533629829923,2024-11-05 06:47:01.196425,0,
101,withdrawal,147.31724637349026,1531.2303689564123,2024-11-05 07:01:01.196425,0,
102,deposit,762.3453328732365,4117.825876949646,2024-11-05 07:04:01.196425,0,
103,deposit,293.19507368198,4463.6460969682485,2024-11-05 07:23:01.196425,0,
104,deposit,312.0088385494679,3454.8387178105995,2024-11-05 07:33:01.196425,0,
105,deposit,373.1398077436291,2277.695501084754,2024-11-05 07:51:01.196425,0,
105,phone_change,0.0,2277.695501084754,2024-11-05 08:11:01.196425,0,
106,withdrawal,98.87681854339881,4758.744758835274,2024-11-05 08:38:01.196425,0,
107,withdrawal,470.79375951126804,2787.25077575037,2024-11-05 08:43:01.196425,0,
108,deposit,336.50105251588116,3637.7698836093005,2024-11-05 09:03:01.196425,0,
109,deposit,745.6485641945418,3162.3977127320236,2024-11-05 09:11:01.196425,0,
109,phone_change,0.0,3162.3977127320236,2024-11-05 09:33:01.196425,0,
110,deposit,144.13259564023858,1467.6672612475597,2024-11-05 09:48:01.196425,0,
110,email_change,0.0,1467.6672612475597,2024-11-05 09:57:01.196425,0,
111,deposit,800.3464600194468,1931.7975069222236,2024-11-05 10:00:01.196425,0,
111,phone_change,0.0,1931.7975069222236,2024-11-05 10:29:01.196425,0,
112,withdrawal,95.33766428163669,1382.5530985408013,2024-11-05 10:30:01.196425,0,
113,withdrawal,457.67243981256803,1601.2502479000082,2024-11-05 10:35:01.196425,0,
114,withdrawal,127.04345486059951,3082.6719446925886,2024-11-05 10:53:01.196425,0,
114,phone_change,0.0,3082.6719446925886,2024-11-05 11:18:01.196425,0,
115,deposit,649.2333608933511,4588.398301300964,2024-11-05 11:38:01.196425,0,
115,email_change,0.0,4588.398301300964,2024-11-05 12:08:01.196425,0,
116,withdrawal,62.848103961988606,4743.943508753652,2024-11-05 12:37:01.196425,0,
117,deposit,616.4704361238574,5608.404311920197,2024-11-05 12:44:01.196425,0,
118,withdrawal,469.9236254120989,3873.688331811957,2024-11-05 13:08:01.196425,0,
119,withdrawal,497.19461544462683,2009.472545592992,2024-11-05 13:18:01.196425,0,
120,deposit,483.6750375837129,1603.9676905736724,2024-11-05 13:48:01.196425,0,
121,withdrawal,342.1613875165973,3910.049577155261,2024-11-05 13:53:01.196425,0,
122,withdrawal,208.96237403640177,3296.8217786063074,2024-11-05 13:54:01.196425,0,
122,phone_change,0.0,3296.8217786063074,2024-11-05 13:57:01.196425,0,
123,deposit,217.1540176689769,3409.212871278499,2024-11-05 14:27:01.196425,0,
124,deposit,530.5801392224415,2289.01206362325,2024-11-05 14:44:01.196425,0,
125,withdrawal,175.056111530525,4454.564477760917,2024-11-05 14:59:01.196425,0,
126,withdrawal,148.0171301642333,2378.5679990667786,2024-11-05 15:04:01.196425,0,
127,deposit,123.58115723109225,1471.2755756649738,2024-11-05 15:29:01.196425,0,
128,withdrawal,131.1726739230784,1832.359187484392,2024-11-05 15:39:01.196425,0,
129,withdrawal,335.82252319241115,2354.576554547503,2024-11-05 15:48:01.196425,0,
130,deposit,687.7070386366119,2816.7574574867654,2024-11-05 15:55:01.196425,0,
131,deposit,107.43031928225105,1670.558277119419,2024-11-05 16:14:01.196425,0,
132,deposit,641.2355286652306,3026.8671995930495,2024-11-05 16:22:01.196425,0,
133,deposit,802.0178000878625,4233.296276758686,2024-11-05 16:49:01.196425,0,
134,withdrawal,163.2923932967232,2326.4461935092395,2024-11-05 17:15:01.196425,0,
135,withdrawal,122.81154809203014,3772.1510918402664,2024-11-05 17:33:01.196425,0,
136,withdrawal,317.9189881110968,1761.5901030950934,2024-11-05 17:51:01.196425,0,
136,email_change,0.0,1761.5901030950934,2024-11-05 18:04:01.196425,0,
137,withdrawal,98.00808702519926,1766.1159427010691,2024-11-05 18:25:01.196425,0,
138,deposit,790.8892562480854,2533.2341272075555,2024-11-05 18:45:01.196425,0,
139,deposit,534.63709884353,3591.5234036794627,2024-11-05 18:46:01.196425,0,
140,withdrawal,213.85062042310292,1971.6469393465118,2024-11-05 19:12:01.196425,0,
141,deposit,577.9192589485377,5219.660625134273,2024-11-05 19:36:01.196425,0,
142,withdrawal,209.51317792734284,883.5123977924693,2024-11-05 19:53:01.196425,0,
143,deposit,844.110592032734,5782.301257323981,2024-11-05 20:01:01.196425,0,
144,deposit,291.92770239243924,4685.4060213573075,2024-11-05 20:22:01.196425,0,
145,deposit,323.20162773244596,2188.1925039627527,2024-11-05 20:50:01.196425,0,
146,deposit,952.7863592878302,3934.937137923379,2024-11-05 21:09:01.196425,0,
147,deposit,802.0393134572596,5656.239421381922,2024-11-05 21:18:01.196425,0,
148,deposit,132.48338845428242,2880.3746217228763,2024-11-05 21:38:01.196425,0,
149,deposit,735.8298060963144,2404.330566414354,2024-11-05 21:49:01.196425,0,
149,phone_change,0.0,2404.330566414354,2024-11-05 22:07:01.196425,0,
150,withdrawal,178.44670537598222,3054.901624850197,2024-11-05 22:12:01.196425,0,
150,phone_change,0.0,3054.901624850197,2024-11-05 22:38:01.196425,0,
151,withdrawal,238.65746953022307,1100.052127718823,2024-11-05 22:53:01.196425,0,
152,deposit,482.6418802145257,4369.45600925475,2024-11-05 23:07:01.196425,0,
153,deposit,646.6206947659982,5434.929515316477,2024-11-05 23:25:01.196425,0,
154,deposit,590.3128690056604,2486.5427167480793,2024-11-05 23:46:01.196425,0,
155,deposit,800.159103324758,4769.693861924703,2024-11-05 23:57:01.196425,0,
155,email_change,0.0,4769.693861924703,2024-11-06 00:07:01.196425,0,
156,deposit,803.0782460370681,2794.41886427805,2024-11-06 00:29:01.196425,0,
156,email_change,0.0,2794.41886427805,2024-11-06 00:54:01.196425,0,
157,deposit,932.858873940799,3738.9661527740836,2024-11-06 01:03:01.196425,0,
158,deposit,575.9476382704789,3438.7519772984656,2024-11-06 01:26:01.196425,0,
158,phone_change,0.0,3438.7519772984656,2024-11-06 01:36:01.196425,0,
159,deposit,897.5224822116089,2914.2991004254604,2024-11-06 01:55:01.196425,0,
160,deposit,946.4582351035551,3321.990296570779,2024-11-06 02:04:01.196425,0,
161,deposit,683.4836222591961,1790.7226920329267,2024-11-06 02:26:01.196425,0,
162,deposit,666.9973561461243,4313.653496983303,2024-11-06 02:32:01.196425,0,
163,deposit,670.67800075779,5022.791296147045,2024-11-06 02:44:01.196425,0,
164,deposit,675.4281802546193,3237.437817886329,2024-11-06 02:53:01.196425,0,
165,deposit,472.72214777830703,5026.545376462891,2024-11-06 03:12:01.196425,0,
165,phone_change,0.0,5026.545376462891,2024-11-06 03:27:01.196425,0,
166,withdrawal,459.7038831114709,2124.820610467596,2024-11-06 03:54:01.196425,0,
167,deposit,869.8480002593786,2837.0575982613586,2024-11-06 04:00:01.196425,0,
168,withdrawal,281.42535702046786,1913.6096176199849,2024-11-06 04:18:01.196425,0,
169,deposit,734.6024500850504,4634.872851841419,2024-11-06 04:24:01.196425,0,
170,deposit,170.44657609590055,3922.7731307158297,2024-11-06 04:27:01.196425,0,
171,deposit,284.9394734483744,3485.8671458315994,2024-11-06 04:30:01.196425,0,
172,deposit,585.9861695806325,1661.6626711924914,2024-11-06 04:42:01.196425,0,
173,deposit,868.5597189650404,4056.0421233381335,2024-11-06 05:05:01.196425,0,
173,phone_change,0.0,4056.0421233381335,2024-11-06 05:15:01.196425,0,
174,withdrawal,423.92739316203034,1453.160113487547,2024-11-06 05:31:01.196425,0,
175,deposit,241.40186021794796,2633.069841675046,2024-11-06 05:39:01.196425,0,
176,withdrawal,449.7182214656944,2862.2056092645566,2024-11-06 06:02:01.196425,0,
177,withdrawal,147.97709462700402,4043.809991360215,2024-11-06 06:09:01.196425,0,
177,email_change,0.0,4043.809991360215,2024-11-06 06:15:01.196425,0,
178,withdrawal,470.2217000650329,1686.3524624903098,2024-11-06 06:28:01.196425,0,
178,email_change,0.0,1686.3524624903098,2024-11-06 06:44:01.196425,0,
179,deposit,167.17887254054827,2351.1426964068137,2024-11-06 06:49:01.196425,0,
180,withdrawal,336.488270062913,1612.8861840880961,2024-11-06 06:51:01.196425,0,
181,withdrawal,284.79687462395486,2817.0811395304486,2024-11-06 06:56:01.196425,0,
181,phone_change,0.0,2817.0811395304486,2024-11-06 07:07:01.196425,0,
182,deposit,163.04734068826386,5145.171589766527,2024-11-06 07:33:01.196425,0,
183,withdrawal,115.1915843732637,3275.589190691267,2024-11-06 08:00:01.196425,0,
184,deposit,744.2746870620952,4948.687181921373,2024-11-06 08:24:01.196425,0,
185,deposit,823.5932744186119,3352.60388768564,2024-11-06 08:33:01.196425,0,
186,withdrawal,50.94186318546802,1400.4579835588834,2024-11-06 08:38:01.196425,0,
187,withdrawal,336.3094910144001,667.9252745796248,2024-11-06 08:42:01.196425,0,
188,withdrawal,345.7059503009531,3955.0944538748536,2024-11-06 08:56:01.196425,0,
188,phone_change,0.0,3955.0944538748536,2024-11-06 09:08:01.196425,0,
189,deposit,337.8751630472593,2830.981503544527,2024-11-06 09:36:01.196425,0,
190,withdrawal,71.01074326528841,3911.3750109688326,2024-11-06 09:50:01.196425,0,
191,withdrawal,206.0312670732119,3768.0567586234383,2024-11-06 10:00:01.196425,0,
192,deposit,716.2399458586907,3077.8219160371523,2024-11-06 10:08:01.196425,0,
193,withdrawal,87.33319363691938,3322.832582041072,2024-11-06 10:16:01.196425,0,
194,deposit,203.85328266792698,3988.056749766867,2024-11-06 10:31:01.196425,0,
195,withdrawal,238.56029791827694,4327.406907223878,2024-11-06 10:46:01.196425,0,
196,deposit,127.19559240541773,3372.265991226449,2024-11-06 10:48:01.196425,0,
197,withdrawal,407.1640086341526,608.7170249354062,2024-11-06 10:57:01.196425,0,
197,email_change,0.0,608.7170249354062,2024-11-06 11:16:01.196425,0,
198,withdrawal,344.3106571546045,2189.648832273069,2024-11-06 11:33:01.196425,0,
199,deposit,715.7353334847139,5608.549685358908,2024-11-06 11:54:01.196425,0,
199,phone_change,0.0,5608.549685358908,2024-11-06 12:04:01.196425,0,
200,withdrawal,437.92712874354197,2309.505934626908,2024-11-06 12:10:01.196425,0,
201,deposit,221.85130037411548,2284.459465033894,2024-11-06 12:37:01.196425,0,
201,phone_change,0.0,2284.459465033894,2024-11-06 12:41:01.196425,0,
202,deposit,246.0966990774334,5037.605081305811,2024-11-06 13:09:01.196425,0,
203,deposit,962.0249105553048,3356.807644303139,2024-11-06 13:35:01.196425,0,
203,password_change,0.0,3356.807644303139,2024-11-06 13:52:01.196425,0,
204,deposit,419.0802787311912,3284.4394401752725,2024-11-06 14:15:01.196425,0,
205,withdrawal,324.3759317263533,1929.1173442397653,2024-11-06 14:24:01.196425,0,
205,phone_change,0.0,1929.1173442397653,2024-11-06 14:40:01.196425,0,
206,deposit,460.5196517956389,4850.919906763154,2024-11-06 14:41:01.196425,0,
207,withdrawal,341.73198066397657,1087.4216319579605,2024-11-06 14:56:01.196425,0,
208,deposit,215.99832065374898,4722.071318355414,2024-11-06 14:59:01.196425,0,
209,withdrawal,229.44115526217942,3619.632579716157,2024-11-06 15:29:01.196425,0,
210,deposit,227.06788334383978,2951.430788694537,2024-11-06 15:49:01.196425,0,
211,withdrawal,469.2214166514488,1904.302543457832,2024-11-06 16:13:01.196425,0,
212,deposit,997.8408302191896,4899.838743354046,2024-11-06 16:19:01.196425,0,
213,deposit,996.3877574650201,4290.877272439739,2024-11-06 16:49:01.196425,0,
214,withdrawal,256.09063971870825,4004.0061175297014,2024-11-06 16:51:01.196425,0,
214,password_change,0.0,4004.0061175297014,2024-11-06 17:13:01.196425,0,
215,deposit,521.1598942212005,5002.146782489201,2024-11-06 17:43:01.196425,0,
215,phone_change,0.0,5002.146782489201,2024-11-06 17:47:01.196425,0,
216,withdrawal,404.8483902467972,2731.415147726124,2024-11-06 18:10:01.196425,0,
217,withdrawal,77.8900962455273,1564.5913134113346,2024-11-06 18:16:01.196425,0,
218,deposit,271.4131086477115,3507.4543950999087,2024-11-06 18:17:01.196425,0,
219,withdrawal,91.98076134526737,3462.774896052515,2024-11-06 18:38:01.196425,0,
220,deposit,725.7447319293724,4594.831325810681,2024-11-06 18:53:01.196425,0,
221,withdrawal,352.19885264918264,912.4264600710591,2024-11-06 19:04:01.196425,0,
222,withdrawal,373.5235519392366,1055.8821025965256,2024-11-06 19:21:01.196425,0,
223,withdrawal,248.49483970425024,4207.57145430881,2024-11-06 19:33:01.196425,0,
224,deposit,979.5394652228321,4823.92221004099,2024-11-06 19:47:01.196425,0,
225,withdrawal,310.3041855191328,3861.8467488795027,2024-11-06 19:49:01.196425,0,
226,withdrawal,326.1212623542303,1618.5965183261158,2024-11-06 20:15:01.196425,0,
227,deposit,280.22397957937034,3569.8320556058857,2024-11-06 20:27:01.196425,0,
228,withdrawal,211.84301485282595,2606.484502392763,2024-11-06 20:35:01.196425,0,
229,deposit,858.2956895694116,4355.23432223704,2024-11-06 21:02:01.196425,0,
230,deposit,941.3913411194981,2470.4298710453286,2024-11-06 21:05:01.196425,0,
231,withdrawal,128.81022338126206,1276.8258967980305,2024-11-06 21:10:01.196425,0,
232,deposit,310.6477545523441,2453.4389481262915,2024-11-06 21:40:01.196425,0,
233,deposit,176.02078093301057,3792.8768543739793,2024-11-06 21:48:01.196425,0,
233,password_change,0.0,3792.8768543739793,2024-11-06 22:10:01.196425,0,
234,deposit,608.9369054100085,3078.1134592483104,2024-11-06 22:13:01.196425,0,
235,deposit,138.7475548913638,5127.901074299924,2024-11-06 22:18:01.196425,0,
236,deposit,562.947268871447,4161.5802926273345,2024-11-06 22:22:01.196425,0,
237,deposit,454.0701185224358,2811.4342723285813,2024-11-06 22:33:01.196425,0,
238,withdrawal,360.015874994643,4528.587061745801,2024-11-06 22:44:01.196425,0,
239,deposit,783.9651409969521,3883.0323384110047,2024-11-06 23:01:01.196425,0,
240,withdrawal,480.01597433927145,1611.384870338422,2024-11-06 23:05:01.196425,0,
240,password_change,0.0,1611.384870338422,2024-11-06 23:33:01.196425,0,
241,deposit,226.93528412767662,4458.015964799129,2024-11-07 00:02:01.196425,0,
242,deposit,889.9494602182331,2957.325811021815,2024-11-07 00:04:01.196425,0,
242,phone_change,0.0,2957.325811021815,2024-11-07 00:25:01.196425,0,
243,withdrawal,429.28520699878965,1134.9784165375352,2024-11-07 00:39:01.196425,0,
244,deposit,487.06829761627,2004.00819368138,2024-11-07 00:43:01.196425,0,
245,deposit,518.5179671201034,4522.595517323574,2024-11-07 01:02:01.196425,0,
246,deposit,485.488833477291,5389.883716179684,2024-11-07 01:31:01.196425,0,
246,phone_change,0.0,5389.883716179684,2024-11-07 01:41:01.196425,0,
247,deposit,511.1246494916078,4033.140624132199,2024-11-07 02:06:01.196425,0,
248,withdrawal,464.59276869387435,2242.879879072377,2024-11-07 02:22:01.196425,0,
249,withdrawal,327.11389846596853,1581.5982080211004,2024-11-07 02:41:01.196425,0,
250,deposit,835.7385407504177,4925.875388807033,2024-11-07 03:02:01.196425,0,
251,deposit,746.7457893178018,3037.4811987983794,2024-11-07 03:11:01.196425,0,
252,withdrawal,94.61323390882526,1169.2723238316134,2024-11-07 03:33:01.196425,0,
253,withdrawal,362.9984182639583,3316.7957646823083,2024-11-07 03:35:01.196425,0,
254,deposit,323.5900904810411,2515.091822193226,2024-11-07 03:47:01.196425,0,
255,deposit,311.72593654393756,4793.736617978413,2024-11-07 04:17:01.196425,0,
256,deposit,643.3320834174974,2788.5430087123423,2024-11-07 04:19:01.196425,0,
257,deposit,343.82632176026027,3013.8645903625775,2024-11-07 04:47:01.196425,0,
258,deposit,858.7251923330458,5040.823837611684,2024-11-07 05:08:01.196425,0,
259,withdrawal,123.94180159379773,4052.312163805092,2024-11-07 05:34:01.196425,0,
260,deposit,997.7578559394627,4064.894962678648,2024-11-07 05:43:01.196425,0,
261,withdrawal,176.50276268069055,2605.3684884689033,2024-11-07 06:08:01.196425,0,
262,deposit,445.4855376673205,4911.452944474245,2024-11-07 06:25:01.196425,0,
263,deposit,603.1772352760155,4405.642747674665,2024-11-07 06:50:01.196425,0,
264,deposit,545.2260825093404,3851.475263759682,2024-11-07 06:58:01.196425,0,
265,withdrawal,358.2001887437457,2116.3512351132995,2024-11-07 07:21:01.196425,0,
266,withdrawal,297.19713620334124,4309.838827810031,2024-11-07 07:51:01.196425,0,
267,withdrawal,443.83709914168884,3044.4145224928598,2024-11-07 08:15:01.196425,0,
267,phone_change,0.0,3044.4145224928598,2024-11-07 08:38:01.196425,0,
268,withdrawal,431.33531608477847,1024.6485896451065,2024-11-07 08:53:01.196425,0,
269,withdrawal,148.34062717358677,2211.7166673742927,2024-11-07 08:59:01.196425,0,
270,deposit,121.29445046644736,3566.1840094732925,2024-11-07 09:15:01.196425,0,
271,deposit,352.88815617469413,2748.958814365652,2024-11-07 09:19:01.196425,0,
272,withdrawal,326.7735657226124,4508.19208982956,2024-11-07 09:41:01.196425,0,
273,deposit,896.6966476266326,2134.3130422061836,2024-11-07 10:01:01.196425,0,
274,withdrawal,422.6084554354073,2668.907663973986,2024-11-07 10:02:01.196425,0,
275,withdrawal,222.87557682127695,1115.6112552084016,2024-11-07 10:04:01.196425,0,
276,deposit,580.8368703987924,2948.112257224804,2024-11-07 10:06:01.196425,0,
277,deposit,811.154958443404,5675.493909354715,2024-11-07 10:33:01.196425,0,
277,password_change,0.0,5675.493909354715,2024-11-07 10:37:01.196425,0,
278,deposit,606.3042497816776,2107.8729276777276,2024-11-07 11:07:01.196425,0,
279,withdrawal,362.81618757631827,1540.0087162203067,2024-11-07 11:28:01.196425,0,
279,password_change,0.0,1540.0087162203067,2024-11-07 11:46:01.196425,0,
280,withdrawal,448.5782849404374,2267.014389969568,2024-11-07 12:14:01.196425,0,
281,withdrawal,163.80007174900197,1370.2188859554205,2024-11-07 12:26:01.196425,0,
282,deposit,820.7666264102354,4482.80507148634,2024-11-07 12:53:01.196425,0,
283,deposit,534.2334206449274,3611.3184546717735,2024-11-07 13:19:01.196425,0,
284,withdrawal,395.3792421551862,3637.6403471656636,2024-11-07 13:39:01.196425,0,
285,withdrawal,394.4483449303401,3063.3002523697364,2024-11-07 14:01:01.196425,0,
286,withdrawal,85.80263409723975,2956.6668053236203,2024-11-07 14:03:01.196425,0,
286,password_change,0.0,2956.6668053236203,2024-11-07 14:29:01.196425,0,
287,withdrawal,248.5860650729629,3825.874196704161,2024-11-07 14:50:01.196425,0,
288,withdrawal,287.3425828833213,2214.7874924222115,2024-11-07 15:04:01.196425,0,
289,deposit,238.8553837668394,4358.060968482255,2024-11-07 15:32:01.196425,0,
289,phone_change,0.0,4358.060968482255,2024-11-07 15:34:01.196425,0,
290,deposit,915.7140509561708,5172.452868357886,2024-11-07 15:56:01.196425,0,
290,email_change,0.0,5172.452868357886,2024-11-07 16:01:01.196425,0,
291,deposit,561.7660530184129,4392.536701908451,2024-11-07 16:03:01.196425,0,
292,deposit,735.8630262390241,4222.1892615505785,2024-11-07 16:17:01.196425,0,
293,withdrawal,447.1333296640834,1727.0476023087147,2024-11-07 16:24:01.196425,0,
294,withdrawal,448.6492242716457,585.3540130531752,2024-11-07 16:44:01.196425,0,
294,email_change,0.0,585.3540130531752,2024-11-07 16:56:01.196425,0,
295,deposit,938.5966517043499,3448.1783425507865,2024-11-07 17:00:01.196425,0,
295,password_change,0.0,3448.1783425507865,2024-11-07 17:15:01.196425,0,
296,deposit,633.9860116801211,3635.8241341606263,2024-11-07 17:30:01.196425,0,
297,withdrawal,94.80090409058842,1693.2004794141333,2024-11-07 17:59:01.196425,0,
298,deposit,149.29340033762753,4953.110795671316,2024-11-07 18:03:01.196425,0,
299,deposit,260.2773971518822,4440.8176480677175,2024-11-07 18:11:01.196425,0,
300,deposit,512.2520193897506,2945.3123698587733,2024-11-07 18:16:01.196425,0,
300,phone_change,0.0,2945.3123698587733,2024-11-07 18:17:01.196425,0,
301,withdrawal,199.4414470466566,1952.4135094548571,2024-11-07 18:26:01.196425,0,
302,withdrawal,96.01547014130753,2775.5872594603957,2024-11-07 18:34:01.196425,0,
303,withdrawal,462.3696148788684,2337.628959418702,2024-11-07 18:54:01.196425,0,
303,phone_change,0.0,2337.628959418702,2024-11-07 19:24:01.196425,0,
304,deposit,210.14722905733026,3954.095930684383,2024-11-07 19:25:01.196425,0,
305,withdrawal,247.28054063468142,3813.848498540538,2024-11-07 19:37:01.196425,0,
306,withdrawal,115.81257308980635,2437.8054483492215,2024-11-07 19:38:01.196425,0,
307,withdrawal,393.02140823882604,2645.9314506778255,2024-11-07 20:03:01.196425,0,
308,withdrawal,226.36359645905537,1488.7532067629795,2024-11-07 20:14:01.196425,0,
308,phone_change,0.0,1488.7532067629795,2024-11-07 20:23:01.196425,0,
309,deposit,801.910525213066,2877.8004840006033,2024-11-07 20:50:01.196425,0,
310,deposit,971.7220346683097,2221.1432220437046,2024-11-07 21:01:01.196425,0,
310,password_change,0.0,2221.1432220437046,2024-11-07 21:15:01.196425,0,
311,withdrawal,480.19307895574195,2157.8231869261567,2024-11-07 21:16:01.196425,0,
312,deposit,338.99440632645224,5113.850384843838,2024-11-07 21:30:01.196425,0,
313,withdrawal,79.3351516835599,4716.2809642568955,2024-11-07 21:31:01.196425,0,
314,deposit,905.5657306036602,5401.478110590146,2024-11-07 21:32:01.196425,0,
315,withdrawal,293.06317290319095,1604.406789395552,2024-11-07 21:50:01.196425,0,
316,deposit,854.0153890171899,5751.48608170306,2024-11-07 22:15:01.196425,0,
317,deposit,932.339060511482,5305.409815403878,2024-11-07 22:20:01.196425,0,
318,deposit,272.5884741818765,2885.3721001439835,2024-11-07 22:48:01.196425,0,
319,deposit,123.07257654247563,3928.4021340021714,2024-11-07 22:51:01.196425,0,
320,deposit,178.3113178191701,1724.1692930365866,2024-11-07 23:01:01.196425,0,
321,withdrawal,196.240253022377,1712.0600142189357,2024-11-07 23:04:01.196425,0,
322,deposit,577.4879329317309,2976.607518291545,2024-11-07 23:31:01.196425,0,
323,deposit,535.3981509765074,4266.911706090528,2024-11-07 23:33:01.196425,0,
324,withdrawal,146.79140200757888,3864.258719302381,2024-11-07 23:54:01.196425,0,
324,email_change,0.0,3864.258719302381,2024-11-08 00:14:01.196425,0,
325,deposit,661.4613650049835,3279.6149842255054,2024-11-08 00:16:01.196425,0,
326,deposit,222.1736765774242,1917.5426182342046,2024-11-08 00:23:01.196425,0,
326,email_change,0.0,1917.5426182342046,2024-11-08 00:48:01.196425,0,
327,deposit,245.95746311454798,2158.922079370202,2024-11-08 00:52:01.196425,0,
328,withdrawal,398.56742110124395,1392.3210949233744,2024-11-08 01:16:01.196425,0,
329,deposit,777.9992148389099,4108.638692759402,2024-11-08 01:31:01.196425,0,
330,withdrawal,395.6136266731521,3139.3916764230207,2024-11-08 01:52:01.196425,0,
331,deposit,607.5566663517295,4505.0185623015805,2024-11-08 02:17:01.196425,0,
332,deposit,700.4209355844075,2959.731527999036,2024-11-08 02:41:01.196425,0,
333,deposit,236.05038199773776,2045.4728234304225,2024-11-08 03:03:01.196425,0,
333,password_change,0.0,2045.4728234304225,2024-11-08 03:31:01.196425,0,
334,deposit,469.61014345398195,2974.5794095335564,2024-11-08 04:00:01.196425,0,
335,deposit,919.7781474155386,5511.566936511086,2024-11-08 04:18:01.196425,0,
336,deposit,480.2912497268641,3400.2445300149598,2024-11-08 04:35:01.196425,0,
337,deposit,138.68234410417017,2803.8377168575885,2024-11-08 04:38:01.196425,0,
338,deposit,976.7797685203501,5461.4558072310865,2024-11-08 05:02:01.196425,0,
339,deposit,698.2059688956788,4573.131212279692,2024-11-08 05:28:01.196425,0,
340,withdrawal,363.98032814304685,2039.7511276000237,2024-11-08 05:57:01.196425,0,
341,deposit,782.3684320696559,3714.1945338480373,2024-11-08 06:16:01.196425,0,
342,deposit,811.090093604125,3314.8920247762308,2024-11-08 06:23:01.196425,0,
343,deposit,140.5527352879352,4863.376705731075,2024-11-08 06:33:01.196425,0,
344,deposit,295.51262480959804,3802.935562801436,2024-11-08 07:02:01.196425,0,
345,withdrawal,227.30282430937294,3518.2148915565713,2024-11-08 07:10:01.196425,0,
346,withdrawal,54.29806294889268,4333.895360314819,2024-11-08 07:22:01.196425,0,
347,withdrawal,473.2154266441001,2350.9243290667064,2024-11-08 07:35:01.196425,0,
348,withdrawal,290.7601919005028,2329.9165468474816,2024-11-08 07:57:01.196425,0,
349,deposit,904.3927644544635,2226.0829681049454,2024-11-08 08:17:01.196425,0,
349,password_change,0.0,2226.0829681049454,2024-11-08 08:20:01.196425,0,
350,deposit,467.4121733209718,3295.1902186793363,2024-11-08 08:34:01.196425,0,
351,withdrawal,80.71944271159998,1582.0117965668574,2024-11-08 08:43:01.196425,0,
351,phone_change,0.0,1582.0117965668574,2024-11-08 08:50:01.196425,0,
352,deposit,211.62026470947347,2158.626763735068,2024-11-08 09:10:01.196425,0,
353,deposit,994.9094837551211,2491.1465825008822,2024-11-08 09:39:01.196425,0,
353,email_change,0.0,2491.1465825008822,2024-11-08 09:42:01.196425,0,
354,deposit,554.484680824153,3965.61276574002,2024-11-08 09:58:01.196425,0,
355,withdrawal,203.04592206638148,1568.4293839036563,2024-11-08 10:23:01.196425,0,
356,deposit,942.6087424006417,1968.8344658608248,2024-11-08 10:34:01.196425,0,
357,withdrawal,209.39499558798266,3753.709737311517,2024-11-08 11:00:01.196425,0,
358,withdrawal,418.5815247559637,3992.8666242083386,2024-11-08 11:19:01.196425,0,
359,deposit,754.871497255781,4868.854674036631,2024-11-08 11:30:01.196425,0,
360,deposit,234.12309258401433,3551.848936479937,2024-11-08 11:49:01.196425,0,
360,password_change,0.0,3551.848936479937,2024-11-08 12:01:01.196425,0,
361,deposit,266.62201015479906,3540.7294037692045,2024-11-08 12:12:01.196425,0,
362,deposit,815.7121918471271,2581.840874047711,2024-11-08 12:22:01.196425,0,
363,withdrawal,351.9700906048583,2526.2854333666082,2024-11-08 12:40:01.196425,0,
364,deposit,442.318567450947,2030.6078276198702,2024-11-08 12:55:01.196425,0,
364,phone_change,0.0,2030.6078276198702,2024-11-08 13:08:01.196425,0,
365,withdrawal,79.98074108422935,2800.9063655324844,2024-11-08 13:17:01.196425,0,
366,deposit,948.1848016557375,5193.856528638206,2024-11-08 13:20:01.196425,0,
367,deposit,253.46949878452318,1784.3668478774075,2024-11-08 13:33:01.196425,0,
368,deposit,956.6693711326316,2988.682835245436,2024-11-08 13:59:01.196425,0,
369,withdrawal,492.9422165811399,737.6547311455822,2024-11-08 14:06:01.196425,0,
370,deposit,559.6547140190886,5327.894418523205,2024-11-08 14:10:01.196425,0,
371,withdrawal,250.76937068826567,1971.811480773125,2024-11-08 14:25:01.196425,0,
372,withdrawal,380.033051740327,3636.8880883137344,2024-11-08 14:42:01.196425,0,
372,email_change,0.0,3636.8880883137344,2024-11-08 15:01:01.196425,0,
373,withdrawal,137.52925109836437,1824.044795950647,2024-11-08 15:02:01.196425,0,
374,deposit,484.26230508345367,4445.180663229486,2024-11-08 15:19:01.196425,0,
375,deposit,214.57851391551586,4556.968116424843,2024-11-08 15:47:01.196425,0,
376,deposit,970.2010369554174,3572.651453197525,2024-11-08 16:03:01.196425,0,
377,withdrawal,463.56630300115864,3624.145352960556,2024-11-08 16:12:01.196425,0,
378,withdrawal,288.3643739305008,3182.5494331184764,2024-11-08 16:26:01.196425,0,
379,withdrawal,104.20500193358293,3045.5383950920336,2024-11-08 16:35:01.196425,0,
380,withdrawal,301.4050615448577,3646.8833462438147,2024-11-08 16:39:01.196425,0,
381,deposit,867.4159467579617,3574.9660637065385,2024-11-08 16:47:01.196425,0,
382,withdrawal,442.8740290137635,4282.5527787683595,2024-11-08 17:15:01.196425,0,
383,deposit,526.1108398073203,2375.6680838311163,2024-11-08 17:22:01.196425,0,
383,phone_change,0.0,2375.6680838311163,2024-11-08 17:50:01.196425,0,
384,deposit,409.51284350563276,1601.9481892633794,2024-11-08 18:06:01.196425,0,
385,withdrawal,396.00870923243036,3406.352895497726,2024-11-08 18:34:01.196425,0,
386,withdrawal,262.5692630615066,2000.220999708959,2024-11-08 18:57:01.196425,0,
387,deposit,597.4678487002119,2785.7641226305054,2024-11-08 18:58:01.196425,0,
388,deposit,846.4143377019682,5246.242540653323,2024-11-08 19:09:01.196425,0,
389,deposit,651.8413253367471,5269.723073389629,2024-11-08 19:36:01.196425,0,
389,password_change,0.0,5269.723073389629,2024-11-08 19:59:01.196425,0,
390,deposit,853.5026128650156,2214.8593368618695,2024-11-08 20:06:01.196425,0,
391,withdrawal,282.53842690895374,4579.194994948434,2024-11-08 20:11:01.196425,0,
391,email_change,0.0,4579.194994948434,2024-11-08 20:22:01.196425,0,
392,withdrawal,431.8301417542868,1247.5905200840705,2024-11-08 20:30:01.196425,0,
393,withdrawal,195.78762576926064,2755.1912948755717,2024-11-08 20:45:01.196425,0,
394,deposit,819.878743209951,2150.699996651353,2024-11-08 21:13:01.196425,0,
395,deposit,345.1623199859068,2855.772394142204,2024-11-08 21:25:01.196425,0,
395,email_change,0.0,2855.772394142204,2024-11-08 21:45:01.196425,0,
396,deposit,580.8362363372945,3330.553980828495,2024-11-08 22:06:01.196425,0,
397,deposit,832.5370566243575,2596.477705919181,2024-11-08 22:29:01.196425,0,
398,withdrawal,55.671176857791096,2115.6646619509743,2024-11-08 22:30:01.196425,0,
399,withdrawal,230.31161721928814,1584.0049339501002,2024-11-08 22:31:01.196425,0,
400,withdrawal,50.67290910059011,998.4665486467137,2024-11-08 22:55:01.196425,0,
401,withdrawal,385.0118793177116,4499.85245083787,2024-11-08 23:04:01.196425,0,
401,phone_change,0.0,4499.85245083787,2024-11-08 23:06:01.196425,0,
402,deposit,204.42226245934918,4373.097625298965,2024-11-08 23:22:01.196425,0,
403,deposit,440.93175198690795,2816.937704929841,2024-11-08 23:24:01.196425,0,
404,withdrawal,388.50429589582825,3793.376352021185,2024-11-08 23:49:01.196425,0,
405,withdrawal,322.2194979848211,910.7516503357388,2024-11-09 00:18:01.196425,0,
406,withdrawal,200.8469244784738,4684.147757363986,2024-11-09 00:33:01.196425,0,
407,deposit,265.1744435415748,3608.7869155489225,2024-11-09 00:38:01.196425,0,
408,deposit,417.00066538545684,2465.607692148109,2024-11-09 00:44:01.196425,0,
409,withdrawal,124.04608814599398,1165.829276789553,2024-11-09 01:11:01.196425,0,
410,deposit,589.2548771123304,4019.2666657307227,2024-11-09 01:28:01.196425,0,
411,deposit,681.0850821650619,3553.310284999946,2024-11-09 01:39:01.196425,0,
412,deposit,288.1225707307374,3183.289507080064,2024-11-09 01:50:01.196425,0,
413,withdrawal,292.0446970450574,1546.1084012435347,2024-11-09 02:02:01.196425,0,
414,withdrawal,418.0904691759298,2570.747496561303,2024-11-09 02:29:01.196425,0,
415,deposit,564.4751476629885,2570.5167354759815,2024-11-09 02:46:01.196425,0,
416,withdrawal,361.64970058697867,2086.8775301176156,2024-11-09 02:49:01.196425,0,
416,email_change,0.0,2086.8775301176156,2024-11-09 03:17:01.196425,0,
417,deposit,977.288811966375,2677.9501924749898,2024-11-09 03:29:01.196425,0,
418,withdrawal,341.9048884321437,2831.593375384639,2024-11-09 03:44:01.196425,0,
419,withdrawal,400.1245778114491,4335.057444846748,2024-11-09 03:45:01.196425,0,
420,deposit,831.0028935824848,5553.0361876907455,2024-11-09 03:57:01.196425,0,
421,deposit,126.10978285629596,4005.9180291429384,2024-11-09 04:03:01.196425,0,
422,deposit,900.6579560372775,2571.1499176499665,2024-11-09 04:18:01.196425,0,
422,email_change,0.0,2571.1499176499665,2024-11-09 04:46:01.196425,0,
423,withdrawal,473.8155184626458,4449.053760864342,2024-11-09 05:13:01.196425,0,
424,withdrawal,484.7260944663529,1832.8301205702494,2024-11-09 05:21:01.196425,0,
425,withdrawal,105.5611387827787,2066.4910702891575,2024-11-09 05:32:01.196425,0,
426,withdrawal,262.8597226160001,2429.728963791292,2024-11-09 05:45:01.196425,0,
426,password_change,0.0,2429.728963791292,2024-11-09 06:12:01.196425,0,
427,deposit,174.4103575755886,4144.860818934026,2024-11-09 06:42:01.196425,0,
428,deposit,968.1082306646118,5479.058715882748,2024-11-09 06:56:01.196425,0,
429,withdrawal,119.26412971058255,2958.6428126842643,2024-11-09 07:15:01.196425,0,
430,withdrawal,381.61977812936095,968.9983229172188,2024-11-09 07:28:01.196425,0,
430,password_change,0.0,968.9983229172188,2024-11-09 07:44:01.196425,0,
431,withdrawal,412.51980811103897,1729.716654601641,2024-11-09 08:06:01.196425,0,
432,deposit,621.37497906972,4267.591101827014,2024-11-09 08:22:01.196425,0,
433,deposit,932.0426024382455,3084.2069956583496,2024-11-09 08:29:01.196425,0,
434,deposit,175.89060844765012,3010.1738835962688,2024-11-09 08:52:01.196425,0,
434,phone_change,0.0,3010.1738835962688,2024-11-09 08:56:01.196425,0,
435,deposit,815.5908687565382,4848.6977481296135,2024-11-09 09:06:01.196425,0,
436,deposit,643.3293806258132,4597.452779566159,2024-11-09 09:22:01.196425,0,
437,withdrawal,390.0558172513809,3421.354296316948,2024-11-09 09:34:01.196425,0,
438,deposit,470.4436772515149,4979.082274954853,2024-11-09 09:47:01.196425,0,
439,deposit,640.3558379011349,3083.2213856882554,2024-11-09 10:09:01.196425,0,
440,deposit,387.01913048636715,4637.787166230177,2024-11-09 10:29:01.196425,0,
441,withdrawal,228.29390322150542,2725.48730617029,2024-11-09 10:59:01.196425,0,
442,withdrawal,171.97663142975782,3257.4027410020735,2024-11-09 11:13:01.196425,0,
443,withdrawal,368.1009121919687,708.0426636554007,2024-11-09 11:17:01.196425,0,
444,withdrawal,55.163958581891315,3106.116614220594,2024-11-09 11:41:01.196425,0,
445,deposit,276.4727356921939,2978.9425060599287,2024-11-09 11:47:01.196425,0,
446,deposit,263.7320014085143,2176.6692602892876,2024-11-09 11:53:01.196425,0,
447,deposit,501.381970759396,1514.973753080807,2024-11-09 12:23:01.196425,0,
447,password_change,0.0,1514.973753080807,2024-11-09 12:50:01.196425,0,
448,deposit,513.789881266172,1951.3010382020445,2024-11-09 13:15:01.196425,0,
448,email_change,0.0,1951.3010382020445,2024-11-09 13:26:01.196425,0,
449,withdrawal,263.78451823240084,1094.6519717963356,2024-11-09 13:49:01.196425,0,
449,phone_change,0.0,1094.6519717963356,2024-11-09 14:17:01.196425,0,
450,withdrawal,196.48360470482942,4646.113851586276,2024-11-09 14:44:01.196425,0,
451,withdrawal,420.11912899863876,1016.5970876554919,2024-11-09 15:14:01.196425,0,
451,phone_change,0.0,1016.5970876554919,2024-11-09 15:43:01.196425,0,
452,withdrawal,321.4267623511872,2217.031775358079,2024-11-09 15:53:01.196425,0,
452,email_change,0.0,2217.031775358079,2024-11-09 16:10:01.196425,0,
453,deposit,590.3898762447506,3698.170581840366,2024-11-09 16:22:01.196425,0,
453,password_change,0.0,3698.170581840366,2024-11-09 16:45:01.196425,0,
454,withdrawal,142.44763378980213,2863.6639849572894,2024-11-09 17:10:01.196425,0,
455,deposit,945.64723822697,3986.528087984374,2024-11-09 17:20:01.196425,0,
456,deposit,100.42999614222403,2110.215304106962,2024-11-09 17:33:01.196425,0,
457,deposit,790.8793885178101,3775.1831793822284,2024-11-09 17:59:01.196425,0,
458,deposit,346.78056580377495,3318.7656901989385,2024-11-09 18:28:01.196425,0,
458,phone_change,0.0,3318.7656901989385,2024-11-09 18:48:01.196425,0,
459,withdrawal,388.2930917825097,2442.1540000570167,2024-11-09 19:05:01.196425,0,
459,phone_change,0.0,2442.1540000570167,2024-11-09 19:17:01.196425,0,
460,withdrawal,359.6149422418045,1615.357908647932,2024-11-09 19:26:01.196425,0,
461,deposit,571.2702768951254,5566.056665398567,2024-11-09 19:50:01.196425,0,
462,deposit,358.1406083188226,1875.7642275308517,2024-11-09 20:08:01.196425,0,
462,password_change,0.0,1875.7642275308517,2024-11-09 20:16:01.196425,0,
463,deposit,426.9911947886619,1835.9342950087532,2024-11-09 20:39:01.196425,0,
464,withdrawal,238.2242889932816,2643.238651218958,2024-11-09 20:48:01.196425,0,
465,deposit,607.9294028930725,5469.39765375765,2024-11-09 21:06:01.196425,0,
466,withdrawal,257.48633537825924,2283.9228708776986,2024-11-09 21:19:01.196425,0,
466,password_change,0.0,2283.9228708776986,2024-11-09 21:23:01.196425,0,
467,deposit,479.10768937765454,4613.19995103051,2024-11-09 21:43:01.196425,0,
468,deposit,333.19254644752044,3727.1012069695507,2024-11-09 21:44:01.196425,0,
468,email_change,0.0,3727.1012069695507,2024-11-09 21:55:01.196425,0,
469,deposit,299.5463512453069,3209.2992718351798,2024-11-09 22:06:01.196425,0,
470,withdrawal,273.62597872634393,2162.616773260365,2024-11-09 22:28:01.196425,0,
471,deposit,683.9324289656063,2135.7821044550847,2024-11-09 22:41:01.196425,0,
472,deposit,159.1361984434768,2368.506187219457,2024-11-09 22:58:01.196425,0,
473,deposit,461.5841749146924,5229.17519851224,2024-11-09 23:19:01.196425,0,
474,withdrawal,169.7669533318402,1402.7868306607575,2024-11-09 23:47:01.196425,0,
475,deposit,857.2788092718819,5592.839873762679,2024-11-10 00:12:01.196425,0,
476,deposit,597.7270222815193,1854.1307657384982,2024-11-10 00:42:01.196425,0,
477,withdrawal,482.41026787294777,909.2902513687004,2024-11-10 00:49:01.196425,0,
478,deposit,458.13743756433377,4487.676249903802,2024-11-10 01:03:01.196425,0,
479,withdrawal,194.276608476042,4087.714114118577,2024-11-10 01:22:01.196425,0,
480,deposit,995.4482115259293,2817.4418987752815,2024-11-10 01:36:01.196425,0,
481,withdrawal,454.62220297547435,1286.6358340757483,2024-11-10 01:54:01.196425,0,
482,withdrawal,262.1023957152871,1079.9432350172397,2024-11-10 02:01:01.196425,0,
482,email_change,0.0,1079.9432350172397,2024-11-10 02:18:01.196425,0,
483,withdrawal,205.38210505509272,797.2686502479928,2024-11-10 02:19:01.196425,0,
484,withdrawal,417.3473307956875,1098.4285733024012,2024-11-10 02:44:01.196425,0,
485,deposit,294.6056824673999,3677.056824906822,2024-11-10 02:51:01.196425,0,
485,phone_change,0.0,3677.056824906822,2024-11-10 03:21:01.196425,0,
486,deposit,269.60523564234217,2034.510667346231,2024-11-10 03:46:01.196425,0,
487,withdrawal,494.49169382978533,2390.712007356545,2024-11-10 03:51:01.196425,0,
488,withdrawal,281.73761379611204,1533.8683491740708,2024-11-10 04:11:01.196425,0,
488,email_change,0.0,1533.8683491740708,2024-11-10 04:13:01.196425,0,
489,withdrawal,411.9438747992251,2514.9158080369834,2024-11-10 04:29:01.196425,0,
490,withdrawal,459.8029907828537,2723.700936911898,2024-11-10 04:52:01.196425,0,
491,deposit,918.7784566827277,5006.321208833313,2024-11-10 05:22:01.196425,0,
492,deposit,129.14441164439066,1132.7882197332606,2024-11-10 05:47:01.196425,0,
493,deposit,244.63357220088255,2558.6483982647924,2024-11-10 05:55:01.196425,0,
494,deposit,372.30208209158815,3438.2055734268615,2024-11-10 06:00:01.196425,0,
495,withdrawal,427.235218839862,2786.196703173957,2024-11-10 06:02:01.196425,0,
496,deposit,515.5976853517715,4860.7850854969965,2024-11-10 06:11:01.196425,0,
496,email_change,0.0,4860.7850854969965,2024-11-10 06:38:01.196425,0,
497,withdrawal,226.34208939681398,1317.3076816268922,2024-11-10 06:40:01.196425,0,
497,password_change,0.0,1317.3076816268922,2024-11-10 07:06:01.196425,0,
498,withdrawal,139.58994808269938,1765.1121275971163,2024-11-10 07:23:01.196425,0,
499,withdrawal,328.12556008034454,823.6843817365823,2024-11-10 07:43:01.196425,0,
500,deposit,673.3832787015159,5620.561549528257,2024-11-10 08:12:01.196425,0,
501,deposit,480.36868744274227,3565.774215562511,2024-11-10 08:27:01.196425,0,
501,password_change,0.0,3565.774215562511,2024-11-10 08:33:01.196425,0,
502,withdrawal,449.48626434229715,2381.477947657885,2024-11-10 08:56:01.196425,0,
503,deposit,754.4988348320991,2143.104224826666,2024-11-10 09:04:01.196425,0,
503,email_change,0.0,2143.104224826666,2024-11-10 09:24:01.196425,0,
504,deposit,420.9565986303581,2323.4941979962987,2024-11-10 09:47:01.196425,0,
505,deposit,859.5975459309669,2303.4958433003094,2024-11-10 10:13:01.196425,0,
506,deposit,232.57292407059245,1565.1537854281623,2024-11-10 10:28:01.196425,0,
507,withdrawal,381.28133611134825,1741.4110575118082,2024-11-10 10:38:01.196425,0,
508,withdrawal,430.5770422315396,1644.2702582800407,2024-11-10 11:06:01.196425,0,
509,deposit,371.00083915816384,3331.196302893517,2024-11-10 11:21:01.196425,0,
510,withdrawal,159.56063974753363,1021.5208942577307,2024-11-10 11:46:01.196425,0,
511,deposit,295.10479132042957,5044.836670716273,2024-11-10 12:03:01.196425,0,
512,withdrawal,143.69454298600397,4093.1864917305998,2024-11-10 12:14:01.196425,0,
513,deposit,694.0552550510117,3404.1288298623867,2024-11-10 12:30:01.196425,0,
514,deposit,196.90850726286868,4024.0996914671064,2024-11-10 12:40:01.196425,0,
515,deposit,883.5955305737878,2238.5355268167114,2024-11-10 12:52:01.196425,0,
516,deposit,510.75179357490595,4454.172218511078,2024-11-10 13:09:01.196425,0,
517,deposit,843.7217162147163,2246.00021395321,2024-11-10 13:18:01.196425,0,
518,deposit,343.71649434788696,2075.7216490985284,2024-11-10 13:19:01.196425,0,
519,withdrawal,422.13071630143065,1644.4219017449104,2024-11-10 13:38:01.196425,0,
519,email_change,0.0,1644.4219017449104,2024-11-10 13:39:01.196425,0,
520,deposit,361.0634514149179,2067.0976724220404,2024-11-10 13:40:01.196425,0,
521,withdrawal,461.48218541787327,3660.6766238161404,2024-11-10 13:42:01.196425,0,
521,password_change,0.0,3660.6766238161404,2024-11-10 14:07:01.196425,0,
522,deposit,192.95232613107248,3661.175879978445,2024-11-10 14:29:01.196425,0,
523,deposit,836.5870785241068,4597.543618514014,2024-11-10 14:55:01.196425,0,
524,deposit,545.3902581552476,3125.2470413369156,2024-11-10 15:21:01.196425,0,
525,withdrawal,435.27098458191665,1278.671419816049,2024-11-10 15:28:01.196425,0,
526,deposit,373.6299459933042,2590.697255993911,2024-11-10 15:50:01.196425,0,
527,withdrawal,212.59872294028145,3122.507653477075,2024-11-10 16:14:01.196425,0,
528,deposit,876.1880645550813,5049.086656773665,2024-11-10 16:42:01.196425,0,
529,deposit,172.21811119483473,4339.532943171026,2024-11-10 16:55:01.196425,0,
530,deposit,506.6330250053318,5461.80334079279,2024-11-10 17:24:01.196425,0,
531,deposit,610.6826016959557,3619.5821804261013,2024-11-10 17:48:01.196425,0,
531,password_change,0.0,3619.5821804261013,2024-11-10 17:55:01.196425,0,
532,deposit,809.182160315737,2529.442350582834,2024-11-10 18:16:01.196425,0,
533,deposit,623.5745475291393,4207.2745201326325,2024-11-10 18:32:01.196425,0,
534,withdrawal,243.84173857180062,1052.169018350399,2024-11-10 18:48:01.196425,0,
535,withdrawal,55.568015231315165,2451.7149977018958,2024-11-10 19:03:01.196425,0,
536,withdrawal,94.96266376002683,3656.4943315737746,2024-11-10 19:06:01.196425,0,
537,deposit,312.685320580524,5075.572966688254,2024-11-10 19:10:01.196425,0,
538,deposit,971.9253396535229,2167.486978640112,2024-11-10 19:36:01.196425,0,
539,deposit,345.04388461978084,2353.109009937967,2024-11-10 20:01:01.196425,0,
539,phone_change,0.0,2353.109009937967,2024-11-10 20:08:01.196425,0,
540,deposit,672.788070895016,4110.229843072969,2024-11-10 20:34:01.196425,0,
540,phone_change,0.0,4110.229843072969,2024-11-10 21:02:01.196425,0,
541,deposit,774.1364981632441,3700.901620864848,2024-11-10 21:13:01.196425,0,
542,deposit,532.7448996944703,4096.527958693064,2024-11-10 21:16:01.196425,0,
543,withdrawal,204.91944935695315,4391.429032482646,2024-11-10 21:18:01.196425,0,
544,deposit,177.78025556263043,3242.201514025144,2024-11-10 21:27:01.196425,0,
545,deposit,783.269500210435,2478.8934876661033,2024-11-10 21:49:01.196425,0,
546,deposit,448.9216100606844,2405.344771390402,2024-11-10 22:15:01.196425,0,
546,email_change,0.0,2405.344771390402,2024-11-10 22:22:01.196425,0,
547,withdrawal,189.44578353326634,1376.2500184801522,2024-11-10 22:44:01.196425,0,
548,deposit,816.1443931180291,4460.127192052422,2024-11-10 22:58:01.196425,0,
549,withdrawal,244.90813951214244,1116.6043474516298,2024-11-10 23:07:01.196425,0,
550,deposit,625.4039749992868,2271.822378573917,2024-11-10 23:10:01.196425,0,
551,deposit,509.3567912324456,5057.98195039701,2024-11-10 23:39:01.196425,0,
551,email_change,0.0,5057.98195039701,2024-11-10 23:54:01.196425,0,
552,deposit,724.2087437179547,4091.4008181586205,2024-11-11 00:06:01.196425,0,
553,withdrawal,104.69100493794728,1580.3243825645088,2024-11-11 00:33:01.196425,0,
554,deposit,988.7576952991475,5808.1089947502005,2024-11-11 00:36:01.196425,0,
555,withdrawal,433.22232481015425,1393.9121027863878,2024-11-11 00:46:01.196425,0,
556,deposit,895.5231630789262,2214.3667395003645,2024-11-11 01:04:01.196425,0,
557,deposit,610.040083220637,4162.880242360569,2024-11-11 01:33:01.196425,0,
558,deposit,113.79952944481616,4725.662566496614,2024-11-11 01:53:01.196425,0,
559,deposit,319.9450271116456,5199.204245670298,2024-11-11 02:02:01.196425,0,
560,withdrawal,285.3988203568029,1570.8369518136751,2024-11-11 02:16:01.196425,0,
561,deposit,349.9167062030433,4099.283405668324,2024-11-11 02:21:01.196425,0,
562,deposit,266.96700211821843,1978.9993390323255,2024-11-11 02:32:01.196425,0,
563,withdrawal,53.13207565044734,3978.5268606333243,2024-11-11 02:35:01.196425,0,
564,deposit,938.0459678680031,4865.94549176801,2024-11-11 03:00:01.196425,0,
565,deposit,313.0990503230401,4936.333508931042,2024-11-11 03:28:01.196425,0,
566,withdrawal,462.4885045212435,3445.175339528643,2024-11-11 03:29:01.196425,0,
567,withdrawal,486.2858417716884,3141.1567842164422,2024-11-11 03:43:01.196425,0,
568,deposit,301.7838172373154,4803.413924341818,2024-11-11 03:50:01.196425,0,
568,email_change,0.0,4803.413924341818,2024-11-11 03:52:01.196425,0,
569,withdrawal,174.73435659145318,4576.697754835365,2024-11-11 04:04:01.196425,0,
570,withdrawal,224.27763911252234,3914.568758601187,2024-11-11 04:25:01.196425,0,
570,phone_change,0.0,3914.568758601187,2024-11-11 04:41:01.196425,0,
571,withdrawal,82.69924860141154,2482.0915978461617,2024-11-11 04:51:01.196425,0,
572,deposit,663.6453837231074,3639.382385140998,2024-11-11 05:00:01.196425,0,
573,withdrawal,216.38335314435105,2663.4422505611783,2024-11-11 05:14:01.196425,0,
574,deposit,293.9839661679223,2705.2959256207214,2024-11-11 05:40:01.196425,0,
574,password_change,0.0,2705.2959256207214,2024-11-11 05:45:01.196425,0,
575,deposit,816.3752595167433,5035.676379101143,2024-11-11 05:59:01.196425,0,
576,deposit,673.029504132236,4269.386627656938,2024-11-11 06:05:01.196425,0,
577,deposit,149.84065867544186,3092.6299381911913,2024-11-11 06:08:01.196425,0,
578,withdrawal,126.33160729163279,2223.848846950267,2024-11-11 06:13:01.196425,0,
579,deposit,873.319202238075,3187.6216752765827,2024-11-11 06:23:01.196425,0,
580,deposit,173.57731736202865,2092.3454084612877,2024-11-11 06:32:01.196425,0,
580,email_change,0.0,2092.3454084612877,2024-11-11 06:44:01.196425,0,
581,withdrawal,453.2011342566017,2313.0859413986223,2024-11-11 07:08:01.196425,0,
582,withdrawal,489.34407209799343,4048.826792033279,2024-11-11 07:31:01.196425,0,
583,deposit,541.0034575517602,2755.2315613033397,2024-11-11 07:53:01.196425,0,
583,phone_change,0.0,2755.2315613033397,2024-11-11 08:15:01.196425,0,
584,deposit,814.8699142991658,4592.81591824956,2024-11-11 08:20:01.196425,0,
585,deposit,648.129039935509,4904.280303684718,2024-11-11 08:25:01.196425,0,
585,phone_change,0.0,4904.280303684718,2024-11-11 08:51:01.196425,0,
586,deposit,814.9143905496859,2679.6977767700864,2024-11-11 09:18:01.196425,0,
587,deposit,224.61665996176916,2401.450221842326,2024-11-11 09:48:01.196425,0,
587,phone_change,0.0,2401.450221842326,2024-11-11 09:49:01.196425,0,
588,deposit,673.2551603797211,5210.558968180852,2024-11-11 10:05:01.196425,0,
589,deposit,587.1194767204978,3622.613164327695,2024-11-11 10:11:01.196425,0,
590,withdrawal,420.9344416595817,1094.852758179115,2024-11-11 10:20:01.196425,0,
591,withdrawal,472.60544822859515,2757.6497529192357,2024-11-11 10:44:01.196425,0,
592,deposit,843.0158660675532,3017.031893902048,2024-11-11 11:08:01.196425,0,
593,withdrawal,314.1862427355113,706.3823455387668,2024-11-11 11:27:01.196425,0,
594,deposit,852.4280844303128,2561.8118837033044,2024-11-11 11:46:01.196425,0,
595,deposit,630.3888220701485,4266.922334791407,2024-11-11 11:56:01.196425,0,
596,withdrawal,208.42404747492543,4212.343027704865,2024-11-11 12:22:01.196425,0,
597,deposit,283.2624983898851,5058.780167824408,2024-11-11 12:35:01.196425,0,
598,deposit,630.3175138734633,3161.8943850548458,2024-11-11 12:56:01.196425,0,
599,withdrawal,487.8440746220086,2563.9964434888175,2024-11-11 13:23:01.196425,0,
600,deposit,370.4298097529386,4718.659289535661,2024-11-11 13:33:01.196425,0,
601,deposit,835.023328488851,5419.143622709947,2024-11-11 13:35:01.196425,0,
602,deposit,177.55737846532008,3502.140379922071,2024-11-11 13:36:01.196425,0,
603,withdrawal,238.15125956721027,1825.0029782983056,2024-11-11 13:58:01.196425,0,
604,withdrawal,153.65229704184105,4546.091351686318,2024-11-11 14:26:01.196425,0,
604,phone_change,0.0,4546.091351686318,2024-11-11 14:32:01.196425,0,
605,deposit,404.4291603353052,2092.0632429594757,2024-11-11 14:55:01.196425,0,
606,deposit,594.6242322467244,4272.289396825668,2024-11-11 15:04:01.196425,0,
607,deposit,643.3436274660588,1720.7185468453672,2024-11-11 15:05:01.196425,0,
608,withdrawal,454.9673550555151,3935.611659879183,2024-11-11 15:25:01.196425,0,
609,withdrawal,253.28630701323976,3421.8788562619034,2024-11-11 15:47:01.196425,0,
610,deposit,174.4655523400927,1517.4020643263989,2024-11-11 16:11:01.196425,0,
610,email_change,0.0,1517.4020643263989,2024-11-11 16:38:01.196425,0,
611,deposit,294.26102855500903,3948.099268851528,2024-11-11 17:05:01.196425,0,
611,email_change,0.0,3948.099268851528,2024-11-11 17:31:01.196425,0,
612,deposit,258.48326423637496,4921.118142938147,2024-11-11 17:38:01.196425,0,
613,deposit,329.98484202103936,1409.3860484121208,2024-11-11 17:43:01.196425,0,
614,withdrawal,161.91362414679125,2963.9504065645206,2024-11-11 17:45:01.196425,0,
615,withdrawal,122.48767063001468,4675.984699768576,2024-11-11 17:47:01.196425,0,
616,deposit,578.4626266140205,4879.052307232372,2024-11-11 18:13:01.196425,0,
617,withdrawal,418.70808164850484,4063.984977531719,2024-11-11 18:22:01.196425,0,
618,deposit,693.0196543262043,2367.395624839949,2024-11-11 18:51:01.196425,0,
619,deposit,899.1875134667251,5797.887510852956,2024-11-11 19:07:01.196425,0,
619,email_change,0.0,5797.887510852956,2024-11-11 19:20:01.196425,0,
620,deposit,386.26254549110007,1814.1820308173794,2024-11-11 19:47:01.196425,0,
621,withdrawal,213.70803462996653,4080.5427935423754,2024-11-11 20:02:01.196425,0,
622,deposit,484.9425120617052,1531.7585544008728,2024-11-11 20:16:01.196425,0,
623,deposit,728.8388371346348,3375.575286024965,2024-11-11 20:28:01.196425,0,
624,deposit,224.07576324041827,3975.832742423647,2024-11-11 20:55:01.196425,0,
625,withdrawal,349.3123835767501,1265.6904050671574,2024-11-11 21:06:01.196425,0,
625,phone_change,0.0,1265.6904050671574,2024-11-11 21:14:01.196425,0,
626,deposit,915.0112837830088,2291.789495074213,2024-11-11 21:17:01.196425,0,
627,withdrawal,205.70926914787088,1028.49371836214,2024-11-11 21:31:01.196425,0,
628,deposit,629.4034734474817,3245.41770734051,2024-11-11 21:35:01.196425,0,
628,phone_change,0.0,3245.41770734051,2024-11-11 21:36:01.196425,0,
629,withdrawal,349.65377833620136,1248.4687441935612,2024-11-11 21:37:01.196425,0,
629,phone_change,0.0,1248.4687441935612,2024-11-11 21:59:01.196425,0,
630,withdrawal,450.49235116528865,4314.175434013399,2024-11-11 22:01:01.196425,0,
631,withdrawal,441.44136095823785,2754.2348648169486,2024-11-11 22:16:01.196425,0,
632,withdrawal,426.9405569127423,835.2643767123711,2024-11-11 22:35:01.196425,0,
633,deposit,999.0344190824718,2966.583991939963,2024-11-11 22:44:01.196425,0,
634,deposit,578.2783346083417,5354.081811563406,2024-11-11 23:01:01.196425,0,
635,deposit,405.4698482171028,4633.314623854441,2024-11-11 23:25:01.196425,0,
636,deposit,327.247529466184,2513.88688111739,2024-11-11 23:27:01.196425,0,
637,deposit,554.2440218586889,4626.4297275098725,2024-11-11 23:57:01.196425,0,
638,deposit,634.5605558728271,3488.560388684059,2024-11-12 00:01:01.196425,0,
639,deposit,482.9721498554064,4662.833874533388,2024-11-12 00:18:01.196425,0,
640,withdrawal,367.53517546980646,1710.4160032276125,2024-11-12 00:36:01.196425,0,
641,deposit,347.05390826658146,2180.488895525134,2024-11-12 00:51:01.196425,0,
642,deposit,275.50107984130165,4675.449744581393,2024-11-12 01:10:01.196425,0,
643,withdrawal,201.93296068827615,2319.9545644527566,2024-11-12 01:18:01.196425,0,
644,deposit,706.1161321438798,2501.157382539785,2024-11-12 01:48:01.196425,0,
645,withdrawal,481.24563385763446,1085.2588662338112,2024-11-12 01:55:01.196425,0,
646,deposit,149.09730659953036,1204.756289650816,2024-11-12 02:20:01.196425,0,
647,deposit,584.4172205261311,3933.3083930732264,2024-11-12 02:38:01.196425,0,
648,withdrawal,488.3962057953028,4187.38868330184,2024-11-12 02:53:01.196425,0,
649,deposit,241.13521667937837,3893.8673247841775,2024-11-12 03:06:01.196425,0,
650,deposit,916.0823187368301,5864.180953625748,2024-11-12 03:20:01.196425,0,
651,withdrawal,382.2668577957852,3243.7397607299613,2024-11-12 03:33:01.196425,0,
651,email_change,0.0,3243.7397607299613,2024-11-12 03:44:01.196425,0,
652,deposit,603.6930560565926,4033.0927959587984,2024-11-12 04:06:01.196425,0,
653,withdrawal,495.39982977333744,1628.6701054541459,2024-11-12 04:36:01.196425,0,
654,withdrawal,119.58418100558464,1611.1977476202528,2024-11-12 05:00:01.196425,0,
655,withdrawal,434.8141846764456,3634.4182143851413,2024-11-12 05:21:01.196425,0,
656,withdrawal,265.3330678003105,4432.170662920872,2024-11-12 05:36:01.196425,0,
656,phone_change,0.0,4432.170662920872,2024-11-12 06:05:01.196425,0,
657,deposit,447.2177943800844,3677.625417018736,2024-11-12 06:23:01.196425,0,
658,deposit,725.3213019298429,2892.8214876586635,2024-11-12 06:50:01.196425,0,
659,deposit,491.3082297370354,5028.098262478482,2024-11-12 07:17:01.196425,0,
660,withdrawal,454.0329431230437,2948.7939353207535,2024-11-12 07:40:01.196425,0,
660,password_change,0.0,2948.7939353207535,2024-11-12 08:09:01.196425,0,
661,deposit,998.1667493129665,5852.399226973139,2024-11-12 08:22:01.196425,0,
662,withdrawal,353.51244101884714,751.4784284196053,2024-11-12 08:43:01.196425,0,
663,deposit,227.6179752828211,4202.015362110377,2024-11-12 08:55:01.196425,0,
663,password_change,0.0,4202.015362110377,2024-11-12 09:21:01.196425,0,
664,deposit,498.87349149818357,4599.997898469288,2024-11-12 09:37:01.196425,0,
665,deposit,135.04394080926684,2916.0634554623807,2024-11-12 09:48:01.196425,0,
666,deposit,343.1177407379142,1603.0399920696361,2024-11-12 10:15:01.196425,0,
667,withdrawal,80.3854248358655,992.7795045642681,2024-11-12 10:22:01.196425,0,
668,deposit,793.3455272181493,5063.356198128813,2024-11-12 10:23:01.196425,0,
669,deposit,558.5138564143348,1816.801534864068,2024-11-12 10:51:01.196425,0,
670,deposit,776.9164701919848,4061.0224160744197,2024-11-12 11:12:01.196425,0,
671,deposit,672.1840176657288,5318.862354680591,2024-11-12 11:33:01.196425,0,
672,deposit,415.71296649544274,5326.057540899412,2024-11-12 11:52:01.196425,0,
672,password_change,0.0,5326.057540899412,2024-11-12 12:20:01.196425,0,
673,deposit,504.05406226792036,2406.455371365172,2024-11-12 12:42:01.196425,0,
674,deposit,931.4155802519033,4507.171539426131,2024-11-12 13:12:01.196425,0,
675,deposit,671.2106664757831,2622.93508954978,2024-11-12 13:13:01.196425,0,
676,deposit,447.53422233844145,3113.1886651247273,2024-11-12 13:31:01.196425,0,
677,deposit,956.0322212246974,2654.755311978093,2024-11-12 13:32:01.196425,0,
678,withdrawal,348.2780021050171,1672.9328472005354,2024-11-12 13:45:01.196425,0,
679,deposit,645.5686689973215,2652.6815284666554,2024-11-12 14:09:01.196425,0,
680,deposit,933.0989210605716,3624.567293862536,2024-11-12 14:26:01.196425,0,
681,withdrawal,53.52762875840861,1162.837711297275,2024-11-12 14:37:01.196425,0,
682,withdrawal,324.8458769220819,2879.8861251795424,2024-11-12 15:04:01.196425,0,
683,deposit,633.7205092275044,1939.164268180801,2024-11-12 15:05:01.196425,0,
684,withdrawal,135.9832597743727,2458.4573810869815,2024-11-12 15:09:01.196425,0,
684,password_change,0.0,2458.4573810869815,2024-11-12 15:39:01.196425,0,
685,deposit,115.1562019706126,4155.943528446062,2024-11-12 16:04:01.196425,0,
686,deposit,170.87812543031714,1366.36668026498,2024-11-12 16:28:01.196425,0,
687,withdrawal,432.0539933756039,4330.377691140665,2024-11-12 16:41:01.196425,0,
688,deposit,255.53835484890564,4011.9626508275073,2024-11-12 17:02:01.196425,0,
689,withdrawal,256.3583123963943,1092.7967189123835,2024-11-12 17:27:01.196425,0,
690,deposit,589.374998984026,2884.2098345605864,2024-11-12 17:42:01.196425,0,
691,deposit,209.5983451425831,1302.6096436150626,2024-11-12 17:58:01.196425,0,
692,withdrawal,317.5092724924152,4280.7938168458795,2024-11-12 18:26:01.196425,0,
693,withdrawal,114.34533688900181,3167.438067193959,2024-11-12 18:43:01.196425,0,
694,withdrawal,232.18632925059183,3236.4726340867214,2024-11-12 19:03:01.196425,0,
695,deposit,897.5763430986567,5106.615143037237,2024-11-12 19:07:01.196425,0,
695,email_change,0.0,5106.615143037237,2024-11-12 19:31:01.196425,0,
696,deposit,289.3050013313446,1798.1587865037577,2024-11-12 19:49:01.196425,0,
697,withdrawal,487.85675197637863,2960.8846309432574,2024-11-12 19:57:01.196425,0,
698,deposit,132.6224960892127,4452.32370838499,2024-11-12 20:04:01.196425,0,
699,withdrawal,431.16205691989046,3471.597475258473,2024-11-12 20:10:01.196425,0,
699,phone_change,0.0,3471.597475258473,2024-11-12 20:35:01.196425,0,
700,deposit,403.1588229595557,2989.407455864091,2024-11-12 20:53:01.196425,0,
701,withdrawal,295.1990664158374,1619.7138785817133,2024-11-12 21:03:01.196425,0,
702,deposit,127.19439274987742,5066.189924530922,2024-11-12 21:25:01.196425,0,
703,deposit,824.9480226314363,2692.083343696896,2024-11-12 21:27:01.196425,0,
704,deposit,569.249215138645,4936.96607176034,2024-11-12 21:49:01.196425,0,
705,withdrawal,180.91319868800917,4654.486578160827,2024-11-12 21:55:01.196425,0,
706,deposit,441.8879951538223,3597.780885977048,2024-11-12 22:09:01.196425,0,
707,withdrawal,466.84763968847074,665.932906973535,2024-11-12 22:17:01.196425,0,
707,phone_change,0.0,665.932906973535,2024-11-12 22:32:01.196425,0,
708,deposit,616.1915906819698,3616.077937444327,2024-11-12 22:36:01.196425,0,
709,deposit,733.2244564446836,5399.699525468676,2024-11-12 23:00:01.196425,0,
710,withdrawal,390.0398749358247,1521.3634675085368,2024-11-12 23:21:01.196425,0,
710,phone_change,0.0,1521.3634675085368,2024-11-12 23:37:01.196425,0,
711,deposit,293.5105156698601,3284.6770543807907,2024-11-12 23:52:01.196425,0,
712,withdrawal,80.38433406337252,3878.702309240192,2024-11-13 00:10:01.196425,0,
712,email_change,0.0,3878.702309240192,2024-11-13 00:18:01.196425,0,
713,withdrawal,77.90071405573681,2217.3791928435567,2024-11-13 00:47:01.196425,0,
714,withdrawal,145.6627146914648,2172.7677981507973,2024-11-13 01:13:01.196425,0,
715,deposit,186.62417409090892,2919.373015956864,2024-11-13 01:43:01.196425,0,
716,deposit,800.9546586161384,2951.1703441059644,2024-11-13 01:52:01.196425,0,
717,deposit,637.8402778179772,5521.769563634724,2024-11-13 02:06:01.196425,0,
718,deposit,266.52792113876677,3204.2365666847827,2024-11-13 02:13:01.196425,0,
719,deposit,769.4236435300515,4710.7271538703535,2024-11-13 02:18:01.196425,0,
720,withdrawal,381.11910325766985,4128.384414684904,2024-11-13 02:34:01.196425,0,
721,deposit,499.2938331819054,2615.695745975859,2024-11-13 02:47:01.196425,0,
721,phone_change,0.0,2615.695745975859,2024-11-13 03:13:01.196425,0,
722,deposit,937.9696964685155,5799.738375946117,2024-11-13 03:42:01.196425,0,
723,deposit,513.2574064191514,5427.482764244097,2024-11-13 03:54:01.196425,0,
724,withdrawal,243.50700441140592,759.7561836134352,2024-11-13 04:13:01.196425,0,
725,deposit,329.74259995325605,2196.451954952623,2024-11-13 04:21:01.196425,0,
725,phone_change,0.0,2196.451954952623,2024-11-13 04:28:01.196425,0,
726,withdrawal,58.5254146040958,4205.3463403904325,2024-11-13 04:51:01.196425,0,
727,deposit,165.69574805399228,4777.839034065176,2024-11-13 05:12:01.196425,0,
728,deposit,448.1293612672249,2714.28766546821,2024-11-13 05:30:01.196425,0,
729,withdrawal,136.88812947240083,3094.18571787612,2024-11-13 05:57:01.196425,0,
730,withdrawal,492.2108381876387,648.1603192401162,2024-11-13 06:05:01.196425,0,
731,deposit,202.68231355633813,4811.836565853932,2024-11-13 06:16:01.196425,0,
732,deposit,915.488973363997,2835.639873545608,2024-11-13 06:22:01.196425,0,
733,deposit,100.9469041359598,1873.038852318638,2024-11-13 06:30:01.196425,0,
734,deposit,989.4084105056393,5076.871136861713,2024-11-13 06:47:01.196425,0,
735,deposit,679.4001416892097,4037.7087733488465,2024-11-13 06:49:01.196425,0,
736,withdrawal,225.1345812938038,1286.7134467550056,2024-11-13 06:53:01.196425,0,
736,phone_change,0.0,1286.7134467550056,2024-11-13 06:56:01.196425,0,
737,deposit,975.6028722629243,3408.5697615746403,2024-11-13 07:11:01.196425,0,
738,deposit,814.4417965255291,4921.652697424877,2024-11-13 07:14:01.196425,0,
739,deposit,706.1814169457357,2778.6556524676303,2024-11-13 07:23:01.196425,0,
739,email_change,0.0,2778.6556524676303,2024-11-13 07:33:01.196425,0,
740,withdrawal,239.73778945782237,2479.14518903769,2024-11-13 07:54:01.196425,0,
741,withdrawal,433.71374957275157,1304.6550920347495,2024-11-13 08:23:01.196425,0,
742,deposit,745.5403205272823,3363.094353494883,2024-11-13 08:40:01.196425,0,
743,withdrawal,92.76859516970713,3841.250081671452,2024-11-13 09:05:01.196425,0,
744,withdrawal,202.61839693737986,2403.393163096097,2024-11-13 09:12:01.196425,0,
744,email_change,0.0,2403.393163096097,2024-11-13 09:16:01.196425,0,
745,deposit,723.0716882304143,2620.4124780952957,2024-11-13 09:43:01.196425,0,
746,deposit,990.0978783408952,3963.871310364543,2024-11-13 09:44:01.196425,0,
747,deposit,929.2997178852531,3761.969597177389,2024-11-13 10:12:01.196425,0,
748,deposit,394.8500627438424,3873.1390575694145,2024-11-13 10:42:01.196425,0,
749,withdrawal,216.1603390429102,4400.654026417544,2024-11-13 10:57:01.196425,0,
750,deposit,316.6521149735668,2648.426541585404,2024-11-13 11:21:01.196425,0,
751,withdrawal,304.21367598245746,4593.830269683067,2024-11-13 11:32:01.196425,0,
752,withdrawal,204.9121334641293,2721.476807444027,2024-11-13 11:49:01.196425,0,
753,deposit,704.9932326254192,4217.919591662431,2024-11-13 12:13:01.196425,0,
754,deposit,483.27380337084156,4737.941706446448,2024-11-13 12:18:01.196425,0,
755,withdrawal,197.8443379252965,2106.8675865809873,2024-11-13 12:19:01.196425,0,
756,deposit,834.337352904714,2213.084430464446,2024-11-13 12:45:01.196425,0,
757,deposit,910.9690946195182,3916.811485480747,2024-11-13 13:02:01.196425,0,
757,password_change,0.0,3916.811485480747,2024-11-13 13:14:01.196425,0,
758,withdrawal,103.73209461137557,1766.0928660854763,2024-11-13 13:29:01.196425,0,
759,deposit,153.79135851174107,1807.8331032446722,2024-11-13 13:47:01.196425,0,
760,deposit,269.6458523324079,5240.327116112357,2024-11-13 13:52:01.196425,0,
761,withdrawal,90.83899867932479,4430.648248754793,2024-11-13 14:16:01.196425,0,
762,withdrawal,56.83422838737702,2898.810176678464,2024-11-13 14:20:01.196425,0,
763,deposit,382.51587465795114,2948.2745547120257,2024-11-13 14:49:01.196425,0,
764,withdrawal,478.2134166717899,4316.782777800412,2024-11-13 14:58:01.196425,0,
765,deposit,559.7533009456191,5137.63047114641,2024-11-13 15:12:01.196425,0,
766,withdrawal,189.51154771270677,2905.7211282584694,2024-11-13 15:19:01.196425,0,
767,deposit,668.3985015920548,2103.2963849688576,2024-11-13 15:23:01.196425,0,
768,deposit,217.23350091697654,1589.7944444255563,2024-11-13 15:25:01.196425,0,
769,withdrawal,197.29357965684568,2330.388069628471,2024-11-13 15:49:01.196425,0,
769,phone_change,0.0,2330.388069628471,2024-11-13 16:16:01.196425,0,
770,deposit,634.3671602610457,1657.7220383889885,2024-11-13 16:42:01.196425,0,
770,email_change,0.0,1657.7220383889885,2024-11-13 16:45:01.196425,0,
771,deposit,205.71557310760628,4006.9223635414587,2024-11-13 16:54:01.196425,0,
772,deposit,346.6730197360057,3052.7684241282113,2024-11-13 16:57:01.196425,0,
772,phone_change,0.0,3052.7684241282113,2024-11-13 17:18:01.196425,0,
773,deposit,128.5267048009756,1248.4165249531825,2024-11-13 17:35:01.196425,0,
773,password_change,0.0,1248.4165249531825,2024-11-13 18:02:01.196425,0,
774,deposit,632.7452321554265,2889.968506118868,2024-11-13 18:07:01.196425,0,
775,withdrawal,250.74190959151196,3068.972912701733,2024-11-13 18:16:01.196425,0,
776,deposit,658.1154138438252,2929.459422008831,2024-11-13 18:38:01.196425,0,
777,withdrawal,175.75873235977969,1930.7344247024346,2024-11-13 18:58:01.196425,0,
778,deposit,284.67308786431335,4826.122702913061,2024-11-13 19:17:01.196425,0,
778,password_change,0.0,4826.122702913061,2024-11-13 19:45:01.196425,0,
779,withdrawal,480.89058728702804,4154.303323596346,2024-11-13 20:11:01.196425,0,
780,deposit,403.45835863556647,4413.110646116462,2024-11-13 20:36:01.196425,0,
781,withdrawal,264.78502823712694,3493.672706035814,2024-11-13 20:45:01.196425,0,
782,withdrawal,456.6555030047811,2409.50332639497,2024-11-13 20:53:01.196425,0,
783,deposit,126.23203133231183,4964.775049933502,2024-11-13 21:14:01.196425,0,
783,phone_change,0.0,4964.775049933502,2024-11-13 21:41:01.196425,0,
784,deposit,464.8934089231975,4791.852642030402,2024-11-13 21:49:01.196425,0,
785,withdrawal,245.3636014154501,4417.5487919339785,2024-11-13 21:50:01.196425,0,
786,deposit,749.1736247414941,5677.766588649683,2024-11-13 21:57:01.196425,0,
787,deposit,669.6587975798225,5231.901506223914,2024-11-13 22:23:01.196425,0,
788,deposit,351.6952286669619,4648.079552733958,2024-11-13 22:51:01.196425,0,
789,deposit,106.47366701428484,3965.0808134265776,2024-11-13 23:15:01.196425,0,
789,password_change,0.0,3965.0808134265776,2024-11-13 23:28:01.196425,0,
790,withdrawal,271.7868115114331,1308.0700923273869,2024-11-13 23:55:01.196425,0,
791,deposit,562.3365299414528,3240.117476216839,2024-11-14 00:00:01.196425,0,
792,withdrawal,470.0917236289447,1064.9679341870876,2024-11-14 00:25:01.196425,0,
793,withdrawal,181.59874734211482,3618.846598924663,2024-11-14 00:41:01.196425,0,
794,deposit,420.7718802818528,3712.820332211245,2024-11-14 00:57:01.196425,0,
794,phone_change,0.0,3712.820332211245,2024-11-14 01:10:01.196425,0,
795,deposit,929.5000281733487,3401.1721632777258,2024-11-14 01:26:01.196425,0,
796,withdrawal,398.8963226975585,876.0465363650504,2024-11-14 01:27:01.196425,0,
796,password_change,0.0,876.0465363650504,2024-11-14 01:34:01.196425,0,
797,deposit,863.2858614536786,3350.8452586478265,2024-11-14 01:42:01.196425,0,
798,withdrawal,78.05058200101934,3543.298548500228,2024-11-14 01:44:01.196425,0,
799,deposit,448.6027480764239,5308.099713818544,2024-11-14 02:10:01.196425,0,
800,deposit,220.3254008204861,5183.978581185291,2024-11-14 02:13:01.196425,0,
800,email_change,0.0,5183.978581185291,2024-11-14 02:35:01.196425,0,
801,deposit,965.7629696436287,3001.7382487202385,2024-11-14 02:47:01.196425,0,
802,withdrawal,422.85134266084515,2277.1280477292366,2024-11-14 02:56:01.196425,0,
802,password_change,0.0,2277.1280477292366,2024-11-14 03:06:01.196425,0,
803,withdrawal,348.1603895064778,3234.868268802186,2024-11-14 03:34:01.196425,0,
803,phone_change,0.0,3234.868268802186,2024-11-14 03:49:01.196425,0,
804,deposit,682.5118870365596,3770.4057924331914,2024-11-14 04:03:01.196425,0,
805,deposit,667.6323265715135,3540.6188284606865,2024-11-14 04:33:01.196425,0,
806,deposit,153.2243996264638,3018.1502483528407,2024-11-14 04:52:01.196425,0,
807,deposit,782.0350863153066,2251.5233289900784,2024-11-14 04:57:01.196425,0,
808,deposit,737.7278035795018,1796.1576815482745,2024-11-14 05:21:01.196425,0,
809,withdrawal,208.0390325253504,3235.5832542450385,2024-11-14 05:28:01.196425,0,
810,withdrawal,61.627554343837765,3320.5306834203147,2024-11-14 05:38:01.196425,0,
811,deposit,588.5508119923479,4091.455844228135,2024-11-14 05:39:01.196425,0,
812,deposit,330.74531226834614,4684.660845350533,2024-11-14 06:03:01.196425,0,
813,withdrawal,106.94670196875573,1807.04326989598,2024-11-14 06:14:01.196425,0,
814,deposit,253.05615812490956,1807.2825901906538,2024-11-14 06:37:01.196425,0,
815,deposit,843.8873908318882,3377.844445313237,2024-11-14 07:05:01.196425,0,
816,withdrawal,127.66935945125785,1413.4519691921498,2024-11-14 07:24:01.196425,0,
817,withdrawal,222.78254223030405,3348.832029551331,2024-11-14 07:33:01.196425,0,
818,deposit,395.2652522412042,1435.7946992004545,2024-11-14 07:38:01.196425,0,
819,deposit,541.4711288371807,5430.951450918053,2024-11-14 08:01:01.196425,0,
820,withdrawal,236.16079253020817,4363.053033571671,2024-11-14 08:12:01.196425,0,
821,deposit,716.448948354801,3682.565284574472,2024-11-14 08:17:01.196425,0,
822,deposit,801.870542348757,5032.878719889017,2024-11-14 08:37:01.196425,0,
823,withdrawal,141.35104603179016,1917.2648826550758,2024-11-14 08:58:01.196425,0,
824,deposit,349.96415666421666,4381.807441211763,2024-11-14 09:13:01.196425,0,
825,deposit,385.43243120332755,4638.844804909817,2024-11-14 09:42:01.196425,0,
826,withdrawal,63.43538593766506,1097.052027004457,2024-11-14 10:00:01.196425,0,
827,withdrawal,293.95590788671785,1870.5502312124318,2024-11-14 10:08:01.196425,0,
828,withdrawal,293.5715460383143,3042.7553807701456,2024-11-14 10:36:01.196425,0,
829,deposit,444.05610442439854,3083.7524354566485,2024-11-14 10:42:01.196425,0,
830,deposit,772.6811832407001,4902.59889543276,2024-11-14 11:05:01.196425,0,
831,deposit,546.354558589617,3122.935484313748,2024-11-14 11:08:01.196425,0,
831,password_change,0.0,3122.935484313748,2024-11-14 11:30:01.196425,0,
832,deposit,479.3679366690676,1579.6484143562705,2024-11-14 11:31:01.196425,0,
833,withdrawal,258.26513031862527,2381.222023370992,2024-11-14 11:50:01.196425,0,
834,deposit,764.0259623926502,3087.7306361396786,2024-11-14 12:02:01.196425,0,
834,email_change,0.0,3087.7306361396786,2024-11-14 12:17:01.196425,0,
835,deposit,190.9427609012196,4939.3697661318065,2024-11-14 12:41:01.196425,0,
836,deposit,950.6170280911352,4523.05343987713,2024-11-14 12:46:01.196425,0,
837,deposit,938.3350570384156,4996.004697655379,2024-11-14 12:53:01.196425,0,
838,deposit,571.7133780357843,4340.221986052317,2024-11-14 13:01:01.196425,0,
839,withdrawal,280.1746387670855,2679.7320553618265,2024-11-14 13:21:01.196425,0,
840,withdrawal,463.4174214331722,2399.9534919525786,2024-11-14 13:26:01.196425,0,
840,phone_change,0.0,2399.9534919525786,2024-11-14 13:46:01.196425,0,
841,deposit,355.4607836297471,3470.002190781439,2024-11-14 13:57:01.196425,0,
842,deposit,739.4963354173159,5237.433637552322,2024-11-14 14:09:01.196425,0,
843,withdrawal,178.77055332975593,1813.1871530639814,2024-11-14 14:13:01.196425,0,
844,deposit,647.6617022512307,2105.6657137358993,2024-11-14 14:22:01.196425,0,
845,withdrawal,244.3741562313487,3891.279964488098,2024-11-14 14:35:01.196425,0,
846,deposit,266.63163697985397,3993.4586505493644,2024-11-14 14:54:01.196425,0,
846,password_change,0.0,3993.4586505493644,2024-11-14 14:58:01.196425,0,
847,withdrawal,447.8977303564576,1420.252165027494,2024-11-14 15:01:01.196425,0,
847,email_change,0.0,1420.252165027494,2024-11-14 15:18:01.196425,0,
848,withdrawal,107.62012552080029,1043.3411272143553,2024-11-14 15:26:01.196425,0,
849,deposit,768.350266000123,2499.874715707605,2024-11-14 15:44:01.196425,0,
850,withdrawal,307.3279903207386,2101.078751027512,2024-11-14 16:14:01.196425,0,
851,deposit,203.97303174306438,2571.2006743837223,2024-11-14 16:31:01.196425,0,
852,deposit,857.0186869734208,2568.6447813166355,2024-11-14 16:35:01.196425,0,
852,phone_change,0.0,2568.6447813166355,2024-11-14 16:48:01.196425,0,
853,deposit,397.3770402420898,2475.107930252788,2024-11-14 17:02:01.196425,0,
854,withdrawal,421.40512950747353,3285.608268044435,2024-11-14 17:22:01.196425,0,
855,deposit,288.83448957312953,2595.979963093593,2024-11-14 17:40:01.196425,0,
856,deposit,351.2182776255043,4588.247225774582,2024-11-14 17:50:01.196425,0,
856,phone_change,0.0,4588.247225774582,2024-11-14 17:59:01.196425,0,
857,withdrawal,286.0361079488769,3622.333715511904,2024-11-14 18:07:01.196425,0,
858,deposit,187.28697425190762,3023.947870408623,2024-11-14 18:32:01.196425,0,
859,withdrawal,221.6968378716367,3320.971255204917,2024-11-14 18:34:01.196425,0,
860,withdrawal,348.41032360344,4508.353771502637,2024-11-14 18:55:01.196425,0,
861,deposit,349.7611444806255,2004.2459710084838,2024-11-14 19:10:01.196425,0,
862,withdrawal,120.819902226602,1314.3885562401474,2024-11-14 19:13:01.196425,0,
863,deposit,231.26850970609487,5038.726276127183,2024-11-14 19:36:01.196425,0,
864,deposit,174.77120206487638,2185.8381501682047,2024-11-14 20:01:01.196425,0,
865,withdrawal,137.45424344561565,2409.5156950744035,2024-11-14 20:04:01.196425,0,
866,withdrawal,307.2816012001036,3861.9664874203595,2024-11-14 20:13:01.196425,0,
867,withdrawal,229.6950707468793,4592.753274757814,2024-11-14 20:22:01.196425,0,
868,withdrawal,198.2042289879072,1241.8176952522786,2024-11-14 20:46:01.196425,0,
869,withdrawal,178.16903071305305,1738.1102561611028,2024-11-14 21:04:01.196425,0,
870,deposit,484.21496405733177,5284.207703405964,2024-11-14 21:21:01.196425,0,
871,withdrawal,467.25366720014625,2960.7006393358683,2024-11-14 21:50:01.196425,0,
872,withdrawal,305.8989692929094,2872.8108112849204,2024-11-14 22:18:01.196425,0,
873,deposit,434.1941645554681,1526.4188637908737,2024-11-14 22:24:01.196425,0,
874,deposit,404.655606018017,5147.647218473607,2024-11-14 22:51:01.196425,0,
875,deposit,639.4454677324868,3760.5195771230965,2024-11-14 23:13:01.196425,0,
876,withdrawal,352.76369903151675,4219.867595313439,2024-11-14 23:20:01.196425,0,
877,deposit,765.4409242309501,5726.44154630668,2024-11-14 23:27:01.196425,0,
878,withdrawal,429.2745427868705,4283.261863503205,2024-11-14 23:39:01.196425,0,
879,withdrawal,333.4453047455664,3526.0275533806894,2024-11-15 00:08:01.196425,0,
880,deposit,468.0205666521789,5018.823531740846,2024-11-15 00:13:01.196425,0,
880,email_change,0.0,5018.823531740846,2024-11-15 00:34:01.196425,0,
881,deposit,578.6042484463036,3571.392473055724,2024-11-15 00:44:01.196425,0,
882,withdrawal,275.24171506043473,898.0596124860756,2024-11-15 01:06:01.196425,0,
883,withdrawal,334.9566540472302,3894.068164649015,2024-11-15 01:24:01.196425,0,
884,withdrawal,166.04088706491137,1447.1646538756074,2024-11-15 01:32:01.196425,0,
885,deposit,337.39829629497876,2848.100840303514,2024-11-15 01:49:01.196425,0,
886,withdrawal,138.61467788596434,2477.5885605603794,2024-11-15 02:02:01.196425,0,
887,deposit,672.0947527453172,4472.11820971706,2024-11-15 02:07:01.196425,0,
888,deposit,384.07672247351013,1449.083580478236,2024-11-15 02:29:01.196425,0,
888,phone_change,0.0,1449.083580478236,2024-11-15 02:36:01.196425,0,
889,withdrawal,264.44326361756123,2796.9263084933236,2024-11-15 02:57:01.196425,0,
890,withdrawal,310.31250160632834,3938.799551836733,2024-11-15 03:13:01.196425,0,
891,deposit,658.9931253061907,2345.427079419911,2024-11-15 03:29:01.196425,0,
891,phone_change,0.0,2345.427079419911,2024-11-15 03:52:01.196425,0,
892,deposit,894.8084137404992,2904.343758721673,2024-11-15 03:58:01.196425,0,
892,email_change,0.0,2904.343758721673,2024-11-15 04:13:01.196425,0,
893,withdrawal,229.05118460487728,1135.058066968392,2024-11-15 04:21:01.196425,0,
894,withdrawal,183.36361350013084,1143.7804611148138,2024-11-15 04:51:01.196425,0,
895,withdrawal,197.32167659473825,2638.308697481913,2024-11-15 05:15:01.196425,0,
895,phone_change,0.0,2638.308697481913,2024-11-15 05:24:01.196425,0,
896,withdrawal,347.09808962023243,1265.0594004422926,2024-11-15 05:26:01.196425,0,
897,withdrawal,387.5354343938975,1230.3624312404145,2024-11-15 05:29:01.196425,0,
897,password_change,0.0,1230.3624312404145,2024-11-15 05:54:01.196425,0,
898,withdrawal,484.2966372639635,2849.41328131573,2024-11-15 06:17:01.196425,0,
899,deposit,562.9093782651414,1725.1836725687842,2024-11-15 06:40:01.196425,0,
900,deposit,228.15944549888926,1519.4786366089377,2024-11-15 06:47:01.196425,0,
901,withdrawal,274.8949469468601,2118.991759654557,2024-11-15 06:51:01.196425,0,
902,deposit,327.4055260857913,2837.779073953844,2024-11-15 06:58:01.196425,0,
903,deposit,354.7025144273013,5143.2585950453795,2024-11-15 07:17:01.196425,0,
904,withdrawal,410.14869331188606,1429.5541678790803,2024-11-15 07:45:01.196425,0,
905,deposit,275.43256664181825,4736.157401249236,2024-11-15 07:58:01.196425,0,
906,deposit,417.4060710491525,1800.718405882088,2024-11-15 08:22:01.196425,0,
907,deposit,285.7637232270767,4751.190414289732,2024-11-15 08:23:01.196425,0,
907,email_change,0.0,4751.190414289732,2024-11-15 08:52:01.196425,0,
908,deposit,387.09107487118723,2071.9275734514927,2024-11-15 09:03:01.196425,0,
908,phone_change,0.0,2071.9275734514927,2024-11-15 09:13:01.196425,0,
909,withdrawal,144.40032125233446,2341.440565323465,2024-11-15 09:18:01.196425,0,
910,withdrawal,215.7808206747704,2985.2825416302726,2024-11-15 09:29:01.196425,0,
911,deposit,510.1451472847455,2283.4732667421417,2024-11-15 09:58:01.196425,0,
912,deposit,858.8384971335838,5791.31965212376,2024-11-15 10:15:01.196425,0,
913,deposit,719.9255900668963,4833.025889708344,2024-11-15 10:32:01.196425,0,
914,deposit,315.011910034193,1820.2771970925905,2024-11-15 10:47:01.196425,0,
914,phone_change,0.0,1820.2771970925905,2024-11-15 11:14:01.196425,0,
915,withdrawal,217.58552533356936,1737.0226867678803,2024-11-15 11:34:01.196425,0,
916,deposit,811.6684381664039,2306.7529376728044,2024-11-15 11:58:01.196425,0,
917,deposit,352.3584561870979,4253.596032298404,2024-11-15 12:18:01.196425,0,
918,deposit,472.56069395481546,2665.376838653811,2024-11-15 12:42:01.196425,0,
919,deposit,861.910455703338,1985.5203208030339,2024-11-15 13:04:01.196425,0,
920,deposit,464.0258085327152,4549.771560238437,2024-11-15 13:33:01.196425,0,
921,deposit,508.3987713870193,3444.3738088193572,2024-11-15 13:40:01.196425,0,
921,phone_change,0.0,3444.3738088193572,2024-11-15 14:07:01.196425,0,
922,withdrawal,456.71166568511745,1046.6593254151292,2024-11-15 14:25:01.196425,0,
923,deposit,865.8986168492523,4930.161793500643,2024-11-15 14:40:01.196425,0,
924,deposit,465.12939829047076,5291.916863971547,2024-11-15 15:04:01.196425,0,
925,deposit,316.795613138931,1796.5496161618726,2024-11-15 15:30:01.196425,0,
926,withdrawal,62.576966131801115,3437.549757793381,2024-11-15 15:36:01.196425,0,
927,deposit,966.9132215081272,4455.596408052381,2024-11-15 15:51:01.196425,0,
928,withdrawal,79.7642562522092,1620.2499423484178,2024-11-15 16:11:01.196425,0,
929,deposit,882.9630788292491,3353.7263085950362,2024-11-15 16:23:01.196425,0,
930,withdrawal,350.09839266004514,1409.60480662011,2024-11-15 16:46:01.196425,0,
930,email_change,0.0,1409.60480662011,2024-11-15 17:02:01.196425,0,
931,deposit,866.9544920559583,2273.604798108329,2024-11-15 17:23:01.196425,0,
931,phone_change,0.0,2273.604798108329,2024-11-15 17:42:01.196425,0,
932,withdrawal,237.39697255283576,2072.318281999124,2024-11-15 17:58:01.196425,0,
933,withdrawal,323.7803150677294,1225.9011457269025,2024-11-15 18:26:01.196425,0,
934,deposit,319.42426395008124,3117.611215457678,2024-11-15 18:37:01.196425,0,
935,deposit,973.8969729217267,3765.9921245333653,2024-11-15 18:45:01.196425,0,
936,deposit,596.1489664770157,4581.853526273385,2024-11-15 19:03:01.196425,0,
936,password_change,0.0,4581.853526273385,2024-11-15 19:22:01.196425,0,
937,deposit,107.81123740537647,4961.405606515751,2024-11-15 19:41:01.196425,0,
938,withdrawal,205.91799426160955,1391.7905338167427,2024-11-15 19:48:01.196425,0,
939,withdrawal,189.08350938473814,2788.9646243429484,2024-11-15 19:55:01.196425,0,
940,deposit,935.776409064102,3030.355905140604,2024-11-15 20:11:01.196425,0,
941,deposit,473.2579003544704,3252.2111985981783,2024-11-15 20:14:01.196425,0,
942,deposit,465.2238084758848,2073.1176353986925,2024-11-15 20:44:01.196425,0,
943,withdrawal,382.88162506147523,1389.8201649828231,2024-11-15 20:53:01.196425,0,
944,deposit,585.8241499751246,3159.341418503508,2024-11-15 21:06:01.196425,0,
945,deposit,784.4335283485575,4429.0121537657615,2024-11-15 21:17:01.196425,0,
946,deposit,527.8344143197015,2706.0220753096305,2024-11-15 21:33:01.196425,0,
947,withdrawal,443.6342444159726,2642.2241940132617,2024-11-15 21:57:01.196425,0,
948,withdrawal,396.58497002662756,2155.102388781044,2024-11-15 22:03:01.196425,0,
949,deposit,760.1585235875137,3235.0997898553737,2024-11-15 22:04:01.196425,0,
950,deposit,688.0226628196824,2097.935771313445,2024-11-15 22:17:01.196425,0,
951,withdrawal,288.0168638382619,886.989661366303,2024-11-15 22:25:01.196425,0,
952,withdrawal,167.34041488715982,1447.69190173843,2024-11-15 22:36:01.196425,0,
953,deposit,771.1802848573853,2526.8874518862526,2024-11-15 22:46:01.196425,0,
954,withdrawal,175.9595179073519,4216.743134259539,2024-11-15 22:58:01.196425,0,
955,deposit,466.9969273026045,1609.520087777539,2024-11-15 23:23:01.196425,0,
956,deposit,147.61395049913847,2218.4414913998903,2024-11-15 23:32:01.196425,0,
957,deposit,427.8758612296343,3117.732943483301,2024-11-15 23:38:01.196425,0,
958,withdrawal,433.7097268554833,2558.382646870738,2024-11-16 00:06:01.196425,0,
959,deposit,579.4460128483813,2547.945436298698,2024-11-16 00:32:01.196425,0,
960,withdrawal,485.49217775779374,4053.3990179701223,2024-11-16 00:37:01.196425,0,
961,deposit,876.6471861046538,5507.633409963828,2024-11-16 00:41:01.196425,0,
962,withdrawal,408.41635468036986,1295.001120223686,2024-11-16 00:50:01.196425,0,
963,deposit,528.6959014929753,4932.294980566657,2024-11-16 00:57:01.196425,0,
963,password_change,0.0,4932.294980566657,2024-11-16 01:26:01.196425,0,
964,deposit,238.88796317737197,4322.862977714664,2024-11-16 01:53:01.196425,0,
965,withdrawal,74.62383875255225,4810.09984976739,2024-11-16 02:14:01.196425,0,
966,deposit,432.4698988229126,1768.3492088810933,2024-11-16 02:34:01.196425,0,
967,deposit,512.4469515190877,1908.4750985011738,2024-11-16 02:55:01.196425,0,
968,withdrawal,95.14961105449072,1288.7934840043417,2024-11-16 03:02:01.196425,0,
968,password_change,0.0,1288.7934840043417,2024-11-16 03:18:01.196425,0,
969,withdrawal,203.5934918294956,3209.546612279446,2024-11-16 03:44:01.196425,0,
969,password_change,0.0,3209.546612279446,2024-11-16 04:01:01.196425,0,
970,deposit,331.61154723521497,3233.602295763776,2024-11-16 04:12:01.196425,0,
971,withdrawal,423.81381870234134,2134.7333199848235,2024-11-16 04:16:01.196425,0,
972,withdrawal,286.5746470251176,3614.432692391618,2024-11-16 04:46:01.196425,0,
973,deposit,731.6087393233614,4235.37451568168,2024-11-16 05:08:01.196425,0,
973,email_change,0.0,4235.37451568168,2024-11-16 05:19:01.196425,0,
974,deposit,217.579213283574,4629.934889508252,2024-11-16 05:46:01.196425,0,
975,withdrawal,74.09281159725695,2116.2455415414393,2024-11-16 05:50:01.196425,0,
976,withdrawal,425.8443547484968,2409.195530359449,2024-11-16 05:51:01.196425,0,
976,password_change,0.0,2409.195530359449,2024-11-16 06:06:01.196425,0,
977,withdrawal,397.74598737115053,1542.3281184540097,2024-11-16 06:31:01.196425,0,
978,withdrawal,68.18736226481005,4636.915887873322,2024-11-16 06:42:01.196425,0,
978,email_change,0.0,4636.915887873322,2024-11-16 07:01:01.196425,0,
979,deposit,248.323210691768,3605.0219688826323,2024-11-16 07:13:01.196425,0,
980,withdrawal,314.0945539551488,2249.221260615332,2024-11-16 07:40:01.196425,0,
981,deposit,818.5763908165234,2448.6640879766073,2024-11-16 08:02:01.196425,0,
982,deposit,709.4331237408185,4741.212982158814,2024-11-16 08:13:01.196425,0,
983,withdrawal,254.61369937875645,3221.073625602393,2024-11-16 08:29:01.196425,0,
984,deposit,856.0268404920668,2317.5698886993887,2024-11-16 08:52:01.196425,0,
985,deposit,207.4483831825144,1411.2693972712757,2024-11-16 09:05:01.196425,0,
985,password_change,0.0,1411.2693972712757,2024-11-16 09:25:01.196425,0,
986,withdrawal,91.868840496886,2353.8721760538533,2024-11-16 09:35:01.196425,0,
987,deposit,286.25018444669513,2312.662517574633,2024-11-16 09:42:01.196425,0,
988,withdrawal,380.4534573685159,2813.4923295206254,2024-11-16 09:53:01.196425,0,
988,email_change,0.0,2813.4923295206254,2024-11-16 10:23:01.196425,0,
989,withdrawal,176.63205005810977,3356.0956394083214,2024-11-16 10:30:01.196425,0,
990,withdrawal,362.1429159658065,3047.9850848499213,2024-11-16 10:42:01.196425,0,
991,withdrawal,221.2596438093721,1287.3565957644312,2024-11-16 11:04:01.196425,0,
992,deposit,662.5297848698528,5135.856164375284,2024-11-16 11:23:01.196425,0,
992,phone_change,0.0,5135.856164375284,2024-11-16 11:36:01.196425,0,
993,deposit,714.5096851031076,2808.473401610976,2024-11-16 11:57:01.196425,0,
993,password_change,0.0,2808.473401610976,2024-11-16 12:04:01.196425,0,
994,deposit,788.0481951382432,3261.938642326326,2024-11-16 12:23:01.196425,0,
995,withdrawal,184.4120134387217,4399.56821835238,2024-11-16 12:24:01.196425,0,
996,deposit,565.9710559423903,3191.8329859473643,2024-11-16 12:47:01.196425,0,
997,deposit,591.9603794845322,3652.685466846263,2024-11-16 12:54:01.196425,0,
998,withdrawal,183.6342947957858,1380.8287687809518,2024-11-16 13:24:01.196425,0,
999,withdrawal,416.0096702313722,1219.602553160043,2024-11-16 13:41:01.196425,0,
100,fraud,3837.0089746209287,-410.2111204759335,2024-11-16 13:50:01.196425,1,
100,failed_login,0.0,-410.2111204759335,2024-11-16 14:04:01.196425,1,
101,fraud,1494.4109532444525,872.4762865795858,2024-11-16 14:24:01.196425,1,
101,password_change,0.0,872.4762865795858,2024-11-16 14:31:01.196425,1,
102,fraud,1906.5201825140148,3187.6860933239295,2024-11-16 14:33:01.196425,1,
103,fraud,371.686532400233,4694.877353970137,2024-11-16 14:37:01.196425,1,
103,phone_change,0.0,4694.877353970137,2024-11-16 15:02:01.196425,1,
104,fraud,325.99345433963043,4101.968603197861,2024-11-16 15:31:01.196425,1,
104,phone_change,0.0,4101.968603197861,2024-11-16 15:50:01.196425,1,
105,fraud,973.9532499331107,2089.8461157920397,2024-11-16 16:09:01.196425,1,
105,withdrawal,0.0,2089.8461157920397,2024-11-16 16:16:01.196425,1,
106,fraud,2520.031069425201,1948.1275505850836,2024-11-16 16:40:01.196425,1,
106,phone_change,0.0,1948.1275505850836,2024-11-16 16:58:01.196425,1,
107,fraud,3335.0592305909927,7484.048173021532,2024-11-16 17:13:01.196425,1,
108,fraud,507.68195329475066,1676.1874945399136,2024-11-16 17:33:01.196425,1,
108,failed_login,0.0,1676.1874945399136,2024-11-16 17:37:01.196425,1,
109,fraud,2603.7544007337438,1046.6163413055333,2024-11-16 17:46:01.196425,1,
110,fraud,4792.981372471638,-1032.7020232827167,2024-11-16 17:58:01.196425,1,
111,fraud,157.32163300014037,2842.424525858989,2024-11-16 18:08:01.196425,1,
112,fraud,2476.6000548543707,-1360.7219936981253,2024-11-16 18:18:01.196425,1,
113,fraud,163.95228639187818,4759.955636388555,2024-11-16 18:33:01.196425,1,
113,phone_change,0.0,4759.955636388555,2024-11-16 19:02:01.196425,1,
114,fraud,144.86169931717532,3107.4060788831353,2024-11-16 19:31:01.196425,1,
115,fraud,2921.4133894713427,4364.206430531538,2024-11-16 19:45:01.196425,1,
115,withdrawal,0.0,4364.206430531538,2024-11-16 19:51:01.196425,1,
116,fraud,152.53847585146448,3085.5014776154085,2024-11-16 20:07:01.196425,1,
116,phone_change,0.0,3085.5014776154085,2024-11-16 20:13:01.196425,1,
117,fraud,941.7121263371607,4391.242948977068,2024-11-16 20:23:01.196425,1,
118,fraud,1054.6277715281265,2322.504208342169,2024-11-16 20:35:01.196425,1,
119,fraud,4067.1999903520646,6588.968644388359,2024-11-16 21:00:01.196425,1,
120,fraud,4898.209902096141,-1190.05337399561,2024-11-16 21:25:01.196425,1,
121,fraud,4400.33047057188,-3334.7739217484104,2024-11-16 21:52:01.196425,1,
122,fraud,1550.7122082066899,-64.5614786246806,2024-11-16 22:13:01.196425,1,
122,suspicious_login,0.0,-64.5614786246806,2024-11-16 22:16:01.196425,1,
123,fraud,131.02059188402686,3895.7898844056,2024-11-16 22:27:01.196425,1,
123,phone_change,0.0,3895.7898844056,2024-11-16 22:54:01.196425,1,
124,fraud,4719.648172845604,241.84942399539432,2024-11-16 23:03:01.196425,1,
124,suspicious_login,0.0,241.84942399539432,2024-11-16 23:12:01.196425,1,
125,fraud,576.6583254622765,3559.4423438846625,2024-11-16 23:24:01.196425,1,
126,fraud,134.75069434908656,3845.3768546274014,2024-11-16 23:39:01.196425,1,
126,password_change,0.0,3845.3768546274014,2024-11-17 00:05:01.196425,1,
127,fraud,2739.300658168304,-1407.4279249053352,2024-11-17 00:15:01.196425,1,
128,fraud,1671.9266091599889,3038.2476206853794,2024-11-17 00:41:01.196425,1,
129,fraud,1482.3879971673887,3014.9968334683736,2024-11-17 01:04:01.196425,1,
129,withdrawal,0.0,3014.9968334683736,2024-11-17 01:09:01.196425,1,
130,fraud,313.2877160968274,4441.988226866449,2024-11-17 01:26:01.196425,1,
130,password_change,0.0,4441.988226866449,2024-11-17 01:34:01.196425,1,
131,fraud,153.16015171976278,2958.256917529709,2024-11-17 01:37:01.196425,1,
132,fraud,36.138220435142195,3121.6330848648804,2024-11-17 01:55:01.196425,1,
132,withdrawal,0.0,3121.6330848648804,2024-11-17 02:10:01.196425,1,
133,fraud,322.0681380634932,1534.7382222360425,2024-11-17 02:39:01.196425,1,
133,email_change,0.0,1534.7382222360425,2024-11-17 02:42:01.196425,1,
134,fraud,2306.5555607331135,2059.2649204973495,2024-11-17 02:47:01.196425,1,
134,suspicious_login,0.0,2059.2649204973495,2024-11-17 03:13:01.196425,1,
135,fraud,1995.1790507018054,6219.342213674619,2024-11-17 03:28:01.196425,1,
135,withdrawal,0.0,6219.342213674619,2024-11-17 03:54:01.196425,1,
136,fraud,371.9533076325567,1993.9160019366839,2024-11-17 04:17:01.196425,1,
137,fraud,1899.550352438527,-461.38236780357215,2024-11-17 04:29:01.196425,1,
138,fraud,1499.9864001129595,2781.2909110488486,2024-11-17 04:40:01.196425,1,
138,suspicious_login,0.0,2781.2909110488486,2024-11-17 05:06:01.196425,1,
139,fraud,4469.482265896809,9215.512584282234,2024-11-17 05:18:01.196425,1,
139,deposit,0.0,9215.512584282234,2024-11-17 05:33:01.196425,1,
140,fraud,1087.975796954555,363.2806468644078,2024-11-17 06:02:01.196425,1,
140,suspicious_login,0.0,363.2806468644078,2024-11-17 06:21:01.196425,1,
141,fraud,68.9338103163793,1074.677506999263,2024-11-17 06:30:01.196425,1,
142,fraud,8814.965969246028,-6005.162226022165,2024-11-17 06:40:01.196425,1,
143,fraud,592.9082810764155,3470.372193560467,2024-11-17 07:07:01.196425,1,
143,email_change,0.0,3470.372193560467,2024-11-17 07:33:01.196425,1,
144,fraud,1694.0451945313346,2262.802508816103,2024-11-17 07:51:01.196425,1,
145,fraud,1195.1988936928065,942.9136186625851,2024-11-17 08:01:01.196425,1,
145,withdrawal,0.0,942.9136186625851,2024-11-17 08:23:01.196425,1,
146,fraud,268.8090140880879,3039.935322279982,2024-11-17 08:50:01.196425,1,
147,fraud,8661.100890196893,-6455.715847738595,2024-11-17 08:59:01.196425,1,
148,fraud,867.796597582171,520.8721976043732,2024-11-17 09:07:01.196425,1,
148,withdrawal,0.0,520.8721976043732,2024-11-17 09:23:01.196425,1,
149,fraud,8142.102976144389,-5127.576015126659,2024-11-17 09:47:01.196425,1,
150,fraud,849.0153041431719,4308.036371400288,2024-11-17 10:07:01.196425,1,
150,phone_change,0.0,4308.036371400288,2024-11-17 10:10:01.196425,1,
151,fraud,102.75564669323282,1859.793939287917,2024-11-17 10:21:01.196425,1,
152,fraud,4077.372598604032,-814.3728464322289,2024-11-17 10:34:01.196425,1,
153,fraud,2730.9647516738055,1755.6180297433025,2024-11-17 10:39:01.196425,1,
153,suspicious_login,0.0,1755.6180297433025,2024-11-17 10:45:01.196425,1,
154,fraud,1506.1188087548637,1201.692404772508,2024-11-17 11:08:01.196425,1,
154,withdrawal,0.0,1201.692404772508,2024-11-17 11:35:01.196425,1,
155,fraud,4272.50386572133,8580.626657560266,2024-11-17 11:51:01.196425,1,
155,email_change,0.0,8580.626657560266,2024-11-17 11:53:01.196425,1,
156,fraud,3408.6834579635656,1340.8820895253862,2024-11-17 12:19:01.196425,1,
157,fraud,979.4484133548609,3605.527517051392,2024-11-17 12:24:01.196425,1,
157,withdrawal,0.0,3605.527517051392,2024-11-17 12:47:01.196425,1,
158,fraud,326.5195625410389,3740.63464776517,2024-11-17 13:15:01.196425,1,
158,email_change,0.0,3740.63464776517,2024-11-17 13:33:01.196425,1,
159,fraud,1439.6352444538147,-60.19973526669264,2024-11-17 13:45:01.196425,1,
159,withdrawal,0.0,-60.19973526669264,2024-11-17 13:51:01.196425,1,
160,fraud,532.5900039052702,910.2669610409868,2024-11-17 13:54:01.196425,1,
160,email_change,0.0,910.2669610409868,2024-11-17 14:08:01.196425,1,
161,fraud,2850.4076153712303,163.63303846510416,2024-11-17 14:18:01.196425,1,
161,failed_login,0.0,163.63303846510416,2024-11-17 14:34:01.196425,1,
162,fraud,1482.123746913174,-477.12200476187354,2024-11-17 14:56:01.196425,1,
163,fraud,1596.3340257369284,2629.7826662028156,2024-11-17 15:23:01.196425,1,
164,fraud,3402.2391807685376,1131.3718998366262,2024-11-17 15:53:01.196425,1,
164,withdrawal,0.0,1131.3718998366262,2024-11-17 16:00:01.196425,1,
165,fraud,4501.494987498331,101.00029841943251,2024-11-17 16:19:01.196425,1,
165,withdrawal,0.0,101.00029841943251,2024-11-17 16:37:01.196425,1,
166,fraud,753.5505928926042,2941.778718167766,2024-11-17 16:42:01.196425,1,
166,withdrawal,0.0,2941.778718167766,2024-11-17 16:44:01.196425,1,
167,fraud,491.22859148982127,4320.289697353873,2024-11-17 17:01:01.196425,1,
167,password_change,0.0,4320.289697353873,2024-11-17 17:18:01.196425,1,
168,fraud,1448.0675817153679,-123.42091551267004,2024-11-17 17:36:01.196425,1,
169,fraud,1649.118672721582,1823.5709599411114,2024-11-17 17:40:01.196425,1,
169,withdrawal,0.0,1823.5709599411114,2024-11-17 17:44:01.196425,1,
170,fraud,9844.391068276307,-5004.157341196892,2024-11-17 18:00:01.196425,1,
171,fraud,986.563832945351,4945.915402956635,2024-11-17 18:30:01.196425,1,
171,email_change,0.0,4945.915402956635,2024-11-17 18:37:01.196425,1,
172,fraud,312.2040678879872,2424.970843350084,2024-11-17 18:38:01.196425,1,
172,phone_change,0.0,2424.970843350084,2024-11-17 19:07:01.196425,1,
173,fraud,65.41927845343936,4177.640019607193,2024-11-17 19:18:01.196425,1,
173,phone_change,0.0,4177.640019607193,2024-11-17 19:31:01.196425,1,
174,fraud,501.5952839475596,1667.5659185382904,2024-11-17 19:44:01.196425,1,
174,email_change,0.0,1667.5659185382904,2024-11-17 19:54:01.196425,1,
175,fraud,2660.6283623143086,1417.673875850895,2024-11-17 19:59:01.196425,1,
175,password_change,0.0,1417.673875850895,2024-11-17 20:24:01.196425,1,
176,fraud,6625.740650860394,-4397.354528564432,2024-11-17 20:54:01.196425,1,
176,withdrawal,0.0,-4397.354528564432,2024-11-17 21:22:01.196425,1,
177,fraud,30.682129212873832,4372.075315498774,2024-11-17 21:50:01.196425,1,
177,suspicious_login,0.0,4372.075315498774,2024-11-17 22:16:01.196425,1,
178,fraud,2756.5851234643796,-17.294754413087503,2024-11-17 22:35:01.196425,1,
178,phone_change,0.0,-17.294754413087503,2024-11-17 23:00:01.196425,1,
179,fraud,4999.87874671273,7517.232581162942,2024-11-17 23:07:01.196425,1,
179,deposit,0.0,7517.232581162942,2024-11-17 23:28:01.196425,1,
180,fraud,2125.3974127494494,815.7145209291712,2024-11-17 23:48:01.196425,1,
181,fraud,119.51425441311186,3561.6834328779837,2024-11-18 00:13:01.196425,1,
181,withdrawal,0.0,3561.6834328779837,2024-11-18 00:43:01.196425,1,
182,fraud,1030.0234096592865,3406.9973519555797,2024-11-18 01:08:01.196425,1,
183,fraud,2861.76858415397,5573.878811963787,2024-11-18 01:11:01.196425,1,
184,fraud,444.12759793364876,3700.5115689357704,2024-11-18 01:35:01.196425,1,
185,fraud,1521.4169263973433,1447.371705727993,2024-11-18 02:05:01.196425,1,
186,fraud,163.91639510831266,2504.914641629538,2024-11-18 02:34:01.196425,1,
186,password_change,0.0,2504.914641629538,2024-11-18 02:49:01.196425,1,
187,fraud,1540.5587134160091,2156.2531624296025,2024-11-18 03:08:01.196425,1,
188,fraud,377.71130305871503,4301.438117461101,2024-11-18 03:16:01.196425,1,
189,fraud,534.7326874148988,831.7483883213837,2024-11-18 03:37:01.196425,1,
189,failed_login,0.0,831.7483883213837,2024-11-18 03:39:01.196425,1,
190,fraud,3803.4844993465845,-1228.5198876517807,2024-11-18 03:57:01.196425,1,
190,suspicious_login,0.0,-1228.5198876517807,2024-11-18 04:00:01.196425,1,
191,fraud,29.507793792166346,1915.2459916575192,2024-11-18 04:02:01.196425,1,
192,fraud,175.8814953405412,3962.7005000777162,2024-11-18 04:08:01.196425,1,
193,fraud,134.84902805454956,3697.650968402189,2024-11-18 04:29:01.196425,1,
194,fraud,93.63966936637642,1462.9996827876596,2024-11-18 04:35:01.196425,1,
195,fraud,108.9141991586197,1233.3817960462864,2024-11-18 04:53:01.196425,1,
196,fraud,2788.59943888834,6182.653133732318,2024-11-18 05:22:01.196425,1,
197,fraud,1781.4764805601424,2667.0037380134654,2024-11-18 05:48:01.196425,1,
198,fraud,1664.7381902232237,689.7378611370095,2024-11-18 06:15:01.196425,1,
198,withdrawal,0.0,689.7378611370095,2024-11-18 06:36:01.196425,1,
199,fraud,1975.9784171595247,2074.195145048993,2024-11-18 06:50:01.196425,1,
200,fraud,86.49962798187671,3568.192263334732,2024-11-18 06:53:01.196425,1,
201,fraud,1663.8651406342713,3243.1543303773287,2024-11-18 07:18:01.196425,1,
202,fraud,705.1328074636906,4918.584151078551,2024-11-18 07:41:01.196425,1,
203,fraud,2439.5623419857234,5682.4744365590595,2024-11-18 07:59:01.196425,1,
203,email_change,0.0,5682.4744365590595,2024-11-18 08:23:01.196425,1,
204,fraud,1701.4660230977202,1652.4875967607195,2024-11-18 08:43:01.196425,1,
204,failed_login,0.0,1652.4875967607195,2024-11-18 08:58:01.196425,1,
205,fraud,1712.7289228563059,-377.9942943266699,2024-11-18 09:07:01.196425,1,
206,fraud,264.31547876944256,3385.1774909992564,2024-11-18 09:14:01.196425,1,
207,fraud,4564.502853219523,-2665.8276669205297,2024-11-18 09:21:01.196425,1,
207,withdrawal,0.0,-2665.8276669205297,2024-11-18 09:41:01.196425,1,
208,fraud,3085.8068715257796,-1435.217120624141,2024-11-18 10:06:01.196425,1,
209,fraud,81.03942820738776,5000.969596788988,2024-11-18 10:36:01.196425,1,
209,withdrawal,0.0,5000.969596788988,2024-11-18 11:01:01.196425,1,
210,fraud,204.5129549721102,1523.0375729463137,2024-11-18 11:06:01.196425,1,
211,fraud,423.4571384390993,3474.703612401622,2024-11-18 11:17:01.196425,1,
212,fraud,3333.0600648875316,1620.2805772362499,2024-11-18 11:25:01.196425,1,
212,suspicious_login,0.0,1620.2805772362499,2024-11-18 11:48:01.196425,1,
213,fraud,1844.122018784288,-837.5472820645721,2024-11-18 12:04:01.196425,1,
213,suspicious_login,0.0,-837.5472820645721,2024-11-18 12:06:01.196425,1,
214,fraud,109.74445204501012,3484.444184833914,2024-11-18 12:27:01.196425,1,
215,fraud,1355.455769193056,2740.9375311252143,2024-11-18 12:56:01.196425,1,
216,fraud,7549.999668491501,-5916.090267472841,2024-11-18 13:17:01.196425,1,
217,fraud,1849.449693814738,-457.1162825833085,2024-11-18 13:36:01.196425,1,
218,fraud,3746.33930470629,5290.770992229483,2024-11-18 13:53:01.196425,1,
218,withdrawal,0.0,5290.770992229483,2024-11-18 14:02:01.196425,1,
219,fraud,730.7156723198226,5363.888906614116,2024-11-18 14:27:01.196425,1,
219,email_change,0.0,5363.888906614116,2024-11-18 14:34:01.196425,1,
220,fraud,78.17354468307802,2800.8616461550137,2024-11-18 14:59:01.196425,1,
221,fraud,1551.2169846561603,2264.8525082234137,2024-11-18 15:03:01.196425,1,
222,fraud,831.4927572455287,5076.489122756975,2024-11-18 15:19:01.196425,1,
223,fraud,948.0025360969795,3267.119878877231,2024-11-18 15:46:01.196425,1,
223,failed_login,0.0,3267.119878877231,2024-11-18 15:50:01.196425,1,
224,fraud,72.36369598779437,1736.073056169259,2024-11-18 15:57:01.196425,1,
224,withdrawal,0.0,1736.073056169259,2024-11-18 16:07:01.196425,1,
225,fraud,8392.454662960892,-6961.162241527516,2024-11-18 16:25:01.196425,1,
225,phone_change,0.0,-6961.162241527516,2024-11-18 16:40:01.196425,1,
226,fraud,470.5661749937276,5260.677374980267,2024-11-18 16:53:01.196425,1,
226,phone_change,0.0,5260.677374980267,2024-11-18 17:20:01.196425,1,
227,fraud,3828.842959820926,5601.419283469765,2024-11-18 17:24:01.196425,1,
228,fraud,1374.979379478888,1825.2245784973165,2024-11-18 17:44:01.196425,1,
228,failed_login,0.0,1825.2245784973165,2024-11-18 17:50:01.196425,1,
229,fraud,450.2870523012267,4088.197151206647,2024-11-18 18:13:01.196425,1,
229,password_change,0.0,4088.197151206647,2024-11-18 18:30:01.196425,1,
230,fraud,2742.943917310509,1520.4345638429354,2024-11-18 18:40:01.196425,1,
231,fraud,1622.842210615492,6487.5636179879675,2024-11-18 18:52:01.196425,1,
232,fraud,15.18965042565137,3272.467258437987,2024-11-18 18:56:01.196425,1,
232,withdrawal,0.0,3272.467258437987,2024-11-18 19:26:01.196425,1,
233,fraud,91.96208614616118,3173.2593833307565,2024-11-18 19:33:01.196425,1,
233,withdrawal,0.0,3173.2593833307565,2024-11-18 19:45:01.196425,1,
234,fraud,2011.2428384218547,-938.0741554808951,2024-11-18 20:04:01.196425,1,
235,fraud,1962.2973222996316,5775.372719206838,2024-11-18 20:11:01.196425,1,
235,deposit,0.0,5775.372719206838,2024-11-18 20:39:01.196425,1,
236,fraud,815.6378400275757,3135.7509948439397,2024-11-18 20:45:01.196425,1,
237,fraud,527.0142100015779,3368.1960851473086,2024-11-18 20:53:01.196425,1,
237,email_change,0.0,3368.1960851473086,2024-11-18 20:59:01.196425,1,
238,fraud,1714.8791345763661,-631.3382787370381,2024-11-18 21:05:01.196425,1,
238,withdrawal,0.0,-631.3382787370381,2024-11-18 21:33:01.196425,1,
239,fraud,371.33833922744935,1509.0593203627661,2024-11-18 21:45:01.196425,1,
240,fraud,574.0827519879108,4535.90354718919,2024-11-18 21:58:01.196425,1,
240,phone_change,0.0,4535.90354718919,2024-11-18 22:20:01.196425,1,
241,fraud,97.16695625377011,2390.1888704454545,2024-11-18 22:48:01.196425,1,
242,fraud,480.62152979055446,3146.100197951075,2024-11-18 23:18:01.196425,1,
242,phone_change,0.0,3146.100197951075,2024-11-18 23:28:01.196425,1,
243,fraud,1158.7793317025948,603.0645010407056,2024-11-18 23:51:01.196425,1,
243,failed_login,0.0,603.0645010407056,2024-11-19 00:18:01.196425,1,
244,fraud,1133.7748140632652,2957.801157254397,2024-11-19 00:45:01.196425,1,
244,withdrawal,0.0,2957.801157254397,2024-11-19 00:54:01.196425,1,
245,fraud,1485.776006346806,557.6856577556819,2024-11-19 01:18:01.196425,1,
245,email_change,0.0,557.6856577556819,2024-11-19 01:42:01.196425,1,
246,fraud,1324.3999974661785,-291.72984592628995,2024-11-19 01:43:01.196425,1,
246,suspicious_login,0.0,-291.72984592628995,2024-11-19 01:48:01.196425,1,
247,fraud,40.791472304872684,1331.8526037943964,2024-11-19 01:55:01.196425,1,
247,withdrawal,0.0,1331.8526037943964,2024-11-19 02:15:01.196425,1,
248,fraud,1945.4917390713388,2150.96710388057,2024-11-19 02:24:01.196425,1,
249,fraud,495.364922877297,2966.9206879222197,2024-11-19 02:30:01.196425,1,
250,fraud,4919.141403641102,6004.473951413448,2024-11-19 02:50:01.196425,1,
251,fraud,4722.744079996997,84.01276216077349,2024-11-19 03:08:01.196425,1,
251,suspicious_login,0.0,84.01276216077349,2024-11-19 03:35:01.196425,1,
252,fraud,1766.980161391489,4312.501661857015,2024-11-19 04:00:01.196425,1,
253,fraud,3755.565605024975,-1547.7056364653222,2024-11-19 04:18:01.196425,1,
253,withdrawal,0.0,-1547.7056364653222,2024-11-19 04:32:01.196425,1,
254,fraud,18.204746175676245,3952.4192263484906,2024-11-19 04:54:01.196425,1,
254,withdrawal,0.0,3952.4192263484906,2024-11-19 05:10:01.196425,1,
255,fraud,124.82184784176464,4982.9010025080715,2024-11-19 05:39:01.196425,1,
255,failed_login,0.0,4982.9010025080715,2024-11-19 05:50:01.196425,1,
256,fraud,2.0355396070767418,3607.8883668221383,2024-11-19 06:19:01.196425,1,
257,fraud,119.18234348812769,4517.832048371626,2024-11-19 06:32:01.196425,1,
258,fraud,4871.682576169761,-826.5376656837257,2024-11-19 06:38:01.196425,1,
259,fraud,1228.177053461815,815.3985049837315,2024-11-19 07:00:01.196425,1,
260,fraud,2732.692723314606,396.46068986252794,2024-11-19 07:28:01.196425,1,
261,fraud,4746.437610318622,-1191.8567046125627,2024-11-19 07:54:01.196425,1,
262,fraud,486.322956094194,5212.923086762529,2024-11-19 08:04:01.196425,1,
262,phone_change,0.0,5212.923086762529,2024-11-19 08:09:01.196425,1,
263,fraud,1347.1889668355282,1309.0081353208568,2024-11-19 08:13:01.196425,1,
264,fraud,2766.9081489536306,1353.729067365644,2024-11-19 08:36:01.196425,1,
264,suspicious_login,0.0,1353.729067365644,2024-11-19 08:59:01.196425,1,
265,fraud,1793.879419850284,2797.793543288193,2024-11-19 09:21:01.196425,1,
265,withdrawal,0.0,2797.793543288193,2024-11-19 09:49:01.196425,1,
266,fraud,90.35004769067179,3195.345966739583,2024-11-19 09:54:01.196425,1,
267,fraud,1025.0620544800952,3739.0043352456396,2024-11-19 10:01:01.196425,1,
267,password_change,0.0,3739.0043352456396,2024-11-19 10:07:01.196425,1,
268,fraud,191.9476037581858,3805.333216795428,2024-11-19 10:13:01.196425,1,
268,phone_change,0.0,3805.333216795428,2024-11-19 10:25:01.196425,1,
269,fraud,3902.605270822875,-74.69178049449147,2024-11-19 10:49:01.196425,1,
269,suspicious_login,0.0,-74.69178049449147,2024-11-19 11:12:01.196425,1,
270,fraud,574.9935072116043,4413.58813110583,2024-11-19 11:36:01.196425,1,
271,fraud,897.1683071026068,5209.866522128201,2024-11-19 11:41:01.196425,1,
272,fraud,1952.0887115376383,572.4892147824964,2024-11-19 11:57:01.196425,1,
273,fraud,46.76551221323648,2361.9884962731403,2024-11-19 12:19:01.196425,1,
274,fraud,2961.9434326586434,7642.718840253017,2024-11-19 12:20:01.196425,1,
274,withdrawal,0.0,7642.718840253017,2024-11-19 12:30:01.196425,1,
275,fraud,221.29662937377944,3298.351899061863,2024-11-19 12:36:01.196425,1,
276,fraud,1320.4926723088493,455.06140660716005,2024-11-19 13:02:01.196425,1,
276,withdrawal,0.0,455.06140660716005,2024-11-19 13:26:01.196425,1,
277,fraud,7.722444951531959,1050.4823050798252,2024-11-19 13:38:01.196425,1,
278,fraud,512.4416387529272,3785.7142172893723,2024-11-19 13:43:01.196425,1,
279,fraud,3912.047553285058,-377.2301521498339,2024-11-19 13:54:01.196425,1,
280,fraud,270.3805989997068,2566.2716854432956,2024-11-19 13:58:01.196425,1,
280,email_change,0.0,2566.2716854432956,2024-11-19 14:28:01.196425,1,
281,fraud,1902.1241159973943,3629.7253109914855,2024-11-19 14:35:01.196425,1,
281,deposit,0.0,3629.7253109914855,2024-11-19 14:44:01.196425,1,
282,fraud,1024.5130208274272,1255.8309022443323,2024-11-19 15:08:01.196425,1,
283,fraud,481.9445298158018,1157.310801855039,2024-11-19 15:22:01.196425,1,
283,password_change,0.0,1157.310801855039,2024-11-19 15:42:01.196425,1,
284,fraud,196.94672157025357,2829.6947200905324,2024-11-19 16:12:01.196425,1,
284,password_change,0.0,2829.6947200905324,2024-11-19 16:30:01.196425,1,
285,fraud,2758.2737179122523,1858.3001492678068,2024-11-19 16:53:01.196425,1,
285,suspicious_login,0.0,1858.3001492678068,2024-11-19 16:59:01.196425,1,
286,fraud,537.9212321344436,1947.6206113101575,2024-11-19 17:24:01.196425,1,
286,password_change,0.0,1947.6206113101575,2024-11-19 17:35:01.196425,1,
287,fraud,37.06630028480427,4267.216671562509,2024-11-19 17:53:01.196425,1,
287,failed_login,0.0,4267.216671562509,2024-11-19 18:14:01.196425,1,
288,fraud,2640.209745071848,1245.9637867937686,2024-11-19 18:35:01.196425,1,
288,withdrawal,0.0,1245.9637867937686,2024-11-19 18:46:01.196425,1,
289,fraud,2875.1736350635965,-729.4039466702234,2024-11-19 19:10:01.196425,1,
290,fraud,1067.7387303846697,1539.2975786515406,2024-11-19 19:38:01.196425,1,
290,phone_change,0.0,1539.2975786515406,2024-11-19 19:44:01.196425,1,
291,fraud,2161.2349248289283,1418.8869771728291,2024-11-19 19:55:01.196425,1,
291,withdrawal,0.0,1418.8869771728291,2024-11-19 20:17:01.196425,1,
292,fraud,734.4698735637478,4920.248595409479,2024-11-19 20:23:01.196425,1,
292,deposit,0.0,4920.248595409479,2024-11-19 20:28:01.196425,1,
293,fraud,126.71372548441249,1810.3834856235787,2024-11-19 20:31:01.196425,1,
293,email_change,0.0,1810.3834856235787,2024-11-19 20:49:01.196425,1,
294,fraud,168.66517018148082,4616.343607484654,2024-11-19 20:57:01.196425,1,
294,phone_change,0.0,4616.343607484654,2024-11-19 21:13:01.196425,1,
295,fraud,4549.140634428303,-2254.731250035554,2024-11-19 21:23:01.196425,1,
295,password_change,0.0,-2254.731250035554,2024-11-19 21:49:01.196425,1,
296,fraud,1565.1882702347814,3124.395731774078,2024-11-19 22:02:01.196425,1,
297,fraud,903.5203079037533,5055.7567567050555,2024-11-19 22:13:01.196425,1,
298,fraud,15.76161932854913,3738.743631574275,2024-11-19 22:29:01.196425,1,
298,withdrawal,0.0,3738.743631574275,2024-11-19 22:39:01.196425,1,
299,fraud,8004.398220478552,-5374.297809940442,2024-11-19 23:01:01.196425,1,
300,fraud,385.4994635400672,3426.9483209387454,2024-11-19 23:20:01.196425,1,
301,fraud,42.36916841860131,1202.7804153014886,2024-11-19 23:33:01.196425,1,
302,fraud,3641.0551169250516,-1714.3956402500655,2024-11-19 23:50:01.196425,1,
303,fraud,3.120183391175951,3405.3652221463917,2024-11-20 00:11:01.196425,1,
304,fraud,569.199376517008,1606.340767269977,2024-11-20 00:35:01.196425,1,
305,fraud,164.99753089870302,3693.3826335272097,2024-11-20 00:53:01.196425,1,
306,fraud,1389.3252157373365,1345.1200797486488,2024-11-20 01:05:01.196425,1,
307,fraud,2714.0651996783836,-735.2912831012236,2024-11-20 01:25:01.196425,1,
307,withdrawal,0.0,-735.2912831012236,2024-11-20 01:49:01.196425,1,
308,fraud,1206.7779354439422,2771.391656057144,2024-11-20 02:14:01.196425,1,
308,withdrawal,0.0,2771.391656057144,2024-11-20 02:30:01.196425,1,
309,fraud,1518.2828540098533,1836.6083260571006,2024-11-20 02:37:01.196425,1,
309,withdrawal,0.0,1836.6083260571006,2024-11-20 03:02:01.196425,1,
310,fraud,79.99859763120776,4108.553040667783,2024-11-20 03:23:01.196425,1,
311,fraud,1232.5419573168485,215.75856691576314,2024-11-20 03:34:01.196425,1,
311,withdrawal,0.0,215.75856691576314,2024-11-20 04:03:01.196425,1,
312,fraud,8354.99913926333,-3999.837504803213,2024-11-20 04:25:01.196425,1,
313,fraud,650.2652355086833,2634.0280649901615,2024-11-20 04:37:01.196425,1,
314,fraud,4689.655810738458,-2150.606372235583,2024-11-20 04:51:01.196425,1,
314,suspicious_login,0.0,-2150.606372235583,2024-11-20 05:20:01.196425,1,
315,fraud,365.65504484326897,2847.805376293201,2024-11-20 05:21:01.196425,1,
316,fraud,1045.449047674561,3117.628781590634,2024-11-20 05:42:01.196425,1,
316,withdrawal,0.0,3117.628781590634,2024-11-20 06:05:01.196425,1,
317,fraud,4219.407499289599,-1517.635022085481,2024-11-20 06:32:01.196425,1,
318,fraud,96.37033851527225,1548.4907867657018,2024-11-20 06:35:01.196425,1,
319,fraud,3956.09730634707,-1055.2082469223842,2024-11-20 07:01:01.196425,1,
319,failed_login,0.0,-1055.2082469223842,2024-11-20 07:07:01.196425,1,
320,fraud,1967.184277013702,-519.4433153109624,2024-11-20 07:37:01.196425,1,
321,fraud,1451.1745520908262,3575.2696339867766,2024-11-20 07:56:01.196425,1,
322,fraud,128.90419235448968,3966.3317367404215,2024-11-20 08:12:01.196425,1,
322,suspicious_login,0.0,3966.3317367404215,2024-11-20 08:18:01.196425,1,
323,fraud,128.11279084192475,4440.378230902215,2024-11-20 08:23:01.196425,1,
324,fraud,176.87997714046838,4773.783332862553,2024-11-20 08:33:01.196425,1,
325,fraud,533.8869551051595,5045.771388757023,2024-11-20 08:58:01.196425,1,
326,fraud,5657.547431227076,-2260.8798990133796,2024-11-20 09:03:01.196425,1,
327,fraud,2643.841092510779,1776.5105131420378,2024-11-20 09:17:01.196425,1,
328,fraud,49.62328645990963,2263.842981457647,2024-11-20 09:45:01.196425,1,
329,fraud,567.2893726600246,1803.0952027482192,2024-11-20 10:12:01.196425,1,
329,phone_change,0.0,1803.0952027482192,2024-11-20 10:34:01.196425,1,
330,fraud,3182.5677247582094,628.336872524435,2024-11-20 10:36:01.196425,1,
330,failed_login,0.0,628.336872524435,2024-11-20 10:48:01.196425,1,
331,fraud,398.2144034680493,1242.1160025813112,2024-11-20 11:14:01.196425,1,
332,fraud,100.74927983481872,2305.6318604124785,2024-11-20 11:33:01.196425,1,
333,fraud,658.2357155136978,3154.1538354465056,2024-11-20 11:44:01.196425,1,
333,deposit,0.0,3154.1538354465056,2024-11-20 11:45:01.196425,1,
334,fraud,383.42980953774645,2829.834213171679,2024-11-20 12:03:01.196425,1,
335,fraud,417.6598748284673,4825.79428428406,2024-11-20 12:06:01.196425,1,
335,phone_change,0.0,4825.79428428406,2024-11-20 12:32:01.196425,1,
336,fraud,2163.855507216683,1788.3711138775807,2024-11-20 12:53:01.196425,1,
336,password_change,0.0,1788.3711138775807,2024-11-20 13:17:01.196425,1,
337,fraud,9459.999874825739,-5586.912037430978,2024-11-20 13:22:01.196425,1,
337,withdrawal,0.0,-5586.912037430978,2024-11-20 13:48:01.196425,1,
338,fraud,835.9228200361505,2260.633196842705,2024-11-20 14:06:01.196425,1,
339,fraud,1572.404682521076,2125.8740093792076,2024-11-20 14:35:01.196425,1,
339,withdrawal,0.0,2125.8740093792076,2024-11-20 14:49:01.196425,1,
340,fraud,418.9482777873346,4479.008650381562,2024-11-20 15:15:01.196425,1,
341,fraud,2349.8807203676465,-860.7154650159421,2024-11-20 15:16:01.196425,1,
341,suspicious_login,0.0,-860.7154650159421,2024-11-20 15:43:01.196425,1,
342,fraud,473.98766919672244,3488.809293058666,2024-11-20 16:07:01.196425,1,
343,fraud,1377.0889621785996,2502.846089678148,2024-11-20 16:33:01.196425,1,
344,fraud,249.61822647269005,1510.44620017239,2024-11-20 17:03:01.196425,1,
344,email_change,0.0,1510.44620017239,2024-11-20 17:26:01.196425,1,
345,fraud,185.00366409706143,2637.8832940308325,2024-11-20 17:51:01.196425,1,
346,fraud,959.2100250364648,2650.000396033057,2024-11-20 18:21:01.196425,1,
347,fraud,4625.41110455467,-748.1362235692518,2024-11-20 18:46:01.196425,1,
348,fraud,1774.5512807645862,869.937193022736,2024-11-20 19:10:01.196425,1,
348,withdrawal,0.0,869.937193022736,2024-11-20 19:36:01.196425,1,
349,fraud,1778.763309858151,1128.4700209204102,2024-11-20 20:01:01.196425,1,
349,withdrawal,0.0,1128.4700209204102,2024-11-20 20:18:01.196425,1,
350,fraud,24.058901766063723,1896.503738680547,2024-11-20 20:21:01.196425,1,
351,fraud,18.315046287231574,3732.2160880719084,2024-11-20 20:46:01.196425,1,
351,suspicious_login,0.0,3732.2160880719084,2024-11-20 20:49:01.196425,1,
352,fraud,535.4838004621196,4579.589513090445,2024-11-20 21:18:01.196425,1,
353,fraud,2873.7797077118057,-1393.2777292803082,2024-11-20 21:30:01.196425,1,
353,suspicious_login,0.0,-1393.2777292803082,2024-11-20 21:50:01.196425,1,
354,fraud,1704.711587863044,1284.2305568088093,2024-11-20 21:53:01.196425,1,
355,fraud,1655.4939303527367,4403.294667576792,2024-11-20 21:54:01.196425,1,
355,deposit,0.0,4403.294667576792,2024-11-20 22:08:01.196425,1,
356,fraud,67.09086728965897,4851.312420616418,2024-11-20 22:23:01.196425,1,
356,withdrawal,0.0,4851.312420616418,2024-11-20 22:29:01.196425,1,
357,fraud,1237.1201732346765,3531.3173409477113,2024-11-20 22:59:01.196425,1,
357,withdrawal,0.0,3531.3173409477113,2024-11-20 23:10:01.196425,1,
358,fraud,2195.104131771943,1078.474237316238,2024-11-20 23:37:01.196425,1,
359,fraud,577.8897018104476,4253.889610529646,2024-11-20 23:54:01.196425,1,
359,withdrawal,0.0,4253.889610529646,2024-11-21 00:12:01.196425,1,
360,fraud,3988.415914610045,-546.7875323037802,2024-11-21 00:24:01.196425,1,
361,fraud,4353.266241765025,8421.211509575269,2024-11-21 00:46:01.196425,1,
361,deposit,0.0,8421.211509575269,2024-11-21 00:54:01.196425,1,
362,fraud,1633.35342211047,1417.8301664238224,2024-11-21 01:06:01.196425,1,
363,fraud,723.7525325038143,1967.1275840634464,2024-11-21 01:32:01.196425,1,
363,password_change,0.0,1967.1275840634464,2024-11-21 01:38:01.196425,1,
364,fraud,53.03614189692985,4459.068918476866,2024-11-21 01:50:01.196425,1,
364,withdrawal,0.0,4459.068918476866,2024-11-21 01:57:01.196425,1,
365,fraud,129.1220324782232,1587.554185540094,2024-11-21 02:24:01.196425,1,
365,password_change,0.0,1587.554185540094,2024-11-21 02:48:01.196425,1,
366,fraud,121.32085699964173,3741.5008283396683,2024-11-21 02:57:01.196425,1,
367,fraud,792.8727501373389,2599.0125412191046,2024-11-21 03:19:01.196425,1,
367,withdrawal,0.0,2599.0125412191046,2024-11-21 03:22:01.196425,1,
368,fraud,2909.357450675249,620.4923343388564,2024-11-21 03:31:01.196425,1,
368,password_change,0.0,620.4923343388564,2024-11-21 03:34:01.196425,1,
369,fraud,2249.313722309665,-450.624462596129,2024-11-21 03:46:01.196425,1,
369,withdrawal,0.0,-450.624462596129,2024-11-21 04:06:01.196425,1,
370,fraud,150.83032776935676,2462.404079948117,2024-11-21 04:30:01.196425,1,
370,withdrawal,0.0,2462.404079948117,2024-11-21 05:00:01.196425,1,
371,fraud,788.4070961995278,4135.41562613331,2024-11-21 05:04:01.196425,1,
372,fraud,146.9476479382994,1297.6468813940194,2024-11-21 05:31:01.196425,1,
372,phone_change,0.0,1297.6468813940194,2024-11-21 05:37:01.196425,1,
373,fraud,2259.768468768421,6242.241833551417,2024-11-21 05:41:01.196425,1,
373,deposit,0.0,6242.241833551417,2024-11-21 06:08:01.196425,1,
374,fraud,2056.872176951808,-532.8048568572788,2024-11-21 06:36:01.196425,1,
375,fraud,2216.694805480871,-497.9907536838937,2024-11-21 07:03:01.196425,1,
375,withdrawal,0.0,-497.9907536838937,2024-11-21 07:29:01.196425,1,
376,fraud,899.2837222645013,3743.7836665923996,2024-11-21 07:52:01.196425,1,
377,fraud,709.6641485602576,2114.807460250442,2024-11-21 07:57:01.196425,1,
378,fraud,1018.1788009976875,3512.6858973860594,2024-11-21 08:24:01.196425,1,
379,fraud,734.4117936533636,1891.7314695411928,2024-11-21 08:51:01.196425,1,
380,fraud,156.31664947562822,4237.848947519263,2024-11-21 09:18:01.196425,1,
381,fraud,953.1735392100621,2298.847847848534,2024-11-21 09:20:01.196425,1,
381,email_change,0.0,2298.847847848534,2024-11-21 09:44:01.196425,1,
382,fraud,1495.5954141031098,5219.558031094279,2024-11-21 09:49:01.196425,1,
383,fraud,1079.3387105811441,3830.1463841721607,2024-11-21 10:01:01.196425,1,
383,withdrawal,0.0,3830.1463841721607,2024-11-21 10:03:01.196425,1,
384,fraud,1230.14924943926,1922.0034781820323,2024-11-21 10:05:01.196425,1,
385,fraud,1148.5035401127134,725.3500207462648,2024-11-21 10:23:01.196425,1,
386,fraud,4498.593404732014,7945.140792276956,2024-11-21 10:33:01.196425,1,
387,fraud,1746.2072276244785,-281.62849842357946,2024-11-21 10:53:01.196425,1,
388,fraud,4877.036454499165,9721.901970786465,2024-11-21 11:06:01.196425,1,
389,fraud,1322.3344739188472,-106.70909341442211,2024-11-21 11:23:01.196425,1,
389,withdrawal,0.0,-106.70909341442211,2024-11-21 11:24:01.196425,1,
390,fraud,219.16599082755513,4163.16359879301,2024-11-21 11:44:01.196425,1,
390,email_change,0.0,4163.16359879301,2024-11-21 12:00:01.196425,1,
391,fraud,236.08519389137197,2885.6072049650707,2024-11-21 12:09:01.196425,1,
391,email_change,0.0,2885.6072049650707,2024-11-21 12:29:01.196425,1,
392,fraud,1738.7233749275194,5606.350642344731,2024-11-21 12:36:01.196425,1,
393,fraud,245.08927660959873,1633.8532266764948,2024-11-21 12:46:01.196425,1,
393,email_change,0.0,1633.8532266764948,2024-11-21 13:11:01.196425,1,
394,fraud,935.0321195199842,4461.54286162687,2024-11-21 13:41:01.196425,1,
394,email_change,0.0,4461.54286162687,2024-11-21 14:02:01.196425,1,
395,fraud,1593.1603312144152,618.588057607536,2024-11-21 14:20:01.196425,1,
395,phone_change,0.0,618.588057607536,2024-11-21 14:48:01.196425,1,
396,fraud,19.8272956226032,3330.541593923384,2024-11-21 15:00:01.196425,1,
397,fraud,469.6357106001124,3864.332780777273,2024-11-21 15:16:01.196425,1,
397,phone_change,0.0,3864.332780777273,2024-11-21 15:24:01.196425,1,
398,fraud,170.61175200188643,1625.5914194842658,2024-11-21 15:47:01.196425,1,
398,password_change,0.0,1625.5914194842658,2024-11-21 15:48:01.196425,1,
399,fraud,1236.6283266118373,3107.239777987982,2024-11-21 15:59:01.196425,1,
400,fraud,927.8767526307174,2741.4954334279473,2024-11-21 16:19:01.196425,1,
401,fraud,704.761028918587,4914.7421383251985,2024-11-21 16:24:01.196425,1,
402,fraud,172.17625812151468,1754.4947216681844,2024-11-21 16:38:01.196425,1,
403,fraud,358.52582739723374,4424.786989710472,2024-11-21 16:54:01.196425,1,
403,phone_change,0.0,4424.786989710472,2024-11-21 16:56:01.196425,1,
404,fraud,72.79703666164234,2126.4674524131387,2024-11-21 17:24:01.196425,1,
404,phone_change,0.0,2126.4674524131387,2024-11-21 17:34:01.196425,1,
405,fraud,8525.924281879961,-6939.67936003845,2024-11-21 18:02:01.196425,1,
405,deposit,0.0,-6939.67936003845,2024-11-21 18:32:01.196425,1,
406,fraud,1798.9459561211504,2685.928840542635,2024-11-21 18:44:01.196425,1,
406,withdrawal,0.0,2685.928840542635,2024-11-21 18:53:01.196425,1,
407,fraud,1279.179855846445,4116.850266998935,2024-11-21 19:21:01.196425,1,
408,fraud,472.86025172618133,1668.861971519056,2024-11-21 19:51:01.196425,1,
409,fraud,1516.360141225978,1819.2130732972107,2024-11-21 20:03:01.196425,1,
410,fraud,904.7885523119511,2017.2621272970246,2024-11-21 20:08:01.196425,1,
410,phone_change,0.0,2017.2621272970246,2024-11-21 20:30:01.196425,1,
411,fraud,5163.461337116959,-241.00118882168408,2024-11-21 20:48:01.196425,1,
411,phone_change,0.0,-241.00118882168408,2024-11-21 20:49:01.196425,1,
412,fraud,621.0416300027729,2433.2135871014693,2024-11-21 21:14:01.196425,1,
413,fraud,1353.26115533218,868.1169402872133,2024-11-21 21:28:01.196425,1,
414,fraud,924.2811243983409,2188.68768350227,2024-11-21 21:49:01.196425,1,
415,fraud,4138.295863668394,-2257.2747195079824,2024-11-21 21:51:01.196425,1,
416,fraud,753.4945155843525,3748.237830040165,2024-11-21 22:01:01.196425,1,
417,fraud,4051.3342449953548,8094.756683277071,2024-11-21 22:30:01.196425,1,
418,fraud,3479.0232872099823,5366.553828820803,2024-11-21 22:51:01.196425,1,
419,fraud,3089.5722545471094,4551.520397599137,2024-11-21 23:04:01.196425,1,
420,fraud,81.77231184225762,3205.715023946334,2024-11-21 23:28:01.196425,1,
421,fraud,1534.8467839461898,-318.937030370103,2024-11-21 23:45:01.196425,1,
422,fraud,92.4599822307465,3480.9188558597225,2024-11-21 23:59:01.196425,1,
423,fraud,1175.468467281364,22.09113088771437,2024-11-22 00:26:01.196425,1,
423,failed_login,0.0,22.09113088771437,2024-11-22 00:41:01.196425,1,
424,fraud,1190.9874493537059,3648.8016642838998,2024-11-22 00:52:01.196425,1,
424,phone_change,0.0,3648.8016642838998,2024-11-22 01:00:01.196425,1,
425,fraud,494.8845607127096,4932.69886694945,2024-11-22 01:29:01.196425,1,
426,fraud,6498.050068396636,-2863.354103024756,2024-11-22 01:58:01.196425,1,
427,fraud,130.5828563392797,3427.65056582702,2024-11-22 02:05:01.196425,1,
427,withdrawal,0.0,3427.65056582702,2024-11-22 02:26:01.196425,1,
428,fraud,3262.879528110259,7930.105026483225,2024-11-22 02:52:01.196425,1,
429,fraud,2689.6116926322206,85.74888583970187,2024-11-22 03:05:01.196425,1,
429,phone_change,0.0,85.74888583970187,2024-11-22 03:11:01.196425,1,
430,fraud,82.37234866717564,4169.4864973688145,2024-11-22 03:40:01.196425,1,
430,suspicious_login,0.0,4169.4864973688145,2024-11-22 03:45:01.196425,1,
431,fraud,1533.1541964901744,375.5264704924716,2024-11-22 03:48:01.196425,1,
432,fraud,65.62086340835823,3276.945506458011,2024-11-22 04:07:01.196425,1,
432,withdrawal,0.0,3276.945506458011,2024-11-22 04:10:01.196425,1,
0,withdrawal,376.66374697352376,4142.730866402357,2024-11-22 04:26:01.196425,0,
0,email_change,0.0,4142.730866402357,2024-11-22 04:37:01.196425,0,
1,deposit,408.4657161519373,6010.749552642157,2024-11-22 05:07:01.196425,0,
2,deposit,539.9565793098276,1843.607257454948,2024-11-22 05:29:01.196425,0,
3,withdrawal,133.06120156866984,3131.3917976642706,2024-11-22 05:50:01.196425,0,
4,withdrawal,410.47584049064847,1362.5825748723232,2024-11-22 06:06:01.196425,0,
5,deposit,690.7700148370006,5734.765755232916,2024-11-22 06:14:01.196425,0,
6,withdrawal,159.34575833245415,2358.3792868255396,2024-11-22 06:26:01.196425,0,
7,deposit,750.27030106926,5152.545947312678,2024-11-22 06:27:01.196425,0,
8,deposit,874.2135525851902,2607.8120811407334,2024-11-22 06:33:01.196425,0,
8,password_change,0.0,2607.8120811407334,2024-11-22 06:56:01.196425,0,
9,deposit,173.17348346068903,2832.661931746984,2024-11-22 07:06:01.196425,0,
10,deposit,503.07919520367886,2293.512552244992,2024-11-22 07:10:01.196425,0,
11,deposit,129.8721782877905,4838.504449369336,2024-11-22 07:18:01.196425,0,
12,withdrawal,372.83489705850616,4085.3279989912894,2024-11-22 07:22:01.196425,0,
12,phone_change,0.0,4085.3279989912894,2024-11-22 07:26:01.196425,0,
13,withdrawal,80.82346741812525,4734.357509115628,2024-11-22 07:28:01.196425,0,
14,withdrawal,68.5196588735297,4662.390045489704,2024-11-22 07:35:01.196425,0,
15,withdrawal,356.90819849543277,4528.968589251324,2024-11-22 08:04:01.196425,0,
16,withdrawal,320.14155061202314,4089.3966904692834,2024-11-22 08:19:01.196425,0,
17,deposit,778.853355140668,3654.658947065932,2024-11-22 08:35:01.196425,0,
18,deposit,723.0824457753007,3503.989943364647,2024-11-22 08:45:01.196425,0,
19,withdrawal,494.6918071777754,2234.3846967865256,2024-11-22 09:14:01.196425,0,
20,deposit,832.2904176972661,3164.472787456274,2024-11-22 09:36:01.196425,0,
21,withdrawal,159.6647202838815,2664.22645547946,2024-11-22 09:58:01.196425,0,
22,withdrawal,141.5763771103694,1489.5357709006423,2024-11-22 10:10:01.196425,0,
23,deposit,735.8556285317229,2611.8168765092587,2024-11-22 10:21:01.196425,0,
24,deposit,431.9293931311636,3514.1137794454285,2024-11-22 10:51:01.196425,0,
25,deposit,426.58908525078976,4748.031014306703,2024-11-22 11:11:01.196425,0,
26,deposit,173.74943727708956,2913.527481138094,2024-11-22 11:34:01.196425,0,
27,deposit,613.9397465889998,2092.396043977156,2024-11-22 11:52:01.196425,0,
28,withdrawal,79.5292469705617,2981.962328823976,2024-11-22 12:21:01.196425,0,
29,deposit,617.2657926875702,3651.3553143383524,2024-11-22 12:51:01.196425,0,
30,withdrawal,135.59720920236515,1934.2681232046232,2024-11-22 12:57:01.196425,0,
31,withdrawal,253.6699311815672,4094.4829014256256,2024-11-22 13:01:01.196425,0,
32,withdrawal,208.05694659034,1383.212765993676,2024-11-22 13:02:01.196425,0,
32,email_change,0.0,1383.212765993676,2024-11-22 13:08:01.196425,0,
33,withdrawal,170.05356351338406,2391.390098317906,2024-11-22 13:14:01.196425,0,
34,withdrawal,455.4313676649326,1793.212775157123,2024-11-22 13:27:01.196425,0,
35,withdrawal,323.69806759733564,1020.7071266153989,2024-11-22 13:46:01.196425,0,
36,withdrawal,185.74062467946666,3981.083085433724,2024-11-22 13:52:01.196425,0,
37,deposit,325.2741422510818,5012.897880542802,2024-11-22 14:09:01.196425,0,
38,withdrawal,298.7242803206869,768.1016541377753,2024-11-22 14:26:01.196425,0,
39,deposit,265.7311000267713,4392.511694140422,2024-11-22 14:50:01.196425,0,
40,deposit,171.6528050695759,3084.195502266757,2024-11-22 15:02:01.196425,0,
40,phone_change,0.0,3084.195502266757,2024-11-22 15:27:01.196425,0,
41,withdrawal,97.06409604929144,2928.2324888818703,2024-11-22 15:33:01.196425,0,
41,email_change,0.0,2928.2324888818703,2024-11-22 15:37:01.196425,0,
42,withdrawal,128.33041750687073,3284.535285612612,2024-11-22 16:07:01.196425,0,
42,password_change,0.0,3284.535285612612,2024-11-22 16:25:01.196425,0,
43,deposit,765.9356931686449,5774.298009853846,2024-11-22 16:38:01.196425,0,
44,deposit,715.5238871406293,3252.2829469897897,2024-11-22 16:52:01.196425,0,
45,deposit,110.34625182421951,4573.270641663545,2024-11-22 17:01:01.196425,0,
46,deposit,848.5758411626124,3133.181648252505,2024-11-22 17:08:01.196425,0,
47,withdrawal,287.5357203707777,1883.2934888390423,2024-11-22 17:23:01.196425,0,
47,password_change,0.0,1883.2934888390423,2024-11-22 17:28:01.196425,0,
48,withdrawal,201.9886486989515,1814.4151207486777,2024-11-22 17:39:01.196425,0,
48,email_change,0.0,1814.4151207486777,2024-11-22 18:00:01.196425,0,
49,withdrawal,150.93512468355175,4848.416528391939,2024-11-22 18:24:01.196425,0,
50,withdrawal,288.919791812343,1054.3241081376793,2024-11-22 18:30:01.196425,0,
51,withdrawal,193.88427926215752,1179.3746080692727,2024-11-22 18:36:01.196425,0,
52,deposit,751.289417916642,5285.384721093639,2024-11-22 18:47:01.196425,0,
52,phone_change,0.0,5285.384721093639,2024-11-22 19:14:01.196425,0,
53,deposit,828.1832324442682,5710.602331276349,2024-11-22 19:21:01.196425,0,
54,deposit,362.0266261104636,3529.4782584413724,2024-11-22 19:38:01.196425,0,
55,deposit,674.515019272115,2862.3530862852367,2024-11-22 19:43:01.196425,0,
56,deposit,146.23441849640747,2148.4067198711728,2024-11-22 20:08:01.196425,0,
56,email_change,0.0,2148.4067198711728,2024-11-22 20:16:01.196425,0,
57,withdrawal,162.42340978173084,2986.956610048593,2024-11-22 20:26:01.196425,0,
58,deposit,599.3698417901471,4116.948669047588,2024-11-22 20:32:01.196425,0,
59,deposit,699.5880241664194,2183.093344657859,2024-11-22 20:44:01.196425,0,
60,withdrawal,349.53125516850747,1777.8193719191936,2024-11-22 21:01:01.196425,0,
61,withdrawal,117.63388161728521,2287.2876606619157,2024-11-22 21:23:01.196425,0,
62,withdrawal,444.93063184186684,3106.9402340141605,2024-11-22 21:32:01.196425,0,
63,deposit,694.4845859035793,2032.3239357796826,2024-11-22 22:00:01.196425,0,
64,deposit,468.0907143014873,4448.314423059693,2024-11-22 22:21:01.196425,0,
65,deposit,976.3282102734121,5627.79055247337,2024-11-22 22:32:01.196425,0,
66,deposit,347.87940548067274,2073.3174935395555,2024-11-22 22:38:01.196425,0,
67,deposit,250.16370966730625,4236.050799734934,2024-11-22 22:56:01.196425,0,
67,password_change,0.0,4236.050799734934,2024-11-22 23:06:01.196425,0,
68,withdrawal,317.4340184063791,696.7439367120055,2024-11-22 23:30:01.196425,0,
69,withdrawal,126.36947078765027,4754.470931574089,2024-11-22 23:53:01.196425,0,
70,deposit,254.6385305777678,2314.1463826594354,2024-11-23 00:17:01.196425,0,
71,deposit,344.5357487056821,1340.0324344882201,2024-11-23 00:28:01.196425,0,
72,withdrawal,388.11162059785437,4187.438512908401,2024-11-23 00:42:01.196425,0,
73,deposit,356.93993657540955,5717.904124126119,2024-11-23 01:09:01.196425,0,
74,withdrawal,54.01232612241238,5220.246080482048,2024-11-23 01:34:01.196425,0,
74,password_change,0.0,5220.246080482048,2024-11-23 02:03:01.196425,0,
75,deposit,158.72598457363335,2858.3437209727567,2024-11-23 02:16:01.196425,0,
75,email_change,0.0,2858.3437209727567,2024-11-23 02:34:01.196425,0,
76,withdrawal,405.86768202520915,389.6792686795373,2024-11-23 02:53:01.196425,0,
76,email_change,0.0,389.6792686795373,2024-11-23 02:56:01.196425,0,
77,deposit,898.6190418818667,3665.347944410315,2024-11-23 02:59:01.196425,0,
78,withdrawal,376.10230776117396,4016.9232529587575,2024-11-23 03:02:01.196425,0,
79,withdrawal,74.47626994386714,3851.001170673073,2024-11-23 03:32:01.196425,0,
80,withdrawal,68.56995792167933,2457.4157841380024,2024-11-23 03:41:01.196425,0,
80,phone_change,0.0,2457.4157841380024,2024-11-23 03:49:01.196425,0,
81,withdrawal,438.1289444981532,2906.6874572259176,2024-11-23 04:01:01.196425,0,
82,withdrawal,264.5433473013767,2244.3848937084426,2024-11-23 04:05:01.196425,0,
83,withdrawal,481.7602258619241,1665.0692955464283,2024-11-23 04:22:01.196425,0,
83,phone_change,0.0,1665.0692955464283,2024-11-23 04:50:01.196425,0,
84,withdrawal,306.7314561351989,2669.453864206523,2024-11-23 05:18:01.196425,0,
84,email_change,0.0,2669.453864206523,2024-11-23 05:46:01.196425,0,
85,withdrawal,140.84951438533417,1970.9129008444943,2024-11-23 06:15:01.196425,0,
86,deposit,122.57554441740038,3143.8944589249804,2024-11-23 06:22:01.196425,0,
87,withdrawal,495.518068148214,1844.7037089090793,2024-11-23 06:52:01.196425,0,
88,withdrawal,221.61796731745608,4185.061202493602,2024-11-23 07:03:01.196425,0,
89,deposit,932.1781942107573,4539.840153411672,2024-11-23 07:08:01.196425,0,
90,deposit,977.3344325173969,2955.4387795813427,2024-11-23 07:11:01.196425,0,
91,deposit,264.96683654480603,2981.310562161413,2024-11-23 07:20:01.196425,0,
92,withdrawal,474.0864650471453,1451.826263582467,2024-11-23 07:48:01.196425,0,
93,deposit,464.0609854218068,2128.7012936973515,2024-11-23 08:10:01.196425,0,
94,withdrawal,119.30238455683386,2792.2060253203813,2024-11-23 08:20:01.196425,0,
94,email_change,0.0,2792.2060253203813,2024-11-23 08:27:01.196425,0,
95,deposit,692.5813849514898,3505.000203973523,2024-11-23 08:57:01.196425,0,
96,deposit,393.3471948881906,3708.6992029555154,2024-11-23 09:10:01.196425,0,
97,withdrawal,450.7627790735815,3245.263825294348,2024-11-23 09:37:01.196425,0,
98,deposit,764.8690011600391,1755.4529910735998,2024-11-23 09:53:01.196425,0,
99,withdrawal,470.2583600281682,5127.698832733273,2024-11-23 10:09:01.196425,0,
100,deposit,713.5814117403843,3141.7347747233766,2024-11-23 10:37:01.196425,0,
101,deposit,313.68572978376204,1844.9160987401744,2024-11-23 10:50:01.196425,0,
102,deposit,337.798178570354,4455.62405552,2024-11-23 11:07:01.196425,0,
103,withdrawal,287.7524174057288,4175.8936795625195,2024-11-23 11:16:01.196425,0,
104,deposit,410.72450890559344,3865.5632267161927,2024-11-23 11:46:01.196425,0,
105,deposit,403.10481223302133,2680.8003133177754,2024-11-23 11:50:01.196425,0,
106,withdrawal,110.28273138678047,4648.462027448494,2024-11-23 11:57:01.196425,0,
107,withdrawal,467.5298363220424,2319.7209394283277,2024-11-23 11:59:01.196425,0,
107,phone_change,0.0,2319.7209394283277,2024-11-23 12:12:01.196425,0,
108,deposit,948.5124768439783,4586.282360453279,2024-11-23 12:41:01.196425,0,
109,deposit,952.9113256993871,4115.309038431411,2024-11-23 13:05:01.196425,0,
110,withdrawal,210.91530783090195,1256.7519534166577,2024-11-23 13:23:01.196425,0,
111,withdrawal,267.6723141033802,1664.1251928188435,2024-11-23 13:39:01.196425,0,
112,withdrawal,126.74232883257497,1255.8107697082264,2024-11-23 13:58:01.196425,0,
113,withdrawal,185.21847585704566,1416.0317720429625,2024-11-23 14:20:01.196425,0,
113,password_change,0.0,1416.0317720429625,2024-11-23 14:50:01.196425,0,
114,deposit,220.5167072878988,3303.1886519804875,2024-11-23 15:12:01.196425,0,
115,withdrawal,216.91713515864072,4371.481166142323,2024-11-23 15:32:01.196425,0,
115,phone_change,0.0,4371.481166142323,2024-11-23 15:35:01.196425,0,
116,deposit,101.98525192983611,4845.928760683489,2024-11-23 15:54:01.196425,0,
117,deposit,641.8407835134683,6250.2450954336655,2024-11-23 15:56:01.196425,0,
118,deposit,891.8768769432004,4765.565208755157,2024-11-23 16:05:01.196425,0,
119,withdrawal,443.27023961162155,1566.2023059813705,2024-11-23 16:11:01.196425,0,
120,deposit,889.0147670657843,2492.9824576394567,2024-11-23 16:40:01.196425,0,
120,password_change,0.0,2492.9824576394567,2024-11-23 17:09:01.196425,0,
121,deposit,191.0451941666078,4101.094771321868,2024-11-23 17:26:01.196425,0,
122,withdrawal,345.5190949291884,2951.302683677119,2024-11-23 17:39:01.196425,0,
123,deposit,503.65642170866846,3912.8692929871672,2024-11-23 18:09:01.196425,0,
124,deposit,289.9868147192402,2578.99887834249,2024-11-23 18:31:01.196425,0,
125,deposit,951.4370929603051,5406.001570721222,2024-11-23 18:39:01.196425,0,
126,withdrawal,76.16589478885751,2302.402104277921,2024-11-23 18:58:01.196425,0,
127,deposit,572.3353326577295,2043.6109083227034,2024-11-23 19:04:01.196425,0,
128,deposit,247.01403821999716,2079.373225704389,2024-11-23 19:06:01.196425,0,
129,withdrawal,397.22340314902084,1957.353151398482,2024-11-23 19:17:01.196425,0,
130,withdrawal,273.119746886918,2543.637710599847,2024-11-23 19:40:01.196425,0,
131,withdrawal,376.0657531386467,1294.4925239807724,2024-11-23 19:58:01.196425,0,
131,email_change,0.0,1294.4925239807724,2024-11-23 20:05:01.196425,0,
132,deposit,966.046868394222,3992.9140679872717,2024-11-23 20:33:01.196425,0,
133,deposit,551.0275100582667,4784.323786816953,2024-11-23 21:03:01.196425,0,
133,password_change,0.0,4784.323786816953,2024-11-23 21:16:01.196425,0,
134,deposit,989.8967927293179,3316.3429862385574,2024-11-23 21:35:01.196425,0,
135,withdrawal,461.1619796175693,3310.9891122226973,2024-11-23 21:38:01.196425,0,
136,withdrawal,329.49288499356305,1432.0972181015304,2024-11-23 21:56:01.196425,0,
137,deposit,298.3521747974624,2064.4681174985317,2024-11-23 22:05:01.196425,0,
138,deposit,152.39705410345564,2685.631181311011,2024-11-23 22:23:01.196425,0,
138,email_change,0.0,2685.631181311011,2024-11-23 22:39:01.196425,0,
139,deposit,781.1552142055779,4372.678617885041,2024-11-23 23:00:01.196425,0,
140,deposit,515.3603626205496,2487.0073019670613,2024-11-23 23:05:01.196425,0,
140,email_change,0.0,2487.0073019670613,2024-11-23 23:06:01.196425,0,
141,deposit,958.6008071958157,6178.261432330089,2024-11-23 23:15:01.196425,0,
142,withdrawal,294.76082562933016,588.7515721631391,2024-11-23 23:39:01.196425,0,
143,withdrawal,58.723990805504435,5723.577266518477,2024-11-23 23:57:01.196425,0,
144,deposit,863.1084299188489,5548.514451276156,2024-11-24 00:07:01.196425,0,
145,withdrawal,440.27082720676225,1747.9216767559903,2024-11-24 00:16:01.196425,0,
145,password_change,0.0,1747.9216767559903,2024-11-24 00:38:01.196425,0,
146,deposit,306.9638665577639,4241.901004481143,2024-11-24 00:42:01.196425,0,
147,deposit,371.00195285684583,6027.241374238767,2024-11-24 01:09:01.196425,0,
148,deposit,898.0419523527407,3778.416574075617,2024-11-24 01:26:01.196425,0,
148,password_change,0.0,3778.416574075617,2024-11-24 01:40:01.196425,0,
149,deposit,610.6121709342492,3014.9427373486033,2024-11-24 01:58:01.196425,0,
150,deposit,889.3622193689813,3944.2638442191783,2024-11-24 02:26:01.196425,0,
151,deposit,714.8669745351342,1814.9191022539571,2024-11-24 02:56:01.196425,0,
152,deposit,647.1875083775575,5016.6435176323075,2024-11-24 03:02:01.196425,0,
153,deposit,563.6920020312425,5998.621517347719,2024-11-24 03:04:01.196425,0,
154,withdrawal,414.34717095854097,2072.1955457895383,2024-11-24 03:08:01.196425,0,
155,deposit,680.6599823307527,5450.353844255455,2024-11-24 03:24:01.196425,0,
155,phone_change,0.0,5450.353844255455,2024-11-24 03:25:01.196425,0,
156,withdrawal,332.10125204114297,2462.317612236907,2024-11-24 03:38:01.196425,0,
156,email_change,0.0,2462.317612236907,2024-11-24 04:08:01.196425,0,
157,deposit,678.6454802273017,4417.611633001386,2024-11-24 04:17:01.196425,0,
158,withdrawal,460.23067700810816,2978.5213002903574,2024-11-24 04:25:01.196425,0,
158,password_change,0.0,2978.5213002903574,2024-11-24 04:31:01.196425,0,
159,deposit,216.45266074597265,3130.751761171433,2024-11-24 04:41:01.196425,0,
159,email_change,0.0,3130.751761171433,2024-11-24 04:54:01.196425,0,
160,withdrawal,340.794996854222,2981.1952997165567,2024-11-24 04:57:01.196425,0,
161,withdrawal,258.3394169131987,1532.383275119728,2024-11-24 05:14:01.196425,0,
161,password_change,0.0,1532.383275119728,2024-11-24 05:44:01.196425,0,
162,deposit,676.6021436170954,4990.255640600399,2024-11-24 05:49:01.196425,0,
163,deposit,974.9987726416629,5997.790068788708,2024-11-24 06:03:01.196425,0,
164,withdrawal,213.58864765078715,3023.849170235542,2024-11-24 06:21:01.196425,0,
165,withdrawal,277.94373544904596,4748.601641013845,2024-11-24 06:37:01.196425,0,
166,withdrawal,227.93063968278912,1896.8899707848068,2024-11-24 06:44:01.196425,0,
166,phone_change,0.0,1896.8899707848068,2024-11-24 07:09:01.196425,0,
167,deposit,695.1094815076095,3532.167079768968,2024-11-24 07:11:01.196425,0,
168,withdrawal,444.72449037436604,1468.8851272456188,2024-11-24 07:21:01.196425,0,
168,phone_change,0.0,1468.8851272456188,2024-11-24 07:47:01.196425,0,
169,withdrawal,179.951555825366,4454.921296016053,2024-11-24 07:51:01.196425,0,
170,withdrawal,75.56696680173948,3847.20616391409,2024-11-24 08:05:01.196425,0,
171,withdrawal,326.41727389737423,3159.449871934225,2024-11-24 08:28:01.196425,0,
172,deposit,193.99891143980162,1855.661582632293,2024-11-24 08:56:01.196425,0,
173,deposit,115.9216212989199,4171.963744637053,2024-11-24 09:17:01.196425,0,
174,withdrawal,246.8267546468159,1206.333358840731,2024-11-24 09:33:01.196425,0,
175,deposit,408.833408058167,3041.903249733213,2024-11-24 10:02:01.196425,0,
175,password_change,0.0,3041.903249733213,2024-11-24 10:20:01.196425,0,
176,deposit,456.9570278627858,3319.1626371273424,2024-11-24 10:31:01.196425,0,
177,deposit,329.1915010857159,4373.001492445931,2024-11-24 10:41:01.196425,0,
178,withdrawal,130.17490051887287,1556.177561971437,2024-11-24 10:57:01.196425,0,
178,password_change,0.0,1556.177561971437,2024-11-24 11:08:01.196425,0,
179,withdrawal,269.71493862687475,2081.427757779939,2024-11-24 11:29:01.196425,0,
180,deposit,175.3885155392021,1788.274699627298,2024-11-24 11:33:01.196425,0,
181,withdrawal,434.95625451254324,2382.1248850179054,2024-11-24 11:39:01.196425,0,
182,deposit,976.161319044577,6121.332908811104,2024-11-24 11:58:01.196425,0,
183,withdrawal,358.7288068029985,2916.8603838882686,2024-11-24 12:07:01.196425,0,
184,deposit,626.0475726301781,5574.734754551551,2024-11-24 12:20:01.196425,0,
185,withdrawal,204.36212433483868,3148.241763350801,2024-11-24 12:50:01.196425,0,
186,withdrawal,398.83919014005687,1001.6187934188265,2024-11-24 13:15:01.196425,0,
187,deposit,514.8525636661506,1182.7778382457755,2024-11-24 13:19:01.196425,0,
188,withdrawal,79.28347057763355,3875.81098329722,2024-11-24 13:22:01.196425,0,
189,withdrawal,355.3819601073131,2475.599543437214,2024-11-24 13:35:01.196425,0,
189,email_change,0.0,2475.599543437214,2024-11-24 13:59:01.196425,0,
190,withdrawal,51.08731377043481,3860.287697198398,2024-11-24 14:08:01.196425,0,
191,deposit,903.0824911693948,4671.139249792833,2024-11-24 14:30:01.196425,0,
192,withdrawal,456.40719996747487,2621.4147160696775,2024-11-24 14:46:01.196425,0,
192,phone_change,0.0,2621.4147160696775,2024-11-24 14:51:01.196425,0,
193,withdrawal,469.6435256819284,2853.1890563591433,2024-11-24 15:12:01.196425,0,
194,deposit,231.29671792032102,4219.353467687188,2024-11-24 15:21:01.196425,0,
195,deposit,441.22008237135685,4768.626989595235,2024-11-24 15:40:01.196425,0,
196,deposit,886.2576241153309,4258.52361534178,2024-11-24 16:08:01.196425,0,
197,deposit,568.3949627213689,1177.111987656775,2024-11-24 16:11:01.196425,0,
197,email_change,0.0,1177.111987656775,2024-11-24 16:32:01.196425,0,
198,withdrawal,242.55404268677597,1947.0947895862928,2024-11-24 16:40:01.196425,0,
199,withdrawal,175.0350960575374,5433.514589301371,2024-11-24 17:00:01.196425,0,
200,withdrawal,203.24010072247913,2106.265833904429,2024-11-24 17:28:01.196425,0,
201,deposit,873.6097203364502,3158.0691853703443,2024-11-24 17:36:01.196425,0,
202,withdrawal,330.75839375461646,4706.846687551195,2024-11-24 17:56:01.196425,0,
203,deposit,653.8832998472005,4010.6909441503394,2024-11-24 18:17:01.196425,0,
204,deposit,479.58924697057904,3764.0286871458516,2024-11-24 18:22:01.196425,0,
205,withdrawal,181.68276859824846,1747.4345756415169,2024-11-24 18:51:01.196425,0,
206,deposit,921.270989820688,5772.190896583842,2024-11-24 19:05:01.196425,0,
207,deposit,448.46815991939525,1535.8897918773557,2024-11-24 19:18:01.196425,0,
207,password_change,0.0,1535.8897918773557,2024-11-24 19:38:01.196425,0,
208,withdrawal,454.5303725448393,4267.540945810575,2024-11-24 19:50:01.196425,0,
209,withdrawal,130.30985668083147,3489.3227230353255,2024-11-24 20:09:01.196425,0,
210,deposit,451.1369089345659,3402.567697629103,2024-11-24 20:25:01.196425,0,
211,deposit,925.8700244804083,2830.1725679382403,2024-11-24 20:43:01.196425,0,
212,deposit,844.0742918454323,5743.913035199478,2024-11-24 21:00:01.196425,0,
213,withdrawal,223.80868739725003,4067.0685850424884,2024-11-24 21:24:01.196425,0,
214,withdrawal,369.37827667895596,3634.6278408507455,2024-11-24 21:50:01.196425,0,
215,withdrawal,144.5201114314054,4857.626671057796,2024-11-24 22:18:01.196425,0,
215,password_change,0.0,4857.626671057796,2024-11-24 22:31:01.196425,0,
216,deposit,618.8326652143886,3350.2478129405126,2024-11-24 22:33:01.196425,0,
217,deposit,190.47036744504706,1755.0616808563816,2024-11-24 22:56:01.196425,0,
218,deposit,452.84937057154866,3960.3037656714573,2024-11-24 23:09:01.196425,0,
218,phone_change,0.0,3960.3037656714573,2024-11-24 23:18:01.196425,0,
219,deposit,455.37906232728426,3918.1539583797994,2024-11-24 23:25:01.196425,0,
220,deposit,485.0270463111071,5079.858372121788,2024-11-24 23:44:01.196425,0,
220,email_change,0.0,5079.858372121788,2024-11-25 00:12:01.196425,0,
221,deposit,288.7881470840676,1201.2146071551267,2024-11-25 00:15:01.196425,0,
222,deposit,918.9503194827638,1974.8324220792892,2024-11-25 00:32:01.196425,0,
222,email_change,0.0,1974.8324220792892,2024-11-25 00:35:01.196425,0,
223,withdrawal,200.47061209947077,4007.100842209339,2024-11-25 00:59:01.196425,0,
224,deposit,923.2320490177175,5747.154259058707,2024-11-25 01:19:01.196425,0,
224,email_change,0.0,5747.154259058707,2024-11-25 01:23:01.196425,0,
225,deposit,136.87482204288992,3998.7215709223924,2024-11-25 01:30:01.196425,0,
225,password_change,0.0,3998.7215709223924,2024-11-25 01:59:01.196425,0,
226,withdrawal,85.96229451018222,1532.6342238159336,2024-11-25 02:25:01.196425,0,
227,deposit,500.62441795987496,4070.4564735657605,2024-11-25 02:44:01.196425,0,
227,password_change,0.0,4070.4564735657605,2024-11-25 03:10:01.196425,0,
228,withdrawal,263.68901227628277,2342.79549011648,2024-11-25 03:11:01.196425,0,
229,deposit,790.5777821184458,5145.812104355486,2024-11-25 03:17:01.196425,0,
230,withdrawal,211.11218430632198,2259.3176867390066,2024-11-25 03:35:01.196425,0,
231,deposit,126.97981603709579,1403.8057128351263,2024-11-25 04:01:01.196425,0,
232,withdrawal,434.4814762817605,2018.957471844531,2024-11-25 04:28:01.196425,0,
233,withdrawal,233.5777729652364,3559.299081408743,2024-11-25 04:35:01.196425,0,
233,password_change,0.0,3559.299081408743,2024-11-25 05:00:01.196425,0,
234,withdrawal,76.17772985529427,3001.935729393016,2024-11-25 05:17:01.196425,0,
235,deposit,849.3649173336865,5977.265991633611,2024-11-25 05:22:01.196425,0,
236,withdrawal,268.4364542420872,3893.1438383852474,2024-11-25 05:38:01.196425,0,
237,withdrawal,75.17851154383702,2736.2557607847443,2024-11-25 06:06:01.196425,0,
238,deposit,102.86075445636183,4631.447816202163,2024-11-25 06:10:01.196425,0,
239,deposit,654.7765593071267,4537.808897718131,2024-11-25 06:12:01.196425,0,
239,phone_change,0.0,4537.808897718131,2024-11-25 06:37:01.196425,0,
240,deposit,283.7060242745856,1895.0908946130075,2024-11-25 06:58:01.196425,0,
241,withdrawal,389.42362744362794,4068.5923373555006,2024-11-25 07:25:01.196425,0,
242,deposit,393.06958817271794,3350.3953991945327,2024-11-25 07:33:01.196425,0,
243,deposit,933.8622466109772,2068.8406631485122,2024-11-25 07:45:01.196425,0,
244,deposit,608.9263438207528,2612.9345375021326,2024-11-25 07:56:01.196425,0,
245,withdrawal,456.0730552318274,4066.522462091747,2024-11-25 08:07:01.196425,0,
245,email_change,0.0,4066.522462091747,2024-11-25 08:12:01.196425,0,
246,deposit,974.0432751359143,6363.926991315598,2024-11-25 08:33:01.196425,0,
247,withdrawal,252.1623535537344,3780.9782705784646,2024-11-25 08:51:01.196425,0,
248,withdrawal,436.90500492101546,1805.9748741513617,2024-11-25 09:17:01.196425,0,
249,withdrawal,403.4659120922808,1178.1322959288195,2024-11-25 09:37:01.196425,0,
250,deposit,800.01130307212,5725.886691879154,2024-11-25 10:03:01.196425,0,
251,deposit,841.752513953988,3879.2337127523674,2024-11-25 10:30:01.196425,0,
252,deposit,186.8059471025489,1356.0782709341624,2024-11-25 10:32:01.196425,0,
252,password_change,0.0,1356.0782709341624,2024-11-25 10:48:01.196425,0,
253,withdrawal,306.2877440823096,3010.508020599999,2024-11-25 10:56:01.196425,0,
253,email_change,0.0,3010.508020599999,2024-11-25 11:05:01.196425,0,
254,deposit,942.9033478066598,3457.995169999886,2024-11-25 11:17:01.196425,0,
255,withdrawal,487.7627748001095,4305.9738431783035,2024-11-25 11:39:01.196425,0,
256,withdrawal,262.4582022667817,2526.0848064455604,2024-11-25 12:06:01.196425,0,
257,withdrawal,492.12419851661133,2521.7403918459663,2024-11-25 12:07:01.196425,0,
258,withdrawal,300.8962764888826,4739.927561122801,2024-11-25 12:36:01.196425,0,
259,withdrawal,243.63845051983003,3808.6737132852622,2024-11-25 12:38:01.196425,0,
260,deposit,449.7293019122227,4514.624264590871,2024-11-25 12:42:01.196425,0,
261,deposit,753.2014716911042,3358.569960160007,2024-11-25 12:54:01.196425,0,
262,withdrawal,342.0275702129865,4569.425374261258,2024-11-25 12:55:01.196425,0,
262,password_change,0.0,4569.425374261258,2024-11-25 13:04:01.196425,0,
263,withdrawal,315.59451699898403,4090.0482306756808,2024-11-25 13:31:01.196425,0,
263,email_change,0.0,4090.0482306756808,2024-11-25 13:41:01.196425,0,
264,deposit,341.30623925034485,4192.781503010027,2024-11-25 13:54:01.196425,0,
264,email_change,0.0,4192.781503010027,2024-11-25 14:03:01.196425,0,
265,deposit,236.63383286694912,2352.9850679802485,2024-11-25 14:30:01.196425,0,
266,deposit,503.9857487310083,4813.824576541039,2024-11-25 14:48:01.196425,0,
267,withdrawal,342.0434027507124,2702.371119742147,2024-11-25 15:06:01.196425,0,
268,withdrawal,378.01959473986807,646.6289949052384,2024-11-25 15:24:01.196425,0,
269,deposit,336.0682599711377,2547.7849273454303,2024-11-25 15:33:01.196425,0,
270,deposit,204.59706529531243,3770.781074768605,2024-11-25 15:45:01.196425,0,
270,password_change,0.0,3770.781074768605,2024-11-25 15:59:01.196425,0,
271,withdrawal,448.5797595511113,2300.3790548145407,2024-11-25 16:07:01.196425,0,
272,deposit,842.3952164095031,5350.587306239064,2024-11-25 16:12:01.196425,0,
273,deposit,910.4377765273322,3044.7508187335156,2024-11-25 16:38:01.196425,0,
274,withdrawal,113.13075754654285,2555.776906427443,2024-11-25 16:43:01.196425,0,
275,withdrawal,152.73755840295047,962.8736968054511,2024-11-25 17:06:01.196425,0,
276,deposit,588.8182433647455,3536.9305005895494,2024-11-25 17:20:01.196425,0,
276,password_change,0.0,3536.9305005895494,2024-11-25 17:41:01.196425,0,
277,deposit,220.42462936627814,5895.918538720993,2024-11-25 18:05:01.196425,0,
278,deposit,410.0257693136261,2517.8986969913535,2024-11-25 18:13:01.196425,0,
279,deposit,464.1153259709466,2004.1240421912535,2024-11-25 18:32:01.196425,0,
280,withdrawal,185.95622373518623,2081.058166234382,2024-11-25 18:59:01.196425,0,
281,deposit,193.23692646515448,1563.455812420575,2024-11-25 19:11:01.196425,0,
282,deposit,659.3150292039174,5142.1201006902575,2024-11-25 19:14:01.196425,0,
283,withdrawal,385.59733854006004,3225.7211161317136,2024-11-25 19:29:01.196425,0,
283,phone_change,0.0,3225.7211161317136,2024-11-25 19:44:01.196425,0,
284,deposit,221.43609538067116,3859.076442546335,2024-11-25 20:13:01.196425,0,
285,withdrawal,175.70874059624472,2887.5915117734917,2024-11-25 20:15:01.196425,0,
286,deposit,629.9311025242115,3586.5979078478317,2024-11-25 20:42:01.196425,0,
287,withdrawal,412.6049380361773,3413.2692586679836,2024-11-25 20:43:01.196425,0,
287,password_change,0.0,3413.2692586679836,2024-11-25 21:05:01.196425,0,
288,deposit,988.0654182651865,3202.852910687398,2024-11-25 21:06:01.196425,0,
288,phone_change,0.0,3202.852910687398,2024-11-25 21:25:01.196425,0,
289,withdrawal,376.21721494742644,3981.8437535348285,2024-11-25 21:30:01.196425,0,
290,deposit,420.68526702676087,5593.138135384646,2024-11-25 21:48:01.196425,0,
291,withdrawal,339.87374413978137,4052.662957768669,2024-11-25 21:51:01.196425,0,
292,deposit,780.6698179531733,5002.859079503752,2024-11-25 22:21:01.196425,0,
293,withdrawal,174.96419139846503,1552.0834109102495,2024-11-25 22:23:01.196425,0,
293,phone_change,0.0,1552.0834109102495,2024-11-25 22:33:01.196425,0,
294,withdrawal,386.67735353114807,198.67665952202714,2024-11-25 22:36:01.196425,0,
295,deposit,601.8631157094968,4050.0414582602834,2024-11-25 22:59:01.196425,0,
296,withdrawal,101.16126279226928,3534.662871368357,2024-11-25 23:20:01.196425,0,
297,withdrawal,129.91676677154462,1563.2837126425886,2024-11-25 23:45:01.196425,0,
298,deposit,722.910897478416,5676.021693149732,2024-11-25 23:50:01.196425,0,
299,deposit,962.6129735036071,5403.430621571325,2024-11-26 00:19:01.196425,0,
300,deposit,422.76363519764175,3368.076005056415,2024-11-26 00:24:01.196425,0,
300,email_change,0.0,3368.076005056415,2024-11-26 00:27:01.196425,0,
301,withdrawal,388.7244359614548,1563.6890734934022,2024-11-26 00:36:01.196425,0,
302,deposit,902.9757307599474,3678.562990220343,2024-11-26 00:55:01.196425,0,
303,deposit,347.0773249525765,2684.7062843712783,2024-11-26 01:17:01.196425,0,
304,deposit,252.33962988823038,4206.435560572613,2024-11-26 01:30:01.196425,0,
305,deposit,672.8127692422873,4486.661267782825,2024-11-26 01:31:01.196425,0,
306,deposit,480.34701112845187,2918.1524594776733,2024-11-26 01:37:01.196425,0,
306,password_change,0.0,2918.1524594776733,2024-11-26 02:03:01.196425,0,
307,withdrawal,295.35054118940803,2350.5809094884175,2024-11-26 02:27:01.196425,0,
308,deposit,564.8726051742858,2053.625811937265,2024-11-26 02:54:01.196425,0,
309,deposit,276.0603823158061,3153.8608663164096,2024-11-26 02:56:01.196425,0,
309,email_change,0.0,3153.8608663164096,2024-11-26 03:23:01.196425,0,
310,deposit,900.3540105296967,3121.497232573401,2024-11-26 03:48:01.196425,0,
311,deposit,939.5469294151026,3097.3701163412593,2024-11-26 03:56:01.196425,0,
312,withdrawal,493.0181561913076,4620.83222865253,2024-11-26 04:20:01.196425,0,
312,phone_change,0.0,4620.83222865253,2024-11-26 04:45:01.196425,0,
313,withdrawal,162.68077348296322,4553.600190773932,2024-11-26 05:14:01.196425,0,
314,withdrawal,274.55642355551095,5126.9216870346345,2024-11-26 05:20:01.196425,0,
315,deposit,778.0217372934669,2382.4285266890192,2024-11-26 05:37:01.196425,0,
316,withdrawal,382.87588743689713,5368.6101942661635,2024-11-26 05:53:01.196425,0,
317,withdrawal,252.43857933093105,5052.971236072947,2024-11-26 06:13:01.196425,0,
318,deposit,717.4214070012969,3602.7935071452803,2024-11-26 06:35:01.196425,0,
319,deposit,136.702870261727,4065.1050042638985,2024-11-26 06:50:01.196425,0,
319,phone_change,0.0,4065.1050042638985,2024-11-26 07:00:01.196425,0,
320,deposit,615.7212317719043,2339.890524808491,2024-11-26 07:28:01.196425,0,
321,deposit,990.5050594861239,2702.5650737050596,2024-11-26 07:34:01.196425,0,
321,email_change,0.0,2702.5650737050596,2024-11-26 07:42:01.196425,0,
322,deposit,680.871018974094,3657.4785372656393,2024-11-26 08:09:01.196425,0,
323,deposit,190.0886006751195,4457.000306765648,2024-11-26 08:22:01.196425,0,
324,deposit,878.6950418388021,4742.953761141183,2024-11-26 08:43:01.196425,0,
325,deposit,683.2753012069894,3962.8902854324947,2024-11-26 08:47:01.196425,0,
326,deposit,626.2639494174686,2543.806567651673,2024-11-26 09:09:01.196425,0,
327,deposit,467.33364603421865,2626.2557254044204,2024-11-26 09:27:01.196425,0,
328,withdrawal,420.967816137802,971.3532787855725,2024-11-26 09:34:01.196425,0,
329,deposit,382.750925720517,4491.38961847992,2024-11-26 09:55:01.196425,0,
330,deposit,294.53706570849033,3433.928742131511,2024-11-26 10:03:01.196425,0,
331,withdrawal,167.85340377884236,4337.165158522738,2024-11-26 10:07:01.196425,0,
332,withdrawal,162.9546580134095,2796.7768699856265,2024-11-26 10:37:01.196425,0,
333,deposit,921.8013523640402,2967.2741757944627,2024-11-26 10:59:01.196425,0,
334,withdrawal,155.51825211978223,2819.0611574137743,2024-11-26 11:14:01.196425,0,
335,deposit,598.0315309959822,6109.598467507069,2024-11-26 11:21:01.196425,0,
335,phone_change,0.0,6109.598467507069,2024-11-26 11:38:01.196425,0,
336,withdrawal,180.00787848370925,3220.2366515312506,2024-11-26 11:56:01.196425,0,
337,deposit,480.8790685516359,3284.7167854092245,2024-11-26 12:19:01.196425,0,
338,withdrawal,420.4018405030853,5041.053966728001,2024-11-26 12:48:01.196425,0,
339,withdrawal,283.58150605338164,4289.54970622631,2024-11-26 12:55:01.196425,0,
339,email_change,0.0,4289.54970622631,2024-11-26 13:11:01.196425,0,
340,withdrawal,210.65510107580974,1829.0960265242138,2024-11-26 13:16:01.196425,0,
340,phone_change,0.0,1829.0960265242138,2024-11-26 13:31:01.196425,0,
341,deposit,685.2444922398477,4399.4390260878845,2024-11-26 13:39:01.196425,0,
342,deposit,864.4514943287478,4179.343519104978,2024-11-26 13:57:01.196425,0,
343,deposit,150.32515605161788,5013.701861782693,2024-11-26 14:15:01.196425,0,
344,withdrawal,388.999464159636,3413.9360986418,2024-11-26 14:21:01.196425,0,
345,withdrawal,204.775417736083,3313.4394738204883,2024-11-26 14:25:01.196425,0,
346,deposit,816.4117860987357,5150.307146413555,2024-11-26 14:39:01.196425,0,
346,email_change,0.0,5150.307146413555,2024-11-26 15:09:01.196425,0,
347,deposit,688.7229068456907,3039.6472359123973,2024-11-26 15:29:01.196425,0,
348,withdrawal,159.9083930033672,2170.0081538441145,2024-11-26 15:47:01.196425,0,
349,deposit,336.6859618920704,2562.7689299970157,2024-11-26 15:51:01.196425,0,
350,deposit,833.3135699343325,4128.503788613669,2024-11-26 15:56:01.196425,0,
351,withdrawal,87.0761594615531,1494.9356371053043,2024-11-26 16:06:01.196425,0,
352,deposit,242.82349951581384,2401.4502632508816,2024-11-26 16:30:01.196425,0,
353,deposit,457.0075536196548,2948.1541361205373,2024-11-26 16:38:01.196425,0,
353,phone_change,0.0,2948.1541361205373,2024-11-26 17:02:01.196425,0,
354,withdrawal,443.1332926509998,3522.4794730890203,2024-11-26 17:17:01.196425,0,
355,deposit,114.67269348871875,1683.1020773923751,2024-11-26 17:27:01.196425,0,
356,withdrawal,484.2698570165172,1484.5646088443077,2024-11-26 17:32:01.196425,0,
357,withdrawal,286.34698695382866,3467.3627503576886,2024-11-26 17:37:01.196425,0,
358,deposit,702.2666664365255,4695.133290644864,2024-11-26 17:42:01.196425,0,
359,withdrawal,496.61032039784453,4372.244353638786,2024-11-26 17:50:01.196425,0,
360,withdrawal,375.4449501036475,3176.4039863762896,2024-11-26 17:55:01.196425,0,
361,deposit,550.5310217428323,4091.260425512037,2024-11-26 17:56:01.196425,0,
362,withdrawal,402.7993704115834,2179.041503636128,2024-11-26 18:03:01.196425,0,
362,password_change,0.0,2179.041503636128,2024-11-26 18:22:01.196425,0,
363,deposit,375.75623844735645,2902.0416718139645,2024-11-26 18:45:01.196425,0,
364,withdrawal,378.7981677725685,1651.8096598473016,2024-11-26 19:14:01.196425,0,
365,deposit,708.2475635595547,3509.153929092039,2024-11-26 19:27:01.196425,0,
366,withdrawal,489.5196704440172,4704.3368581941895,2024-11-26 19:52:01.196425,0,
367,deposit,270.779253050032,2055.1461009274394,2024-11-26 20:01:01.196425,0,
368,withdrawal,62.83549249588937,2925.8473427495464,2024-11-26 20:24:01.196425,0,
368,phone_change,0.0,2925.8473427495464,2024-11-26 20:28:01.196425,0,
369,deposit,665.7514796730401,1403.4062108186222,2024-11-26 20:44:01.196425,0,
370,deposit,471.24065167019154,5799.135070193396,2024-11-26 21:03:01.196425,0,
371,withdrawal,460.3741776847538,1511.4373030883712,2024-11-26 21:12:01.196425,0,
371,phone_change,0.0,1511.4373030883712,2024-11-26 21:30:01.196425,0,
372,deposit,149.0300210558975,3785.918109369632,2024-11-26 21:45:01.196425,0,
373,deposit,131.8305139963152,1955.8753099469623,2024-11-26 22:02:01.196425,0,
374,withdrawal,225.13879669128812,4220.041866538198,2024-11-26 22:07:01.196425,0,
375,withdrawal,168.77531266808967,4388.192803756753,2024-11-26 22:25:01.196425,0,
375,phone_change,0.0,4388.192803756753,2024-11-26 22:29:01.196425,0,
376,withdrawal,135.32129778040962,3437.3301554171153,2024-11-26 22:53:01.196425,0,
376,email_change,0.0,3437.3301554171153,2024-11-26 22:54:01.196425,0,
377,deposit,969.5059261026221,4593.651279063178,2024-11-26 23:01:01.196425,0,
378,deposit,437.8371432778263,3620.3865763963026,2024-11-26 23:06:01.196425,0,
379,deposit,857.8231370575068,3903.3615321495404,2024-11-26 23:29:01.196425,0,
380,deposit,435.53703543886195,4082.4203816826766,2024-11-26 23:40:01.196425,0,
381,withdrawal,83.96900926347995,3490.9970544430585,2024-11-26 23:55:01.196425,0,
382,deposit,842.3595243724614,5124.912303140821,2024-11-27 00:14:01.196425,0,
382,phone_change,0.0,5124.912303140821,2024-11-27 00:34:01.196425,0,
383,deposit,395.1474540760086,2770.815537907125,2024-11-27 00:48:01.196425,0,
384,withdrawal,75.27155110662008,1526.6766381567593,2024-11-27 01:03:01.196425,0,
385,withdrawal,310.95710954371754,3095.3957859540083,2024-11-27 01:15:01.196425,0,
386,withdrawal,50.97327862990313,1949.2477210790557,2024-11-27 01:17:01.196425,0,
386,phone_change,0.0,1949.2477210790557,2024-11-27 01:45:01.196425,0,
387,withdrawal,244.188961762644,2541.5751608678615,2024-11-27 01:48:01.196425,0,
388,withdrawal,285.248472441368,4960.994068211955,2024-11-27 02:15:01.196425,0,
389,withdrawal,100.07417815166004,5169.648895237969,2024-11-27 02:44:01.196425,0,
390,withdrawal,392.7948089359305,1822.0645279259388,2024-11-27 02:53:01.196425,0,
390,email_change,0.0,1822.0645279259388,2024-11-27 03:02:01.196425,0,
391,deposit,826.8188675463288,5406.013862494763,2024-11-27 03:24:01.196425,0,
392,deposit,616.3750976702779,1863.9656177543484,2024-11-27 03:32:01.196425,0,
393,deposit,890.1596612682108,3645.3509561437822,2024-11-27 03:52:01.196425,0,
394,deposit,295.6561391923017,2446.3561358436546,2024-11-27 03:54:01.196425,0,
395,deposit,989.7016399623691,3845.474034104573,2024-11-27 04:01:01.196425,0,
396,withdrawal,492.1160323527643,2838.4379484757305,2024-11-27 04:24:01.196425,0,
397,withdrawal,476.25967994576456,2120.2180259734164,2024-11-27 04:51:01.196425,0,
398,deposit,535.2446678446245,2650.9093297955988,2024-11-27 05:04:01.196425,0,
399,deposit,587.6061552627574,2171.6110892128577,2024-11-27 05:28:01.196425,0,
400,deposit,840.5551138627302,1839.021662509444,2024-11-27 05:58:01.196425,0,
401,withdrawal,474.92101627544315,4024.9314345624266,2024-11-27 05:59:01.196425,0,
401,phone_change,0.0,4024.9314345624266,2024-11-27 06:15:01.196425,0,
402,deposit,278.54038605810774,4651.638011357072,2024-11-27 06:17:01.196425,0,
402,email_change,0.0,4651.638011357072,2024-11-27 06:47:01.196425,0,
403,withdrawal,488.89854826595376,2328.0391566638873,2024-11-27 07:04:01.196425,0,
404,withdrawal,429.07087710118003,3364.305474920005,2024-11-27 07:27:01.196425,0,
405,deposit,142.92424942868143,1053.6758997644201,2024-11-27 07:45:01.196425,0,
406,deposit,104.88594209419828,4789.033699458184,2024-11-27 08:07:01.196425,0,
407,deposit,833.2412741446179,4442.02818969354,2024-11-27 08:34:01.196425,0,
407,password_change,0.0,4442.02818969354,2024-11-27 08:50:01.196425,0,
408,deposit,711.2737101317217,3176.8814022798306,2024-11-27 09:17:01.196425,0,
409,deposit,492.2002699018663,1658.0295466914192,2024-11-27 09:25:01.196425,0,
410,deposit,975.3680501525097,4994.634715883232,2024-11-27 09:55:01.196425,0,
410,email_change,0.0,4994.634715883232,2024-11-27 10:07:01.196425,0,
411,deposit,368.4271983900172,3921.737483389963,2024-11-27 10:17:01.196425,0,
412,deposit,782.1612081366263,3965.4507152166907,2024-11-27 10:27:01.196425,0,
413,deposit,780.9537087816892,2327.062110025224,2024-11-27 10:45:01.196425,0,
414,withdrawal,462.41147364742955,2108.3360229138734,2024-11-27 10:56:01.196425,0,
414,phone_change,0.0,2108.3360229138734,2024-11-27 11:22:01.196425,0,
415,withdrawal,478.4679724781101,2092.0487629978716,2024-11-27 11:48:01.196425,0,
416,withdrawal,419.4783958287995,1667.3991342888162,2024-11-27 12:00:01.196425,0,
417,deposit,635.3393844788869,3313.289576953877,2024-11-27 12:08:01.196425,0,
418,withdrawal,127.49779967963646,2704.0955757050024,2024-11-27 12:25:01.196425,0,
419,deposit,122.87633549706412,4457.933780343812,2024-11-27 12:40:01.196425,0,
419,phone_change,0.0,4457.933780343812,2024-11-27 12:58:01.196425,0,
420,withdrawal,279.53823718072294,5273.497950510023,2024-11-27 13:03:01.196425,0,
421,deposit,632.3466727891189,4638.2647019320575,2024-11-27 13:17:01.196425,0,
421,phone_change,0.0,4638.2647019320575,2024-11-27 13:18:01.196425,0,
422,deposit,480.95677462967154,3052.106692279638,2024-11-27 13:31:01.196425,0,
423,deposit,569.0101100651204,5018.063870929462,2024-11-27 13:37:01.196425,0,
424,withdrawal,60.714562864621755,1772.1155577056277,2024-11-27 13:52:01.196425,0,
425,withdrawal,187.81507027548744,1878.67600001367,2024-11-27 14:06:01.196425,0,
426,deposit,998.403843635994,3428.132807427286,2024-11-27 14:20:01.196425,0,
427,deposit,589.8770876913765,4734.7379066254025,2024-11-27 14:22:01.196425,0,
427,email_change,0.0,4734.7379066254025,2024-11-27 14:45:01.196425,0,
428,deposit,888.9932520010414,6368.05196788379,2024-11-27 15:07:01.196425,0,
429,deposit,530.3136012548134,3488.9564139390777,2024-11-27 15:17:01.196425,0,
430,deposit,638.5956880075202,1607.594010924739,2024-11-27 15:25:01.196425,0,
431,deposit,117.00096929984505,1846.7176239014861,2024-11-27 15:42:01.196425,0,
432,deposit,348.13355371479497,4615.72465554181,2024-11-27 16:10:01.196425,0,
433,withdrawal,414.9335207012069,2669.2734749571428,2024-11-27 16:22:01.196425,0,
434,withdrawal,171.78097987132486,2838.392903724944,2024-11-27 16:39:01.196425,0,
435,deposit,738.8635831564644,5587.561331286078,2024-11-27 17:08:01.196425,0,
435,password_change,0.0,5587.561331286078,2024-11-27 17:29:01.196425,0,
436,withdrawal,278.0994752890953,4319.353304277063,2024-11-27 17:55:01.196425,0,
437,withdrawal,357.4848805623439,3063.8694157546042,2024-11-27 17:58:01.196425,0,
437,email_change,0.0,3063.8694157546042,2024-11-27 18:27:01.196425,0,
438,withdrawal,412.4794877767046,4566.602787178149,2024-11-27 18:44:01.196425,0,
439,deposit,958.9911492517731,4042.2125349400285,2024-11-27 19:00:01.196425,0,
440,deposit,921.5691255222569,5559.356291752434,2024-11-27 19:06:01.196425,0,
440,email_change,0.0,5559.356291752434,2024-11-27 19:20:01.196425,0,
441,withdrawal,92.20553491897948,2633.2817712513106,2024-11-27 19:45:01.196425,0,
442,deposit,953.7579823587699,4211.160723360844,2024-11-27 20:14:01.196425,0,
443,deposit,214.66499971671809,922.7076633721188,2024-11-27 20:16:01.196425,0,
444,deposit,885.5945679366772,3991.711182157271,2024-11-27 20:17:01.196425,0,
445,deposit,831.3547530556357,3810.2972591155644,2024-11-27 20:28:01.196425,0,
445,phone_change,0.0,3810.2972591155644,2024-11-27 20:47:01.196425,0,
446,withdrawal,482.7542269498896,1693.9150333393982,2024-11-27 20:50:01.196425,0,
446,password_change,0.0,1693.9150333393982,2024-11-27 21:05:01.196425,0,
447,deposit,754.9606608867646,2269.9344139675713,2024-11-27 21:08:01.196425,0,
448,withdrawal,245.06488720160135,1706.2361510004432,2024-11-27 21:33:01.196425,0,
449,deposit,115.01269545102369,1209.6646672473594,2024-11-27 21:37:01.196425,0,
449,email_change,0.0,1209.6646672473594,2024-11-27 21:57:01.196425,0,
450,deposit,971.2149991288035,5617.328850715079,2024-11-27 22:13:01.196425,0,
450,email_change,0.0,5617.328850715079,2024-11-27 22:31:01.196425,0,
451,deposit,360.6487189651476,1377.2458066206395,2024-11-27 22:36:01.196425,0,
452,withdrawal,421.78530230052365,1795.2464730575552,2024-11-27 22:37:01.196425,0,
452,email_change,0.0,1795.2464730575552,2024-11-27 22:47:01.196425,0,
453,deposit,416.9200390285608,4115.090620868927,2024-11-27 23:05:01.196425,0,
454,withdrawal,259.7017999080761,2603.962185049213,2024-11-27 23:26:01.196425,0,
455,deposit,256.66166887567397,4243.189756860048,2024-11-27 23:53:01.196425,0,
456,withdrawal,88.81844313134192,2021.39686097562,2024-11-27 23:58:01.196425,0,
457,deposit,959.8772389548782,4735.060418337107,2024-11-28 00:06:01.196425,0,
457,password_change,0.0,4735.060418337107,2024-11-28 00:14:01.196425,0,
458,deposit,601.7172557092176,3920.482945908156,2024-11-28 00:31:01.196425,0,
459,withdrawal,123.4716210662352,2318.6823789907817,2024-11-28 01:01:01.196425,0,
460,deposit,685.2991249369619,2300.6570335848937,2024-11-28 01:29:01.196425,0,
461,deposit,328.5355053335362,5894.592170732103,2024-11-28 01:46:01.196425,0,
462,withdrawal,268.285385083377,1607.4788424474748,2024-11-28 01:59:01.196425,0,
463,deposit,184.69442868071303,2020.6287236894664,2024-11-28 02:06:01.196425,0,
464,withdrawal,358.5653148835467,2284.673336335411,2024-11-28 02:20:01.196425,0,
465,withdrawal,470.9690388570511,4998.428614900599,2024-11-28 02:24:01.196425,0,
466,withdrawal,254.49962383312774,2029.4232470445709,2024-11-28 02:40:01.196425,0,
467,deposit,338.23497598114506,4951.434927011655,2024-11-28 03:07:01.196425,0,
468,deposit,944.4095974744686,4671.510804444019,2024-11-28 03:30:01.196425,0,
469,deposit,457.29884656733856,3666.598118402518,2024-11-28 03:51:01.196425,0,
470,deposit,186.3327557742676,2348.9495290346326,2024-11-28 04:02:01.196425,0,
471,withdrawal,309.8658647892164,1825.9162396658683,2024-11-28 04:25:01.196425,0,
472,withdrawal,82.74341052679189,2285.762776692665,2024-11-28 04:30:01.196425,0,
473,deposit,170.76375845349446,5399.938956965734,2024-11-28 04:57:01.196425,0,
474,withdrawal,264.4879899228119,1138.2988407379455,2024-11-28 05:25:01.196425,0,
475,withdrawal,174.92050098415694,5417.919372778522,2024-11-28 05:32:01.196425,0,
476,withdrawal,271.18601906146404,1582.9447466770341,2024-11-28 05:38:01.196425,0,
476,phone_change,0.0,1582.9447466770341,2024-11-28 06:08:01.196425,0,
477,withdrawal,127.50671715957994,781.7835342091205,2024-11-28 06:18:01.196425,0,
477,email_change,0.0,781.7835342091205,2024-11-28 06:37:01.196425,0,
478,deposit,881.5612421868092,5369.237492090611,2024-11-28 07:00:01.196425,0,
479,withdrawal,225.71713417164497,3861.9969799469322,2024-11-28 07:23:01.196425,0,
480,deposit,906.2487093869548,3723.6906081622365,2024-11-28 07:31:01.196425,0,
481,deposit,361.32576508157337,1647.9615991573216,2024-11-28 07:42:01.196425,0,
482,withdrawal,431.5112436501397,648.4319913671,2024-11-28 08:01:01.196425,0,
483,withdrawal,116.31780427701838,680.9508459709745,2024-11-28 08:15:01.196425,0,
484,deposit,395.909223913317,1494.3377972157182,2024-11-28 08:21:01.196425,0,
484,password_change,0.0,1494.3377972157182,2024-11-28 08:38:01.196425,0,
485,deposit,325.40064469230396,4002.457469599126,2024-11-28 09:02:01.196425,0,
486,deposit,680.6010683048859,2715.1117356511168,2024-11-28 09:05:01.196425,0,
487,withdrawal,199.13488563192445,2191.5771217246206,2024-11-28 09:21:01.196425,0,
487,phone_change,0.0,2191.5771217246206,2024-11-28 09:24:01.196425,0,
488,withdrawal,220.27812565544656,1313.5902235186243,2024-11-28 09:45:01.196425,0,
489,deposit,243.9354172043357,2758.8512252413193,2024-11-28 09:47:01.196425,0,
490,deposit,985.8365916200878,3709.537528531986,2024-11-28 10:09:01.196425,0,
490,email_change,0.0,3709.537528531986,2024-11-28 10:39:01.196425,0,
491,withdrawal,279.0495581025467,4727.271650730766,2024-11-28 10:45:01.196425,0,
492,deposit,195.9140921042296,1328.7023118374902,2024-11-28 10:49:01.196425,0,
493,deposit,609.8672204768766,3168.5156187416687,2024-11-28 10:55:01.196425,0,
494,withdrawal,66.12332258339131,3372.0822508434703,2024-11-28 11:06:01.196425,0,
495,withdrawal,113.06070385915261,2673.1359993148044,2024-11-28 11:23:01.196425,0,
496,deposit,394.0656809186241,5254.8507664156205,2024-11-28 11:33:01.196425,0,
496,email_change,0.0,5254.8507664156205,2024-11-28 11:43:01.196425,0,
497,withdrawal,82.8417793913291,1234.4659022355631,2024-11-28 11:52:01.196425,0,
498,withdrawal,440.4696779188987,1324.6424496782176,2024-11-28 12:20:01.196425,0,
498,password_change,0.0,1324.6424496782176,2024-11-28 12:50:01.196425,0,
499,deposit,979.6460673195119,1803.330449056094,2024-11-28 13:14:01.196425,0,
499,email_change,0.0,1803.330449056094,2024-11-28 13:23:01.196425,0,
500,deposit,384.36868328734823,6004.930232815605,2024-11-28 13:51:01.196425,0,
501,withdrawal,320.60207432839513,3245.1721412341158,2024-11-28 14:11:01.196425,0,
501,phone_change,0.0,3245.1721412341158,2024-11-28 14:37:01.196425,0,
502,withdrawal,255.06933836409917,2126.408609293786,2024-11-28 14:42:01.196425,0,
503,deposit,621.0531260469104,2764.1573508735764,2024-11-28 15:10:01.196425,0,
504,deposit,850.6449493160261,3174.139147312325,2024-11-28 15:11:01.196425,0,
505,deposit,296.95889753866004,2600.4547408389694,2024-11-28 15:24:01.196425,0,
506,withdrawal,316.39773641073714,1248.756049017425,2024-11-28 15:29:01.196425,0,
507,deposit,958.4845177883427,2699.895575300151,2024-11-28 15:53:01.196425,0,
507,phone_change,0.0,2699.895575300151,2024-11-28 16:00:01.196425,0,
508,deposit,255.14725274375382,1899.4175110237945,2024-11-28 16:24:01.196425,0,
508,email_change,0.0,1899.4175110237945,2024-11-28 16:38:01.196425,0,
509,deposit,981.7900384600463,4312.986341353563,2024-11-28 16:43:01.196425,0,
510,withdrawal,413.5752273252204,607.9456669325102,2024-11-28 17:00:01.196425,0,
511,deposit,599.5377549972205,5644.374425713494,2024-11-28 17:19:01.196425,0,
512,withdrawal,262.9078183960721,3830.2786733345274,2024-11-28 17:44:01.196425,0,
513,deposit,622.8900511317288,4027.0188809941155,2024-11-28 17:48:01.196425,0,
514,deposit,875.3127208581996,4899.412412325306,2024-11-28 18:11:01.196425,0,
515,withdrawal,459.7887131339769,1778.7468136827345,2024-11-28 18:35:01.196425,0,
515,email_change,0.0,1778.7468136827345,2024-11-28 18:55:01.196425,0,
516,deposit,301.9123826323627,4756.084601143441,2024-11-28 19:16:01.196425,0,
517,withdrawal,334.4097474021752,1911.5904665510348,2024-11-28 19:31:01.196425,0,
518,deposit,529.0710389394909,2604.792688038019,2024-11-28 19:36:01.196425,0,
519,withdrawal,139.29244257235496,1505.1294591725555,2024-11-28 20:05:01.196425,0,
520,withdrawal,62.77423661616012,2004.3234358058803,2024-11-28 20:08:01.196425,0,
521,deposit,821.1286721608968,4481.8052959770375,2024-11-28 20:17:01.196425,0,
522,withdrawal,51.879926776383556,3609.295953202062,2024-11-28 20:30:01.196425,0,
523,withdrawal,138.26584484887113,4459.277773665143,2024-11-28 20:39:01.196425,0,
523,email_change,0.0,4459.277773665143,2024-11-28 21:02:01.196425,0,
524,withdrawal,74.36097699619086,3050.8860643407247,2024-11-28 21:30:01.196425,0,
525,deposit,226.9009416708663,1505.5723614869153,2024-11-28 21:43:01.196425,0,
526,withdrawal,266.48280998939066,2324.21444600452,2024-11-28 21:58:01.196425,0,
526,email_change,0.0,2324.21444600452,2024-11-28 22:22:01.196425,0,
527,deposit,210.906838971276,3333.414492448351,2024-11-28 22:45:01.196425,0,
528,deposit,151.48115265280404,5200.567809426469,2024-11-28 22:53:01.196425,0,
529,deposit,673.820987438076,5013.3539306091025,2024-11-28 23:18:01.196425,0,
530,deposit,556.6859109179036,6018.489251710693,2024-11-28 23:39:01.196425,0,
530,phone_change,0.0,6018.489251710693,2024-11-28 23:59:01.196425,0,
531,withdrawal,123.81470105366368,3495.7674793724377,2024-11-29 00:10:01.196425,0,
532,deposit,928.750003730704,3458.192354313538,2024-11-29 00:16:01.196425,0,
533,deposit,745.7759319216548,4953.050452054287,2024-11-29 00:20:01.196425,0,
533,phone_change,0.0,4953.050452054287,2024-11-29 00:28:01.196425,0,
534,deposit,540.3475271430885,1592.5165454934877,2024-11-29 00:47:01.196425,0,
534,password_change,0.0,1592.5165454934877,2024-11-29 01:12:01.196425,0,
535,deposit,971.3759544215458,3423.0909521234416,2024-11-29 01:38:01.196425,0,
536,withdrawal,186.78597908465667,3469.7083524891177,2024-11-29 01:59:01.196425,0,
537,deposit,976.9920965152544,6052.5650632035085,2024-11-29 02:15:01.196425,0,
538,withdrawal,64.43701599486369,2103.0499626452483,2024-11-29 02:32:01.196425,0,
539,withdrawal,420.5061817895193,1932.6028281484478,2024-11-29 02:33:01.196425,0,
540,deposit,666.906042186741,4777.1358852597095,2024-11-29 02:50:01.196425,0,
541,withdrawal,96.30114442872829,3604.60047643612,2024-11-29 02:58:01.196425,0,
541,password_change,0.0,3604.60047643612,2024-11-29 03:12:01.196425,0,
542,withdrawal,179.21790301514935,3917.3100556779145,2024-11-29 03:15:01.196425,0,
543,deposit,123.9247890247535,4515.3538215073995,2024-11-29 03:19:01.196425,0,
544,deposit,283.7690624290168,3525.970576454161,2024-11-29 03:21:01.196425,0,
545,deposit,838.6402370812784,3317.5337247473817,2024-11-29 03:33:01.196425,0,
546,deposit,349.54062215022424,2754.8853935406264,2024-11-29 03:40:01.196425,0,
546,email_change,0.0,2754.8853935406264,2024-11-29 04:04:01.196425,0,
547,deposit,280.03194478869904,1656.2819632688513,2024-11-29 04:08:01.196425,0,
548,deposit,413.60222650851364,4873.729418560936,2024-11-29 04:38:01.196425,0,
549,withdrawal,396.419912607957,720.1844348436728,2024-11-29 05:01:01.196425,0,
550,deposit,686.2703097046272,2958.0926882785443,2024-11-29 05:15:01.196425,0,
551,withdrawal,372.22268907993924,4685.759261317071,2024-11-29 05:20:01.196425,0,
552,deposit,783.6674080170799,4875.0682261757,2024-11-29 05:24:01.196425,0,
553,deposit,261.48847262786046,1841.8128551923692,2024-11-29 05:36:01.196425,0,
554,deposit,484.26360121424267,6292.3725959644435,2024-11-29 05:41:01.196425,0,
555,deposit,836.4332939057543,2230.345396692142,2024-11-29 06:03:01.196425,0,
556,deposit,148.7054258029838,2363.0721653033484,2024-11-29 06:28:01.196425,0,
557,deposit,959.7573106706835,5122.6375530312525,2024-11-29 06:30:01.196425,0,
558,deposit,360.38369659160156,5086.046263088216,2024-11-29 06:35:01.196425,0,
559,withdrawal,346.5734692417826,4852.630776428516,2024-11-29 07:01:01.196425,0,
560,deposit,957.6954521744079,2528.532403988083,2024-11-29 07:16:01.196425,0,
560,phone_change,0.0,2528.532403988083,2024-11-29 07:25:01.196425,0,
561,deposit,125.5222220381598,4224.805627706484,2024-11-29 07:29:01.196425,0,
562,deposit,631.4115220272823,2610.4108610596077,2024-11-29 07:31:01.196425,0,
562,phone_change,0.0,2610.4108610596077,2024-11-29 07:32:01.196425,0,
563,withdrawal,225.3505546199499,3753.1763060133744,2024-11-29 07:34:01.196425,0,
564,withdrawal,291.62604014765395,4574.319451620356,2024-11-29 08:03:01.196425,0,
565,deposit,682.2381429254341,5618.571651856476,2024-11-29 08:15:01.196425,0,
565,phone_change,0.0,5618.571651856476,2024-11-29 08:26:01.196425,0,
566,deposit,276.90993846820754,3722.0852779968504,2024-11-29 08:54:01.196425,0,
567,deposit,907.457046523598,4048.61383074004,2024-11-29 09:13:01.196425,0,
568,deposit,908.4422570839934,5711.856181425811,2024-11-29 09:43:01.196425,0,
569,withdrawal,137.66417485920124,4439.033579976164,2024-11-29 09:59:01.196425,0,
570,withdrawal,476.5281024965171,3438.04065610467,2024-11-29 10:06:01.196425,0,
571,deposit,302.4446310801288,2784.5362289262903,2024-11-29 10:19:01.196425,0,
572,deposit,484.97109645787623,4124.353481598874,2024-11-29 10:41:01.196425,0,
573,deposit,536.816912362713,3200.2591629238914,2024-11-29 10:50:01.196425,0,
574,withdrawal,379.956788024448,2325.3391375962733,2024-11-29 11:10:01.196425,0,
574,phone_change,0.0,2325.3391375962733,2024-11-29 11:25:01.196425,0,
575,deposit,900.8147732448364,5936.491152345979,2024-11-29 11:45:01.196425,0,
576,withdrawal,226.20241484666752,4043.1842128102703,2024-11-29 11:57:01.196425,0,
577,deposit,483.26215183941855,3575.89209003061,2024-11-29 12:06:01.196425,0,
578,deposit,604.0700025865119,2827.918849536779,2024-11-29 12:25:01.196425,0,
579,deposit,115.52226117365826,3303.1439364502407,2024-11-29 12:55:01.196425,0,
579,password_change,0.0,3303.1439364502407,2024-11-29 13:20:01.196425,0,
580,withdrawal,77.2657498758097,2015.079658585478,2024-11-29 13:41:01.196425,0,
581,deposit,877.871309919849,3190.957251318471,2024-11-29 13:53:01.196425,0,
582,deposit,848.3270806316864,4897.153872664965,2024-11-29 14:00:01.196425,0,
583,deposit,849.2037296657593,3604.435290969099,2024-11-29 14:01:01.196425,0,
584,deposit,385.51860210533215,4978.334520354892,2024-11-29 14:06:01.196425,0,
585,deposit,227.40837871604916,5131.688682400767,2024-11-29 14:24:01.196425,0,
586,withdrawal,212.32246089736188,2467.3753158727245,2024-11-29 14:48:01.196425,0,
587,withdrawal,178.39558302230606,2223.0546388200196,2024-11-29 15:13:01.196425,0,
588,deposit,194.2247931399425,5404.783761320795,2024-11-29 15:39:01.196425,0,
588,phone_change,0.0,5404.783761320795,2024-11-29 15:54:01.196425,0,
589,deposit,610.2905754907013,4232.903739818396,2024-11-29 16:11:01.196425,0,
590,deposit,589.4349044151819,1684.2876625942968,2024-11-29 16:17:01.196425,0,
590,email_change,0.0,1684.2876625942968,2024-11-29 16:35:01.196425,0,
591,deposit,394.3094995417444,3151.95925246098,2024-11-29 17:05:01.196425,0,
592,withdrawal,428.7623864315071,2588.269507470541,2024-11-29 17:14:01.196425,0,
593,withdrawal,418.70483888830177,287.67750665046503,2024-11-29 17:41:01.196425,0,
594,deposit,792.1520170305896,3353.9639007338938,2024-11-29 17:49:01.196425,0,
595,deposit,387.0780007932413,4654.000335584648,2024-11-29 18:10:01.196425,0,
596,withdrawal,433.504470175637,3778.8385575292277,2024-11-29 18:29:01.196425,0,
597,deposit,602.1884522907746,5660.968620115183,2024-11-29 18:52:01.196425,0,
598,deposit,110.55407417085435,3272.4484592257,2024-11-29 19:16:01.196425,0,
599,withdrawal,369.69622015661594,2194.3002233322013,2024-11-29 19:27:01.196425,0,
600,withdrawal,207.89478871199594,4510.764500823665,2024-11-29 19:34:01.196425,0,
600,phone_change,0.0,4510.764500823665,2024-11-29 19:45:01.196425,0,
601,withdrawal,382.7658331394603,5036.377789570486,2024-11-29 19:46:01.196425,0,
601,phone_change,0.0,5036.377789570486,2024-11-29 19:56:01.196425,0,
602,withdrawal,457.41481254851277,3044.7255673735585,2024-11-29 20:09:01.196425,0,
603,deposit,810.8522149131072,2635.855193211413,2024-11-29 20:23:01.196425,0,
604,withdrawal,87.82187263811055,4458.269479048208,2024-11-29 20:46:01.196425,0,
605,deposit,437.29089594149923,2529.354138900975,2024-11-29 20:50:01.196425,0,
606,withdrawal,350.736995624299,3921.5524012013684,2024-11-29 21:13:01.196425,0,
607,deposit,805.7574341010353,2526.4759809464026,2024-11-29 21:28:01.196425,0,
608,deposit,894.7705693269145,4830.382229206098,2024-11-29 21:40:01.196425,0,
609,withdrawal,263.19579575423535,3158.683060507668,2024-11-29 21:54:01.196425,0,
610,deposit,107.59061164472882,1624.9926759711277,2024-11-29 22:17:01.196425,0,
611,deposit,498.89601179993707,4446.995280651465,2024-11-29 22:35:01.196425,0,
611,email_change,0.0,4446.995280651465,2024-11-29 22:40:01.196425,0,
612,deposit,502.8866233688996,5424.004766307046,2024-11-29 23:02:01.196425,0,
613,deposit,779.7295837061512,2189.115632118272,2024-11-29 23:16:01.196425,0,
614,deposit,491.3800406158537,3455.3304471803744,2024-11-29 23:37:01.196425,0,
615,deposit,797.1841799951177,5473.168879763694,2024-11-29 23:54:01.196425,0,
616,withdrawal,64.34177438216781,4814.710532850205,2024-11-29 23:56:01.196425,0,
616,email_change,0.0,4814.710532850205,2024-11-30 00:09:01.196425,0,
617,deposit,802.2620061113968,4866.2469836431155,2024-11-30 00:13:01.196425,0,
618,deposit,625.6114084976548,2993.007033337604,2024-11-30 00:29:01.196425,0,
619,deposit,264.52333430371317,6062.41084515667,2024-11-30 00:33:01.196425,0,
620,withdrawal,192.93078804033166,1621.2512427770478,2024-11-30 01:03:01.196425,0,
621,deposit,897.9610015413447,4978.50379508372,2024-11-30 01:30:01.196425,0,
622,deposit,807.8063880559989,2339.564942456872,2024-11-30 01:31:01.196425,0,
623,deposit,529.5491810605976,3905.1244670855626,2024-11-30 01:44:01.196425,0,
624,deposit,793.7104929709492,4769.543235394596,2024-11-30 01:59:01.196425,0,
625,withdrawal,328.2821971601529,937.4082079070045,2024-11-30 02:08:01.196425,0,
626,deposit,986.9008059726848,3278.6903010468977,2024-11-30 02:31:01.196425,0,
627,withdrawal,214.79752867467027,813.6961896874698,2024-11-30 02:39:01.196425,0,
628,deposit,735.8283963432544,3981.2461036837644,2024-11-30 02:58:01.196425,0,
628,password_change,0.0,3981.2461036837644,2024-11-30 03:18:01.196425,0,
629,deposit,806.2855970240703,2054.7543412176315,2024-11-30 03:42:01.196425,0,
630,withdrawal,52.090660298985995,4262.084773714413,2024-11-30 03:44:01.196425,0,
631,deposit,585.2604662721484,3339.495331089097,2024-11-30 04:14:01.196425,0,
632,deposit,184.297807919348,1019.5621846317191,2024-11-30 04:39:01.196425,0,
632,phone_change,0.0,1019.5621846317191,2024-11-30 04:41:01.196425,0,
633,deposit,316.27549474174515,3282.8594866817084,2024-11-30 05:04:01.196425,0,
634,deposit,849.8195641611435,6203.901375724549,2024-11-30 05:29:01.196425,0,
635,withdrawal,318.2864484530264,4315.028175401415,2024-11-30 05:46:01.196425,0,
636,withdrawal,388.4111017731082,2125.475779344282,2024-11-30 06:05:01.196425,0,
637,deposit,753.3676504171935,5379.797377927066,2024-11-30 06:17:01.196425,0,
638,deposit,966.6751522306757,4455.235540914735,2024-11-30 06:45:01.196425,0,
639,withdrawal,477.647319378973,4185.186555154414,2024-11-30 06:59:01.196425,0,
640,deposit,841.4890796092924,2551.905082836905,2024-11-30 07:00:01.196425,0,
641,withdrawal,364.80212220859926,1815.6867733165348,2024-11-30 07:20:01.196425,0,
642,deposit,217.48345248749206,4892.933197068885,2024-11-30 07:39:01.196425,0,
643,deposit,776.9730654653713,3096.927629918128,2024-11-30 07:56:01.196425,0,
644,deposit,946.1414162087766,3447.2987987485617,2024-11-30 08:20:01.196425,0,
645,deposit,695.6819322134111,1780.9407984472223,2024-11-30 08:30:01.196425,0,
646,deposit,701.7325003141657,1906.4887899649816,2024-11-30 08:35:01.196425,0,
647,withdrawal,490.4790356707941,3442.8293574024324,2024-11-30 09:04:01.196425,0,
648,deposit,964.6715085150938,5152.060191816933,2024-11-30 09:17:01.196425,0,
649,deposit,119.68058251222189,4013.5479072963994,2024-11-30 09:42:01.196425,0,
650,deposit,219.11509161446517,6083.296045240213,2024-11-30 10:00:01.196425,0,
651,deposit,308.8172434205515,3552.557004150513,2024-11-30 10:03:01.196425,0,
652,deposit,608.329478104404,4641.422274063202,2024-11-30 10:22:01.196425,0,
653,deposit,992.2920856804893,2620.9621911346353,2024-11-30 10:25:01.196425,0,
654,withdrawal,439.46329547006843,1171.7344521501843,2024-11-30 10:26:01.196425,0,
655,deposit,892.1757217831782,4526.5939361683195,2024-11-30 10:56:01.196425,0,
656,deposit,406.0827071556048,4838.253370076477,2024-11-30 11:20:01.196425,0,
657,deposit,267.7109988535108,3945.3364158722466,2024-11-30 11:32:01.196425,0,
657,email_change,0.0,3945.3364158722466,2024-11-30 11:55:01.196425,0,
658,deposit,436.30690314999543,3329.128390808659,2024-11-30 12:12:01.196425,0,
659,withdrawal,370.9795900400033,4657.118672438479,2024-11-30 12:16:01.196425,0,
660,withdrawal,480.36915475305267,2468.424780567701,2024-11-30 12:28:01.196425,0,
661,deposit,830.1993442761304,6682.598571249269,2024-11-30 12:40:01.196425,0,
662,deposit,413.9426892096287,1165.421117629234,2024-11-30 13:10:01.196425,0,
663,withdrawal,262.0004288943872,3940.01493321599,2024-11-30 13:37:01.196425,0,
664,withdrawal,286.6959017075588,4313.301996761729,2024-11-30 14:05:01.196425,0,
665,deposit,214.88781774040453,3130.951273202785,2024-11-30 14:25:01.196425,0,
666,deposit,812.0970877966107,2415.137079866247,2024-11-30 14:33:01.196425,0,
667,withdrawal,417.75265915471306,575.0268454095551,2024-11-30 14:39:01.196425,0,
668,withdrawal,347.9367537617298,4715.419444367083,2024-11-30 14:46:01.196425,0,
669,deposit,675.7448540701141,2492.546388934182,2024-11-30 15:14:01.196425,0,
670,deposit,361.63341283512267,4422.655828909542,2024-11-30 15:31:01.196425,0,
671,deposit,406.4181527414533,5725.280507422044,2024-11-30 15:48:01.196425,0,
672,withdrawal,469.4883551701313,4856.56918572928,2024-11-30 15:50:01.196425,0,
673,deposit,414.72211390367795,2821.17748526885,2024-11-30 15:59:01.196425,0,
674,deposit,210.55060866996624,4717.722148096097,2024-11-30 16:17:01.196425,0,
675,deposit,898.6328530817478,3521.567942631528,2024-11-30 16:31:01.196425,0,
676,withdrawal,454.5195650200233,2658.669100104704,2024-11-30 16:49:01.196425,0,
677,withdrawal,361.40659567832324,2293.3487162997694,2024-11-30 17:05:01.196425,0,
678,deposit,165.51629584474085,1838.4491430452763,2024-11-30 17:07:01.196425,0,
679,deposit,469.3108133444149,3121.99234181107,2024-11-30 17:13:01.196425,0,
680,withdrawal,174.8607827148258,3449.7065111477104,2024-11-30 17:31:01.196425,0,
680,email_change,0.0,3449.7065111477104,2024-11-30 17:35:01.196425,0,
681,withdrawal,126.80219971103067,1036.0355115862444,2024-11-30 17:43:01.196425,0,
682,deposit,610.7124965933352,3490.598621772878,2024-11-30 18:03:01.196425,0,
683,withdrawal,455.1171064536335,1484.0471617271673,2024-11-30 18:23:01.196425,0,
683,phone_change,0.0,1484.0471617271673,2024-11-30 18:49:01.196425,0,
684,withdrawal,431.962785766949,2026.4945953200324,2024-11-30 19:06:01.196425,0,
685,deposit,412.5532127215331,4568.496741167595,2024-11-30 19:07:01.196425,0,
686,withdrawal,122.26872170346971,1244.0979585615103,2024-11-30 19:08:01.196425,0,
686,email_change,0.0,1244.0979585615103,2024-11-30 19:16:01.196425,0,
687,deposit,909.496079466334,5239.873770606999,2024-11-30 19:42:01.196425,0,
687,email_change,0.0,5239.873770606999,2024-11-30 19:57:01.196425,0,
688,deposit,118.18500990216202,4130.147660729669,2024-11-30 19:58:01.196425,0,
689,deposit,937.3814800321514,2030.1781989445349,2024-11-30 20:25:01.196425,0,
690,withdrawal,100.30764134821092,2783.9021932123756,2024-11-30 20:46:01.196425,0,
691,deposit,729.5023242362096,2032.1119678512723,2024-11-30 20:53:01.196425,0,
692,deposit,291.84253087334656,4572.636347719226,2024-11-30 21:10:01.196425,0,
693,deposit,822.5592631078067,3989.9973303017655,2024-11-30 21:15:01.196425,0,
693,password_change,0.0,3989.9973303017655,2024-11-30 21:41:01.196425,0,
694,withdrawal,111.87239446597535,3124.600239620746,2024-11-30 22:03:01.196425,0,
695,deposit,397.0117533948794,5503.626896432117,2024-11-30 22:18:01.196425,0,
696,deposit,138.75867611691746,1936.9174626206752,2024-11-30 22:40:01.196425,0,
696,password_change,0.0,1936.9174626206752,2024-11-30 23:07:01.196425,0,
697,deposit,382.0511192922439,3342.9357502355015,2024-11-30 23:30:01.196425,0,
698,withdrawal,70.20725811368831,4382.116450271302,2024-11-30 23:34:01.196425,0,
699,withdrawal,230.3084016148492,3241.289073643624,2024-11-30 23:58:01.196425,0,
700,withdrawal,75.56761634023907,2913.839839523852,2024-12-01 00:08:01.196425,0,
701,deposit,327.9513922013092,1947.6652707830226,2024-12-01 00:21:01.196425,0,
702,deposit,518.0020246882203,5584.191949219143,2024-12-01 00:36:01.196425,0,
703,deposit,638.324618485175,3330.407962182071,2024-12-01 00:51:01.196425,0,
703,password_change,0.0,3330.407962182071,2024-12-01 00:52:01.196425,0,
704,deposit,844.7615818190944,5781.727653579434,2024-12-01 00:55:01.196425,0,
704,password_change,0.0,5781.727653579434,2024-12-01 00:59:01.196425,0,
705,deposit,231.2156568653837,4885.7022350262105,2024-12-01 01:28:01.196425,0,
706,deposit,762.9287599394074,4360.709645916455,2024-12-01 01:57:01.196425,0,
707,deposit,703.2293794756067,1369.1622864491417,2024-12-01 02:18:01.196425,0,
707,phone_change,0.0,1369.1622864491417,2024-12-01 02:28:01.196425,0,
708,withdrawal,222.93502571371644,3393.14291173061,2024-12-01 02:37:01.196425,0,
708,phone_change,0.0,3393.14291173061,2024-12-01 03:01:01.196425,0,
709,deposit,179.5265263168559,5579.226051785532,2024-12-01 03:20:01.196425,0,
710,deposit,541.0337060990547,2062.3971736075914,2024-12-01 03:46:01.196425,0,
711,withdrawal,100.18032004101978,3184.4967343397707,2024-12-01 04:03:01.196425,0,
712,deposit,739.689096380927,4618.391405621119,2024-12-01 04:27:01.196425,0,
713,withdrawal,271.8338710016579,1945.5453218418988,2024-12-01 04:28:01.196425,0,
714,deposit,802.734958294023,2975.50275644482,2024-12-01 04:54:01.196425,0,
715,deposit,846.3664808453086,3765.7394968021727,2024-12-01 05:06:01.196425,0,
716,withdrawal,167.57221513460632,2783.598128971358,2024-12-01 05:08:01.196425,0,
717,deposit,180.05100399565634,5701.8205676303805,2024-12-01 05:26:01.196425,0,
718,withdrawal,323.09009749078825,2881.1464691939946,2024-12-01 05:40:01.196425,0,
719,deposit,566.2716011631817,5276.998755033535,2024-12-01 06:09:01.196425,0,
720,deposit,149.68675271278238,4278.071167397687,2024-12-01 06:33:01.196425,0,
721,deposit,242.9288351291953,2858.6245811050544,2024-12-01 06:57:01.196425,0,
722,withdrawal,340.93143499616656,5458.80694094995,2024-12-01 07:10:01.196425,0,
722,password_change,0.0,5458.80694094995,2024-12-01 07:13:01.196425,0,
723,withdrawal,408.20371477375204,5019.279049470345,2024-12-01 07:35:01.196425,0,
724,withdrawal,131.88260324133574,627.8735803720995,2024-12-01 07:43:01.196425,0,
725,deposit,833.2809556660769,3029.7329106187,2024-12-01 08:13:01.196425,0,
726,deposit,747.9391970145505,4953.285537404983,2024-12-01 08:36:01.196425,0,
727,deposit,156.5660985994213,4934.405132664597,2024-12-01 08:43:01.196425,0,
728,withdrawal,311.337124499944,2402.950540968266,2024-12-01 09:01:01.196425,0,
729,deposit,238.01205545779112,3332.1977733339113,2024-12-01 09:22:01.196425,0,
729,phone_change,0.0,3332.1977733339113,2024-12-01 09:46:01.196425,0,
730,deposit,855.3902692366374,1503.5505884767535,2024-12-01 10:15:01.196425,0,
731,deposit,805.7159037121272,5617.55246956606,2024-12-01 10:30:01.196425,0,
731,email_change,0.0,5617.55246956606,2024-12-01 10:53:01.196425,0,
732,deposit,498.80414281327853,3334.444016358887,2024-12-01 11:11:01.196425,0,
733,withdrawal,131.795849528439,1741.243002790199,2024-12-01 11:14:01.196425,0,
734,deposit,713.6298322225887,5790.500969084302,2024-12-01 11:23:01.196425,0,
735,deposit,573.782357707165,4611.491131056012,2024-12-01 11:44:01.196425,0,
735,password_change,0.0,4611.491131056012,2024-12-01 12:03:01.196425,0,
736,withdrawal,392.1348352168769,894.5786115381287,2024-12-01 12:07:01.196425,0,
737,withdrawal,253.70915408276085,3154.8606074918794,2024-12-01 12:11:01.196425,0,
738,deposit,242.77163743260607,5164.424334857484,2024-12-01 12:29:01.196425,0,
739,deposit,543.3776206427822,3322.0332731104127,2024-12-01 12:44:01.196425,0,
740,withdrawal,444.3273375643779,2034.8178514733122,2024-12-01 12:57:01.196425,0,
740,phone_change,0.0,2034.8178514733122,2024-12-01 12:59:01.196425,0,
741,deposit,423.3745290655958,1728.0296211003454,2024-12-01 13:20:01.196425,0,
741,email_change,0.0,1728.0296211003454,2024-12-01 13:41:01.196425,0,
742,withdrawal,410.4593931659254,2952.6349603289573,2024-12-01 13:43:01.196425,0,
743,deposit,230.6919479350839,4071.942029606536,2024-12-01 13:58:01.196425,0,
744,deposit,467.01426303277697,2870.407426128874,2024-12-01 13:59:01.196425,0,
745,withdrawal,485.3205765776938,2135.091901517602,2024-12-01 14:28:01.196425,0,
746,deposit,100.19916043181574,4064.070470796359,2024-12-01 14:58:01.196425,0,
747,withdrawal,381.7136935990311,3380.255903578358,2024-12-01 15:28:01.196425,0,
748,deposit,675.8016592737807,4548.940716843195,2024-12-01 15:34:01.196425,0,
749,withdrawal,146.745463117347,4253.908563300197,2024-12-01 15:44:01.196425,0,
750,deposit,479.0386439466965,3127.4651855321003,2024-12-01 15:52:01.196425,0,
751,deposit,539.5428662004928,5133.373135883559,2024-12-01 16:09:01.196425,0,
752,deposit,400.81039341198715,3122.2872008560144,2024-12-01 16:24:01.196425,0,
753,deposit,820.7179962432729,5038.637587905704,2024-12-01 16:50:01.196425,0,
753,phone_change,0.0,5038.637587905704,2024-12-01 17:09:01.196425,0,
754,deposit,449.85046745404355,5187.792173900491,2024-12-01 17:18:01.196425,0,
754,phone_change,0.0,5187.792173900491,2024-12-01 17:44:01.196425,0,
755,deposit,830.4895339416488,2937.3571205226363,2024-12-01 17:58:01.196425,0,
755,email_change,0.0,2937.3571205226363,2024-12-01 18:01:01.196425,0,
756,deposit,741.8175815005612,2954.902011965007,2024-12-01 18:04:01.196425,0,
757,withdrawal,295.92695711756033,3620.8845283631863,2024-12-01 18:14:01.196425,0,
758,deposit,831.1610526175622,2597.2539187030384,2024-12-01 18:26:01.196425,0,
759,deposit,346.83002864428477,2154.6631318889567,2024-12-01 18:38:01.196425,0,
760,withdrawal,278.53496299490155,4961.792153117455,2024-12-01 18:51:01.196425,0,
761,withdrawal,204.79928034838753,4225.848968406405,2024-12-01 19:00:01.196425,0,
761,phone_change,0.0,4225.848968406405,2024-12-01 19:10:01.196425,0,
762,deposit,174.04841046454754,3072.8585871430114,2024-12-01 19:27:01.196425,0,
763,deposit,369.75791796391144,3318.0324726759372,2024-12-01 19:39:01.196425,0,
764,withdrawal,280.5666407675838,4036.216137032828,2024-12-01 19:51:01.196425,0,
765,withdrawal,145.17683998421052,4992.4536311622,2024-12-01 20:02:01.196425,0,
766,withdrawal,497.24519159707586,2408.4759366613935,2024-12-01 20:06:01.196425,0,
767,deposit,568.0471888621908,2671.343573831048,2024-12-01 20:33:01.196425,0,
768,withdrawal,471.78360151629477,1118.0108429092616,2024-12-01 20:41:01.196425,0,
769,withdrawal,497.00629403930344,1833.3817755891675,2024-12-01 20:57:01.196425,0,
770,deposit,947.4022827671402,2605.1243211561286,2024-12-01 21:13:01.196425,0,
771,deposit,702.1680474595054,4709.090411000964,2024-12-01 21:17:01.196425,0,
772,withdrawal,59.3559473094185,2993.412476818793,2024-12-01 21:42:01.196425,0,
773,withdrawal,133.83338467178413,1114.5831402813983,2024-12-01 21:53:01.196425,0,
774,deposit,695.4989024273431,3585.467408546211,2024-12-01 22:00:01.196425,0,
775,deposit,341.838340404769,3410.811253106502,2024-12-01 22:30:01.196425,0,
776,withdrawal,365.27036882192925,2564.1890531869017,2024-12-01 22:42:01.196425,0,
776,phone_change,0.0,2564.1890531869017,2024-12-01 23:01:01.196425,0,
777,withdrawal,238.6050254211535,1692.1293992812812,2024-12-01 23:15:01.196425,0,
778,deposit,484.8390362957709,5310.961739208832,2024-12-01 23:35:01.196425,0,
779,deposit,976.9924774978758,5131.295801094222,2024-12-02 00:02:01.196425,0,
780,withdrawal,233.31302785769068,4179.797618258771,2024-12-02 00:14:01.196425,0,
781,deposit,450.7645987342559,3944.4373047700697,2024-12-02 00:29:01.196425,0,
782,deposit,814.4480784699398,3223.95140486491,2024-12-02 00:43:01.196425,0,
783,deposit,420.6257021338718,5385.400752067373,2024-12-02 00:51:01.196425,0,
784,withdrawal,279.82945099589955,4512.023191034503,2024-12-02 00:59:01.196425,0,
785,deposit,825.7700886758512,5243.31888060983,2024-12-02 01:22:01.196425,0,
786,withdrawal,177.25265221504563,5500.513936434638,2024-12-02 01:46:01.196425,0,
787,deposit,449.3318171160168,5681.233323339931,2024-12-02 02:01:01.196425,0,
788,withdrawal,143.03124004220336,4505.048312691754,2024-12-02 02:05:01.196425,0,
788,email_change,0.0,4505.048312691754,2024-12-02 02:15:01.196425,0,
789,deposit,549.0765982688624,4514.15741169544,2024-12-02 02:20:01.196425,0,
790,deposit,811.2203894628356,2119.2904817902227,2024-12-02 02:48:01.196425,0,
791,withdrawal,433.1567218960296,2806.9607543208094,2024-12-02 03:04:01.196425,0,
792,withdrawal,398.2477670886594,666.7201670984282,2024-12-02 03:10:01.196425,0,
793,deposit,117.96526296829663,3736.8118618929593,2024-12-02 03:24:01.196425,0,
794,withdrawal,432.62640985448814,3280.193922356757,2024-12-02 03:54:01.196425,0,
795,deposit,211.49328679069419,3612.66545006842,2024-12-02 03:56:01.196425,0,
796,withdrawal,323.1485316951616,552.8980046698889,2024-12-02 04:24:01.196425,0,
797,deposit,278.6978826426521,3629.5431412904786,2024-12-02 04:49:01.196425,0,
797,email_change,0.0,3629.5431412904786,2024-12-02 05:05:01.196425,0,
798,deposit,976.1928473865896,4519.491395886818,2024-12-02 05:10:01.196425,0,
799,withdrawal,393.6317214111888,4914.467992407355,2024-12-02 05:30:01.196425,0,
799,password_change,0.0,4914.467992407355,2024-12-02 05:42:01.196425,0,
800,deposit,491.2764560226858,5675.255037207977,2024-12-02 06:10:01.196425,0,
801,deposit,712.2658555854932,3714.0041043057317,2024-12-02 06:17:01.196425,0,
802,deposit,206.55116572748165,2483.679213456718,2024-12-02 06:18:01.196425,0,
803,deposit,733.6805768009826,3968.5488456031685,2024-12-02 06:40:01.196425,0,
804,deposit,807.7011377157351,4578.106930148926,2024-12-02 06:41:01.196425,0,
805,withdrawal,333.9824528262477,3206.636375634439,2024-12-02 06:45:01.196425,0,
806,withdrawal,329.2682328082258,2688.8820155446147,2024-12-02 07:07:01.196425,0,
807,deposit,485.60920582329345,2737.132534813372,2024-12-02 07:14:01.196425,0,
808,withdrawal,263.1467528064209,1533.0109287418536,2024-12-02 07:23:01.196425,0,
809,withdrawal,295.2675006227844,2940.3157536222543,2024-12-02 07:41:01.196425,0,
810,deposit,302.4541927129758,3622.9848761332905,2024-12-02 07:57:01.196425,0,
811,deposit,715.0569832841809,4806.512827512316,2024-12-02 08:08:01.196425,0,
812,deposit,387.34393418202967,5072.004779532563,2024-12-02 08:38:01.196425,0,
813,withdrawal,332.2251779506437,1474.8180919453364,2024-12-02 08:51:01.196425,0,
813,phone_change,0.0,1474.8180919453364,2024-12-02 09:05:01.196425,0,
814,withdrawal,155.39506982428452,1651.8875203663692,2024-12-02 09:30:01.196425,0,
815,deposit,692.3214849579218,4070.1659302711587,2024-12-02 09:33:01.196425,0,
816,deposit,931.5125638669816,2344.9645330591316,2024-12-02 09:45:01.196425,0,
816,phone_change,0.0,2344.9645330591316,2024-12-02 10:14:01.196425,0,
817,withdrawal,286.7861130454821,3062.0459165058487,2024-12-02 10:36:01.196425,0,
817,phone_change,0.0,3062.0459165058487,2024-12-02 10:54:01.196425,0,
818,deposit,681.1221495879123,2116.9168487883667,2024-12-02 11:24:01.196425,0,
819,withdrawal,87.5325654155581,5343.418885502495,2024-12-02 11:43:01.196425,0,
820,withdrawal,436.35601845393813,3926.697015117733,2024-12-02 11:58:01.196425,0,
821,withdrawal,269.5460073477845,3413.019277226688,2024-12-02 12:16:01.196425,0,
822,deposit,503.28236426523,5536.161084154247,2024-12-02 12:40:01.196425,0,
823,withdrawal,466.5059525366763,1450.7589301183993,2024-12-02 12:58:01.196425,0,
824,deposit,235.47189866655776,4617.279339878321,2024-12-02 13:01:01.196425,0,
824,phone_change,0.0,4617.279339878321,2024-12-02 13:02:01.196425,0,
825,withdrawal,407.29970338889217,4231.545101520925,2024-12-02 13:10:01.196425,0,
826,deposit,429.6071636829167,1526.6591906873737,2024-12-02 13:40:01.196425,0,
827,deposit,997.530542957979,2868.0807741704107,2024-12-02 13:48:01.196425,0,
828,deposit,902.1177780065067,3944.8731587766524,2024-12-02 14:07:01.196425,0,
829,deposit,611.222488901479,3694.9749243581273,2024-12-02 14:19:01.196425,0,
830,withdrawal,338.9653712981888,4563.633524134571,2024-12-02 14:38:01.196425,0,
831,deposit,633.7295068441108,3756.664991157859,2024-12-02 15:05:01.196425,0,
832,deposit,397.07666369629777,1976.7250780525683,2024-12-02 15:19:01.196425,0,
833,deposit,610.159849178868,2991.3818725498595,2024-12-02 15:33:01.196425,0,
834,deposit,301.75003182831614,3389.4806679679946,2024-12-02 15:40:01.196425,0,
835,deposit,212.06048502300686,5151.430251154813,2024-12-02 15:56:01.196425,0,
835,phone_change,0.0,5151.430251154813,2024-12-02 16:17:01.196425,0,
836,deposit,957.9740529896939,5481.027492866823,2024-12-02 16:36:01.196425,0,
837,withdrawal,466.8545553815084,4529.15014227387,2024-12-02 17:06:01.196425,0,
837,password_change,0.0,4529.15014227387,2024-12-02 17:27:01.196425,0,
838,withdrawal,53.19245637293612,4287.029529679381,2024-12-02 17:55:01.196425,0,
839,deposit,834.3477150441316,3514.0797704059582,2024-12-02 18:07:01.196425,0,
840,withdrawal,125.44659308412592,2274.5068988684525,2024-12-02 18:20:01.196425,0,
841,deposit,747.6427525635347,4217.644943344973,2024-12-02 18:34:01.196425,0,
842,deposit,592.4931709566067,5829.926808508928,2024-12-02 18:57:01.196425,0,
843,withdrawal,310.6381612658506,1502.5489917981308,2024-12-02 19:26:01.196425,0,
844,deposit,766.3727917280567,2872.038505463956,2024-12-02 19:32:01.196425,0,
844,password_change,0.0,2872.038505463956,2024-12-02 19:34:01.196425,0,
845,deposit,770.1607956691148,4661.440760157213,2024-12-02 19:48:01.196425,0,
845,email_change,0.0,4661.440760157213,2024-12-02 19:55:01.196425,0,
846,withdrawal,221.06789346055263,3772.390757088812,2024-12-02 19:58:01.196425,0,
847,deposit,170.87813196820608,1591.1302969957,2024-12-02 20:04:01.196425,0,
848,deposit,657.8496791364048,1701.19080635076,2024-12-02 20:16:01.196425,0,
849,deposit,356.01482602025953,2855.8895417278645,2024-12-02 20:19:01.196425,0,
850,withdrawal,447.6370928167471,1653.4416582107651,2024-12-02 20:43:01.196425,0,
851,withdrawal,356.95829650086426,2214.242377882858,2024-12-02 20:58:01.196425,0,
851,password_change,0.0,2214.242377882858,2024-12-02 21:27:01.196425,0,
852,deposit,720.4235493699898,3289.0683306866254,2024-12-02 21:32:01.196425,0,
852,phone_change,0.0,3289.0683306866254,2024-12-02 21:58:01.196425,0,
853,deposit,315.16290499059266,2790.2708352433806,2024-12-02 22:19:01.196425,0,
853,password_change,0.0,2790.2708352433806,2024-12-02 22:28:01.196425,0,
854,deposit,291.5274141839458,3577.135682228381,2024-12-02 22:53:01.196425,0,
855,deposit,728.4718633324794,3324.4518264260723,2024-12-02 23:10:01.196425,0,
856,withdrawal,466.3644935181122,4121.88273225647,2024-12-02 23:39:01.196425,0,
857,deposit,660.3810583115736,4282.714773823477,2024-12-02 23:40:01.196425,0,
858,deposit,215.45960918408718,3239.4074795927104,2024-12-03 00:06:01.196425,0,
859,deposit,208.77367721182648,3529.7449324167433,2024-12-03 00:21:01.196425,0,
860,withdrawal,197.99858133722918,4310.355190165407,2024-12-03 00:41:01.196425,0,
861,deposit,611.9341493453859,2616.18012035387,2024-12-03 00:47:01.196425,0,
862,withdrawal,390.2685653558491,924.1199908842983,2024-12-03 01:03:01.196425,0,
863,deposit,239.0925175546296,5277.818793681813,2024-12-03 01:32:01.196425,0,
864,deposit,346.7530986645812,2532.591248832786,2024-12-03 01:54:01.196425,0,
865,deposit,412.67717471169146,2822.192869786095,2024-12-03 02:07:01.196425,0,
865,email_change,0.0,2822.192869786095,2024-12-03 02:17:01.196425,0,
866,withdrawal,61.36901708544435,3800.597470334915,2024-12-03 02:42:01.196425,0,
867,withdrawal,80.987326331659,4511.765948426155,2024-12-03 03:03:01.196425,0,
868,deposit,458.85812107378064,1700.6758163260592,2024-12-03 03:26:01.196425,0,
868,password_change,0.0,1700.6758163260592,2024-12-03 03:35:01.196425,0,
869,deposit,399.35179187751567,2137.4620480386184,2024-12-03 03:49:01.196425,0,
869,phone_change,0.0,2137.4620480386184,2024-12-03 03:51:01.196425,0,
870,deposit,224.4102494637131,5508.617952869677,2024-12-03 04:21:01.196425,0,
871,deposit,257.9528836020464,3218.6535229379147,2024-12-03 04:25:01.196425,0,
872,withdrawal,406.1473527000243,2466.663458584896,2024-12-03 04:35:01.196425,0,
873,withdrawal,337.69732951748205,1188.7215342733916,2024-12-03 04:37:01.196425,0,
874,withdrawal,363.1284580290306,4784.518760444576,2024-12-03 04:53:01.196425,0,
875,deposit,982.9896894834586,4743.509266606555,2024-12-03 05:17:01.196425,0,
876,withdrawal,95.46617672131018,4124.401418592129,2024-12-03 05:26:01.196425,0,
877,withdrawal,446.07777733267153,5280.363768974008,2024-12-03 05:42:01.196425,0,
877,email_change,0.0,5280.363768974008,2024-12-03 05:55:01.196425,0,
878,withdrawal,78.61813405301372,4204.643729450191,2024-12-03 06:18:01.196425,0,
879,deposit,403.6302957844121,3929.6578491651017,2024-12-03 06:21:01.196425,0,
880,deposit,977.3443935702271,5996.167925311073,2024-12-03 06:41:01.196425,0,
881,withdrawal,220.2792541617878,3351.1132188939364,2024-12-03 07:07:01.196425,0,
882,deposit,852.4442167095773,1750.503829195653,2024-12-03 07:37:01.196425,0,
883,withdrawal,230.01789823101853,3664.0502664179967,2024-12-03 07:55:01.196425,0,
884,withdrawal,240.18855384792818,1206.9761000276792,2024-12-03 08:04:01.196425,0,
884,phone_change,0.0,1206.9761000276792,2024-12-03 08:19:01.196425,0,
885,deposit,454.7363938779207,3302.8372341814347,2024-12-03 08:28:01.196425,0,
885,password_change,0.0,3302.8372341814347,2024-12-03 08:41:01.196425,0,
886,deposit,408.58435366596444,2886.172914226344,2024-12-03 08:59:01.196425,0,
887,withdrawal,287.8217239896064,4184.296485727454,2024-12-03 09:19:01.196425,0,
888,deposit,924.398657664779,2373.482238143015,2024-12-03 09:23:01.196425,0,
889,deposit,532.4641907814615,3329.3904992747853,2024-12-03 09:41:01.196425,0,
890,deposit,973.0795936154957,4911.879145452229,2024-12-03 09:47:01.196425,0,
891,withdrawal,481.621809352754,1863.805270067157,2024-12-03 09:53:01.196425,0,
892,withdrawal,243.62651746859882,2660.7172412530745,2024-12-03 10:12:01.196425,0,
893,deposit,744.6832681757511,1879.7413351441432,2024-12-03 10:38:01.196425,0,
893,password_change,0.0,1879.7413351441432,2024-12-03 10:53:01.196425,0,
894,deposit,217.32003034597633,1361.1004914607902,2024-12-03 11:20:01.196425,0,
895,withdrawal,100.32938676561501,2537.979310716298,2024-12-03 11:47:01.196425,0,
896,deposit,333.7768567401285,1598.8362571824211,2024-12-03 12:16:01.196425,0,
897,withdrawal,160.09398683700468,1070.2684444034098,2024-12-03 12:37:01.196425,0,
898,deposit,604.6459806849629,3454.059262000693,2024-12-03 12:39:01.196425,0,
899,deposit,820.3267631590938,2545.510435727878,2024-12-03 12:47:01.196425,0,
899,password_change,0.0,2545.510435727878,2024-12-03 13:07:01.196425,0,
900,deposit,687.7640250275397,2207.2426616364774,2024-12-03 13:13:01.196425,0,
900,email_change,0.0,2207.2426616364774,2024-12-03 13:17:01.196425,0,
901,deposit,537.5286380007636,2656.5203976553207,2024-12-03 13:26:01.196425,0,
902,deposit,154.25038112912864,2992.0294550829726,2024-12-03 13:55:01.196425,0,
903,withdrawal,193.078961447735,4950.179633597644,2024-12-03 14:17:01.196425,0,
904,deposit,594.3528336287163,2023.9070015077966,2024-12-03 14:46:01.196425,0,
905,deposit,471.90073287226164,5208.0581341214975,2024-12-03 14:54:01.196425,0,
906,withdrawal,285.633672542275,1515.084733339813,2024-12-03 15:00:01.196425,0,
907,deposit,498.03590350407853,5249.22631779381,2024-12-03 15:15:01.196425,0,
908,withdrawal,213.7643947245731,1858.1631787269196,2024-12-03 15:33:01.196425,0,
909,withdrawal,427.271078810591,1914.1694865128738,2024-12-03 16:00:01.196425,0,
910,deposit,868.127329646571,3853.4098712768437,2024-12-03 16:22:01.196425,0,
911,withdrawal,334.3643300845159,1949.1089366576257,2024-12-03 16:33:01.196425,0,
912,deposit,136.44843709154912,5927.7680892153085,2024-12-03 17:01:01.196425,0,
913,withdrawal,474.63799275676183,4358.387896951583,2024-12-03 17:11:01.196425,0,
914,withdrawal,77.60008366838753,1742.677113424203,2024-12-03 17:18:01.196425,0,
915,withdrawal,479.2248116302219,1257.7978751376584,2024-12-03 17:36:01.196425,0,
916,withdrawal,138.405963381874,2168.3469742909306,2024-12-03 17:56:01.196425,0,
917,deposit,172.95646143872088,4426.552493737125,2024-12-03 18:22:01.196425,0,
918,withdrawal,63.819918046469496,2601.5569206073415,2024-12-03 18:38:01.196425,0,
919,withdrawal,448.99910665728464,1536.5212141457491,2024-12-03 19:04:01.196425,0,
920,withdrawal,348.3801229324458,4201.3914373059915,2024-12-03 19:22:01.196425,0,
921,deposit,294.72510926850043,3739.098918087858,2024-12-03 19:29:01.196425,0,
921,email_change,0.0,3739.098918087858,2024-12-03 19:46:01.196425,0,
922,deposit,641.7590035619963,1688.4183289771254,2024-12-03 19:47:01.196425,0,
922,phone_change,0.0,1688.4183289771254,2024-12-03 20:01:01.196425,0,
923,deposit,612.2015776976073,5542.363371198251,2024-12-03 20:04:01.196425,0,
924,withdrawal,210.94074850207062,5080.976115469477,2024-12-03 20:13:01.196425,0,
924,password_change,0.0,5080.976115469477,2024-12-03 20:18:01.196425,0,
925,withdrawal,262.9883306048519,1533.5612855570207,2024-12-03 20:43:01.196425,0,
926,deposit,970.5360233775757,4408.085781170957,2024-12-03 20:45:01.196425,0,
927,deposit,927.6904509410962,5383.286858993477,2024-12-03 21:06:01.196425,0,
928,withdrawal,120.19670268069157,1500.0532396677263,2024-12-03 21:30:01.196425,0,
929,withdrawal,203.70140635154848,3150.0249022434878,2024-12-03 21:56:01.196425,0,
930,withdrawal,432.2231367351365,977.3816698849735,2024-12-03 22:03:01.196425,0,
930,phone_change,0.0,977.3816698849735,2024-12-03 22:21:01.196425,0,
931,withdrawal,351.28158475631307,1922.3232133520157,2024-12-03 22:26:01.196425,0,
932,withdrawal,235.0634097746758,1837.254872224448,2024-12-03 22:46:01.196425,0,
933,withdrawal,417.96421201613157,807.936933710771,2024-12-03 23:13:01.196425,0,
934,withdrawal,227.5009510770929,2890.1102643805852,2024-12-03 23:23:01.196425,0,
935,deposit,783.2976436664812,4549.289768199847,2024-12-03 23:36:01.196425,0,
936,withdrawal,84.84908999909791,4497.004436274287,2024-12-03 23:46:01.196425,0,
937,deposit,389.815113378206,5351.220719893957,2024-12-04 00:09:01.196425,0,
937,email_change,0.0,5351.220719893957,2024-12-04 00:35:01.196425,0,
938,withdrawal,172.3558686091337,1219.434665207609,2024-12-04 01:05:01.196425,0,
939,withdrawal,117.1301398029485,2671.8344845399997,2024-12-04 01:34:01.196425,0,
940,deposit,802.0509851108527,3832.406890251457,2024-12-04 01:49:01.196425,0,
941,deposit,538.4429875729428,3790.654186171121,2024-12-04 02:14:01.196425,0,
942,withdrawal,159.98374391854972,1913.133891480143,2024-12-04 02:28:01.196425,0,
942,email_change,0.0,1913.133891480143,2024-12-04 02:51:01.196425,0,
943,deposit,434.91243258357457,1824.7325975663978,2024-12-04 03:12:01.196425,0,
944,deposit,476.99329298369133,3636.3347114871995,2024-12-04 03:24:01.196425,0,
945,deposit,332.18962332949377,4761.201777095255,2024-12-04 03:47:01.196425,0,
946,deposit,254.91628153721604,2960.9383568468465,2024-12-04 04:03:01.196425,0,
947,deposit,917.5715050134215,3559.795699026683,2024-12-04 04:12:01.196425,0,
948,withdrawal,294.40478319223433,1860.6976055888094,2024-12-04 04:21:01.196425,0,
949,deposit,617.7156503704945,3852.8154402258683,2024-12-04 04:37:01.196425,0,
950,deposit,975.3241446485212,3073.2599159619663,2024-12-04 05:03:01.196425,0,
951,withdrawal,393.06351221505497,493.92614915124807,2024-12-04 05:08:01.196425,0,
952,deposit,261.0722506650302,1708.7641524034602,2024-12-04 05:34:01.196425,0,
952,email_change,0.0,1708.7641524034602,2024-12-04 06:01:01.196425,0,
953,withdrawal,296.5838875045027,2230.3035643817498,2024-12-04 06:26:01.196425,0,
954,deposit,999.9104333180908,5216.65356757763,2024-12-04 06:27:01.196425,0,
955,withdrawal,309.17167446968284,1300.3484133078562,2024-12-04 06:49:01.196425,0,
956,withdrawal,236.12446872166436,1982.3170226782258,2024-12-04 06:53:01.196425,0,
957,withdrawal,494.3999564481415,2623.3329870351595,2024-12-04 06:56:01.196425,0,
958,deposit,845.7301851317405,3404.1128320024786,2024-12-04 07:24:01.196425,0,
959,deposit,629.7184180310529,3177.663854329751,2024-12-04 07:37:01.196425,0,
960,deposit,276.1710854224152,4329.570103392538,2024-12-04 07:47:01.196425,0,
961,deposit,991.3198002373151,6498.9532102011435,2024-12-04 07:53:01.196425,0,
962,deposit,777.2460076778837,2072.24712790157,2024-12-04 08:03:01.196425,0,
963,withdrawal,370.9179069239627,4561.377073642694,2024-12-04 08:24:01.196425,0,
963,password_change,0.0,4561.377073642694,2024-12-04 08:44:01.196425,0,
964,deposit,938.7150459150604,5261.578023629725,2024-12-04 08:54:01.196425,0,
964,phone_change,0.0,5261.578023629725,2024-12-04 09:20:01.196425,0,
965,deposit,214.88682841853472,5024.986678185925,2024-12-04 09:30:01.196425,0,
965,email_change,0.0,5024.986678185925,2024-12-04 09:35:01.196425,0,
966,deposit,626.0348558577044,2394.384064738798,2024-12-04 09:49:01.196425,0,
967,deposit,463.03713546313276,2371.5122339643067,2024-12-04 10:09:01.196425,0,
968,withdrawal,91.90087328344673,1196.892610720895,2024-12-04 10:23:01.196425,0,
969,deposit,932.8438372021614,4142.390449481607,2024-12-04 10:40:01.196425,0,
969,email_change,0.0,4142.390449481607,2024-12-04 10:55:01.196425,0,
970,deposit,580.5459194130311,3814.1482151768073,2024-12-04 11:14:01.196425,0,
971,withdrawal,292.4781896454408,1842.2551303393827,2024-12-04 11:33:01.196425,0,
972,withdrawal,129.25544290212162,3485.1772494894963,2024-12-04 11:58:01.196425,0,
973,withdrawal,440.6428029580195,3794.731712723661,2024-12-04 12:04:01.196425,0,
974,deposit,463.77352399824844,5093.708413506501,2024-12-04 12:28:01.196425,0,
975,withdrawal,56.18520557902965,2060.0603359624097,2024-12-04 12:46:01.196425,0,
976,deposit,966.6064665911744,3375.8019969506236,2024-12-04 12:58:01.196425,0,
977,withdrawal,59.466210192733286,1482.8619082612763,2024-12-04 13:23:01.196425,0,
978,deposit,145.22001713279337,4782.1359050061155,2024-12-04 13:33:01.196425,0,
979,withdrawal,74.13144811974547,3530.890520762887,2024-12-04 13:35:01.196425,0,
980,deposit,881.2881893303477,3130.50944994568,2024-12-04 13:49:01.196425,0,
981,deposit,133.9371661392105,2582.601254115818,2024-12-04 14:04:01.196425,0,
982,deposit,574.1779328997468,5315.3909150585605,2024-12-04 14:07:01.196425,0,
983,withdrawal,373.6178734442898,2847.455752158103,2024-12-04 14:27:01.196425,0,
984,deposit,154.60183739858445,2472.171726097973,2024-12-04 14:54:01.196425,0,
985,withdrawal,271.6795927345412,1139.5898045367344,2024-12-04 15:18:01.196425,0,
986,withdrawal,166.4360100356168,2187.4361660182367,2024-12-04 15:44:01.196425,0,
987,deposit,748.3553302580232,3061.017847832656,2024-12-04 16:09:01.196425,0,
988,deposit,575.1656053882426,3388.657934908868,2024-12-04 16:38:01.196425,0,
988,phone_change,0.0,3388.657934908868,2024-12-04 17:05:01.196425,0,
989,withdrawal,370.0455235953688,2986.0501158129528,2024-12-04 17:24:01.196425,0,
990,deposit,143.68594101527663,3191.671025865198,2024-12-04 17:46:01.196425,0,
990,phone_change,0.0,3191.671025865198,2024-12-04 18:01:01.196425,0,
991,withdrawal,482.3489004279234,805.0076953365078,2024-12-04 18:04:01.196425,0,
992,deposit,997.0858418984083,6132.942006273692,2024-12-04 18:06:01.196425,0,
992,email_change,0.0,6132.942006273692,2024-12-04 18:18:01.196425,0,
993,deposit,423.9973803754422,3232.4707819864184,2024-12-04 18:25:01.196425,0,
993,phone_change,0.0,3232.4707819864184,2024-12-04 18:54:01.196425,0,
994,withdrawal,133.94203443849688,3127.9966078878288,2024-12-04 19:23:01.196425,0,
995,deposit,996.5065221648566,5396.074740517237,2024-12-04 19:29:01.196425,0,
996,withdrawal,181.6110365099107,3010.2219494374535,2024-12-04 19:37:01.196425,0,
997,deposit,530.1659062689323,4182.851373115195,2024-12-04 19:44:01.196425,0,
998,deposit,696.633460398182,2077.462229179134,2024-12-04 19:47:01.196425,0,
999,deposit,552.0126883851719,1771.615241545215,2024-12-04 20:10:01.196425,0,
100,fraud,36.83387688406588,-373.3772435918676,2024-12-04 20:22:01.196425,1,
101,fraud,248.44695792341938,1120.9232445030052,2024-12-04 20:29:01.196425,1,
101,password_change,0.0,1120.9232445030052,2024-12-04 20:37:01.196425,1,
102,fraud,197.22306374797154,3384.909157071901,2024-12-04 21:02:01.196425,1,
102,password_change,0.0,3384.909157071901,2024-12-04 21:05:01.196425,1,
103,fraud,9311.260079858748,-4616.382725888611,2024-12-04 21:29:01.196425,1,
103,deposit,0.0,-4616.382725888611,2024-12-04 21:44:01.196425,1,
104,fraud,1056.0167109765734,3045.9518922212874,2024-12-04 21:52:01.196425,1,
104,withdrawal,0.0,3045.9518922212874,2024-12-04 22:13:01.196425,1,
105,fraud,421.66352409000274,2511.5096398820424,2024-12-04 22:38:01.196425,1,
106,fraud,170.12476217743355,1778.00278840765,2024-12-04 22:46:01.196425,1,
106,phone_change,0.0,1778.00278840765,2024-12-04 22:59:01.196425,1,
107,fraud,332.38314755490694,7151.665025466626,2024-12-04 23:15:01.196425,1,
107,password_change,0.0,7151.665025466626,2024-12-04 23:28:01.196425,1,
108,fraud,626.8462819303518,2303.0337764702654,2024-12-04 23:35:01.196425,1,
108,phone_change,0.0,2303.0337764702654,2024-12-04 23:53:01.196425,1,
109,fraud,1511.0383693267984,2557.6547106323314,2024-12-05 00:07:01.196425,1,
110,fraud,1365.2838976699754,332.5818743872587,2024-12-05 00:32:01.196425,1,
110,withdrawal,0.0,332.5818743872587,2024-12-05 00:42:01.196425,1,
111,fraud,261.11341006641646,3103.5379359254057,2024-12-05 01:12:01.196425,1,
111,password_change,0.0,3103.5379359254057,2024-12-05 01:25:01.196425,1,
112,fraud,41.76308550592848,-1318.9589081921968,2024-12-05 01:39:01.196425,1,
113,fraud,135.48282757727944,4895.438463965835,2024-12-05 02:04:01.196425,1,
113,withdrawal,0.0,4895.438463965835,2024-12-05 02:15:01.196425,1,
114,fraud,3834.3085590525493,-726.902480169414,2024-12-05 02:34:01.196425,1,
114,deposit,0.0,-726.902480169414,2024-12-05 02:54:01.196425,1,
115,fraud,219.95112080063328,4144.255309730905,2024-12-05 03:14:01.196425,1,
116,fraud,33.83529222090182,3119.3367698363104,2024-12-05 03:21:01.196425,1,
117,fraud,487.8327040203592,4879.075652997428,2024-12-05 03:41:01.196425,1,
117,password_change,0.0,4879.075652997428,2024-12-05 03:55:01.196425,1,
118,fraud,484.03063235121493,1838.473575990954,2024-12-05 03:57:01.196425,1,
118,email_change,0.0,1838.473575990954,2024-12-05 04:10:01.196425,1,
119,fraud,2463.0859611861897,9052.054605574549,2024-12-05 04:37:01.196425,1,
119,deposit,0.0,9052.054605574549,2024-12-05 04:46:01.196425,1,
120,fraud,57.24687462907417,-1132.8064993665357,2024-12-05 04:52:01.196425,1,
120,suspicious_login,0.0,-1132.8064993665357,2024-12-05 04:54:01.196425,1,
121,fraud,887.6101492911627,-4222.384071039573,2024-12-05 05:23:01.196425,1,
121,email_change,0.0,-4222.384071039573,2024-12-05 05:25:01.196425,1,
122,fraud,2561.7171342205133,-2626.278612845194,2024-12-05 05:30:01.196425,1,
122,failed_login,0.0,-2626.278612845194,2024-12-05 05:31:01.196425,1,
123,fraud,1782.21583797179,2113.5740464338096,2024-12-05 05:45:01.196425,1,
123,failed_login,0.0,2113.5740464338096,2024-12-05 05:48:01.196425,1,
124,fraud,1208.7390715222582,-966.8896475268639,2024-12-05 06:12:01.196425,1,
124,withdrawal,0.0,-966.8896475268639,2024-12-05 06:20:01.196425,1,
125,fraud,457.48857202516416,3101.9537718594984,2024-12-05 06:32:01.196425,1,
125,password_change,0.0,3101.9537718594984,2024-12-05 06:43:01.196425,1,
126,fraud,2528.4498476026306,6373.8267022300315,2024-12-05 07:13:01.196425,1,
127,fraud,2746.449572028876,-4153.877496934211,2024-12-05 07:21:01.196425,1,
127,suspicious_login,0.0,-4153.877496934211,2024-12-05 07:39:01.196425,1,
128,fraud,2662.1125698091714,5700.360190494551,2024-12-05 07:45:01.196425,1,
128,deposit,0.0,5700.360190494551,2024-12-05 07:47:01.196425,1,
129,fraud,4769.600534098905,-1754.6037006305314,2024-12-05 07:51:01.196425,1,
130,fraud,17.8572975056041,4459.845524372053,2024-12-05 08:17:01.196425,1,
131,fraud,12.117742174774268,2970.3746597044833,2024-12-05 08:21:01.196425,1,
132,fraud,14.331656189197528,3135.964741054078,2024-12-05 08:34:01.196425,1,
133,fraud,540.7240682532472,2075.4622904892894,2024-12-05 08:52:01.196425,1,
133,password_change,0.0,2075.4622904892894,2024-12-05 09:06:01.196425,1,
134,fraud,268.58138704982264,1790.6835334475268,2024-12-05 09:15:01.196425,1,
135,fraud,97.499159861942,6121.843053812678,2024-12-05 09:43:01.196425,1,
135,email_change,0.0,6121.843053812678,2024-12-05 09:52:01.196425,1,
136,fraud,1966.1426332425222,3960.0586351792062,2024-12-05 09:57:01.196425,1,
137,fraud,469.82730508917257,-931.2096728927447,2024-12-05 10:25:01.196425,1,
138,fraud,14.829224489224192,2796.1201355380726,2024-12-05 10:48:01.196425,1,
138,withdrawal,0.0,2796.1201355380726,2024-12-05 11:04:01.196425,1,
139,fraud,6946.967663012559,2268.544921269676,2024-12-05 11:12:01.196425,1,
140,fraud,4849.638405289592,-4486.357758425184,2024-12-05 11:27:01.196425,1,
141,fraud,2730.5742242418214,3805.2517312410846,2024-12-05 11:45:01.196425,1,
141,withdrawal,0.0,3805.2517312410846,2024-12-05 11:57:01.196425,1,
142,fraud,905.5248186026716,-5099.637407419493,2024-12-05 12:08:01.196425,1,
143,fraud,45.22962402289525,3515.6018175833624,2024-12-05 12:19:01.196425,1,
144,fraud,1904.5160984829924,358.28641033311055,2024-12-05 12:20:01.196425,1,
144,withdrawal,0.0,358.28641033311055,2024-12-05 12:30:01.196425,1,
145,fraud,256.03594617808596,686.8776724844992,2024-12-05 13:00:01.196425,1,
146,fraud,143.220335912998,3183.15565819298,2024-12-05 13:28:01.196425,1,
147,fraud,1670.4013246672746,-4785.31452307132,2024-12-05 13:57:01.196425,1,
148,fraud,541.0869655949037,-20.214767990530504,2024-12-05 14:26:01.196425,1,
149,fraud,3094.134778174799,-2033.4412369518595,2024-12-05 14:31:01.196425,1,
149,email_change,0.0,-2033.4412369518595,2024-12-05 14:45:01.196425,1,
150,fraud,78.18967552482486,4386.226046925112,2024-12-05 15:07:01.196425,1,
151,fraud,1566.7213670993256,3426.5153063872426,2024-12-05 15:11:01.196425,1,
151,withdrawal,0.0,3426.5153063872426,2024-12-05 15:28:01.196425,1,
152,fraud,3483.9438517080766,-4298.316698140306,2024-12-05 15:57:01.196425,1,
152,suspicious_login,0.0,-4298.316698140306,2024-12-05 16:03:01.196425,1,
153,fraud,1778.380849001791,-22.762819258488435,2024-12-05 16:17:01.196425,1,
153,failed_login,0.0,-22.762819258488435,2024-12-05 16:34:01.196425,1,
154,fraud,29.98029372194045,1231.6726984944485,2024-12-05 16:59:01.196425,1,
154,password_change,0.0,1231.6726984944485,2024-12-05 17:07:01.196425,1,
155,fraud,1034.7292629070498,7545.897394653216,2024-12-05 17:21:01.196425,1,
155,suspicious_login,0.0,7545.897394653216,2024-12-05 17:34:01.196425,1,
156,fraud,9041.571265515548,-7700.689175990161,2024-12-05 17:45:01.196425,1,
157,fraud,961.1906191839702,4566.718136235362,2024-12-05 18:09:01.196425,1,
157,password_change,0.0,4566.718136235362,2024-12-05 18:30:01.196425,1,
158,fraud,3454.5539393155955,7195.1885870807655,2024-12-05 18:43:01.196425,1,
159,fraud,2534.3385230589984,2474.1387877923057,2024-12-05 19:11:01.196425,1,
159,withdrawal,0.0,2474.1387877923057,2024-12-05 19:29:01.196425,1,
160,fraud,4431.992159727584,-3521.7251986865977,2024-12-05 19:53:01.196425,1,
161,fraud,954.8888949189791,-791.2558564538749,2024-12-05 19:54:01.196425,1,
161,withdrawal,0.0,-791.2558564538749,2024-12-05 20:08:01.196425,1,
162,fraud,1809.714603902675,-2286.8366086645483,2024-12-05 20:34:01.196425,1,
163,fraud,40.250214431495785,2670.0328806343114,2024-12-05 20:49:01.196425,1,
164,fraud,725.3290570486166,1856.7009568852427,2024-12-05 21:15:01.196425,1,
165,fraud,246.08421710916843,347.08451552860095,2024-12-05 21:30:01.196425,1,
165,email_change,0.0,347.08451552860095,2024-12-05 21:45:01.196425,1,
166,fraud,1571.7483808691704,1370.0303372985954,2024-12-05 21:51:01.196425,1,
167,fraud,2041.6674895547046,2278.622207799168,2024-12-05 22:21:01.196425,1,
167,withdrawal,0.0,2278.622207799168,2024-12-05 22:37:01.196425,1,
168,fraud,7622.676311020662,-7746.097226533332,2024-12-05 23:04:01.196425,1,
168,deposit,0.0,-7746.097226533332,2024-12-05 23:19:01.196425,1,
169,fraud,124.37304914720025,1947.9440090883115,2024-12-05 23:34:01.196425,1,
170,fraud,91.03627910120703,-4913.121062095685,2024-12-05 23:47:01.196425,1,
170,phone_change,0.0,-4913.121062095685,2024-12-06 00:16:01.196425,1,
171,fraud,3646.1903750953625,8592.105778051999,2024-12-06 00:21:01.196425,1,
171,phone_change,0.0,8592.105778051999,2024-12-06 00:40:01.196425,1,
172,fraud,722.7214488721502,1702.249394477934,2024-12-06 00:47:01.196425,1,
172,withdrawal,0.0,1702.249394477934,2024-12-06 01:09:01.196425,1,
173,fraud,958.2797179993834,5135.919737606576,2024-12-06 01:18:01.196425,1,
173,email_change,0.0,5135.919737606576,2024-12-06 01:25:01.196425,1,
174,fraud,2037.7183293435767,-370.1524108052863,2024-12-06 01:29:01.196425,1,
175,fraud,973.4138363585382,2391.0877122094334,2024-12-06 01:35:01.196425,1,
175,password_change,0.0,2391.0877122094334,2024-12-06 01:55:01.196425,1,
176,fraud,36.959506619236194,-4360.395021945196,2024-12-06 01:58:01.196425,1,
176,phone_change,0.0,-4360.395021945196,2024-12-06 02:16:01.196425,1,
177,fraud,1410.5960777650537,2961.4792377337208,2024-12-06 02:37:01.196425,1,
178,fraud,4024.144069209849,-4041.4388236229365,2024-12-06 03:00:01.196425,1,
178,phone_change,0.0,-4041.4388236229365,2024-12-06 03:01:01.196425,1,
179,fraud,723.0719284776353,8240.304509640577,2024-12-06 03:12:01.196425,1,
179,password_change,0.0,8240.304509640577,2024-12-06 03:36:01.196425,1,
180,fraud,1191.4442651042114,-375.7297441750402,2024-12-06 03:54:01.196425,1,
180,withdrawal,0.0,-375.7297441750402,2024-12-06 04:14:01.196425,1,
181,fraud,859.5019813266957,4421.18541420468,2024-12-06 04:36:01.196425,1,
181,email_change,0.0,4421.18541420468,2024-12-06 04:38:01.196425,1,
182,fraud,3753.7486570053493,-346.7513050497696,2024-12-06 04:45:01.196425,1,
183,fraud,2054.01681186678,3519.862000097007,2024-12-06 04:50:01.196425,1,
184,fraud,87.17395505455656,3787.685523990327,2024-12-06 05:05:01.196425,1,
184,failed_login,0.0,3787.685523990327,2024-12-06 05:33:01.196425,1,
185,fraud,853.1741512254924,594.1975545025006,2024-12-06 05:37:01.196425,1,
185,withdrawal,0.0,594.1975545025006,2024-12-06 05:44:01.196425,1,
186,fraud,3340.545212559287,-835.630570929749,2024-12-06 05:52:01.196425,1,
187,fraud,2639.313611519289,-483.0604490896867,2024-12-06 06:15:01.196425,1,
187,suspicious_login,0.0,-483.0604490896867,2024-12-06 06:44:01.196425,1,
188,fraud,609.3215951827704,4910.759712643871,2024-12-06 06:47:01.196425,1,
188,password_change,0.0,4910.759712643871,2024-12-06 07:14:01.196425,1,
189,fraud,3867.161936220498,-3035.4135478991143,2024-12-06 07:29:01.196425,1,
190,fraud,1078.9059211992317,-2307.4258088510123,2024-12-06 07:52:01.196425,1,
190,withdrawal,0.0,-2307.4258088510123,2024-12-06 08:04:01.196425,1,
191,fraud,9471.937941334249,-7556.69194967673,2024-12-06 08:30:01.196425,1,
192,fraud,25.92593161880633,3988.6264316965226,2024-12-06 08:51:01.196425,1,
192,phone_change,0.0,3988.6264316965226,2024-12-06 09:02:01.196425,1,
193,fraud,1807.170734962754,1890.4802334394349,2024-12-06 09:29:01.196425,1,
194,fraud,110.18973417889583,1573.1894169665554,2024-12-06 09:54:01.196425,1,
195,fraud,2026.5150471334412,3259.8968431797275,2024-12-06 09:58:01.196425,1,
196,fraud,1801.997462919198,4380.655670813119,2024-12-06 10:09:01.196425,1,
196,suspicious_login,0.0,4380.655670813119,2024-12-06 10:31:01.196425,1,
197,fraud,1987.7200576522707,679.2836803611947,2024-12-06 10:58:01.196425,1,
198,fraud,8451.388092712297,-7761.650231575288,2024-12-06 11:20:01.196425,1,
199,fraud,8277.633313467199,-6203.438168418206,2024-12-06 11:23:01.196425,1,
199,withdrawal,0.0,-6203.438168418206,2024-12-06 11:51:01.196425,1,
200,fraud,1379.196876710957,2188.995386623775,2024-12-06 12:00:01.196425,1,
200,password_change,0.0,2188.995386623775,2024-12-06 12:14:01.196425,1,
201,fraud,4578.672013186072,7821.826343563401,2024-12-06 12:29:01.196425,1,
201,deposit,0.0,7821.826343563401,2024-12-06 12:54:01.196425,1,
202,fraud,2786.542230757199,2132.0419203213523,2024-12-06 13:11:01.196425,1,
203,fraud,37.1274277516661,5719.601864310725,2024-12-06 13:40:01.196425,1,
203,failed_login,0.0,5719.601864310725,2024-12-06 13:46:01.196425,1,
204,fraud,2241.5123630246826,-589.0247662639631,2024-12-06 14:12:01.196425,1,
204,failed_login,0.0,-589.0247662639631,2024-12-06 14:15:01.196425,1,
205,fraud,1790.6801204972176,1412.6858261705477,2024-12-06 14:39:01.196425,1,
206,fraud,1898.1246576770177,5283.302148676274,2024-12-06 14:53:01.196425,1,
207,fraud,551.7037924183808,-2114.123874502149,2024-12-06 14:54:01.196425,1,
207,email_change,0.0,-2114.123874502149,2024-12-06 15:01:01.196425,1,
208,fraud,5129.716454297011,-6564.933574921152,2024-12-06 15:09:01.196425,1,
208,phone_change,0.0,-6564.933574921152,2024-12-06 15:29:01.196425,1,
209,fraud,67.59462423542666,5068.564221024415,2024-12-06 15:54:01.196425,1,
209,suspicious_login,0.0,5068.564221024415,2024-12-06 16:14:01.196425,1,
210,fraud,4737.958614530583,-3214.921041584269,2024-12-06 16:35:01.196425,1,
210,suspicious_login,0.0,-3214.921041584269,2024-12-06 17:02:01.196425,1,
211,fraud,2723.63328422821,751.0703281734122,2024-12-06 17:29:01.196425,1,
211,suspicious_login,0.0,751.0703281734122,2024-12-06 17:50:01.196425,1,
212,fraud,2565.9723575798794,-945.6917803436295,2024-12-06 18:04:01.196425,1,
213,fraud,217.57379078835118,-1055.1210728529231,2024-12-06 18:09:01.196425,1,
213,password_change,0.0,-1055.1210728529231,2024-12-06 18:16:01.196425,1,
214,fraud,747.0207855869471,4231.4649704208605,2024-12-06 18:40:01.196425,1,
214,email_change,0.0,4231.4649704208605,2024-12-06 19:08:01.196425,1,
215,fraud,8217.604804905548,-5476.667273780334,2024-12-06 19:31:01.196425,1,
215,deposit,0.0,-5476.667273780334,2024-12-06 20:01:01.196425,1,
216,fraud,94.34182026153049,-5821.748447211311,2024-12-06 20:11:01.196425,1,
217,fraud,83.85150166678133,-373.2647809165271,2024-12-06 20:22:01.196425,1,
217,withdrawal,0.0,-373.2647809165271,2024-12-06 20:42:01.196425,1,
218,fraud,1412.5028740323164,6703.273866261799,2024-12-06 20:47:01.196425,1,
219,fraud,206.78862112389413,5157.100285490223,2024-12-06 20:55:01.196425,1,
220,fraud,147.47663755455108,2948.3382837095646,2024-12-06 21:03:01.196425,1,
220,withdrawal,0.0,2948.3382837095646,2024-12-06 21:31:01.196425,1,
221,fraud,3725.574542963198,5990.427051186612,2024-12-06 21:36:01.196425,1,
222,fraud,74.91618270963657,5151.405305466612,2024-12-06 22:04:01.196425,1,
223,fraud,4249.8834580546645,-982.7635791774337,2024-12-06 22:26:01.196425,1,
224,fraud,983.9183894121535,2719.9914455814123,2024-12-06 22:42:01.196425,1,
224,email_change,0.0,2719.9914455814123,2024-12-06 22:49:01.196425,1,
225,fraud,1494.4282799018067,-8455.590521429323,2024-12-06 23:11:01.196425,1,
225,failed_login,0.0,-8455.590521429323,2024-12-06 23:31:01.196425,1,
226,fraud,136.19020440030707,5396.867579380574,2024-12-06 23:39:01.196425,1,
226,withdrawal,0.0,5396.867579380574,2024-12-06 23:46:01.196425,1,
227,fraud,481.26032133757565,6082.679604807341,2024-12-07 00:08:01.196425,1,
227,phone_change,0.0,6082.679604807341,2024-12-07 00:35:01.196425,1,
228,fraud,133.787087370298,1691.4374911270186,2024-12-07 01:01:01.196425,1,
229,fraud,71.06755524003357,4017.1295959666136,2024-12-07 01:02:01.196425,1,
229,email_change,0.0,4017.1295959666136,2024-12-07 01:23:01.196425,1,
230,fraud,1010.7438401665559,509.69072367637955,2024-12-07 01:24:01.196425,1,
231,fraud,5608.83801676038,878.7256012275875,2024-12-07 01:31:01.196425,1,
232,fraud,1822.714864307955,1449.752394130032,2024-12-07 02:01:01.196425,1,
233,fraud,11.68829469966739,3184.947678030424,2024-12-07 02:15:01.196425,1,
234,fraud,790.6444750753153,-147.4296804055798,2024-12-07 02:21:01.196425,1,
235,fraud,4377.66756764634,1397.705151560498,2024-12-07 02:35:01.196425,1,
236,fraud,1499.7357382030975,1636.0152566408422,2024-12-07 02:45:01.196425,1,
237,fraud,1281.1372125599344,2087.058872587374,2024-12-07 03:10:01.196425,1,
237,email_change,0.0,2087.058872587374,2024-12-07 03:31:01.196425,1,
238,fraud,388.4345136776451,-1019.7727924146832,2024-12-07 03:56:01.196425,1,
239,fraud,887.9117109388465,621.1476094239197,2024-12-07 04:21:01.196425,1,
240,fraud,3413.307238078285,7949.210785267475,2024-12-07 04:49:01.196425,1,
241,fraud,390.0528663538842,2000.1360040915704,2024-12-07 05:13:01.196425,1,
242,fraud,5987.780407770941,-2841.6802098198655,2024-12-07 05:19:01.196425,1,
242,email_change,0.0,-2841.6802098198655,2024-12-07 05:23:01.196425,1,
243,fraud,39.52217053120417,642.5866715719098,2024-12-07 05:26:01.196425,1,
243,withdrawal,0.0,642.5866715719098,2024-12-07 05:31:01.196425,1,
244,fraud,2336.860475602986,620.9406816514111,2024-12-07 05:40:01.196425,1,
245,fraud,410.19153393249724,147.49412382318462,2024-12-07 05:42:01.196425,1,
246,fraud,4934.501588122525,-5226.231434048816,2024-12-07 05:55:01.196425,1,
246,withdrawal,0.0,-5226.231434048816,2024-12-07 06:10:01.196425,1,
247,fraud,1480.369983600419,-148.51737980602252,2024-12-07 06:36:01.196425,1,
248,fraud,4883.627508554611,-2732.6604046740413,2024-12-07 07:00:01.196425,1,
248,suspicious_login,0.0,-2732.6604046740413,2024-12-07 07:04:01.196425,1,
249,fraud,4396.131676752817,-1429.2109888305972,2024-12-07 07:07:01.196425,1,
250,fraud,173.16884608280833,6177.642797496256,2024-12-07 07:24:01.196425,1,
250,password_change,0.0,6177.642797496256,2024-12-07 07:38:01.196425,1,
251,fraud,797.8202835586311,-713.8075213978576,2024-12-07 07:57:01.196425,1,
252,fraud,326.6057114310155,3985.8959504259997,2024-12-07 08:20:01.196425,1,
253,fraud,2240.784418423571,-3788.490054888893,2024-12-07 08:22:01.196425,1,
253,password_change,0.0,-3788.490054888893,2024-12-07 08:52:01.196425,1,
254,fraud,9855.187153570581,-5902.76792722209,2024-12-07 08:56:01.196425,1,
254,withdrawal,0.0,-5902.76792722209,2024-12-07 09:12:01.196425,1,
255,fraud,1380.928605392341,3601.9723971157305,2024-12-07 09:39:01.196425,1,
256,fraud,1499.147151368748,2108.7412154533904,2024-12-07 09:42:01.196425,1,
256,suspicious_login,0.0,2108.7412154533904,2024-12-07 09:52:01.196425,1,
257,fraud,110.77683117010851,4628.6088795417345,2024-12-07 09:53:01.196425,1,
257,withdrawal,0.0,4628.6088795417345,2024-12-07 10:19:01.196425,1,
258,fraud,752.6087936422977,-1579.1464593260234,2024-12-07 10:26:01.196425,1,
259,fraud,1911.2697182888203,-1095.8712133050888,2024-12-07 10:33:01.196425,1,
260,fraud,2765.2927747117246,-2368.8320848491967,2024-12-07 10:43:01.196425,1,
261,fraud,4597.796435170848,-5789.653139783411,2024-12-07 10:57:01.196425,1,
262,fraud,2176.2198710546877,3036.7032157078415,2024-12-07 10:59:01.196425,1,
263,fraud,2598.690171977056,-1289.682036656199,2024-12-07 11:17:01.196425,1,
263,password_change,0.0,-1289.682036656199,2024-12-07 11:46:01.196425,1,
264,fraud,4206.537089663045,5560.266157028689,2024-12-07 12:03:01.196425,1,
264,deposit,0.0,5560.266157028689,2024-12-07 12:07:01.196425,1,
265,fraud,2604.29249444308,193.50104884511302,2024-12-07 12:25:01.196425,1,
265,withdrawal,0.0,193.50104884511302,2024-12-07 12:46:01.196425,1,
266,fraud,2732.0323972517203,463.3135694878629,2024-12-07 12:55:01.196425,1,
266,withdrawal,0.0,463.3135694878629,2024-12-07 12:57:01.196425,1,
267,fraud,1528.8885537633894,2210.11578148225,2024-12-07 13:17:01.196425,1,
267,withdrawal,0.0,2210.11578148225,2024-12-07 13:44:01.196425,1,
268,fraud,279.1080356099092,4084.4412524053373,2024-12-07 14:14:01.196425,1,
269,fraud,746.6699021531045,-821.361682647596,2024-12-07 14:29:01.196425,1,
270,fraud,3108.026537551158,7521.614668656988,2024-12-07 14:58:01.196425,1,
271,fraud,350.1196000473022,4859.746922080899,2024-12-07 15:07:01.196425,1,
272,fraud,1186.3839009298345,-613.894686147338,2024-12-07 15:21:01.196425,1,
273,fraud,46.91796059503077,2408.906456868171,2024-12-07 15:41:01.196425,1,
274,fraud,66.9877709031226,7709.70661115614,2024-12-07 15:43:01.196425,1,
275,fraud,221.45615918267873,3076.8957398791845,2024-12-07 15:48:01.196425,1,
276,fraud,1677.6329956987818,-1222.5715890916217,2024-12-07 15:49:01.196425,1,
276,failed_login,0.0,-1222.5715890916217,2024-12-07 15:54:01.196425,1,
277,fraud,8649.037924146964,-7598.555619067139,2024-12-07 16:02:01.196425,1,
277,email_change,0.0,-7598.555619067139,2024-12-07 16:07:01.196425,1,
278,fraud,489.8956776636703,4275.609894953042,2024-12-07 16:14:01.196425,1,
278,email_change,0.0,4275.609894953042,2024-12-07 16:39:01.196425,1,
279,fraud,1214.2028101713859,-1591.4329623212197,2024-12-07 17:09:01.196425,1,
279,suspicious_login,0.0,-1591.4329623212197,2024-12-07 17:28:01.196425,1,
280,fraud,4485.148579181209,7051.420264624505,2024-12-07 17:55:01.196425,1,
280,withdrawal,0.0,7051.420264624505,2024-12-07 18:24:01.196425,1,
281,fraud,1345.104578199235,4974.829889190721,2024-12-07 18:27:01.196425,1,
281,withdrawal,0.0,4974.829889190721,2024-12-07 18:55:01.196425,1,
282,fraud,4743.11091908368,5998.941821328011,2024-12-07 19:02:01.196425,1,
283,fraud,3248.1031173483093,4405.413919203348,2024-12-07 19:03:01.196425,1,
284,fraud,1585.226891884527,1244.4678282060054,2024-12-07 19:29:01.196425,1,
285,fraud,628.0051648131008,2486.3053140809075,2024-12-07 19:43:01.196425,1,
285,phone_change,0.0,2486.3053140809075,2024-12-07 19:55:01.196425,1,
286,fraud,4916.783977767675,-2969.163366457518,2024-12-07 20:20:01.196425,1,
286,suspicious_login,0.0,-2969.163366457518,2024-12-07 20:42:01.196425,1,
287,fraud,470.5101093971452,4737.726780959654,2024-12-07 21:09:01.196425,1,
288,fraud,3726.032234937864,-2480.0684481440953,2024-12-07 21:13:01.196425,1,
289,fraud,2991.4061895884074,-3720.810136258631,2024-12-07 21:34:01.196425,1,
290,fraud,31.32826145144547,1570.625840102986,2024-12-07 22:04:01.196425,1,
290,suspicious_login,0.0,1570.625840102986,2024-12-07 22:08:01.196425,1,
291,fraud,192.1473936945809,1611.03437086741,2024-12-07 22:24:01.196425,1,
292,fraud,1147.508257467459,3772.7403379420202,2024-12-07 22:47:01.196425,1,
293,fraud,9795.818746631237,-7985.4352610076585,2024-12-07 22:55:01.196425,1,
293,withdrawal,0.0,-7985.4352610076585,2024-12-07 23:24:01.196425,1,
294,fraud,2965.167583921732,1651.1760235629222,2024-12-07 23:27:01.196425,1,
294,password_change,0.0,1651.1760235629222,2024-12-07 23:45:01.196425,1,
295,fraud,2212.7773726544824,-4467.508622690037,2024-12-08 00:13:01.196425,1,
295,password_change,0.0,-4467.508622690037,2024-12-08 00:16:01.196425,1,
296,fraud,564.3256062996826,2560.0701254743954,2024-12-08 00:21:01.196425,1,
297,fraud,879.0356456280749,4176.72111107698,2024-12-08 00:22:01.196425,1,
298,fraud,90.90027497122549,3829.6439065455,2024-12-08 00:40:01.196425,1,
299,fraud,8.167710410852735,-5366.130099529589,2024-12-08 00:47:01.196425,1,
300,fraud,98.03421476970986,3524.982535708455,2024-12-08 01:07:01.196425,1,
300,withdrawal,0.0,3524.982535708455,2024-12-08 01:33:01.196425,1,
301,fraud,43.17293658649903,1245.9533518879875,2024-12-08 01:35:01.196425,1,
301,failed_login,0.0,1245.9533518879875,2024-12-08 01:42:01.196425,1,
302,fraud,846.6484319666414,-867.7472082834241,2024-12-08 01:59:01.196425,1,
303,fraud,462.0171470822642,2943.3480750641274,2024-12-08 02:08:01.196425,1,
303,password_change,0.0,2943.3480750641274,2024-12-08 02:14:01.196425,1,
304,fraud,1632.0450158491146,-25.704248579137584,2024-12-08 02:39:01.196425,1,
304,withdrawal,0.0,-25.704248579137584,2024-12-08 03:05:01.196425,1,
305,fraud,1346.6788834898264,2346.7037500373835,2024-12-08 03:12:01.196425,1,
306,fraud,458.1190502948274,887.0010294538214,2024-12-08 03:34:01.196425,1,
307,fraud,2279.6956410433513,-3014.986924144575,2024-12-08 03:46:01.196425,1,
307,suspicious_login,0.0,-3014.986924144575,2024-12-08 04:07:01.196425,1,
308,fraud,821.3047543380632,1950.0869017190807,2024-12-08 04:31:01.196425,1,
309,fraud,2354.811642442816,-518.2033163857152,2024-12-08 04:36:01.196425,1,
310,fraud,4264.634285739299,8373.187326407082,2024-12-08 04:48:01.196425,1,
311,fraud,106.70707282426497,322.4656397400281,2024-12-08 05:15:01.196425,1,
312,fraud,2191.2276292510032,-6191.065134054216,2024-12-08 05:23:01.196425,1,
312,withdrawal,0.0,-6191.065134054216,2024-12-08 05:52:01.196425,1,
313,fraud,121.90831334756976,2755.936378337731,2024-12-08 06:10:01.196425,1,
314,fraud,1723.2476022390886,-3873.8539744746713,2024-12-08 06:31:01.196425,1,
314,password_change,0.0,-3873.8539744746713,2024-12-08 06:56:01.196425,1,
315,fraud,1134.5600842319727,1713.2452920612282,2024-12-08 07:16:01.196425,1,
316,fraud,1810.664056626032,1306.9647249646018,2024-12-08 07:29:01.196425,1,
317,fraud,1662.2036177112166,-3179.838639796698,2024-12-08 07:48:01.196425,1,
318,fraud,4402.910067370794,5951.4008541364965,2024-12-08 08:00:01.196425,1,
318,withdrawal,0.0,5951.4008541364965,2024-12-08 08:03:01.196425,1,
319,fraud,90.66171181274647,-964.5465351096377,2024-12-08 08:29:01.196425,1,
319,failed_login,0.0,-964.5465351096377,2024-12-08 08:50:01.196425,1,
320,fraud,2851.014793223327,2331.5714779123646,2024-12-08 09:19:01.196425,1,
320,phone_change,0.0,2331.5714779123646,2024-12-08 09:34:01.196425,1,
321,fraud,4178.855227572581,-603.585593585804,2024-12-08 09:58:01.196425,1,
321,suspicious_login,0.0,-603.585593585804,2024-12-08 10:15:01.196425,1,
322,fraud,411.6958317236785,3554.635905016743,2024-12-08 10:25:01.196425,1,
323,fraud,186.69850747603462,4627.07673837825,2024-12-08 10:34:01.196425,1,
324,fraud,3733.375003898835,1040.4083289637178,2024-12-08 10:36:01.196425,1,
325,fraud,2259.2782941828305,2786.493094574192,2024-12-08 10:43:01.196425,1,
325,withdrawal,0.0,2786.493094574192,2024-12-08 10:55:01.196425,1,
326,fraud,3082.416720202203,-5343.296619215583,2024-12-08 10:57:01.196425,1,
326,failed_login,0.0,-5343.296619215583,2024-12-08 11:14:01.196425,1,
327,fraud,1593.380441872531,183.13007126950674,2024-12-08 11:19:01.196425,1,
327,withdrawal,0.0,183.13007126950674,2024-12-08 11:41:01.196425,1,
328,fraud,639.4701427685305,1624.3728386891166,2024-12-08 11:56:01.196425,1,
328,withdrawal,0.0,1624.3728386891166,2024-12-08 12:06:01.196425,1,
329,fraud,840.4007554015941,2643.4959581498133,2024-12-08 12:09:01.196425,1,
330,fraud,4449.451011184477,-3821.1141386600416,2024-12-08 12:17:01.196425,1,
331,fraud,185.11272697221747,1427.2287295535286,2024-12-08 12:22:01.196425,1,
331,failed_login,0.0,1427.2287295535286,2024-12-08 12:42:01.196425,1,
332,fraud,3017.107419356749,5322.739279769227,2024-12-08 12:44:01.196425,1,
333,fraud,1531.7072364427827,1622.446599003723,2024-12-08 12:52:01.196425,1,
334,fraud,303.7074205417345,2526.1267926299447,2024-12-08 13:17:01.196425,1,
334,password_change,0.0,2526.1267926299447,2024-12-08 13:22:01.196425,1,
335,fraud,2164.889442582019,2660.9048417020413,2024-12-08 13:49:01.196425,1,
335,failed_login,0.0,2660.9048417020413,2024-12-08 14:15:01.196425,1,
336,fraud,187.36378038043333,1601.0073334971473,2024-12-08 14:23:01.196425,1,
337,fraud,198.0783879895117,-5388.833649441466,2024-12-08 14:29:01.196425,1,
338,fraud,4548.752527767928,6809.385724610633,2024-12-08 14:36:01.196425,1,
339,fraud,2769.984310007285,4895.858319386492,2024-12-08 14:49:01.196425,1,
339,withdrawal,0.0,4895.858319386492,2024-12-08 15:03:01.196425,1,
340,fraud,75.70561563610799,4554.71426601767,2024-12-08 15:12:01.196425,1,
340,failed_login,0.0,4554.71426601767,2024-12-08 15:21:01.196425,1,
341,fraud,724.2522477250668,-1584.9677127410089,2024-12-08 15:41:01.196425,1,
341,failed_login,0.0,-1584.9677127410089,2024-12-08 16:04:01.196425,1,
342,fraud,441.57025046958745,3047.2390425890785,2024-12-08 16:34:01.196425,1,
342,email_change,0.0,3047.2390425890785,2024-12-08 16:41:01.196425,1,
343,fraud,700.9381997019476,3203.7842893800957,2024-12-08 17:03:01.196425,1,
344,fraud,1640.6171919704643,-130.17099179807428,2024-12-08 17:13:01.196425,1,
344,failed_login,0.0,-130.17099179807428,2024-12-08 17:20:01.196425,1,
345,fraud,811.7894201305787,1826.0938739002538,2024-12-08 17:21:01.196425,1,
346,fraud,3535.8540904578167,6185.854486490874,2024-12-08 17:44:01.196425,1,
347,fraud,2490.4226948727614,1742.2864713035096,2024-12-08 17:54:01.196425,1,
348,fraud,2681.4122976143767,3551.3494906371125,2024-12-08 18:13:01.196425,1,
348,email_change,0.0,3551.3494906371125,2024-12-08 18:34:01.196425,1,
349,fraud,3769.8808303786295,-2641.4108094582193,2024-12-08 18:50:01.196425,1,
350,fraud,1820.8236897938507,75.68004888669634,2024-12-08 18:59:01.196425,1,
350,suspicious_login,0.0,75.68004888669634,2024-12-08 19:07:01.196425,1,
351,fraud,1192.4477101637483,4924.663798235657,2024-12-08 19:34:01.196425,1,
352,fraud,1201.6801129595667,5781.2696260500115,2024-12-08 19:44:01.196425,1,
352,deposit,0.0,5781.2696260500115,2024-12-08 19:46:01.196425,1,
353,fraud,8277.670548519873,-9670.94827780018,2024-12-08 20:16:01.196425,1,
353,deposit,0.0,-9670.94827780018,2024-12-08 20:17:01.196425,1,
354,fraud,4576.822089769011,-3292.591532960201,2024-12-08 20:29:01.196425,1,
354,suspicious_login,0.0,-3292.591532960201,2024-12-08 20:48:01.196425,1,
355,fraud,799.5678519123843,3603.7268156644072,2024-12-08 21:11:01.196425,1,
356,fraud,4460.117807031379,9311.430227647797,2024-12-08 21:22:01.196425,1,
357,fraud,1355.903965755346,2175.4133751923655,2024-12-08 21:24:01.196425,1,
358,fraud,2460.403016574174,-1381.9287792579362,2024-12-08 21:26:01.196425,1,
359,fraud,95.63917256733934,4349.5287830969855,2024-12-08 21:41:01.196425,1,
359,failed_login,0.0,4349.5287830969855,2024-12-08 21:50:01.196425,1,
360,fraud,533.2713446759764,-1080.0588769797564,2024-12-08 21:58:01.196425,1,
361,fraud,81.87066548734309,8503.082175062611,2024-12-08 22:26:01.196425,1,
361,password_change,0.0,8503.082175062611,2024-12-08 22:39:01.196425,1,
362,fraud,115.64024010055445,1302.189926323268,2024-12-08 23:01:01.196425,1,
363,fraud,31.12602873444001,1998.2536127978865,2024-12-08 23:12:01.196425,1,
364,fraud,1168.4028793444518,5627.4717978213175,2024-12-08 23:40:01.196425,1,
365,fraud,147.2161826081143,1734.7703681482085,2024-12-09 00:04:01.196425,1,
365,phone_change,0.0,1734.7703681482085,2024-12-09 00:17:01.196425,1,
366,fraud,1841.162710955567,1900.3381173841012,2024-12-09 00:25:01.196425,1,
366,password_change,0.0,1900.3381173841012,2024-12-09 00:40:01.196425,1,
367,fraud,19.965994921667036,2618.9785361407717,2024-12-09 00:51:01.196425,1,
367,password_change,0.0,2618.9785361407717,2024-12-09 01:14:01.196425,1,
368,fraud,3492.2875422118946,-2871.795207873038,2024-12-09 01:26:01.196425,1,
369,fraud,4545.815530571029,4095.1910679749,2024-12-09 01:44:01.196425,1,
369,deposit,0.0,4095.1910679749,2024-12-09 01:54:01.196425,1,
370,fraud,69.68282237790838,2532.0869023260257,2024-12-09 02:22:01.196425,1,
370,suspicious_login,0.0,2532.0869023260257,2024-12-09 02:51:01.196425,1,
371,fraud,1571.0082509243878,2564.4073752089225,2024-12-09 03:20:01.196425,1,
372,fraud,759.816837517665,2057.4637189116843,2024-12-09 03:35:01.196425,1,
372,email_change,0.0,2057.4637189116843,2024-12-09 03:55:01.196425,1,
373,fraud,2250.343639850499,3991.8981937009175,2024-12-09 03:59:01.196425,1,
373,suspicious_login,0.0,3991.8981937009175,2024-12-09 04:00:01.196425,1,
374,fraud,1738.0616670699658,-2270.8665239272445,2024-12-09 04:15:01.196425,1,
375,fraud,4271.094451855807,-4769.085205539701,2024-12-09 04:23:01.196425,1,
376,fraud,2833.1748698541373,910.6087967382623,2024-12-09 04:29:01.196425,1,
377,fraud,60.51254669150778,2175.32000694195,2024-12-09 04:31:01.196425,1,
377,withdrawal,0.0,2175.32000694195,2024-12-09 04:44:01.196425,1,
378,fraud,2318.5899436303794,5831.275841016439,2024-12-09 04:54:01.196425,1,
378,deposit,0.0,5831.275841016439,2024-12-09 05:12:01.196425,1,
379,fraud,2626.4778866567635,-734.7464171155707,2024-12-09 05:24:01.196425,1,
379,suspicious_login,0.0,-734.7464171155707,2024-12-09 05:32:01.196425,1,
380,fraud,1576.5150290449037,2661.333918474359,2024-12-09 05:46:01.196425,1,
381,fraud,2658.260033244151,-359.41218539561714,2024-12-09 06:04:01.196425,1,
382,fraud,2739.502605444897,2480.0554256493815,2024-12-09 06:24:01.196425,1,
382,suspicious_login,0.0,2480.0554256493815,2024-12-09 06:38:01.196425,1,
383,fraud,1959.652980066726,1870.4934041054346,2024-12-09 07:08:01.196425,1,
383,withdrawal,0.0,1870.4934041054346,2024-12-09 07:33:01.196425,1,
384,fraud,76.26802307897366,1845.7354551030587,2024-12-09 07:53:01.196425,1,
385,fraud,4552.636980557273,-3827.2869598110083,2024-12-09 08:14:01.196425,1,
386,fraud,4387.201411695667,3557.939380581289,2024-12-09 08:44:01.196425,1,
387,fraud,300.1272360954068,18.498737671827314,2024-12-09 09:00:01.196425,1,
388,fraud,145.41965146274572,9576.482319323719,2024-12-09 09:10:01.196425,1,
388,phone_change,0.0,9576.482319323719,2024-12-09 09:34:01.196425,1,
389,fraud,556.5322484413152,449.8231550268931,2024-12-09 09:43:01.196425,1,
389,deposit,0.0,449.8231550268931,2024-12-09 10:08:01.196425,1,
390,fraud,2243.4932381579897,6406.6568369510005,2024-12-09 10:27:01.196425,1,
391,fraud,454.62815677843014,3340.235361743501,2024-12-09 10:49:01.196425,1,
392,fraud,2974.865338115215,2631.485304229516,2024-12-09 11:01:01.196425,1,
393,fraud,58.206918572458285,1692.0601452489532,2024-12-09 11:31:01.196425,1,
394,fraud,1029.6503769600554,3431.8924846668147,2024-12-09 12:01:01.196425,1,
395,fraud,3211.1679445747186,-2592.5798869671826,2024-12-09 12:22:01.196425,1,
396,fraud,8239.849484923709,-4909.307891000324,2024-12-09 12:37:01.196425,1,
396,withdrawal,0.0,-4909.307891000324,2024-12-09 12:41:01.196425,1,
397,fraud,8245.876880026006,-4381.544099248733,2024-12-09 12:53:01.196425,1,
397,phone_change,0.0,-4381.544099248733,2024-12-09 13:22:01.196425,1,
398,fraud,199.09852403542985,1426.492895448836,2024-12-09 13:46:01.196425,1,
398,email_change,0.0,1426.492895448836,2024-12-09 14:12:01.196425,1,
399,fraud,132.5429628049638,3239.782740792946,2024-12-09 14:18:01.196425,1,
399,withdrawal,0.0,3239.782740792946,2024-12-09 14:25:01.196425,1,
400,fraud,6038.549594187402,-3297.054160759455,2024-12-09 14:55:01.196425,1,
401,fraud,2508.3460631869557,7423.088201512154,2024-12-09 15:17:01.196425,1,
402,fraud,518.6790204559117,2273.173742124096,2024-12-09 15:41:01.196425,1,
402,deposit,0.0,2273.173742124096,2024-12-09 16:07:01.196425,1,
403,fraud,236.84984958055267,4187.9371401299195,2024-12-09 16:35:01.196425,1,
404,fraud,8129.820870216557,-6003.353417803418,2024-12-09 16:53:01.196425,1,
405,fraud,5404.331662401595,-12344.011022440045,2024-12-09 17:04:01.196425,1,
405,deposit,0.0,-12344.011022440045,2024-12-09 17:09:01.196425,1,
406,fraud,1940.5037738002045,4626.43261434284,2024-12-09 17:32:01.196425,1,
407,fraud,492.4001572409592,4609.250424239894,2024-12-09 17:47:01.196425,1,
408,fraud,230.05037564904046,1438.8115958700155,2024-12-09 18:10:01.196425,1,
409,fraud,52.81469799737463,1872.0277712945854,2024-12-09 18:11:01.196425,1,
410,fraud,1810.7773721294814,206.4847551675432,2024-12-09 18:33:01.196425,1,
411,fraud,3471.9810085463264,-3712.9821973680105,2024-12-09 19:03:01.196425,1,
411,failed_login,0.0,-3712.9821973680105,2024-12-09 19:13:01.196425,1,
412,fraud,2798.613186881659,5231.826773983128,2024-12-09 19:32:01.196425,1,
412,deposit,0.0,5231.826773983128,2024-12-09 20:01:01.196425,1,
413,fraud,4240.488038933823,-3372.37109864661,2024-12-09 20:24:01.196425,1,
413,email_change,0.0,-3372.37109864661,2024-12-09 20:38:01.196425,1,
414,fraud,72.57825269720774,2116.1094308050624,2024-12-09 20:51:01.196425,1,
415,fraud,173.77460738746908,-2083.500112120513,2024-12-09 21:03:01.196425,1,
416,fraud,91.19666477119279,3657.0411652689722,2024-12-09 21:33:01.196425,1,
417,fraud,427.8547037892964,8522.611387066367,2024-12-09 21:43:01.196425,1,
417,email_change,0.0,8522.611387066367,2024-12-09 21:54:01.196425,1,
418,fraud,1133.0936121373136,4233.460216683489,2024-12-09 22:05:01.196425,1,
418,withdrawal,0.0,4233.460216683489,2024-12-09 22:11:01.196425,1,
419,fraud,8741.40303725555,-4189.882639656413,2024-12-09 22:14:01.196425,1,
419,deposit,0.0,-4189.882639656413,2024-12-09 22:41:01.196425,1,
420,fraud,4939.778836924746,-1734.0638129784124,2024-12-09 22:48:01.196425,1,
421,fraud,490.43961651675625,-809.3766468868592,2024-12-09 22:51:01.196425,1,
422,fraud,51.692738344168596,3532.611594203891,2024-12-09 22:57:01.196425,1,
423,fraud,111.15646068768275,133.2475915753971,2024-12-09 23:14:01.196425,1,
423,failed_login,0.0,133.2475915753971,2024-12-09 23:28:01.196425,1,
424,fraud,9142.591053283088,-5493.789388999188,2024-12-09 23:51:01.196425,1,
424,deposit,0.0,-5493.789388999188,2024-12-10 00:15:01.196425,1,
425,fraud,1568.6621119463964,6501.3609788958465,2024-12-10 00:35:01.196425,1,
426,fraud,622.4641292736133,-3485.8182322983694,2024-12-10 00:38:01.196425,1,
426,failed_login,0.0,-3485.8182322983694,2024-12-10 00:52:01.196425,1,
427,fraud,3479.550367709677,6907.2009335366965,2024-12-10 01:04:01.196425,1,
428,fraud,1672.3645598847602,6257.740466598465,2024-12-10 01:26:01.196425,1,
429,fraud,2136.0299335643545,-2050.2810477246526,2024-12-10 01:42:01.196425,1,
429,suspicious_login,0.0,-2050.2810477246526,2024-12-10 02:05:01.196425,1,
430,fraud,466.47843702806995,3703.0080603407446,2024-12-10 02:32:01.196425,1,
431,fraud,2309.7491753137924,-1934.2227048213208,2024-12-10 03:00:01.196425,1,
431,password_change,0.0,-1934.2227048213208,2024-12-10 03:04:01.196425,1,
432,fraud,2110.996651582539,1165.948854875472,2024-12-10 03:09:01.196425,1,
0,withdrawal,382.96231413558854,3759.768552266768,2024-12-10 03:29:01.196425,0,
1,withdrawal,264.46422438948804,5746.285328252669,2024-12-10 03:43:01.196425,0,
2,withdrawal,350.16931025808344,1493.4379471968646,2024-12-10 04:07:01.196425,0,
3,deposit,943.6103859922048,4075.0021836564756,2024-12-10 04:22:01.196425,0,
4,withdrawal,433.3261817551571,929.2563931171661,2024-12-10 04:49:01.196425,0,
5,deposit,508.5286793525405,6243.294434585456,2024-12-10 04:57:01.196425,0,
6,withdrawal,479.9723168807802,1878.4069699447593,2024-12-10 05:18:01.196425,0,
7,withdrawal,202.86692040554783,4949.679026907131,2024-12-10 05:41:01.196425,0,
7,phone_change,0.0,4949.679026907131,2024-12-10 05:52:01.196425,0,
8,deposit,391.91871696241986,2999.730798103153,2024-12-10 06:16:01.196425,0,
8,email_change,0.0,2999.730798103153,2024-12-10 06:19:01.196425,0,
9,deposit,886.716819908512,3719.3787516554958,2024-12-10 06:25:01.196425,0,
10,withdrawal,408.3632422561672,1885.1493099888248,2024-12-10 06:32:01.196425,0,
11,deposit,730.9400253800935,5569.444474749429,2024-12-10 06:47:01.196425,0,
12,deposit,216.45202752612678,4301.780026517416,2024-12-10 07:04:01.196425,0,
13,withdrawal,180.33444211905993,4554.023066996569,2024-12-10 07:08:01.196425,0,
13,phone_change,0.0,4554.023066996569,2024-12-10 07:28:01.196425,0,
14,deposit,614.517971669536,5276.9080171592395,2024-12-10 07:38:01.196425,0,
15,withdrawal,433.8656443004258,4095.1029449508987,2024-12-10 07:40:01.196425,0,
16,deposit,308.29768702080713,4397.69437749009,2024-12-10 08:10:01.196425,0,
17,deposit,517.2446898857957,4171.903636951727,2024-12-10 08:27:01.196425,0,
18,deposit,703.5581940703322,4207.548137434979,2024-12-10 08:52:01.196425,0,
19,withdrawal,323.65994540069477,1910.7247513858308,2024-12-10 09:22:01.196425,0,
19,password_change,0.0,1910.7247513858308,2024-12-10 09:46:01.196425,0,
20,withdrawal,446.57116299090177,2717.901624465372,2024-12-10 09:57:01.196425,0,
21,withdrawal,102.50992470849845,2561.7165307709615,2024-12-10 09:58:01.196425,0,
21,password_change,0.0,2561.7165307709615,2024-12-10 10:04:01.196425,0,
22,withdrawal,332.83171314540795,1156.7040577552343,2024-12-10 10:34:01.196425,0,
23,deposit,883.0876787344969,3494.9045552437556,2024-12-10 10:39:01.196425,0,
24,withdrawal,317.76902221301935,3196.344757232409,2024-12-10 11:08:01.196425,0,
25,withdrawal,226.12280560141306,4521.908208705289,2024-12-10 11:24:01.196425,0,
26,deposit,986.249316998107,3899.7767981362013,2024-12-10 11:44:01.196425,0,
26,phone_change,0.0,3899.7767981362013,2024-12-10 12:11:01.196425,0,
27,deposit,728.7730477388183,2821.169091715974,2024-12-10 12:36:01.196425,0,
27,password_change,0.0,2821.169091715974,2024-12-10 13:00:01.196425,0,
28,deposit,255.73987003825303,3237.702198862229,2024-12-10 13:01:01.196425,0,
29,deposit,368.118703365586,4019.4740177039384,2024-12-10 13:30:01.196425,0,
30,deposit,232.39501787199004,2166.663141076613,2024-12-10 13:46:01.196425,0,
31,withdrawal,244.5814546875233,3849.9014467381025,2024-12-10 14:12:01.196425,0,
31,phone_change,0.0,3849.9014467381025,2024-12-10 14:16:01.196425,0,
32,deposit,178.27140256868327,1561.4841685623592,2024-12-10 14:29:01.196425,0,
32,email_change,0.0,1561.4841685623592,2024-12-10 14:45:01.196425,0,
33,withdrawal,484.8459125557777,1906.5441857621283,2024-12-10 14:58:01.196425,0,
33,phone_change,0.0,1906.5441857621283,2024-12-10 15:27:01.196425,0,
34,deposit,512.6035793256838,2305.8163544828067,2024-12-10 15:57:01.196425,0,
35,deposit,924.3567649870806,1945.0638916024795,2024-12-10 15:58:01.196425,0,
36,withdrawal,178.45024709960865,3802.6328383341156,2024-12-10 16:26:01.196425,0,
37,withdrawal,277.4228896919662,4735.474990850837,2024-12-10 16:28:01.196425,0,
38,deposit,843.9260040217448,1612.0276581595201,2024-12-10 16:46:01.196425,0,
39,deposit,795.5077350333214,5188.019429173743,2024-12-10 17:13:01.196425,0,
40,deposit,986.8894565732161,4071.0849588399733,2024-12-10 17:21:01.196425,0,
41,withdrawal,479.40079100164746,2448.8316978802227,2024-12-10 17:33:01.196425,0,
42,withdrawal,142.94674058438457,3141.588545028227,2024-12-10 17:59:01.196425,0,
43,withdrawal,399.4277174943029,5374.870292359544,2024-12-10 18:20:01.196425,0,
44,withdrawal,371.56331412375147,2880.7196328660384,2024-12-10 18:32:01.196425,0,
44,password_change,0.0,2880.7196328660384,2024-12-10 18:50:01.196425,0,
45,deposit,472.49230941575496,5045.7629510792995,2024-12-10 19:10:01.196425,0,
46,withdrawal,421.80542051227235,2711.376227740233,2024-12-10 19:38:01.196425,0,
47,deposit,970.7592784446562,2854.0527672836984,2024-12-10 19:42:01.196425,0,
48,withdrawal,134.61160455254176,1679.803516196136,2024-12-10 19:47:01.196425,0,
49,deposit,856.1706100533493,5704.5871384452885,2024-12-10 20:01:01.196425,0,
49,email_change,0.0,5704.5871384452885,2024-12-10 20:21:01.196425,0,
50,withdrawal,113.57123246258823,940.7528756750911,2024-12-10 20:26:01.196425,0,
51,withdrawal,341.24415976516724,838.1304483041054,2024-12-10 20:32:01.196425,0,
52,deposit,131.52285008823128,5416.9075711818705,2024-12-10 20:46:01.196425,0,
53,deposit,236.58690195421045,5947.18923323056,2024-12-10 20:57:01.196425,0,
54,withdrawal,473.5633557238259,3055.9149027175463,2024-12-10 21:09:01.196425,0,
54,password_change,0.0,3055.9149027175463,2024-12-10 21:11:01.196425,0,
55,deposit,868.8840519709255,3731.2371382561623,2024-12-10 21:15:01.196425,0,
56,deposit,476.64402674186766,2625.0507466130402,2024-12-10 21:36:01.196425,0,
57,deposit,170.70318706363034,3157.6597971122233,2024-12-10 21:59:01.196425,0,
58,withdrawal,98.73583296868415,4018.212836078904,2024-12-10 22:09:01.196425,0,
58,password_change,0.0,4018.212836078904,2024-12-10 22:12:01.196425,0,
59,deposit,482.47062033362903,2665.563964991488,2024-12-10 22:40:01.196425,0,
60,deposit,170.8356305694519,1948.6550024886456,2024-12-10 22:41:01.196425,0,
61,deposit,203.80041302872348,2491.0880736906392,2024-12-10 22:46:01.196425,0,
62,deposit,351.161947158173,3458.1021811723335,2024-12-10 22:49:01.196425,0,
63,deposit,291.09069813668356,2323.4146339163663,2024-12-10 23:05:01.196425,0,
64,deposit,259.2606157381898,4707.575038797882,2024-12-10 23:07:01.196425,0,
65,withdrawal,408.7057877114358,5219.084764761934,2024-12-10 23:36:01.196425,0,
65,password_change,0.0,5219.084764761934,2024-12-11 00:00:01.196425,0,
66,withdrawal,382.8065825452341,1690.5109109943214,2024-12-11 00:27:01.196425,0,
67,deposit,386.6963833012272,4622.747183036161,2024-12-11 00:49:01.196425,0,
68,withdrawal,68.01738999274832,628.7265467192572,2024-12-11 01:17:01.196425,0,
69,deposit,828.4540188517268,5582.924950425816,2024-12-11 01:47:01.196425,0,
70,deposit,853.0990327496635,3167.2454154090988,2024-12-11 01:49:01.196425,0,
71,withdrawal,325.9892287236436,1014.0432057645766,2024-12-11 02:09:01.196425,0,
71,password_change,0.0,1014.0432057645766,2024-12-11 02:15:01.196425,0,
72,withdrawal,229.48657090801956,3957.9519420003817,2024-12-11 02:20:01.196425,0,
73,deposit,558.9371973965735,6276.841321522693,2024-12-11 02:21:01.196425,0,
73,password_change,0.0,6276.841321522693,2024-12-11 02:32:01.196425,0,
74,withdrawal,306.0538202395155,4914.192260242532,2024-12-11 02:39:01.196425,0,
75,deposit,725.7862252187509,3584.1299461915078,2024-12-11 02:56:01.196425,0,
76,withdrawal,240.92467876465247,148.75458991488483,2024-12-11 03:04:01.196425,0,
77,deposit,582.4967730380938,4247.844717448409,2024-12-11 03:12:01.196425,0,
78,withdrawal,353.6710690400125,3663.252183918745,2024-12-11 03:21:01.196425,0,
79,withdrawal,86.03072357240592,3764.970447100667,2024-12-11 03:30:01.196425,0,
80,deposit,316.62605577309284,2774.0418399110954,2024-12-11 03:45:01.196425,0,
81,deposit,613.1455656558704,3519.833022881788,2024-12-11 03:59:01.196425,0,
82,deposit,392.50791500886936,2636.892808717312,2024-12-11 04:00:01.196425,0,
83,deposit,274.7185781187863,1939.7878736652146,2024-12-11 04:22:01.196425,0,
83,email_change,0.0,1939.7878736652146,2024-12-11 04:49:01.196425,0,
84,deposit,429.46043773708396,3098.914301943607,2024-12-11 05:07:01.196425,0,
85,deposit,635.8435204462411,2606.7564212907355,2024-12-11 05:11:01.196425,0,
85,phone_change,0.0,2606.7564212907355,2024-12-11 05:19:01.196425,0,
86,withdrawal,298.5489482028833,2845.345510722097,2024-12-11 05:24:01.196425,0,
87,deposit,105.11129965134674,1949.8150085604261,2024-12-11 05:29:01.196425,0,
87,email_change,0.0,1949.8150085604261,2024-12-11 05:33:01.196425,0,
88,withdrawal,344.58010495917745,3840.4810975344244,2024-12-11 05:39:01.196425,0,
89,deposit,713.7299978615921,5253.570151273264,2024-12-11 05:51:01.196425,0,
90,deposit,500.7932888888521,3456.232068470195,2024-12-11 05:57:01.196425,0,
91,deposit,333.1989816977891,3314.5095438592025,2024-12-11 06:14:01.196425,0,
92,deposit,976.0363522192249,2427.862615801692,2024-12-11 06:44:01.196425,0,
93,withdrawal,62.884846624470754,2065.8164470728807,2024-12-11 06:53:01.196425,0,
94,deposit,557.4031371135242,3349.6091624339056,2024-12-11 07:07:01.196425,0,
95,deposit,265.03006946867595,3770.0302734421994,2024-12-11 07:10:01.196425,0,
96,deposit,343.01645879807415,4051.7156617535893,2024-12-11 07:40:01.196425,0,
97,withdrawal,306.59626061338366,2938.6675646809645,2024-12-11 07:59:01.196425,0,
98,deposit,753.4398292573911,2508.892820330991,2024-12-11 08:29:01.196425,0,
99,withdrawal,360.57777424388405,4767.121058489389,2024-12-11 08:30:01.196425,0,
100,deposit,958.6797367032189,4100.414511426596,2024-12-11 08:57:01.196425,0,
101,withdrawal,375.6306385419599,1469.2854601982144,2024-12-11 08:58:01.196425,0,
102,withdrawal,478.44150344484075,3977.1825520751595,2024-12-11 09:02:01.196425,0,
102,password_change,0.0,3977.1825520751595,2024-12-11 09:10:01.196425,0,
103,deposit,310.19670031922516,4486.090379881744,2024-12-11 09:18:01.196425,0,
104,withdrawal,147.83612960796623,3717.7270971082266,2024-12-11 09:26:01.196425,0,
105,deposit,860.190005115692,3540.990318433467,2024-12-11 09:49:01.196425,0,
106,withdrawal,324.272961594675,4324.18906585382,2024-12-11 10:02:01.196425,0,
106,email_change,0.0,4324.18906585382,2024-12-11 10:32:01.196425,0,
107,withdrawal,157.51997827155256,2162.200961156775,2024-12-11 10:34:01.196425,0,
108,withdrawal,389.480553589418,4196.80180686386,2024-12-11 11:00:01.196425,0,
109,deposit,149.0741007012372,4264.3831391326485,2024-12-11 11:01:01.196425,0,
110,deposit,415.3413373153402,1672.093290731998,2024-12-11 11:16:01.196425,0,
111,withdrawal,378.349515881277,1285.7756769375665,2024-12-11 11:35:01.196425,0,
112,deposit,720.6111122544291,1976.4218819626556,2024-12-11 12:02:01.196425,0,
112,phone_change,0.0,1976.4218819626556,2024-12-11 12:32:01.196425,0,
113,withdrawal,324.4470136676357,1091.5847583753268,2024-12-11 12:55:01.196425,0,
114,deposit,673.5219983554733,3976.710650335961,2024-12-11 13:12:01.196425,0,
114,phone_change,0.0,3976.710650335961,2024-12-11 13:16:01.196425,0,
115,deposit,824.1591513775189,5195.640317519842,2024-12-11 13:46:01.196425,0,
116,deposit,627.6052554649434,5473.534016148432,2024-12-11 14:01:01.196425,0,
116,phone_change,0.0,5473.534016148432,2024-12-11 14:21:01.196425,0,
117,withdrawal,380.22381809269405,5870.021277340971,2024-12-11 14:26:01.196425,0,
118,deposit,171.56462273829175,4937.129831493448,2024-12-11 14:42:01.196425,0,
119,deposit,348.1280928587328,1914.3303988401033,2024-12-11 15:10:01.196425,0,
119,phone_change,0.0,1914.3303988401033,2024-12-11 15:21:01.196425,0,
120,deposit,838.8110182208217,3331.7934758602782,2024-12-11 15:30:01.196425,0,
121,withdrawal,179.12710366272117,3921.967667659147,2024-12-11 15:32:01.196425,0,
122,deposit,673.5128281411396,3624.8155118182585,2024-12-11 15:55:01.196425,0,
122,password_change,0.0,3624.8155118182585,2024-12-11 15:59:01.196425,0,
123,deposit,199.7708302028757,4112.640123190043,2024-12-11 16:01:01.196425,0,
123,password_change,0.0,4112.640123190043,2024-12-11 16:13:01.196425,0,
124,withdrawal,499.93257940526746,2079.0662989372227,2024-12-11 16:14:01.196425,0,
125,withdrawal,172.62262946368648,5233.378941257536,2024-12-11 16:30:01.196425,0,
126,deposit,687.2137859482266,2989.6158902261477,2024-12-11 16:58:01.196425,0,
127,deposit,560.8009120711183,2604.4118203938215,2024-12-11 16:59:01.196425,0,
128,deposit,690.293230402558,2769.666456106947,2024-12-11 17:18:01.196425,0,
129,withdrawal,239.42256630724657,1717.9305850912353,2024-12-11 17:24:01.196425,0,
130,deposit,154.00616647765165,2697.643877077499,2024-12-11 17:33:01.196425,0,
131,withdrawal,245.15064326641416,1049.3418807143582,2024-12-11 17:49:01.196425,0,
131,phone_change,0.0,1049.3418807143582,2024-12-11 17:59:01.196425,0,
132,withdrawal,439.4751864516294,3553.4388815356424,2024-12-11 18:14:01.196425,0,
132,password_change,0.0,3553.4388815356424,2024-12-11 18:42:01.196425,0,
133,deposit,842.2464545625667,5626.570241379519,2024-12-11 19:02:01.196425,0,
134,deposit,367.52425249759966,3683.867238736157,2024-12-11 19:26:01.196425,0,
135,deposit,260.7741601062771,3571.7632723289744,2024-12-11 19:29:01.196425,0,
136,withdrawal,410.2098652307193,1021.8873528708111,2024-12-11 19:35:01.196425,0,
137,withdrawal,454.0696034188975,1610.3985140796342,2024-12-11 19:51:01.196425,0,
138,deposit,914.0131069486606,3599.6442882596716,2024-12-11 20:20:01.196425,0,
138,password_change,0.0,3599.6442882596716,2024-12-11 20:42:01.196425,0,
139,withdrawal,194.44298480795885,4178.235633077082,2024-12-11 21:11:01.196425,0,
140,deposit,750.4637720838772,3237.4710740509386,2024-12-11 21:25:01.196425,0,
141,deposit,653.9968094366485,6832.258241766737,2024-12-11 21:29:01.196425,0,
142,withdrawal,239.2981096631168,349.45346250002234,2024-12-11 21:40:01.196425,0,
143,withdrawal,116.86577098345582,5606.711495535021,2024-12-11 21:52:01.196425,0,
144,deposit,205.07753777853992,5753.591989054697,2024-12-11 22:00:01.196425,0,
145,deposit,715.629332981206,2463.551009737196,2024-12-11 22:18:01.196425,0,
146,deposit,649.9844654920602,4891.885469973203,2024-12-11 22:43:01.196425,0,
147,withdrawal,291.1682756536041,5736.073098585163,2024-12-11 22:49:01.196425,0,
148,withdrawal,443.6992858124442,3334.717288263173,2024-12-11 23:16:01.196425,0,
149,withdrawal,183.7111833711842,2831.231553977419,2024-12-11 23:32:01.196425,0,
150,withdrawal,86.4797559439543,3857.784088275224,2024-12-11 23:34:01.196425,0,
151,deposit,315.04689555019604,2129.965997804153,2024-12-12 00:04:01.196425,0,
152,deposit,714.5341266801142,5731.177644312422,2024-12-12 00:11:01.196425,0,
153,withdrawal,68.20973077344674,5930.411786574273,2024-12-12 00:38:01.196425,0,
153,password_change,0.0,5930.411786574273,2024-12-12 01:03:01.196425,0,
154,deposit,323.9722746519254,2396.167820441464,2024-12-12 01:05:01.196425,0,
155,withdrawal,347.98196365761544,5102.37188059784,2024-12-12 01:29:01.196425,0,
156,deposit,146.87727362973362,2609.1948858666406,2024-12-12 01:46:01.196425,0,
157,deposit,390.03590108996036,4807.647534091346,2024-12-12 02:05:01.196425,0,
158,withdrawal,347.4639904660125,2631.057309824345,2024-12-12 02:08:01.196425,0,
159,deposit,776.0523663636297,3906.8041275350624,2024-12-12 02:23:01.196425,0,
160,deposit,407.979574129104,3389.174873845661,2024-12-12 02:41:01.196425,0,
161,withdrawal,473.9525317711862,1058.430743348542,2024-12-12 02:46:01.196425,0,
162,deposit,262.32570297388537,5252.581343574284,2024-12-12 03:12:01.196425,0,
163,deposit,386.72030456958794,6384.5103733582955,2024-12-12 03:24:01.196425,0,
164,deposit,292.79315639354866,3316.6423266290903,2024-12-12 03:42:01.196425,0,
165,deposit,360.09229565516154,5108.693936669007,2024-12-12 04:04:01.196425,0,
166,deposit,705.7100014950743,2602.599972279881,2024-12-12 04:10:01.196425,0,
167,deposit,114.32569282605824,3646.4927725950265,2024-12-12 04:19:01.196425,0,
168,withdrawal,213.86110349325256,1255.0240237523662,2024-12-12 04:23:01.196425,0,
168,email_change,0.0,1255.0240237523662,2024-12-12 04:26:01.196425,0,
169,withdrawal,255.88747486774517,4199.033821148308,2024-12-12 04:27:01.196425,0,
170,withdrawal,207.4276964282719,3639.7784674858185,2024-12-12 04:38:01.196425,0,
171,withdrawal,386.3376212458271,2773.112250688398,2024-12-12 04:56:01.196425,0,
172,withdrawal,459.4281428839947,1396.2334397482982,2024-12-12 05:07:01.196425,0,
173,deposit,148.47426266918993,4320.438007306243,2024-12-12 05:36:01.196425,0,
174,withdrawal,286.17699550692384,920.1563633338072,2024-12-12 05:59:01.196425,0,
175,withdrawal,136.37403422552597,2905.5292155076872,2024-12-12 06:01:01.196425,0,
176,withdrawal,479.1734250236511,2839.9892121036914,2024-12-12 06:18:01.196425,0,
177,withdrawal,229.4618108393535,4143.539681606578,2024-12-12 06:27:01.196425,0,
178,withdrawal,290.22045338703515,1265.9571085844018,2024-12-12 06:36:01.196425,0,
179,deposit,878.731884526266,2960.1596423062047,2024-12-12 06:46:01.196425,0,
180,deposit,809.9694304318745,2598.2441300591727,2024-12-12 07:16:01.196425,0,
181,deposit,888.9071160361233,3271.0320010540286,2024-12-12 07:43:01.196425,0,
181,email_change,0.0,3271.0320010540286,2024-12-12 07:58:01.196425,0,
182,withdrawal,413.32401417538415,5708.00889463572,2024-12-12 08:16:01.196425,0,
183,withdrawal,171.26730708442102,2745.5930768038475,2024-12-12 08:18:01.196425,0,
183,password_change,0.0,2745.5930768038475,2024-12-12 08:21:01.196425,0,
184,deposit,503.81082608725444,6078.545580638805,2024-12-12 08:48:01.196425,0,
185,withdrawal,76.76961542683095,3071.47214792397,2024-12-12 09:02:01.196425,0,
186,withdrawal,297.893805709553,703.7249877092735,2024-12-12 09:30:01.196425,0,
187,withdrawal,50.393421046242196,1132.3844171995333,2024-12-12 09:32:01.196425,0,
187,email_change,0.0,1132.3844171995333,2024-12-12 10:00:01.196425,0,
188,withdrawal,497.7265221539661,3378.084461143254,2024-12-12 10:25:01.196425,0,
189,deposit,276.9713540401691,2752.570897477383,2024-12-12 10:52:01.196425,0,
190,deposit,186.4711431163546,4046.7588403147524,2024-12-12 11:14:01.196425,0,
191,deposit,757.4996639223963,5428.638913715229,2024-12-12 11:40:01.196425,0,
192,withdrawal,499.34179863070904,2122.0729174389685,2024-12-12 11:58:01.196425,0,
193,deposit,970.2330578291532,3823.4221141882963,2024-12-12 12:16:01.196425,0,
193,phone_change,0.0,3823.4221141882963,2024-12-12 12:22:01.196425,0,
194,withdrawal,485.77164595037704,3733.5818217368105,2024-12-12 12:50:01.196425,0,
194,password_change,0.0,3733.5818217368105,2024-12-12 12:57:01.196425,0,
195,deposit,518.0384092901973,5286.665398885432,2024-12-12 13:16:01.196425,0,
196,deposit,417.44538330989405,4675.968998651674,2024-12-12 13:36:01.196425,0,
197,deposit,520.614336722137,1697.726324378912,2024-12-12 14:01:01.196425,0,
198,withdrawal,215.1907090028987,1731.904080583394,2024-12-12 14:13:01.196425,0,
198,password_change,0.0,1731.904080583394,2024-12-12 14:21:01.196425,0,
199,deposit,943.4719384196176,6376.986527720989,2024-12-12 14:29:01.196425,0,
200,deposit,915.0255679358254,3021.2914018402544,2024-12-12 14:53:01.196425,0,
201,withdrawal,122.78130328304306,3035.287882087301,2024-12-12 15:20:01.196425,0,
202,withdrawal,56.445224627566056,4650.401462923629,2024-12-12 15:29:01.196425,0,
203,withdrawal,130.11025619717276,3880.5806879531665,2024-12-12 15:31:01.196425,0,
203,email_change,0.0,3880.5806879531665,2024-12-12 15:32:01.196425,0,
204,deposit,652.9433170532161,4416.972004199068,2024-12-12 15:47:01.196425,0,
205,withdrawal,160.77715336890913,1586.6574222726076,2024-12-12 15:51:01.196425,0,
206,withdrawal,93.93674548087604,5678.254151102966,2024-12-12 16:11:01.196425,0,
207,deposit,372.55332657270236,1908.4431184500581,2024-12-12 16:34:01.196425,0,
208,withdrawal,314.19207585271664,3953.3488699578584,2024-12-12 16:51:01.196425,0,
209,deposit,399.467528267563,3888.7902513028885,2024-12-12 17:18:01.196425,0,
209,password_change,0.0,3888.7902513028885,2024-12-12 17:43:01.196425,0,
210,deposit,414.0193617477236,3816.5870593768263,2024-12-12 17:59:01.196425,0,
211,withdrawal,149.0412741339287,2681.1312938043116,2024-12-12 18:16:01.196425,0,
212,withdrawal,335.0600690414476,5408.8529661580305,2024-12-12 18:32:01.196425,0,
212,email_change,0.0,5408.8529661580305,2024-12-12 18:44:01.196425,0,
213,withdrawal,422.1378256290624,3644.930759413426,2024-12-12 19:05:01.196425,0,
214,withdrawal,128.9525539352358,3505.67528691551,2024-12-12 19:19:01.196425,0,
215,deposit,486.7559533470604,5344.382624404856,2024-12-12 19:21:01.196425,0,
216,withdrawal,171.04612753913582,3179.201685401377,2024-12-12 19:51:01.196425,0,
216,email_change,0.0,3179.201685401377,2024-12-12 20:07:01.196425,0,
217,withdrawal,432.57198949065435,1322.4896913657271,2024-12-12 20:08:01.196425,0,
218,withdrawal,429.71464664796775,3530.5891190234897,2024-12-12 20:14:01.196425,0,
219,deposit,869.6578447812501,4787.811803161049,2024-12-12 20:39:01.196425,0,
220,deposit,527.6953307228719,5607.55370284466,2024-12-12 21:07:01.196425,0,
221,withdrawal,343.9384843940257,857.2761227611011,2024-12-12 21:13:01.196425,0,
222,withdrawal,382.36362807235787,1592.4687940069314,2024-12-12 21:25:01.196425,0,
223,deposit,717.4240160434455,4724.524858252785,2024-12-12 21:39:01.196425,0,
223,password_change,0.0,4724.524858252785,2024-12-12 22:05:01.196425,0,
224,deposit,292.17994585223346,6039.334204910941,2024-12-12 22:12:01.196425,0,
225,deposit,238.01019295648464,4236.731763878877,2024-12-12 22:21:01.196425,0,
226,deposit,262.15076678973156,1794.7849906056651,2024-12-12 22:50:01.196425,0,
227,deposit,173.74945256794746,4244.205926133708,2024-12-12 23:00:01.196425,0,
228,deposit,969.0356411254731,3311.831131241953,2024-12-12 23:05:01.196425,0,
229,withdrawal,229.5368864052268,4916.275217950259,2024-12-12 23:27:01.196425,0,
230,deposit,713.1292960652473,2972.446982804254,2024-12-12 23:50:01.196425,0,
230,password_change,0.0,2972.446982804254,2024-12-13 00:14:01.196425,0,
231,deposit,693.5770636668062,2097.3827765019323,2024-12-13 00:31:01.196425,0,
232,deposit,163.88114191069442,2182.8386137552257,2024-12-13 00:59:01.196425,0,
233,withdrawal,414.734096487045,3144.564984921698,2024-12-13 01:29:01.196425,0,
234,deposit,222.85063045742532,3224.7863598504414,2024-12-13 01:31:01.196425,0,
235,deposit,753.3958103212095,6730.6618019548205,2024-12-13 02:01:01.196425,0,
236,deposit,265.405353355894,4158.549191741142,2024-12-13 02:24:01.196425,0,
236,phone_change,0.0,4158.549191741142,2024-12-13 02:26:01.196425,0,
237,deposit,230.04674915251735,2966.3025099372617,2024-12-13 02:56:01.196425,0,
238,deposit,504.30828543191825,5135.7561016340815,2024-12-13 03:04:01.196425,0,
239,deposit,457.90418695209917,4995.71308467023,2024-12-13 03:15:01.196425,0,
240,deposit,937.8961400864071,2832.987034699415,2024-12-13 03:23:01.196425,0,
240,password_change,0.0,2832.987034699415,2024-12-13 03:26:01.196425,0,
241,withdrawal,379.9310155291432,3688.6613218263574,2024-12-13 03:44:01.196425,0,
242,deposit,885.4017648264411,4235.7971640209735,2024-12-13 04:14:01.196425,0,
243,withdrawal,446.78003603462537,1622.0606271138868,2024-12-13 04:22:01.196425,0,
244,deposit,132.22439225961728,2745.1589297617497,2024-12-13 04:50:01.196425,0,
245,deposit,798.0891431055821,4864.6116051973295,2024-12-13 04:56:01.196425,0,
245,phone_change,0.0,4864.6116051973295,2024-12-13 05:06:01.196425,0,
246,deposit,925.4807474659846,7289.407738781582,2024-12-13 05:35:01.196425,0,
246,password_change,0.0,7289.407738781582,2024-12-13 05:55:01.196425,0,
247,deposit,614.456153738307,4395.434424316772,2024-12-13 06:20:01.196425,0,
248,withdrawal,220.19544213822095,1585.7794320131409,2024-12-13 06:43:01.196425,0,
248,email_change,0.0,1585.7794320131409,2024-12-13 06:45:01.196425,0,
249,deposit,761.2529341967517,1939.385230125571,2024-12-13 07:15:01.196425,0,
250,withdrawal,66.7732650333922,5659.113426845762,2024-12-13 07:36:01.196425,0,
251,deposit,850.214429182246,4729.448141934614,2024-12-13 07:52:01.196425,0,
252,withdrawal,254.03934779956987,1102.0389231345926,2024-12-13 08:12:01.196425,0,
252,password_change,0.0,1102.0389231345926,2024-12-13 08:25:01.196425,0,
253,deposit,548.5769313127003,3559.084951912699,2024-12-13 08:39:01.196425,0,
253,phone_change,0.0,3559.084951912699,2024-12-13 08:48:01.196425,0,
254,deposit,929.0370147987499,4387.032184798636,2024-12-13 09:14:01.196425,0,
255,withdrawal,112.50670993723736,4193.467133241066,2024-12-13 09:35:01.196425,0,
256,deposit,340.2448399448131,2866.3296463903735,2024-12-13 10:00:01.196425,0,
257,deposit,812.6474668912971,3334.3878587372633,2024-12-13 10:05:01.196425,0,
257,phone_change,0.0,3334.3878587372633,2024-12-13 10:31:01.196425,0,
258,deposit,600.5913937199734,5340.518954842775,2024-12-13 10:37:01.196425,0,
259,deposit,760.7716208130688,4569.445334098331,2024-12-13 10:56:01.196425,0,
260,deposit,209.0601659182036,4723.684430509074,2024-12-13 11:11:01.196425,0,
261,withdrawal,414.07290942766576,2944.4970507323414,2024-12-13 11:17:01.196425,0,
262,deposit,893.1874271755139,5462.612801436772,2024-12-13 11:33:01.196425,0,
262,phone_change,0.0,5462.612801436772,2024-12-13 12:02:01.196425,0,
263,withdrawal,65.67431860372317,4024.3739120719574,2024-12-13 12:03:01.196425,0,
264,deposit,638.8616925250631,4831.643195535091,2024-12-13 12:24:01.196425,0,
265,deposit,483.6422363903473,2836.627304370596,2024-12-13 12:39:01.196425,0,
266,deposit,504.6603988160629,5318.4849753571025,2024-12-13 12:47:01.196425,0,
267,withdrawal,185.6202218784606,2516.7508978636865,2024-12-13 13:16:01.196425,0,
268,deposit,826.5614171839097,1473.1904120891481,2024-12-13 13:28:01.196425,0,
269,deposit,121.88898408483153,2669.673911430262,2024-12-13 13:49:01.196425,0,
270,deposit,766.8158990246083,4537.596973793213,2024-12-13 14:14:01.196425,0,
271,withdrawal,169.54649723659404,2130.832557577947,2024-12-13 14:27:01.196425,0,
272,deposit,587.3798909106146,5937.967197149678,2024-12-13 14:55:01.196425,0,
273,deposit,444.39326011936015,3489.1440788528757,2024-12-13 15:11:01.196425,0,
274,deposit,660.3838759618367,3216.1607823892796,2024-12-13 15:12:01.196425,0,
275,withdrawal,319.68618858731656,643.1875082181346,2024-12-13 15:24:01.196425,0,
276,deposit,736.1016516559719,4273.0321522455215,2024-12-13 15:48:01.196425,0,
277,withdrawal,433.09504040352334,5462.82349831747,2024-12-13 16:01:01.196425,0,
278,withdrawal,137.8163697502431,2380.0823272411103,2024-12-13 16:03:01.196425,0,
278,password_change,0.0,2380.0823272411103,2024-12-13 16:06:01.196425,0,
279,withdrawal,230.78710483585326,1773.3369373554,2024-12-13 16:12:01.196425,0,
280,deposit,329.38363466580483,2410.441800900187,2024-12-13 16:39:01.196425,0,
281,withdrawal,350.5828565303681,1212.8729558902069,2024-12-13 17:07:01.196425,0,
281,email_change,0.0,1212.8729558902069,2024-12-13 17:25:01.196425,0,
282,deposit,342.3584640885917,5484.478564778849,2024-12-13 17:33:01.196425,0,
283,deposit,296.88148164669906,3522.602597778413,2024-12-13 17:38:01.196425,0,
283,email_change,0.0,3522.602597778413,2024-12-13 17:58:01.196425,0,
284,deposit,864.182044032678,4723.258486579013,2024-12-13 18:22:01.196425,0,
285,deposit,160.16757284334014,3047.759084616832,2024-12-13 18:30:01.196425,0,
285,email_change,0.0,3047.759084616832,2024-12-13 18:48:01.196425,0,
286,deposit,757.1044239870181,4343.70233183485,2024-12-13 18:57:01.196425,0,
287,deposit,746.9831427337141,4160.252401401698,2024-12-13 19:26:01.196425,0,
288,deposit,550.537869256614,3753.390779944012,2024-12-13 19:33:01.196425,0,
289,deposit,948.3483848083093,4930.192138343138,2024-12-13 19:46:01.196425,0,
290,withdrawal,137.18344492717472,5455.954690457472,2024-12-13 19:48:01.196425,0,
291,withdrawal,472.3165921769895,3580.3463655916794,2024-12-13 20:11:01.196425,0,
292,withdrawal,441.5008206375098,4561.358258866242,2024-12-13 20:35:01.196425,0,
293,deposit,439.11063106476263,1991.1940419750122,2024-12-13 20:42:01.196425,0,
294,deposit,729.9638577845387,928.6405173065659,2024-12-13 21:10:01.196425,0,
295,deposit,687.3763145395158,4737.417772799799,2024-12-13 21:26:01.196425,0,
295,phone_change,0.0,4737.417772799799,2024-12-13 21:28:01.196425,0,
296,deposit,569.693148668138,4104.3560200364955,2024-12-13 21:55:01.196425,0,
297,deposit,866.6103625844792,2429.894075227068,2024-12-13 22:16:01.196425,0,
297,password_change,0.0,2429.894075227068,2024-12-13 22:37:01.196425,0,
298,deposit,824.9615986771923,6500.983291826924,2024-12-13 22:41:01.196425,0,
299,withdrawal,321.70910944696,5081.721512124365,2024-12-13 22:59:01.196425,0,
300,deposit,191.0563872007186,3559.1323922571337,2024-12-13 23:27:01.196425,0,
301,withdrawal,115.87253714561457,1447.8165363477876,2024-12-13 23:31:01.196425,0,
302,deposit,807.6793968325175,4486.242387052861,2024-12-13 23:40:01.196425,0,
303,withdrawal,347.44197509486423,2337.264309276414,2024-12-14 00:03:01.196425,0,
304,deposit,244.8901169256708,4451.325677498284,2024-12-14 00:04:01.196425,0,
304,password_change,0.0,4451.325677498284,2024-12-14 00:31:01.196425,0,
305,deposit,925.1878059276028,5411.849073710428,2024-12-14 00:55:01.196425,0,
306,deposit,414.5232096808973,3332.6756691585706,2024-12-14 01:13:01.196425,0,
307,withdrawal,399.81640640754824,1950.7645030808694,2024-12-14 01:38:01.196425,0,
308,deposit,432.3341401501685,2485.9599520874335,2024-12-14 01:56:01.196425,0,
309,deposit,614.9101802783302,3768.77104659474,2024-12-14 01:58:01.196425,0,
310,withdrawal,222.41291489481543,2899.0843176785856,2024-12-14 02:18:01.196425,0,
311,withdrawal,254.18798151228313,2843.1821348289764,2024-12-14 02:21:01.196425,0,
312,deposit,487.3871108619615,5108.219339514491,2024-12-14 02:46:01.196425,0,
313,deposit,212.92255979148504,4766.522750565417,2024-12-14 02:58:01.196425,0,
313,password_change,0.0,4766.522750565417,2024-12-14 03:14:01.196425,0,
314,withdrawal,459.24421563725986,4667.677471397375,2024-12-14 03:36:01.196425,0,
314,email_change,0.0,4667.677471397375,2024-12-14 04:05:01.196425,0,
315,deposit,411.1406987019144,2793.5692253909338,2024-12-14 04:16:01.196425,0,
316,deposit,470.5590113483231,5839.169205614487,2024-12-14 04:28:01.196425,0,
316,email_change,0.0,5839.169205614487,2024-12-14 04:34:01.196425,0,
317,deposit,277.0687431376899,5330.039979210637,2024-12-14 04:57:01.196425,0,
318,deposit,134.69630671878735,3737.4898138640674,2024-12-14 05:04:01.196425,0,
319,deposit,726.9751357107388,4792.080139974637,2024-12-14 05:10:01.196425,0,
320,deposit,514.7419747105544,2854.6324995190453,2024-12-14 05:15:01.196425,0,
320,password_change,0.0,2854.6324995190453,2024-12-14 05:38:01.196425,0,
321,withdrawal,300.52377761999844,2402.0412960850613,2024-12-14 05:48:01.196425,0,
322,deposit,832.9115417903315,4490.390079055971,2024-12-14 05:53:01.196425,0,
323,withdrawal,431.178571283456,4025.821735482192,2024-12-14 06:06:01.196425,0,
324,deposit,670.1017181012786,5413.055479242462,2024-12-14 06:14:01.196425,0,
325,deposit,475.9054996263363,4438.795785058831,2024-12-14 06:22:01.196425,0,
325,email_change,0.0,4438.795785058831,2024-12-14 06:25:01.196425,0,
326,deposit,269.0123040618439,2812.818871713517,2024-12-14 06:55:01.196425,0,
326,phone_change,0.0,2812.818871713517,2024-12-14 07:20:01.196425,0,
327,withdrawal,461.93599148804765,2164.3197339163726,2024-12-14 07:32:01.196425,0,
328,deposit,516.7119899455067,1488.0652687310792,2024-12-14 07:49:01.196425,0,
329,deposit,197.93678322461878,4689.3264017045385,2024-12-14 08:15:01.196425,0,
330,deposit,186.176135552803,3620.104877684314,2024-12-14 08:27:01.196425,0,
331,deposit,965.4018935260202,5302.567052048758,2024-12-14 08:41:01.196425,0,
332,withdrawal,474.40231790138836,2322.374552084238,2024-12-14 09:03:01.196425,0,
332,password_change,0.0,2322.374552084238,2024-12-14 09:05:01.196425,0,
333,deposit,160.01560018794632,3127.289775982409,2024-12-14 09:20:01.196425,0,
334,withdrawal,159.04264972250758,2660.0185076912667,2024-12-14 09:21:01.196425,0,
335,withdrawal,108.74293268322235,6000.855534823846,2024-12-14 09:29:01.196425,0,
336,deposit,559.8076356008324,3780.044287132083,2024-12-14 09:48:01.196425,0,
336,password_change,0.0,3780.044287132083,2024-12-14 09:58:01.196425,0,
337,withdrawal,255.98352227560727,3028.733263133617,2024-12-14 10:20:01.196425,0,
338,deposit,370.64919791842686,5411.7031646464275,2024-12-14 10:41:01.196425,0,
339,deposit,907.5169800675944,5197.066686293905,2024-12-14 10:45:01.196425,0,
339,email_change,0.0,5197.066686293905,2024-12-14 10:52:01.196425,0,
340,deposit,114.78080213723854,1943.8768286614522,2024-12-14 11:03:01.196425,0,
341,deposit,444.6060159708838,4844.045042058769,2024-12-14 11:18:01.196425,0,
342,deposit,576.6387724717063,4755.9822915766845,2024-12-14 11:44:01.196425,0,
342,phone_change,0.0,4755.9822915766845,2024-12-14 12:07:01.196425,0,
343,withdrawal,354.71488469085295,4658.98697709184,2024-12-14 12:26:01.196425,0,
344,deposit,337.78335301500636,3751.7194516568065,2024-12-14 12:46:01.196425,0,
345,deposit,732.1528784336452,4045.5923522541334,2024-12-14 12:50:01.196425,0,
346,deposit,983.3261953516303,6133.633341765185,2024-12-14 12:55:01.196425,0,
347,deposit,879.2645465214197,3918.911782433817,2024-12-14 13:02:01.196425,0,
347,phone_change,0.0,3918.911782433817,2024-12-14 13:32:01.196425,0,
348,withdrawal,81.36691129062386,2088.641242553491,2024-12-14 13:48:01.196425,0,
349,withdrawal,216.55600126019766,2346.212928736818,2024-12-14 14:15:01.196425,0,
350,withdrawal,442.37598632196057,3686.127802291708,2024-12-14 14:29:01.196425,0,
351,withdrawal,499.82539286400123,995.110244241303,2024-12-14 14:31:01.196425,0,
352,deposit,425.8531651987977,2827.3034284496794,2024-12-14 14:34:01.196425,0,
353,withdrawal,388.24051857786935,2559.913617542668,2024-12-14 15:01:01.196425,0,
353,phone_change,0.0,2559.913617542668,2024-12-14 15:30:01.196425,0,
354,deposit,350.62995154373516,3873.1094246327557,2024-12-14 15:31:01.196425,0,
355,withdrawal,260.985122030142,1422.116955362233,2024-12-14 15:59:01.196425,0,
356,withdrawal,192.21765051857895,1292.3469583257288,2024-12-14 16:05:01.196425,0,
357,withdrawal,131.08168703878695,3336.2810633189015,2024-12-14 16:31:01.196425,0,
357,phone_change,0.0,3336.2810633189015,2024-12-14 16:43:01.196425,0,
358,withdrawal,380.67428821554284,4314.459002429321,2024-12-14 17:02:01.196425,0,
359,deposit,217.18432796598847,4589.428681604775,2024-12-14 17:26:01.196425,0,
360,withdrawal,105.52373826558285,3070.880248110707,2024-12-14 17:43:01.196425,0,
361,withdrawal,446.91537054927903,3644.345054962758,2024-12-14 18:04:01.196425,0,
361,phone_change,0.0,3644.345054962758,2024-12-14 18:08:01.196425,0,
362,deposit,605.5395363242029,2784.5810399603306,2024-12-14 18:16:01.196425,0,
362,phone_change,0.0,2784.5810399603306,2024-12-14 18:18:01.196425,0,
363,deposit,762.3102620632363,3664.3519338772007,2024-12-14 18:41:01.196425,0,
363,password_change,0.0,3664.3519338772007,2024-12-14 18:51:01.196425,0,
364,deposit,487.16905875133176,2138.9787185986333,2024-12-14 18:59:01.196425,0,
365,withdrawal,130.2733072033112,3378.880621888728,2024-12-14 19:21:01.196425,0,
366,deposit,969.2098208621161,5673.546679056306,2024-12-14 19:30:01.196425,0,
366,phone_change,0.0,5673.546679056306,2024-12-14 19:43:01.196425,0,
367,withdrawal,129.9592907736312,1925.1868101538082,2024-12-14 19:59:01.196425,0,
367,password_change,0.0,1925.1868101538082,2024-12-14 20:15:01.196425,0,
368,deposit,919.0657967315734,3844.9131394811197,2024-12-14 20:28:01.196425,0,
369,deposit,138.85782046674,1542.2640312853623,2024-12-14 20:37:01.196425,0,
370,withdrawal,465.57380362479677,5333.561266568599,2024-12-14 20:49:01.196425,0,
371,withdrawal,468.28779595462345,1043.1495071337476,2024-12-14 20:50:01.196425,0,
371,phone_change,0.0,1043.1495071337476,2024-12-14 20:53:01.196425,0,
372,deposit,670.33189914014,4456.250008509772,2024-12-14 21:16:01.196425,0,
373,deposit,555.510587995756,2511.385897942718,2024-12-14 21:37:01.196425,0,
374,deposit,204.90566580174243,4424.94753233994,2024-12-14 21:49:01.196425,0,
375,deposit,749.4624736965584,5137.655277453312,2024-12-14 22:17:01.196425,0,
376,withdrawal,311.3496125363071,3125.980542880808,2024-12-14 22:23:01.196425,0,
377,deposit,277.3226987087025,4870.9739777718805,2024-12-14 22:53:01.196425,0,
378,withdrawal,274.02846356596547,3346.358112830337,2024-12-14 23:03:01.196425,0,
379,withdrawal,91.62128014918359,3811.7402520003566,2024-12-14 23:09:01.196425,0,
380,deposit,630.4125918526914,4712.832973535368,2024-12-14 23:22:01.196425,0,
381,withdrawal,276.93417358742954,3214.062880855629,2024-12-14 23:38:01.196425,0,
382,withdrawal,137.86121859416957,4987.0510845466515,2024-12-15 00:00:01.196425,0,
383,withdrawal,383.8825103408002,2386.9330275663247,2024-12-15 00:13:01.196425,0,
384,deposit,548.0696939928771,2074.746332149636,2024-12-15 00:16:01.196425,0,
384,phone_change,0.0,2074.746332149636,2024-12-15 00:21:01.196425,0,
385,deposit,773.0427512412598,3868.438537195268,2024-12-15 00:27:01.196425,0,
385,password_change,0.0,3868.438537195268,2024-12-15 00:41:01.196425,0,
386,withdrawal,177.17907536263903,1772.0686457164168,2024-12-15 00:56:01.196425,0,
387,deposit,293.73411278947805,2835.3092736573394,2024-12-15 00:57:01.196425,0,
387,phone_change,0.0,2835.3092736573394,2024-12-15 01:13:01.196425,0,
388,deposit,392.14847359267014,5353.142541804626,2024-12-15 01:38:01.196425,0,
389,withdrawal,108.58695701118017,5061.061938226789,2024-12-15 02:00:01.196425,0,
390,withdrawal,258.27781869256467,1563.786709233374,2024-12-15 02:13:01.196425,0,
391,deposit,975.93146491258,6381.945327407343,2024-12-15 02:32:01.196425,0,
392,withdrawal,398.76467551963185,1465.2009422347164,2024-12-15 02:51:01.196425,0,
392,phone_change,0.0,1465.2009422347164,2024-12-15 03:11:01.196425,0,
393,withdrawal,102.65390182792166,3542.6970543158604,2024-12-15 03:23:01.196425,0,
394,deposit,348.4486189203759,2794.8047547640303,2024-12-15 03:46:01.196425,0,
395,withdrawal,483.6569067610714,3361.817127343502,2024-12-15 03:52:01.196425,0,
396,withdrawal,359.62905000271167,2478.808898473019,2024-12-15 04:08:01.196425,0,
397,deposit,626.5355029497479,2746.753528923164,2024-12-15 04:14:01.196425,0,
398,deposit,575.0775237283169,3225.9868535239157,2024-12-15 04:19:01.196425,0,
399,withdrawal,177.3180912214651,1994.2929979913927,2024-12-15 04:44:01.196425,0,
400,withdrawal,475.8282987567914,1363.1933637526527,2024-12-15 04:53:01.196425,0,
401,withdrawal,200.06306824238433,3824.8683663200422,2024-12-15 05:18:01.196425,0,
402,withdrawal,99.98908496771146,4551.648926389361,2024-12-15 05:33:01.196425,0,
403,deposit,656.5879589075187,2984.6271155714057,2024-12-15 05:43:01.196425,0,
404,deposit,975.0142906703644,4339.31976559037,2024-12-15 06:11:01.196425,0,
405,deposit,954.639771487403,2008.315671251823,2024-12-15 06:35:01.196425,0,
406,withdrawal,217.8471627558699,4571.186536702314,2024-12-15 06:50:01.196425,0,
407,deposit,943.4912486434603,5385.519438337001,2024-12-15 07:16:01.196425,0,
408,deposit,461.75106358377553,3638.6324658636063,2024-12-15 07:30:01.196425,0,
409,withdrawal,273.52738575300833,1384.502160938411,2024-12-15 07:32:01.196425,0,
410,deposit,708.029411181512,5702.664127064744,2024-12-15 08:02:01.196425,0,
410,email_change,0.0,5702.664127064744,2024-12-15 08:32:01.196425,0,
411,deposit,758.4381952432585,4680.175678633222,2024-12-15 08:33:01.196425,0,
412,deposit,114.2220636670254,4079.672778883716,2024-12-15 08:48:01.196425,0,
413,deposit,436.63632021203534,2763.6984302372593,2024-12-15 08:56:01.196425,0,
414,deposit,247.809476841972,2356.1454997558453,2024-12-15 09:15:01.196425,0,
415,deposit,285.4212688641822,2377.470031862054,2024-12-15 09:21:01.196425,0,
416,deposit,805.5874350523343,2472.9865693411502,2024-12-15 09:47:01.196425,0,
417,withdrawal,181.11801873878943,3132.1715582150873,2024-12-15 10:06:01.196425,0,
418,deposit,425.37921701620166,3129.474792721204,2024-12-15 10:17:01.196425,0,
419,withdrawal,499.1752443724309,3958.758535971381,2024-12-15 10:47:01.196425,0,
420,deposit,796.0986343366228,6069.596584846646,2024-12-15 10:56:01.196425,0,
421,deposit,271.8293863264838,4910.094088258541,2024-12-15 11:14:01.196425,0,
421,phone_change,0.0,4910.094088258541,2024-12-15 11:17:01.196425,0,
422,deposit,585.6167304816045,3637.7234227612425,2024-12-15 11:31:01.196425,0,
423,withdrawal,115.02626006430728,4903.037610865154,2024-12-15 11:54:01.196425,0,
423,password_change,0.0,4903.037610865154,2024-12-15 12:03:01.196425,0,
424,deposit,250.72726879093364,2022.8428264965614,2024-12-15 12:11:01.196425,0,
425,withdrawal,492.41649532404136,1386.2595046896288,2024-12-15 12:34:01.196425,0,
426,deposit,733.4674506010529,4161.600258028338,2024-12-15 13:03:01.196425,0,
426,password_change,0.0,4161.600258028338,2024-12-15 13:21:01.196425,0,
427,withdrawal,114.67928188180477,4620.058624743598,2024-12-15 13:33:01.196425,0,
428,deposit,598.3675557527605,6966.41952363655,2024-12-15 13:56:01.196425,0,
429,deposit,454.29310207050725,3943.249516009585,2024-12-15 14:03:01.196425,0,
430,deposit,173.16623759332631,1780.7602485180653,2024-12-15 14:04:01.196425,0,
431,deposit,433.40029460546174,2280.1179185069477,2024-12-15 14:28:01.196425,0,
432,deposit,113.77250891738373,4729.497164459193,2024-12-15 14:51:01.196425,0,
433,deposit,211.2287027061997,2880.5021776633425,2024-12-15 14:55:01.196425,0,
434,withdrawal,451.7172593790344,2386.67564434591,2024-12-15 15:08:01.196425,0,
435,deposit,771.3105495106156,6358.871880796693,2024-12-15 15:18:01.196425,0,
436,withdrawal,62.796986453583166,4256.55631782348,2024-12-15 15:30:01.196425,0,
436,email_change,0.0,4256.55631782348,2024-12-15 15:33:01.196425,0,
437,withdrawal,189.25829475909072,2874.6111209955134,2024-12-15 15:34:01.196425,0,
438,deposit,284.1387020727826,4850.741489250931,2024-12-15 15:54:01.196425,0,
439,deposit,805.005958419215,4847.218493359243,2024-12-15 16:08:01.196425,0,
440,deposit,927.0631677297503,6486.419459482185,2024-12-15 16:12:01.196425,0,
441,deposit,701.4318923843191,3334.71366363563,2024-12-15 16:23:01.196425,0,
441,email_change,0.0,3334.71366363563,2024-12-15 16:37:01.196425,0,
442,deposit,372.9550865947528,4584.115809955597,2024-12-15 16:49:01.196425,0,
443,deposit,796.3328289916408,1719.0404923637595,2024-12-15 17:04:01.196425,0,
444,withdrawal,196.18633483289648,3795.5248473243746,2024-12-15 17:20:01.196425,0,
445,deposit,789.0036917868658,4599.3009509024305,2024-12-15 17:38:01.196425,0,
445,email_change,0.0,4599.3009509024305,2024-12-15 17:54:01.196425,0,
446,withdrawal,171.02410756107528,1522.890925778323,2024-12-15 18:15:01.196425,0,
446,password_change,0.0,1522.890925778323,2024-12-15 18:24:01.196425,0,
447,deposit,533.0322956984809,2802.9667096660523,2024-12-15 18:32:01.196425,0,
448,deposit,311.38611669928036,2017.6222676997236,2024-12-15 18:50:01.196425,0,
449,withdrawal,126.1558340867158,1083.5088331606435,2024-12-15 18:54:01.196425,0,
450,withdrawal,242.57866124456177,5374.750189470517,2024-12-15 19:03:01.196425,0,
450,email_change,0.0,5374.750189470517,2024-12-15 19:04:01.196425,0,
451,deposit,426.91848118865965,1804.1642878092991,2024-12-15 19:17:01.196425,0,
452,withdrawal,359.5710919055243,1435.675381152031,2024-12-15 19:29:01.196425,0,
453,withdrawal,85.72232909550276,4029.368291773424,2024-12-15 19:35:01.196425,0,
454,withdrawal,485.0996854517563,2118.862499597457,2024-12-15 19:41:01.196425,0,
455,deposit,851.9257557797431,5095.115512639791,2024-12-15 20:06:01.196425,0,
456,withdrawal,257.40016844511797,1763.996692530502,2024-12-15 20:29:01.196425,0,
457,withdrawal,242.9090988867226,4492.151319450384,2024-12-15 20:44:01.196425,0,
458,withdrawal,216.86889210861054,3703.6140537995457,2024-12-15 21:01:01.196425,0,
459,withdrawal,107.04320294510197,2211.6391760456795,2024-12-15 21:14:01.196425,0,
460,deposit,138.623123519347,2439.2801571042405,2024-12-15 21:43:01.196425,0,
460,email_change,0.0,2439.2801571042405,2024-12-15 21:56:01.196425,0,
461,deposit,828.392657339895,6722.984828071998,2024-12-15 22:18:01.196425,0,
462,deposit,913.209139549625,2520.6879819971,2024-12-15 22:26:01.196425,0,
463,deposit,308.38042244454306,2329.0091461340094,2024-12-15 22:48:01.196425,0,
464,deposit,692.0428153605924,2976.716151696003,2024-12-15 22:50:01.196425,0,
465,deposit,189.58564930208985,5188.014264202689,2024-12-15 23:11:01.196425,0,
466,deposit,470.0192410039123,2499.442488048483,2024-12-15 23:36:01.196425,0,
467,withdrawal,171.11968172953553,4780.31524528212,2024-12-15 23:51:01.196425,0,
468,withdrawal,216.53763518813233,4454.973169255887,2024-12-16 00:07:01.196425,0,
469,deposit,555.223453350664,4221.821571753182,2024-12-16 00:24:01.196425,0,
470,deposit,366.81196232649023,2715.761491361123,2024-12-16 00:44:01.196425,0,
471,withdrawal,232.5067150834836,1593.4095245823846,2024-12-16 00:49:01.196425,0,
472,deposit,740.1772245119073,3025.940001204572,2024-12-16 01:09:01.196425,0,
473,deposit,638.2492989146607,6038.1882558803945,2024-12-16 01:17:01.196425,0,
474,withdrawal,133.94994711112508,1004.3488936268204,2024-12-16 01:27:01.196425,0,
475,withdrawal,182.9196583504161,5234.999714428106,2024-12-16 01:30:01.196425,0,
475,phone_change,0.0,5234.999714428106,2024-12-16 01:36:01.196425,0,
476,withdrawal,98.01008603178887,1484.9346606452452,2024-12-16 01:57:01.196425,0,
476,password_change,0.0,1484.9346606452452,2024-12-16 02:12:01.196425,0,
477,deposit,746.1178525430582,1527.9013867521787,2024-12-16 02:30:01.196425,0,
478,withdrawal,401.1617920843123,4968.075700006299,2024-12-16 02:47:01.196425,0,
479,withdrawal,52.01431023912045,3809.982669707812,2024-12-16 02:52:01.196425,0,
479,email_change,0.0,3809.982669707812,2024-12-16 03:01:01.196425,0,
480,withdrawal,391.1452927946773,3332.545315367559,2024-12-16 03:17:01.196425,0,
481,deposit,680.6487893846162,2328.610388541938,2024-12-16 03:35:01.196425,0,
481,phone_change,0.0,2328.610388541938,2024-12-16 03:53:01.196425,0,
482,deposit,711.5699765965137,1360.0019679636137,2024-12-16 04:00:01.196425,0,
482,email_change,0.0,1360.0019679636137,2024-12-16 04:09:01.196425,0,
483,deposit,475.2751356799888,1156.2259816509631,2024-12-16 04:14:01.196425,0,
484,deposit,776.233274429914,2270.5710716456324,2024-12-16 04:21:01.196425,0,
485,withdrawal,499.0531175054408,3503.4043520936852,2024-12-16 04:34:01.196425,0,
486,withdrawal,399.4719982048922,2315.6397374462244,2024-12-16 05:01:01.196425,0,
486,phone_change,0.0,2315.6397374462244,2024-12-16 05:24:01.196425,0,
487,deposit,288.412626977538,2479.9897487021585,2024-12-16 05:42:01.196425,0,
487,email_change,0.0,2479.9897487021585,2024-12-16 05:56:01.196425,0,
488,withdrawal,352.0139458367995,961.5762776818248,2024-12-16 05:59:01.196425,0,
489,withdrawal,233.99505338638878,2524.8561718549304,2024-12-16 06:17:01.196425,0,
490,withdrawal,368.9133521016045,3340.6241764303813,2024-12-16 06:39:01.196425,0,
490,password_change,0.0,3340.6241764303813,2024-12-16 06:49:01.196425,0,
491,deposit,201.59752886598963,4928.869179596755,2024-12-16 07:07:01.196425,0,
492,deposit,524.2469909914108,1852.9493028289012,2024-12-16 07:34:01.196425,0,
492,password_change,0.0,1852.9493028289012,2024-12-16 07:52:01.196425,0,
493,deposit,868.8936863104867,4037.4093050521556,2024-12-16 08:16:01.196425,0,
494,withdrawal,378.73091258318794,2993.3513382602823,2024-12-16 08:24:01.196425,0,
495,deposit,829.1251740438662,3502.2611733586705,2024-12-16 08:48:01.196425,0,
496,deposit,696.6294790352317,5951.480245450852,2024-12-16 08:59:01.196425,0,
497,withdrawal,72.5852921185736,1161.8806101169896,2024-12-16 09:19:01.196425,0,
498,deposit,225.25301462958257,1549.8954643078002,2024-12-16 09:46:01.196425,0,
499,deposit,863.1496647686047,2666.4801138246985,2024-12-16 09:58:01.196425,0,
500,deposit,882.3129621788308,6887.243194994437,2024-12-16 10:06:01.196425,0,
501,withdrawal,266.498555141257,2978.673586092859,2024-12-16 10:25:01.196425,0,
502,withdrawal,182.4425208243994,1943.9660884693865,2024-12-16 10:35:01.196425,0,
503,deposit,525.3271931701825,3289.484544043759,2024-12-16 10:48:01.196425,0,
504,deposit,131.2113998914484,3305.350547203773,2024-12-16 11:03:01.196425,0,
505,deposit,547.0653851673193,3147.5201260062886,2024-12-16 11:25:01.196425,0,
506,deposit,438.88097857305064,1687.6370275904758,2024-12-16 11:41:01.196425,0,
507,deposit,707.5518163914793,3407.4473916916304,2024-12-16 11:48:01.196425,0,
508,deposit,649.3538665808421,2548.7713776046367,2024-12-16 12:06:01.196425,0,
509,deposit,205.87507289634001,4518.861414249903,2024-12-16 12:21:01.196425,0,
510,withdrawal,338.79038499815056,269.15528193435966,2024-12-16 12:41:01.196425,0,
511,deposit,907.2752468736678,6551.649672587162,2024-12-16 13:02:01.196425,0,
511,email_change,0.0,6551.649672587162,2024-12-16 13:22:01.196425,0,
512,withdrawal,437.7575897568718,3392.5210835776556,2024-12-16 13:28:01.196425,0,
513,deposit,829.1813998296707,4856.200280823787,2024-12-16 13:45:01.196425,0,
514,withdrawal,250.4537751874163,4648.95863713789,2024-12-16 13:46:01.196425,0,
515,deposit,255.9134585096288,2034.6602721923632,2024-12-16 14:16:01.196425,0,
515,phone_change,0.0,2034.6602721923632,2024-12-16 14:31:01.196425,0,
516,withdrawal,260.7356947595769,4495.348906383864,2024-12-16 14:35:01.196425,0,
517,deposit,160.13325493100865,2071.7237214820434,2024-12-16 14:45:01.196425,0,
517,email_change,0.0,2071.7237214820434,2024-12-16 15:14:01.196425,0,
518,deposit,398.3796998655884,3003.1723879036076,2024-12-16 15:22:01.196425,0,
519,withdrawal,397.4078050107486,1107.7216541618068,2024-12-16 15:30:01.196425,0,
520,withdrawal,454.8596782221975,1549.4637575836828,2024-12-16 15:49:01.196425,0,
521,deposit,180.04046626926137,4661.845762246299,2024-12-16 16:16:01.196425,0,
522,deposit,768.1919430178249,4377.487896219886,2024-12-16 16:42:01.196425,0,
522,email_change,0.0,4377.487896219886,2024-12-16 16:45:01.196425,0,
523,withdrawal,483.16803774464876,3976.1097359204946,2024-12-16 16:55:01.196425,0,
524,withdrawal,304.2181714184974,2746.667892922227,2024-12-16 17:22:01.196425,0,
525,deposit,600.0501077550216,2105.622469241937,2024-12-16 17:32:01.196425,0,
526,withdrawal,84.12428434812932,2240.0901616563906,2024-12-16 17:58:01.196425,0,
527,withdrawal,332.3575310182557,3001.0569614300957,2024-12-16 18:27:01.196425,0,
528,withdrawal,281.1391349604917,4919.428674465977,2024-12-16 18:49:01.196425,0,
529,deposit,204.7051664552231,5218.059097064325,2024-12-16 19:15:01.196425,0,
530,deposit,871.201223060713,6889.690474771406,2024-12-16 19:29:01.196425,0,
531,deposit,329.47865886632485,3825.246138238763,2024-12-16 19:34:01.196425,0,
532,withdrawal,268.7086833758531,3189.483670937685,2024-12-16 19:50:01.196425,0,
533,deposit,559.1421639704566,5512.192616024744,2024-12-16 20:02:01.196425,0,
534,deposit,210.8290801188298,1803.3456256123175,2024-12-16 20:30:01.196425,0,
535,deposit,413.5945371922008,3836.6854893156424,2024-12-16 20:57:01.196425,0,
536,deposit,176.0868354573182,3645.795187946436,2024-12-16 21:25:01.196425,0,
536,phone_change,0.0,3645.795187946436,2024-12-16 21:27:01.196425,0,
537,withdrawal,393.28669613414786,5659.278367069361,2024-12-16 21:34:01.196425,0,
538,deposit,795.6370712397552,2898.6870338850035,2024-12-16 21:44:01.196425,0,
538,phone_change,0.0,2898.6870338850035,2024-12-16 21:49:01.196425,0,
539,deposit,418.32000339911383,2350.9228315475616,2024-12-16 22:15:01.196425,0,
540,deposit,134.55130902430017,4911.68719428401,2024-12-16 22:45:01.196425,0,
541,deposit,898.3605953308504,4502.96107176697,2024-12-16 22:56:01.196425,0,
542,deposit,261.6962600541053,4179.00631573202,2024-12-16 23:20:01.196425,0,
542,phone_change,0.0,4179.00631573202,2024-12-16 23:32:01.196425,0,
543,deposit,292.7467085002299,4808.1005300076295,2024-12-16 23:50:01.196425,0,
544,withdrawal,183.7178427948116,3342.2527336593494,2024-12-16 23:56:01.196425,0,
544,phone_change,0.0,3342.2527336593494,2024-12-17 00:07:01.196425,0,
545,deposit,438.4517785829088,3755.9855033302906,2024-12-17 00:09:01.196425,0,
546,withdrawal,464.56427206551024,2290.3211214751163,2024-12-17 00:33:01.196425,0,
546,phone_change,0.0,2290.3211214751163,2024-12-17 00:59:01.196425,0,
547,deposit,956.6598424630278,2612.941805731879,2024-12-17 01:22:01.196425,0,
547,password_change,0.0,2612.941805731879,2024-12-17 01:23:01.196425,0,
548,withdrawal,452.7913619201159,4420.93805664082,2024-12-17 01:37:01.196425,0,
549,deposit,964.7877840836219,1684.9722189272948,2024-12-17 01:54:01.196425,0,
550,deposit,318.56254289348095,3276.655231172025,2024-12-17 02:07:01.196425,0,
550,phone_change,0.0,3276.655231172025,2024-12-17 02:13:01.196425,0,
551,deposit,114.54218166505424,4800.301442982125,2024-12-17 02:18:01.196425,0,
552,deposit,102.67803996832151,4977.746266144021,2024-12-17 02:37:01.196425,0,
553,deposit,363.44215202110234,2205.2550072134713,2024-12-17 02:48:01.196425,0,
554,withdrawal,402.4852107281085,5889.887385236335,2024-12-17 03:10:01.196425,0,
555,withdrawal,434.1163822867298,1796.2290144054123,2024-12-17 03:20:01.196425,0,
555,email_change,0.0,1796.2290144054123,2024-12-17 03:43:01.196425,0,
556,withdrawal,100.23523010752965,2262.8369351958186,2024-12-17 04:10:01.196425,0,
557,withdrawal,194.511102112685,4928.126450918568,2024-12-17 04:18:01.196425,0,
558,withdrawal,211.6796715608702,4874.366591527346,2024-12-17 04:20:01.196425,0,
559,deposit,756.9937037184038,5609.624480146919,2024-12-17 04:47:01.196425,0,
560,withdrawal,97.77209361773947,2430.7603103703436,2024-12-17 05:16:01.196425,0,
561,withdrawal,320.34137001494327,3904.464257691541,2024-12-17 05:39:01.196425,0,
562,deposit,621.6184877219358,3232.0293487815434,2024-12-17 05:47:01.196425,0,
562,email_change,0.0,3232.0293487815434,2024-12-17 05:50:01.196425,0,
563,deposit,309.33150042945874,4062.507806442833,2024-12-17 06:15:01.196425,0,
564,deposit,720.4285930209569,5294.748044641313,2024-12-17 06:16:01.196425,0,
565,deposit,887.0528730699422,6505.624524926418,2024-12-17 06:34:01.196425,0,
566,withdrawal,90.19914263776207,3631.8861353590883,2024-12-17 06:46:01.196425,0,
567,deposit,955.5714128536135,5004.1852435936535,2024-12-17 06:58:01.196425,0,
568,withdrawal,272.7770124168165,5439.0791690089945,2024-12-17 07:16:01.196425,0,
568,password_change,0.0,5439.0791690089945,2024-12-17 07:23:01.196425,0,
569,deposit,853.8666647168537,5292.900244693018,2024-12-17 07:37:01.196425,0,
569,email_change,0.0,5292.900244693018,2024-12-17 07:59:01.196425,0,
570,deposit,883.2156007016331,4321.256256806303,2024-12-17 08:12:01.196425,0,
570,email_change,0.0,4321.256256806303,2024-12-17 08:34:01.196425,0,
571,withdrawal,399.37517864321615,2385.161050283074,2024-12-17 08:47:01.196425,0,
571,phone_change,0.0,2385.161050283074,2024-12-17 09:03:01.196425,0,
572,withdrawal,225.1803603775096,3899.1731212213645,2024-12-17 09:11:01.196425,0,
573,withdrawal,281.1072284674823,2919.151934456409,2024-12-17 09:37:01.196425,0,
573,phone_change,0.0,2919.151934456409,2024-12-17 10:06:01.196425,0,
574,deposit,138.1280797661087,2463.467217362382,2024-12-17 10:28:01.196425,0,
575,deposit,135.79785625032954,6072.289008596308,2024-12-17 10:33:01.196425,0,
575,phone_change,0.0,6072.289008596308,2024-12-17 10:51:01.196425,0,
576,withdrawal,266.4627942102333,3776.721418600037,2024-12-17 11:10:01.196425,0,
577,deposit,999.2419917638938,4575.134081794504,2024-12-17 11:13:01.196425,0,
578,deposit,537.9336823600315,3365.8525318968104,2024-12-17 11:42:01.196425,0,
579,withdrawal,290.28214428383905,3012.8617921664018,2024-12-17 11:47:01.196425,0,
579,phone_change,0.0,3012.8617921664018,2024-12-17 12:14:01.196425,0,
580,withdrawal,403.08537456058195,1611.994284024896,2024-12-17 12:33:01.196425,0,
581,deposit,170.89104299526625,3361.8482943137374,2024-12-17 12:51:01.196425,0,
581,password_change,0.0,3361.8482943137374,2024-12-17 12:58:01.196425,0,
582,deposit,527.1864448300872,5424.340317495053,2024-12-17 13:20:01.196425,0,
582,password_change,0.0,5424.340317495053,2024-12-17 13:49:01.196425,0,
583,withdrawal,417.0339807261559,3187.401310242943,2024-12-17 13:52:01.196425,0,
584,deposit,391.67894277452683,5370.0134631294195,2024-12-17 14:15:01.196425,0,
584,email_change,0.0,5370.0134631294195,2024-12-17 14:17:01.196425,0,
585,deposit,315.5523550145362,5447.241037415303,2024-12-17 14:34:01.196425,0,
586,withdrawal,190.5185461969796,2276.856769675745,2024-12-17 14:54:01.196425,0,
586,phone_change,0.0,2276.856769675745,2024-12-17 15:20:01.196425,0,
587,deposit,464.1706927407076,2687.225331560727,2024-12-17 15:35:01.196425,0,
588,withdrawal,122.74602650024646,5282.037734820548,2024-12-17 15:40:01.196425,0,
589,deposit,531.4223005999955,4764.326040418392,2024-12-17 15:58:01.196425,0,
590,withdrawal,329.3481634853502,1354.9394991089466,2024-12-17 16:08:01.196425,0,
591,deposit,910.7298823970126,4062.689134857993,2024-12-17 16:12:01.196425,0,
592,withdrawal,419.82257999190483,2168.446927478636,2024-12-17 16:24:01.196425,0,
593,deposit,995.3809761726433,1283.0584828231083,2024-12-17 16:48:01.196425,0,
593,phone_change,0.0,1283.0584828231083,2024-12-17 17:10:01.196425,0,
594,withdrawal,435.12609769525824,2918.8378030386357,2024-12-17 17:27:01.196425,0,
595,deposit,206.8726822578456,4860.873017842494,2024-12-17 17:31:01.196425,0,
596,deposit,734.4669166818045,4513.305474211033,2024-12-17 17:38:01.196425,0,
597,deposit,427.05552356782124,6088.024143683004,2024-12-17 17:43:01.196425,0,
597,password_change,0.0,6088.024143683004,2024-12-17 17:56:01.196425,0,
598,withdrawal,449.53583691160117,2822.912622314099,2024-12-17 18:02:01.196425,0,
599,withdrawal,475.1335864296128,1719.1666369025884,2024-12-17 18:05:01.196425,0,
600,deposit,484.3085583104157,4995.073059134081,2024-12-17 18:15:01.196425,0,
601,withdrawal,80.08164350461082,4956.296146065875,2024-12-17 18:44:01.196425,0,
602,deposit,193.9903178365823,3238.7158852101406,2024-12-17 19:09:01.196425,0,
603,deposit,461.3392255539523,3097.1944187653653,2024-12-17 19:37:01.196425,0,
604,deposit,291.0874350279186,4749.3569140761265,2024-12-17 20:07:01.196425,0,
604,phone_change,0.0,4749.3569140761265,2024-12-17 20:08:01.196425,0,
605,withdrawal,326.117062813255,2203.23707608772,2024-12-17 20:12:01.196425,0,
606,deposit,216.27182153914595,4137.824222740514,2024-12-17 20:36:01.196425,0,
607,deposit,789.5441003176765,3316.020081264079,2024-12-17 20:41:01.196425,0,
608,deposit,186.53003900563004,5016.912268211728,2024-12-17 21:11:01.196425,0,
609,withdrawal,474.36467440277283,2684.318386104895,2024-12-17 21:27:01.196425,0,
610,deposit,207.51012121262593,1832.5027971837537,2024-12-17 21:50:01.196425,0,
611,deposit,499.9874551341393,4946.982735785604,2024-12-17 21:53:01.196425,0,
612,deposit,643.6661527985968,6067.670919105643,2024-12-17 22:15:01.196425,0,
613,deposit,152.61989097599786,2341.73552309427,2024-12-17 22:25:01.196425,0,
614,withdrawal,176.33604255546572,3278.994404624909,2024-12-17 22:51:01.196425,0,
615,deposit,792.1580013026851,6265.326881066379,2024-12-17 23:13:01.196425,0,
616,withdrawal,362.6605820543174,4452.0499507958875,2024-12-17 23:25:01.196425,0,
616,email_change,0.0,4452.0499507958875,2024-12-17 23:29:01.196425,0,
617,withdrawal,54.111329432314584,4812.135654210801,2024-12-17 23:49:01.196425,0,
617,phone_change,0.0,4812.135654210801,2024-12-18 00:04:01.196425,0,
618,deposit,798.5428771556518,3791.5499104932555,2024-12-18 00:12:01.196425,0,
619,deposit,604.9235057167917,6667.3343508734615,2024-12-18 00:16:01.196425,0,
620,withdrawal,167.5680990416017,1453.683143735446,2024-12-18 00:17:01.196425,0,
620,phone_change,0.0,1453.683143735446,2024-12-18 00:18:01.196425,0,
621,withdrawal,165.94881962520003,4812.554975458521,2024-12-18 00:34:01.196425,0,
622,withdrawal,430.68649774396437,1908.8784447129076,2024-12-18 00:58:01.196425,0,
623,deposit,557.7350634463108,4462.859530531873,2024-12-18 01:15:01.196425,0,
624,withdrawal,158.4516229027581,4611.0916124918385,2024-12-18 01:34:01.196425,0,
625,deposit,356.84153769280334,1294.2497455998077,2024-12-18 01:44:01.196425,0,
626,deposit,982.328830802647,4261.0191318495445,2024-12-18 02:13:01.196425,0,
627,deposit,208.5957262159364,1022.2919159034061,2024-12-18 02:16:01.196425,0,
628,withdrawal,186.93291520913345,3794.313188474631,2024-12-18 02:32:01.196425,0,
629,deposit,486.73440804030827,2541.4887492579396,2024-12-18 02:33:01.196425,0,
630,deposit,602.9613374602427,4865.046111174655,2024-12-18 02:37:01.196425,0,
631,withdrawal,398.76483841825967,2940.730492670837,2024-12-18 02:41:01.196425,0,
632,withdrawal,207.90314451339884,811.6590401183203,2024-12-18 03:11:01.196425,0,
633,withdrawal,265.8032202507742,3017.056266430934,2024-12-18 03:34:01.196425,0,
634,deposit,873.0180098188332,7076.919385543382,2024-12-18 03:54:01.196425,0,
635,deposit,859.3219783213796,5174.350153722795,2024-12-18 04:21:01.196425,0,
636,deposit,473.6951627464412,2599.170942090723,2024-12-18 04:38:01.196425,0,
637,withdrawal,283.0275857309717,5096.769792196094,2024-12-18 04:55:01.196425,0,
638,deposit,440.55553090043855,4895.791071815173,2024-12-18 05:11:01.196425,0,
638,password_change,0.0,4895.791071815173,2024-12-18 05:12:01.196425,0,
639,deposit,822.2695966361897,5007.456151790604,2024-12-18 05:17:01.196425,0,
640,withdrawal,255.32865182544654,2296.576431011458,2024-12-18 05:32:01.196425,0,
640,email_change,0.0,2296.576431011458,2024-12-18 05:42:01.196425,0,
641,withdrawal,329.2008988707766,1486.485874445758,2024-12-18 05:46:01.196425,0,
642,deposit,771.8105929983274,5664.743790067213,2024-12-18 06:04:01.196425,0,
643,withdrawal,386.5720013654989,2710.355628552629,2024-12-18 06:21:01.196425,0,
644,deposit,490.72637974467136,3938.025178493233,2024-12-18 06:27:01.196425,0,
645,deposit,533.3713334618766,2314.3121319090988,2024-12-18 06:38:01.196425,0,
646,deposit,190.98679646483282,2097.4755864298145,2024-12-18 06:43:01.196425,0,
647,deposit,427.5179981464788,3870.3473555489113,2024-12-18 06:46:01.196425,0,
648,deposit,634.4223920024725,5786.482583819406,2024-12-18 06:53:01.196425,0,
649,deposit,647.9428548145862,4661.490762110986,2024-12-18 07:08:01.196425,0,
650,withdrawal,293.49607937627775,5789.7999658639355,2024-12-18 07:36:01.196425,0,
651,deposit,111.69681759880994,3664.253821749323,2024-12-18 07:40:01.196425,0,
652,withdrawal,203.81981116931217,4437.60246289389,2024-12-18 07:44:01.196425,0,
652,email_change,0.0,4437.60246289389,2024-12-18 08:02:01.196425,0,
653,deposit,287.78588913011504,2908.7480802647506,2024-12-18 08:29:01.196425,0,
654,deposit,536.0103144171417,1707.744766567326,2024-12-18 08:49:01.196425,0,
655,deposit,170.97654087469297,4697.570477043012,2024-12-18 09:05:01.196425,0,
656,deposit,443.62375282505155,5281.877122901528,2024-12-18 09:08:01.196425,0,
657,deposit,125.20564560768477,4070.5420614799314,2024-12-18 09:14:01.196425,0,
658,deposit,688.770418188168,4017.898808996827,2024-12-18 09:20:01.196425,0,
659,deposit,528.3723715343563,5185.4910439728355,2024-12-18 09:50:01.196425,0,
660,deposit,516.6584723299814,2985.0832528976825,2024-12-18 10:03:01.196425,0,
661,withdrawal,357.20973384465617,6325.388837404613,2024-12-18 10:26:01.196425,0,
662,deposit,744.0425377495427,1909.4636553787768,2024-12-18 10:40:01.196425,0,
663,withdrawal,117.68201142557149,3822.3329217904184,2024-12-18 10:44:01.196425,0,
663,email_change,0.0,3822.3329217904184,2024-12-18 10:47:01.196425,0,
664,withdrawal,248.82182068447193,4064.4801760772575,2024-12-18 10:57:01.196425,0,
664,phone_change,0.0,4064.4801760772575,2024-12-18 11:09:01.196425,0,
665,deposit,620.3700226736079,3751.321295876393,2024-12-18 11:35:01.196425,0,
665,password_change,0.0,3751.321295876393,2024-12-18 11:41:01.196425,0,
666,deposit,194.73993396592655,2609.8770138321734,2024-12-18 11:55:01.196425,0,
667,deposit,445.7580342791045,1020.7848796886597,2024-12-18 12:13:01.196425,0,
668,deposit,117.31506457527105,4832.734508942354,2024-12-18 12:33:01.196425,0,
669,deposit,439.0454281290213,2931.591817063203,2024-12-18 12:34:01.196425,0,
670,deposit,206.24779759153571,4628.903626501077,2024-12-18 12:52:01.196425,0,
671,withdrawal,252.60703824071072,5472.6734691813335,2024-12-18 13:15:01.196425,0,
672,deposit,513.8582523674683,5370.427438096749,2024-12-18 13:17:01.196425,0,
673,deposit,978.7225216355249,3799.900006904375,2024-12-18 13:31:01.196425,0,
674,withdrawal,109.89045261702138,4607.831695479075,2024-12-18 13:47:01.196425,0,
675,deposit,136.3688113889333,3657.936754020461,2024-12-18 14:13:01.196425,0,
676,withdrawal,402.64559052445816,2256.0235095802454,2024-12-18 14:27:01.196425,0,
676,password_change,0.0,2256.0235095802454,2024-12-18 14:56:01.196425,0,
677,deposit,951.0017585563356,3244.350474856105,2024-12-18 15:17:01.196425,0,
678,withdrawal,187.73390245144046,1650.715240593836,2024-12-18 15:28:01.196425,0,
679,deposit,191.43731204064392,3313.429653851714,2024-12-18 15:39:01.196425,0,
680,deposit,170.1976654209531,3619.9041765686634,2024-12-18 15:56:01.196425,0,
681,withdrawal,230.03794019842542,805.997571387819,2024-12-18 16:10:01.196425,0,
682,withdrawal,355.4716035759728,3135.127018196905,2024-12-18 16:26:01.196425,0,
683,deposit,339.6693398571242,1823.7165015842916,2024-12-18 16:27:01.196425,0,
684,deposit,134.524752506218,2161.0193478262504,2024-12-18 16:44:01.196425,0,
685,deposit,903.8928936166948,5472.38963478429,2024-12-18 17:01:01.196425,0,
686,deposit,936.4240054362213,2180.5219639977313,2024-12-18 17:04:01.196425,0,
686,phone_change,0.0,2180.5219639977313,2024-12-18 17:30:01.196425,0,
687,withdrawal,296.64785779822654,4943.225912808773,2024-12-18 17:50:01.196425,0,
688,withdrawal,444.8556010816557,3685.2920596480135,2024-12-18 17:54:01.196425,0,
689,withdrawal,212.50550004429297,1817.6726989002418,2024-12-18 18:23:01.196425,0,
690,deposit,205.7602311868205,2989.662424399196,2024-12-18 18:25:01.196425,0,
691,deposit,857.9830010536965,2890.094968904969,2024-12-18 18:42:01.196425,0,
692,withdrawal,488.8181845613442,4083.818163157882,2024-12-18 19:07:01.196425,0,
693,deposit,436.82864836480417,4426.825978666569,2024-12-18 19:21:01.196425,0,
694,withdrawal,466.4866327499007,2658.113606870845,2024-12-18 19:34:01.196425,0,
695,deposit,738.394781799202,6242.021678231319,2024-12-18 20:04:01.196425,0,
695,password_change,0.0,6242.021678231319,2024-12-18 20:07:01.196425,0,
696,deposit,555.8769239317998,2492.794386552475,2024-12-18 20:11:01.196425,0,
696,password_change,0.0,2492.794386552475,2024-12-18 20:22:01.196425,0,
697,withdrawal,73.48169125171562,3269.4540589837857,2024-12-18 20:29:01.196425,0,
697,phone_change,0.0,3269.4540589837857,2024-12-18 20:42:01.196425,0,
698,withdrawal,393.80264694557405,3988.313803325728,2024-12-18 21:06:01.196425,0,
699,deposit,219.57445990489435,3460.8635335485183,2024-12-18 21:35:01.196425,0,
700,withdrawal,190.35004313055134,2723.4897963933004,2024-12-18 21:43:01.196425,0,
701,deposit,848.5131057802287,2796.1783765632513,2024-12-18 22:07:01.196425,0,
702,deposit,908.8360006794176,6493.02794989856,2024-12-18 22:21:01.196425,0,
702,phone_change,0.0,6493.02794989856,2024-12-18 22:34:01.196425,0,
703,withdrawal,327.85230069950535,3002.5556614825655,2024-12-18 22:55:01.196425,0,
703,email_change,0.0,3002.5556614825655,2024-12-18 23:05:01.196425,0,
704,withdrawal,138.09668754488197,5643.630966034552,2024-12-18 23:20:01.196425,0,
705,withdrawal,181.35120871600702,4704.351026310203,2024-12-18 23:26:01.196425,0,
706,deposit,363.23127308741437,4723.94091900387,2024-12-18 23:41:01.196425,0,
706,email_change,0.0,4723.94091900387,2024-12-18 23:59:01.196425,0,
707,deposit,376.8308979639028,1745.9931844130444,2024-12-19 00:14:01.196425,0,
707,password_change,0.0,1745.9931844130444,2024-12-19 00:42:01.196425,0,
708,withdrawal,498.0813407313471,2895.061570999263,2024-12-19 01:10:01.196425,0,
709,deposit,551.3135928395246,6130.539644625057,2024-12-19 01:37:01.196425,0,
710,deposit,596.3067975827438,2658.7039711903353,2024-12-19 01:58:01.196425,0,
711,withdrawal,59.26011880688149,3125.236615532889,2024-12-19 02:15:01.196425,0,
711,password_change,0.0,3125.236615532889,2024-12-19 02:37:01.196425,0,
712,withdrawal,212.4630647594271,4405.928340861692,2024-12-19 02:48:01.196425,0,
713,deposit,713.5099416336018,2659.0552634755004,2024-12-19 03:03:01.196425,0,
713,email_change,0.0,2659.0552634755004,2024-12-19 03:08:01.196425,0,
714,deposit,515.5626438912059,3491.065400336026,2024-12-19 03:33:01.196425,0,
715,deposit,759.6925855501926,4525.432082352365,2024-12-19 03:37:01.196425,0,
716,deposit,424.9193439457319,3208.51747291709,2024-12-19 03:43:01.196425,0,
717,withdrawal,412.28697039665184,5289.533597233729,2024-12-19 03:45:01.196425,0,
717,phone_change,0.0,5289.533597233729,2024-12-19 03:48:01.196425,0,
718,withdrawal,203.71985560260657,2677.426613591388,2024-12-19 03:49:01.196425,0,
718,phone_change,0.0,2677.426613591388,2024-12-19 03:57:01.196425,0,
719,withdrawal,461.68539280917423,4815.313362224361,2024-12-19 04:23:01.196425,0,
720,withdrawal,328.4907961861791,3949.5803712115076,2024-12-19 04:39:01.196425,0,
721,deposit,328.50924859704276,3187.133829702097,2024-12-19 05:03:01.196425,0,
722,deposit,276.822100323891,5735.629041273842,2024-12-19 05:31:01.196425,0,
723,deposit,305.7366059184861,5325.015655388831,2024-12-19 05:36:01.196425,0,
724,deposit,666.5061169154719,1294.3796972875714,2024-12-19 05:54:01.196425,0,
725,withdrawal,331.94495250426667,2697.7879581144334,2024-12-19 06:23:01.196425,0,
726,withdrawal,348.5721207838681,4604.713416621115,2024-12-19 06:51:01.196425,0,
727,withdrawal,133.69933333730162,4800.705799327295,2024-12-19 07:10:01.196425,0,
728,deposit,247.28620694447673,2650.236747912743,2024-12-19 07:40:01.196425,0,
729,deposit,952.0509123194146,4284.248685653326,2024-12-19 07:57:01.196425,0,
730,withdrawal,147.33848333393533,1356.2121051428182,2024-12-19 08:27:01.196425,0,
731,deposit,771.3643741743697,6388.91684374043,2024-12-19 08:39:01.196425,0,
732,deposit,817.4688710895459,4151.912887448433,2024-12-19 09:09:01.196425,0,
732,phone_change,0.0,4151.912887448433,2024-12-19 09:11:01.196425,0,
733,withdrawal,459.624480753566,1281.6185220366328,2024-12-19 09:23:01.196425,0,
734,deposit,865.4808793604795,6655.9818484447815,2024-12-19 09:46:01.196425,0,
735,deposit,847.9874986546935,5459.478629710706,2024-12-19 10:09:01.196425,0,
736,deposit,328.1583970538379,1222.7370085919665,2024-12-19 10:10:01.196425,0,
736,email_change,0.0,1222.7370085919665,2024-12-19 10:17:01.196425,0,
737,deposit,725.8745350033902,3880.7351424952694,2024-12-19 10:39:01.196425,0,
738,deposit,994.5515969548871,6158.975931812371,2024-12-19 11:08:01.196425,0,
739,deposit,216.36422834648437,3538.397501456897,2024-12-19 11:32:01.196425,0,
739,email_change,0.0,3538.397501456897,2024-12-19 11:54:01.196425,0,
740,deposit,242.2665932533278,2277.08444472664,2024-12-19 12:16:01.196425,0,
741,withdrawal,341.1213973534123,1386.9082237469331,2024-12-19 12:37:01.196425,0,
742,deposit,185.87584127391597,3138.5108016028735,2024-12-19 12:41:01.196425,0,
743,withdrawal,213.9275566276359,3858.0144729789,2024-12-19 12:55:01.196425,0,
743,phone_change,0.0,3858.0144729789,2024-12-19 13:16:01.196425,0,
744,deposit,133.67574774474062,3004.083173873614,2024-12-19 13:20:01.196425,0,
745,withdrawal,261.94395869028455,1873.1479428273174,2024-12-19 13:31:01.196425,0,
746,withdrawal,493.2962177832858,3570.7742530130736,2024-12-19 13:51:01.196425,0,
746,phone_change,0.0,3570.7742530130736,2024-12-19 14:09:01.196425,0,
747,deposit,912.347128045134,4292.603031623492,2024-12-19 14:13:01.196425,0,
748,withdrawal,473.41724554878346,4075.523471294412,2024-12-19 14:27:01.196425,0,
749,deposit,978.5129568244903,5232.421520124687,2024-12-19 14:49:01.196425,0,
750,deposit,939.9653757190324,4067.4305612511325,2024-12-19 15:12:01.196425,0,
750,phone_change,0.0,4067.4305612511325,2024-12-19 15:32:01.196425,0,
751,deposit,809.8504132672402,5943.2235491508,2024-12-19 15:50:01.196425,0,
752,deposit,830.7354991211572,3953.0226999771717,2024-12-19 16:07:01.196425,0,
753,withdrawal,138.03139781541384,4900.6061900902905,2024-12-19 16:31:01.196425,0,
754,deposit,599.3321478766643,5787.124321777155,2024-12-19 16:36:01.196425,0,
755,deposit,548.8877524191577,3486.244872941794,2024-12-19 16:57:01.196425,0,
756,withdrawal,476.8216541889367,2478.0803577760707,2024-12-19 17:09:01.196425,0,
757,deposit,901.9131306603579,4522.797659023544,2024-12-19 17:11:01.196425,0,
758,withdrawal,259.98237856391336,2337.271540139125,2024-12-19 17:18:01.196425,0,
759,withdrawal,419.04813067122666,1735.61500121773,2024-12-19 17:40:01.196425,0,
759,password_change,0.0,1735.61500121773,2024-12-19 18:08:01.196425,0,
760,deposit,396.3742246570986,5358.166377774553,2024-12-19 18:35:01.196425,0,
761,deposit,306.2978051539783,4532.146773560384,2024-12-19 18:46:01.196425,0,
762,withdrawal,229.38583560979194,2843.4727515332193,2024-12-19 18:56:01.196425,0,
762,phone_change,0.0,2843.4727515332193,2024-12-19 19:09:01.196425,0,
763,deposit,791.4575914291343,4109.490064105072,2024-12-19 19:11:01.196425,0,
764,deposit,497.101194803842,4533.31733183667,2024-12-19 19:22:01.196425,0,
765,deposit,217.70324541733746,5210.156876579537,2024-12-19 19:43:01.196425,0,
766,deposit,903.350330981578,3311.8262676429713,2024-12-19 19:58:01.196425,0,
767,deposit,327.54092926573054,2998.8845030967786,2024-12-19 20:11:01.196425,0,
768,deposit,153.79383892059658,1271.804681829858,2024-12-19 20:24:01.196425,0,
769,deposit,735.4245204656959,2568.806296054863,2024-12-19 20:32:01.196425,0,
770,withdrawal,268.4297569421903,2336.6945642139385,2024-12-19 20:37:01.196425,0,
770,email_change,0.0,2336.6945642139385,2024-12-19 20:56:01.196425,0,
771,withdrawal,478.81701545254407,4230.27339554842,2024-12-19 20:57:01.196425,0,
772,withdrawal,477.3824864418234,2516.0299903769696,2024-12-19 21:11:01.196425,0,
772,email_change,0.0,2516.0299903769696,2024-12-19 21:32:01.196425,0,
773,deposit,985.8887444462986,2100.4718847276968,2024-12-19 21:50:01.196425,0,
774,deposit,996.7195770158017,4582.1869855620125,2024-12-19 21:59:01.196425,0,
775,deposit,584.9605674007651,3995.771820507267,2024-12-19 22:15:01.196425,0,
775,password_change,0.0,3995.771820507267,2024-12-19 22:39:01.196425,0,
776,deposit,159.33174737280834,2723.52080055971,2024-12-19 23:08:01.196425,0,
777,deposit,229.25861534098533,1921.3880146222664,2024-12-19 23:10:01.196425,0,
778,withdrawal,76.31812360873285,5234.643615600099,2024-12-19 23:37:01.196425,0,
779,withdrawal,295.7505944840976,4835.545206610124,2024-12-19 23:42:01.196425,0,
780,withdrawal,473.2208729703453,3706.5767452884256,2024-12-20 00:04:01.196425,0,
781,deposit,358.5243169283358,4302.961621698405,2024-12-20 00:25:01.196425,0,
782,deposit,351.27673273110474,3575.2281375960147,2024-12-20 00:52:01.196425,0,
782,phone_change,0.0,3575.2281375960147,2024-12-20 00:53:01.196425,0,
783,deposit,665.2094491620122,6050.610201229385,2024-12-20 01:13:01.196425,0,
784,deposit,737.1319605702656,5249.155151604768,2024-12-20 01:26:01.196425,0,
785,withdrawal,472.355361903941,4770.963518705888,2024-12-20 01:54:01.196425,0,
786,withdrawal,415.99131196145555,5084.522624473182,2024-12-20 02:12:01.196425,0,
786,email_change,0.0,5084.522624473182,2024-12-20 02:23:01.196425,0,
787,withdrawal,196.60890889258616,5484.624414447345,2024-12-20 02:29:01.196425,0,
788,deposit,137.15765095270595,4642.20596364446,2024-12-20 02:30:01.196425,0,
789,withdrawal,320.89573106061874,4193.2616806348215,2024-12-20 02:49:01.196425,0,
790,withdrawal,478.1251600108726,1641.16532177935,2024-12-20 03:07:01.196425,0,
790,password_change,0.0,1641.16532177935,2024-12-20 03:28:01.196425,0,
791,deposit,672.6460632886913,3479.6068176095005,2024-12-20 03:56:01.196425,0,
792,deposit,760.4616730093944,1427.1818401078226,2024-12-20 04:10:01.196425,0,
793,deposit,378.2341008354639,4115.045962728424,2024-12-20 04:35:01.196425,0,
794,deposit,245.22397428961693,3525.4178966463737,2024-12-20 05:03:01.196425,0,
794,password_change,0.0,3525.4178966463737,2024-12-20 05:11:01.196425,0,
795,deposit,215.1424287855338,3827.8078788539538,2024-12-20 05:31:01.196425,0,
796,deposit,726.5451367439173,1279.4431414138062,2024-12-20 06:00:01.196425,0,
797,withdrawal,257.3077652201923,3372.2353760702863,2024-12-20 06:11:01.196425,0,
798,withdrawal,473.5327108776154,4045.958685009203,2024-12-20 06:38:01.196425,0,
799,withdrawal,193.17212758768463,4721.295864819671,2024-12-20 06:51:01.196425,0,
800,withdrawal,298.24162268052237,5377.013414527454,2024-12-20 06:56:01.196425,0,
801,withdrawal,124.76039186772043,3589.2437124380112,2024-12-20 07:12:01.196425,0,
802,withdrawal,268.7311738591219,2214.948039597596,2024-12-20 07:20:01.196425,0,
802,email_change,0.0,2214.948039597596,2024-12-20 07:24:01.196425,0,
803,deposit,159.10700457109954,4127.655850174268,2024-12-20 07:48:01.196425,0,
803,email_change,0.0,4127.655850174268,2024-12-20 07:53:01.196425,0,
804,deposit,723.3968930486799,5301.503823197606,2024-12-20 08:02:01.196425,0,
805,deposit,118.55307982073377,3325.1894554551727,2024-12-20 08:14:01.196425,0,
806,deposit,437.45864761800635,3126.3406631626212,2024-12-20 08:40:01.196425,0,
807,withdrawal,378.7574726243407,2358.3750621890313,2024-12-20 08:47:01.196425,0,
808,withdrawal,354.58373779700725,1178.4271909448464,2024-12-20 09:07:01.196425,0,
809,deposit,353.70183219220115,3294.0175858144553,2024-12-20 09:30:01.196425,0,
810,deposit,617.6121260275366,4240.597002160827,2024-12-20 09:47:01.196425,0,
811,withdrawal,159.29348869003852,4647.219338822278,2024-12-20 09:49:01.196425,0,
812,deposit,735.7933242788188,5807.798103811381,2024-12-20 09:58:01.196425,0,
813,deposit,876.4108286268844,2351.228920572221,2024-12-20 10:19:01.196425,0,
814,deposit,173.52224754410076,1825.40976791047,2024-12-20 10:41:01.196425,0,
815,withdrawal,140.82611686577332,3929.3398134053855,2024-12-20 10:42:01.196425,0,
816,withdrawal,460.6268352622649,1884.3376977968667,2024-12-20 10:50:01.196425,0,
816,email_change,0.0,1884.3376977968667,2024-12-20 11:04:01.196425,0,
817,deposit,197.12239944504003,3259.168315950889,2024-12-20 11:21:01.196425,0,
818,deposit,412.3562736526232,2529.27312244099,2024-12-20 11:34:01.196425,0,
819,deposit,885.0523473535019,6228.471232855997,2024-12-20 11:49:01.196425,0,
820,deposit,673.999126328722,4600.696141446455,2024-12-20 12:14:01.196425,0,
820,phone_change,0.0,4600.696141446455,2024-12-20 12:15:01.196425,0,
821,withdrawal,245.87850104333762,3167.14077618335,2024-12-20 12:32:01.196425,0,
822,deposit,572.0869703045056,6108.248054458752,2024-12-20 12:49:01.196425,0,
823,deposit,727.1319868541523,2177.8909169725516,2024-12-20 13:04:01.196425,0,
824,deposit,689.9125487976182,5307.191888675939,2024-12-20 13:16:01.196425,0,
825,deposit,268.03328756559483,4499.57838908652,2024-12-20 13:18:01.196425,0,
826,deposit,813.3342572845734,2339.993447971947,2024-12-20 13:21:01.196425,0,
827,withdrawal,439.8079090317455,2428.272865138665,2024-12-20 13:35:01.196425,0,
827,email_change,0.0,2428.272865138665,2024-12-20 13:52:01.196425,0,
828,deposit,705.7864952285721,4650.659654005224,2024-12-20 13:59:01.196425,0,
829,withdrawal,460.962902005372,3234.012022352755,2024-12-20 14:04:01.196425,0,
830,deposit,317.0827042789777,4880.716228413549,2024-12-20 14:30:01.196425,0,
831,deposit,476.50656798064995,4233.171559138509,2024-12-20 14:39:01.196425,0,
832,deposit,123.04348922900039,2099.7685672815687,2024-12-20 15:06:01.196425,0,
833,deposit,864.9685605999885,3856.350433149848,2024-12-20 15:08:01.196425,0,
834,deposit,770.8182309772872,4160.2988989452815,2024-12-20 15:17:01.196425,0,
835,deposit,541.2481298253259,5692.678380980139,2024-12-20 15:40:01.196425,0,
836,withdrawal,346.17188461932426,5134.855608247499,2024-12-20 15:59:01.196425,0,
837,deposit,377.2256866586964,4906.375828932567,2024-12-20 16:12:01.196425,0,
838,deposit,465.9794964181683,4753.009026097549,2024-12-20 16:16:01.196425,0,
839,deposit,328.0443136367723,3842.1240840427304,2024-12-20 16:21:01.196425,0,
840,withdrawal,328.5734094154917,1945.9334894529607,2024-12-20 16:36:01.196425,0,
841,withdrawal,418.83340583228727,3798.8115375126863,2024-12-20 16:49:01.196425,0,
842,withdrawal,113.29736802493208,5716.6294404839955,2024-12-20 17:09:01.196425,0,
843,deposit,220.2938003130703,1722.842792111201,2024-12-20 17:13:01.196425,0,
844,withdrawal,117.79987026350793,2754.2386352004482,2024-12-20 17:16:01.196425,0,
845,deposit,538.6074328509858,5200.048193008199,2024-12-20 17:40:01.196425,0,
846,withdrawal,309.13441425957586,3463.256342829236,2024-12-20 18:00:01.196425,0,
847,withdrawal,211.1252454787447,1380.0050515169553,2024-12-20 18:21:01.196425,0,
848,withdrawal,69.04687099412625,1632.1439353566338,2024-12-20 18:46:01.196425,0,
849,deposit,121.97337108541326,2977.862912813278,2024-12-20 18:50:01.196425,0,
850,withdrawal,290.01156123698206,1363.430096973783,2024-12-20 19:10:01.196425,0,
851,withdrawal,293.9724587766718,1920.269919106186,2024-12-20 19:26:01.196425,0,
852,deposit,485.773076923723,3774.841407610348,2024-12-20 19:51:01.196425,0,
853,withdrawal,153.8469128757382,2636.4239223676423,2024-12-20 20:18:01.196425,0,
854,deposit,566.6928797243066,4143.828561952688,2024-12-20 20:42:01.196425,0,
855,withdrawal,472.17691312733746,2852.2749132987346,2024-12-20 20:55:01.196425,0,
856,withdrawal,323.88740210891945,3797.9953301475507,2024-12-20 21:01:01.196425,0,
857,deposit,813.6294201574506,5096.344193980927,2024-12-20 21:24:01.196425,0,
857,phone_change,0.0,5096.344193980927,2024-12-20 21:30:01.196425,0,
858,withdrawal,378.90063448200243,2860.506845110708,2024-12-20 21:34:01.196425,0,
859,withdrawal,79.02400970126244,3450.720922715481,2024-12-20 21:57:01.196425,0,
860,withdrawal,472.116826570542,3838.2383635948654,2024-12-20 22:18:01.196425,0,
861,withdrawal,97.31147967375011,2518.86864068012,2024-12-20 22:44:01.196425,0,
862,withdrawal,347.2616390108866,576.8583518734117,2024-12-20 22:47:01.196425,0,
863,deposit,674.6002674490923,5952.419061130905,2024-12-20 23:01:01.196425,0,
863,phone_change,0.0,5952.419061130905,2024-12-20 23:31:01.196425,0,
864,withdrawal,323.9127856297299,2208.678463203056,2024-12-20 23:53:01.196425,0,
865,withdrawal,455.6422347045115,2366.5506350815836,2024-12-21 00:16:01.196425,0,
866,deposit,899.8855896392306,4700.483059974145,2024-12-21 00:30:01.196425,0,
866,email_change,0.0,4700.483059974145,2024-12-21 00:37:01.196425,0,
867,deposit,851.8553488828856,5363.6212973090405,2024-12-21 00:55:01.196425,0,
867,phone_change,0.0,5363.6212973090405,2024-12-21 01:04:01.196425,0,
868,withdrawal,268.188558799776,1432.4872575262832,2024-12-21 01:33:01.196425,0,
869,withdrawal,349.4048515066824,1788.057196531936,2024-12-21 01:48:01.196425,0,
870,deposit,544.7109625820448,6053.3289154517215,2024-12-21 02:06:01.196425,0,
871,withdrawal,367.5167626823187,2851.136760255596,2024-12-21 02:22:01.196425,0,
872,withdrawal,83.13685198895934,2383.5266065959368,2024-12-21 02:25:01.196425,0,
873,withdrawal,75.79245493986843,1112.929079333523,2024-12-21 02:44:01.196425,0,
874,withdrawal,129.15795766050888,4655.360802784067,2024-12-21 02:58:01.196425,0,
875,deposit,125.80119894046227,4869.310465547017,2024-12-21 03:08:01.196425,0,
876,deposit,593.3780088344001,4717.779427426529,2024-12-21 03:38:01.196425,0,
877,deposit,961.8786476224288,6242.242416596437,2024-12-21 03:59:01.196425,0,
878,deposit,961.6693140175244,5166.313043467715,2024-12-21 04:23:01.196425,0,
879,withdrawal,231.4376706208304,3698.220178544271,2024-12-21 04:45:01.196425,0,
879,phone_change,0.0,3698.220178544271,2024-12-21 04:58:01.196425,0,
880,deposit,872.1953058914246,6868.363231202498,2024-12-21 05:15:01.196425,0,
881,deposit,426.9526085614983,3778.065827455435,2024-12-21 05:37:01.196425,0,
882,withdrawal,342.4166279874917,1408.0872012081613,2024-12-21 05:59:01.196425,0,
882,phone_change,0.0,1408.0872012081613,2024-12-21 06:03:01.196425,0,
883,deposit,983.7187938832994,4647.769060301296,2024-12-21 06:13:01.196425,0,
883,password_change,0.0,4647.769060301296,2024-12-21 06:28:01.196425,0,
884,withdrawal,309.37764303549204,897.5984569921872,2024-12-21 06:43:01.196425,0,
885,withdrawal,177.83969306899363,3124.997541112441,2024-12-21 07:11:01.196425,0,
886,deposit,968.2969245750339,3854.4698388013776,2024-12-21 07:23:01.196425,0,
887,deposit,989.4760387493159,5173.77252447677,2024-12-21 07:35:01.196425,0,
887,phone_change,0.0,5173.77252447677,2024-12-21 07:54:01.196425,0,
888,withdrawal,381.04057545695133,1992.4416626860636,2024-12-21 08:00:01.196425,0,
888,phone_change,0.0,1992.4416626860636,2024-12-21 08:12:01.196425,0,
889,withdrawal,439.2360241625561,2890.154475112229,2024-12-21 08:37:01.196425,0,
890,deposit,755.5882855353019,5667.467430987531,2024-12-21 08:39:01.196425,0,
891,deposit,382.04699942111216,2245.852269488269,2024-12-21 08:56:01.196425,0,
891,email_change,0.0,2245.852269488269,2024-12-21 09:17:01.196425,0,
892,deposit,132.9498803754284,2793.667121628503,2024-12-21 09:42:01.196425,0,
893,deposit,877.2922271790931,2757.0335623232363,2024-12-21 10:02:01.196425,0,
894,deposit,818.0597056377596,2179.16019709855,2024-12-21 10:18:01.196425,0,
894,email_change,0.0,2179.16019709855,2024-12-21 10:43:01.196425,0,
895,deposit,874.8850653869454,3412.8643761032436,2024-12-21 10:53:01.196425,0,
896,deposit,328.89053377031803,1927.726790952739,2024-12-21 11:17:01.196425,0,
896,phone_change,0.0,1927.726790952739,2024-12-21 11:38:01.196425,0,
897,withdrawal,272.5638978476287,797.7045465557811,2024-12-21 11:43:01.196425,0,
898,deposit,566.7775777072563,4020.8368397079494,2024-12-21 11:56:01.196425,0,
898,phone_change,0.0,4020.8368397079494,2024-12-21 12:07:01.196425,0,
899,deposit,407.38301193320444,2952.893447661082,2024-12-21 12:23:01.196425,0,
900,deposit,126.86867849983167,2334.111340136309,2024-12-21 12:39:01.196425,0,
901,withdrawal,203.2607053860716,2453.259692269249,2024-12-21 13:07:01.196425,0,
902,deposit,557.4409325234021,3549.470387606375,2024-12-21 13:37:01.196425,0,
903,withdrawal,62.22529512559237,4887.954338472052,2024-12-21 14:01:01.196425,0,
904,deposit,130.50645636519474,2154.4134578729913,2024-12-21 14:31:01.196425,0,
905,deposit,960.2242875104374,6168.282421631935,2024-12-21 14:51:01.196425,0,
906,deposit,522.5195913262737,2037.6043246660868,2024-12-21 15:00:01.196425,0,
907,withdrawal,303.52283303182605,4945.703484761984,2024-12-21 15:29:01.196425,0,
908,withdrawal,375.31703117544095,1482.8461475514787,2024-12-21 15:50:01.196425,0,
909,withdrawal,458.79812147894484,1455.3713650339291,2024-12-21 16:00:01.196425,0,
910,deposit,488.92643374113317,4342.336305017977,2024-12-21 16:20:01.196425,0,
911,withdrawal,476.3691580278705,1472.7397786297552,2024-12-21 16:22:01.196425,0,
912,withdrawal,125.91479000277643,5801.853299212532,2024-12-21 16:31:01.196425,0,
912,email_change,0.0,5801.853299212532,2024-12-21 16:52:01.196425,0,
913,withdrawal,211.54431914818883,4146.843577803394,2024-12-21 17:18:01.196425,0,
913,phone_change,0.0,4146.843577803394,2024-12-21 17:28:01.196425,0,
914,withdrawal,83.82483794960442,1658.8522754745986,2024-12-21 17:45:01.196425,0,
915,withdrawal,87.84709237369334,1169.950782763965,2024-12-21 18:04:01.196425,0,
916,deposit,753.2098455312125,2921.556819822143,2024-12-21 18:18:01.196425,0,
917,withdrawal,360.5497494185868,4066.0027443185377,2024-12-21 18:19:01.196425,0,
918,deposit,110.12080154167569,2711.677722149017,2024-12-21 18:46:01.196425,0,
919,withdrawal,483.4223122743866,1053.0989018713626,2024-12-21 18:50:01.196425,0,
920,deposit,860.0618179895678,5061.453255295559,2024-12-21 19:01:01.196425,0,
920,email_change,0.0,5061.453255295559,2024-12-21 19:12:01.196425,0,
921,withdrawal,212.96512757243093,3526.133790515427,2024-12-21 19:23:01.196425,0,
922,deposit,202.92550521735788,1891.3438341944832,2024-12-21 19:48:01.196425,0,
922,password_change,0.0,1891.3438341944832,2024-12-21 20:04:01.196425,0,
923,withdrawal,173.04348281495453,5369.3198883832965,2024-12-21 20:26:01.196425,0,
924,withdrawal,90.61531868481133,4990.360796784666,2024-12-21 20:53:01.196425,0,
925,withdrawal,147.41870201014856,1386.1425835468722,2024-12-21 20:54:01.196425,0,
926,deposit,632.4994517850948,5040.585232956051,2024-12-21 21:11:01.196425,0,
927,deposit,287.9496358391457,5671.236494832623,2024-12-21 21:39:01.196425,0,
927,phone_change,0.0,5671.236494832623,2024-12-21 22:04:01.196425,0,
928,deposit,207.76413833476408,1707.8173780024904,2024-12-21 22:14:01.196425,0,
928,phone_change,0.0,1707.8173780024904,2024-12-21 22:44:01.196425,0,
929,withdrawal,428.64499662997537,2721.379905613512,2024-12-21 23:05:01.196425,0,
930,deposit,150.8910421944363,1128.2727120794098,2024-12-21 23:14:01.196425,0,
931,withdrawal,235.61625715400027,1686.7069561980154,2024-12-21 23:39:01.196425,0,
931,phone_change,0.0,1686.7069561980154,2024-12-21 23:51:01.196425,0,
932,deposit,606.4485129361308,2443.703385160579,2024-12-22 00:06:01.196425,0,
932,password_change,0.0,2443.703385160579,2024-12-22 00:10:01.196425,0,
933,deposit,647.4748018638231,1455.411735574594,2024-12-22 00:29:01.196425,0,
934,deposit,530.9088070291308,3421.019071409716,2024-12-22 00:33:01.196425,0,
934,phone_change,0.0,3421.019071409716,2024-12-22 00:56:01.196425,0,
935,withdrawal,193.15034357872858,4356.1394246211175,2024-12-22 01:09:01.196425,0,
935,phone_change,0.0,4356.1394246211175,2024-12-22 01:22:01.196425,0,
936,deposit,918.9983684856876,5416.002804759975,2024-12-22 01:32:01.196425,0,
937,deposit,787.5410851151,6138.761805009057,2024-12-22 01:40:01.196425,0,
938,deposit,259.5056303837667,1478.9402955913756,2024-12-22 01:57:01.196425,0,
939,deposit,620.5330672905856,3292.3675518305854,2024-12-22 01:58:01.196425,0,
939,password_change,0.0,3292.3675518305854,2024-12-22 02:26:01.196425,0,
940,deposit,599.2023364439889,4431.609226695446,2024-12-22 02:34:01.196425,0,
941,withdrawal,190.75593045089173,3599.8982557202294,2024-12-22 02:41:01.196425,0,
942,withdrawal,175.05254201144518,1738.0813494686977,2024-12-22 03:08:01.196425,0,
942,phone_change,0.0,1738.0813494686977,2024-12-22 03:29:01.196425,0,
943,withdrawal,351.1248173658429,1473.6077802005548,2024-12-22 03:58:01.196425,0,
943,password_change,0.0,1473.6077802005548,2024-12-22 04:19:01.196425,0,
944,deposit,164.98715619613552,3801.321867683335,2024-12-22 04:30:01.196425,0,
944,phone_change,0.0,3801.321867683335,2024-12-22 04:53:01.196425,0,
945,deposit,804.0472382347457,5565.2490153300005,2024-12-22 05:04:01.196425,0,
946,deposit,269.8962634809351,3230.8346203277815,2024-12-22 05:27:01.196425,0,
947,withdrawal,145.7921865123722,3414.003512514311,2024-12-22 05:44:01.196425,0,
948,withdrawal,341.2711985492133,1519.4264070395961,2024-12-22 06:14:01.196425,0,
949,withdrawal,425.0476132353365,3427.767826990532,2024-12-22 06:44:01.196425,0,
950,deposit,418.9729838514281,3492.2328998133944,2024-12-22 06:50:01.196425,0,
951,deposit,929.5984347615168,1423.524583912765,2024-12-22 07:05:01.196425,0,
952,deposit,843.0173173296387,2551.7814697330987,2024-12-22 07:15:01.196425,0,
953,deposit,751.3536937181227,2981.6572580998727,2024-12-22 07:42:01.196425,0,
954,deposit,851.6993754495162,6068.3529430271465,2024-12-22 08:00:01.196425,0,
955,deposit,517.40111138382,1817.749524691676,2024-12-22 08:06:01.196425,0,
955,phone_change,0.0,1817.749524691676,2024-12-22 08:21:01.196425,0,
956,deposit,163.82929790101824,2146.1463205792443,2024-12-22 08:41:01.196425,0,
957,withdrawal,427.9379375258182,2195.3950495093413,2024-12-22 08:58:01.196425,0,
958,withdrawal,231.6133115182856,3172.499520484193,2024-12-22 09:11:01.196425,0,
959,withdrawal,386.7360848688615,2790.9277694608895,2024-12-22 09:21:01.196425,0,
960,deposit,364.75774908153414,4694.327852474072,2024-12-22 09:33:01.196425,0,
961,deposit,163.4729517972045,6662.426161998348,2024-12-22 09:54:01.196425,0,
962,deposit,892.2638065468099,2964.51093444838,2024-12-22 10:19:01.196425,0,
963,deposit,727.5959827225865,5288.973056365281,2024-12-22 10:35:01.196425,0,
964,withdrawal,406.20898509558737,4855.369038534138,2024-12-22 10:52:01.196425,0,
965,withdrawal,430.5687987433113,4594.417879442613,2024-12-22 11:04:01.196425,0,
965,email_change,0.0,4594.417879442613,2024-12-22 11:28:01.196425,0,
966,deposit,232.56080558475503,2626.944870323553,2024-12-22 11:52:01.196425,0,
967,deposit,753.09449771938,3124.6067316836866,2024-12-22 11:53:01.196425,0,
968,deposit,167.8978040704439,1364.790414791339,2024-12-22 12:11:01.196425,0,
969,deposit,629.7371433055094,4772.127592787117,2024-12-22 12:41:01.196425,0,
970,withdrawal,458.6866536005638,3355.4615615762436,2024-12-22 12:52:01.196425,0,
971,withdrawal,458.53151066901023,1383.7236196703725,2024-12-22 13:16:01.196425,0,
972,deposit,382.37889283338285,3867.556142322879,2024-12-22 13:26:01.196425,0,
973,withdrawal,245.34328941482892,3549.388423308832,2024-12-22 13:36:01.196425,0,
974,withdrawal,392.9007123720555,4700.807701134445,2024-12-22 13:43:01.196425,0,
975,deposit,316.99765429253176,2377.0579902549416,2024-12-22 13:50:01.196425,0,
976,deposit,865.3989120772911,4241.200909027914,2024-12-22 13:54:01.196425,0,
977,deposit,107.23665125456482,1590.098559515841,2024-12-22 14:13:01.196425,0,
978,deposit,885.1021018807069,5667.238006886822,2024-12-22 14:32:01.196425,0,
978,email_change,0.0,5667.238006886822,2024-12-22 14:51:01.196425,0,
979,deposit,262.86506699785167,3793.7555877607383,2024-12-22 15:05:01.196425,0,
979,email_change,0.0,3793.7555877607383,2024-12-22 15:19:01.196425,0,
980,withdrawal,188.45926595401156,2942.0501839916683,2024-12-22 15:46:01.196425,0,
981,deposit,153.64738318524238,2736.24863730106,2024-12-22 16:04:01.196425,0,
982,deposit,950.0450750482016,6265.435990106762,2024-12-22 16:17:01.196425,0,
982,password_change,0.0,6265.435990106762,2024-12-22 16:28:01.196425,0,
983,withdrawal,95.45506772059954,2752.000684437504,2024-12-22 16:38:01.196425,0,
984,deposit,151.3635317027648,2623.535257800738,2024-12-22 16:46:01.196425,0,
984,email_change,0.0,2623.535257800738,2024-12-22 17:12:01.196425,0,
985,deposit,901.1258208250102,2040.7156253617445,2024-12-22 17:21:01.196425,0,
986,deposit,362.53462555291503,2549.9707915711515,2024-12-22 17:50:01.196425,0,
987,withdrawal,102.81096997533945,2958.2068778573166,2024-12-22 18:16:01.196425,0,
988,withdrawal,459.6020685874807,2929.0558663213874,2024-12-22 18:30:01.196425,0,
988,email_change,0.0,2929.0558663213874,2024-12-22 18:51:01.196425,0,
989,deposit,721.9381500082682,3707.988265821221,2024-12-22 19:08:01.196425,0,
989,email_change,0.0,3707.988265821221,2024-12-22 19:16:01.196425,0,
990,deposit,942.9825697049222,4134.65359557012,2024-12-22 19:35:01.196425,0,
991,withdrawal,180.5634202734241,624.4442750630838,2024-12-22 20:03:01.196425,0,
992,withdrawal,491.29660825949423,5641.645398014198,2024-12-22 20:27:01.196425,0,
993,deposit,619.6290744622653,3852.0998564486836,2024-12-22 20:53:01.196425,0,
993,phone_change,0.0,3852.0998564486836,2024-12-22 21:04:01.196425,0,
994,deposit,254.99973356877717,3382.996341456606,2024-12-22 21:22:01.196425,0,
995,withdrawal,339.91653197972227,5056.158208537515,2024-12-22 21:48:01.196425,0,
996,withdrawal,398.5004150501932,2611.7215343872604,2024-12-22 21:55:01.196425,0,
997,deposit,194.68898193362483,4377.54035504882,2024-12-22 21:56:01.196425,0,
997,phone_change,0.0,4377.54035504882,2024-12-22 22:25:01.196425,0,
998,withdrawal,432.5705998732336,1644.8916293059,2024-12-22 22:30:01.196425,0,
999,deposit,319.9320260994535,2091.5472676446684,2024-12-22 22:52:01.196425,0,
100,fraud,85.6010745238031,-287.7761690680645,2024-12-22 23:20:01.196425,1,
100,suspicious_login,0.0,-287.7761690680645,2024-12-22 23:35:01.196425,1,
101,fraud,299.0202652251741,1419.9435097281794,2024-12-23 00:03:01.196425,1,
102,fraud,1309.5248570771134,2075.3842999947874,2024-12-23 00:10:01.196425,1,
103,fraud,848.4080197562704,-5464.790745644882,2024-12-23 00:21:01.196425,1,
104,fraud,4538.57940377726,-1492.627511555973,2024-12-23 00:40:01.196425,1,
104,suspicious_login,0.0,-1492.627511555973,2024-12-23 01:03:01.196425,1,
105,fraud,4211.468754157639,6722.978394039681,2024-12-23 01:33:01.196425,1,
105,email_change,0.0,6722.978394039681,2024-12-23 01:53:01.196425,1,
106,fraud,2739.5921870926113,-961.5893986849612,2024-12-23 02:16:01.196425,1,
106,failed_login,0.0,-961.5893986849612,2024-12-23 02:21:01.196425,1,
107,fraud,933.0302923911703,8084.695317857796,2024-12-23 02:26:01.196425,1,
107,phone_change,0.0,8084.695317857796,2024-12-23 02:49:01.196425,1,
108,fraud,1154.9129163334098,1148.1208601368555,2024-12-23 03:10:01.196425,1,
109,fraud,44.75181869799164,2602.406529330323,2024-12-23 03:17:01.196425,1,
109,withdrawal,0.0,2602.406529330323,2024-12-23 03:27:01.196425,1,
110,fraud,1763.2211334496924,-1430.6392590624337,2024-12-23 03:43:01.196425,1,
111,fraud,204.0871160060694,2899.4508199193365,2024-12-23 03:52:01.196425,1,
112,fraud,2375.7268972091642,1056.7679890169675,2024-12-23 03:55:01.196425,1,
112,deposit,0.0,1056.7679890169675,2024-12-23 04:23:01.196425,1,
113,fraud,1559.6675339436508,3335.770930022184,2024-12-23 04:27:01.196425,1,
113,failed_login,0.0,3335.770930022184,2024-12-23 04:45:01.196425,1,
114,fraud,63.937850897466184,-662.9646292719478,2024-12-23 04:59:01.196425,1,
115,fraud,395.9743640672577,3748.280945663647,2024-12-23 05:04:01.196425,1,
116,fraud,1517.2478791538192,1602.0888906824912,2024-12-23 05:05:01.196425,1,
117,fraud,296.65548605581057,4582.420166941617,2024-12-23 05:28:01.196425,1,
117,email_change,0.0,4582.420166941617,2024-12-23 05:56:01.196425,1,
118,fraud,705.830265159339,2544.303841150293,2024-12-23 06:23:01.196425,1,
119,fraud,24.479176144083276,9076.533781718632,2024-12-23 06:38:01.196425,1,
119,withdrawal,0.0,9076.533781718632,2024-12-23 06:50:01.196425,1,
120,fraud,666.3458918932286,-466.46060747330716,2024-12-23 07:07:01.196425,1,
121,fraud,2187.056003046489,-6409.440074086062,2024-12-23 07:13:01.196425,1,
122,fraud,1261.5355653615468,-3887.8141782067405,2024-12-23 07:40:01.196425,1,
122,withdrawal,0.0,-3887.8141782067405,2024-12-23 07:59:01.196425,1,
123,fraud,85.09706546087305,2198.671111894683,2024-12-23 08:15:01.196425,1,
123,withdrawal,0.0,2198.671111894683,2024-12-23 08:20:01.196425,1,
124,fraud,2327.3358774666785,-3294.2255249935424,2024-12-23 08:34:01.196425,1,
125,fraud,759.9536780118538,3861.907449871352,2024-12-23 08:58:01.196425,1,
126,fraud,802.099733003585,7175.926435233617,2024-12-23 09:05:01.196425,1,
126,email_change,0.0,7175.926435233617,2024-12-23 09:16:01.196425,1,
127,fraud,564.4002888948644,-4718.277785829076,2024-12-23 09:29:01.196425,1,
128,fraud,182.7302669022273,5883.090457396778,2024-12-23 09:36:01.196425,1,
128,phone_change,0.0,5883.090457396778,2024-12-23 09:52:01.196425,1,
129,fraud,4084.0230791695403,-5838.626779800072,2024-12-23 09:58:01.196425,1,
130,fraud,611.9101949602392,5071.755719332292,2024-12-23 10:25:01.196425,1,
130,email_change,0.0,5071.755719332292,2024-12-23 10:40:01.196425,1,
131,fraud,447.4706978070071,3417.8453575114904,2024-12-23 11:09:01.196425,1,
132,fraud,7545.871389874224,-4409.906648820146,2024-12-23 11:24:01.196425,1,
133,fraud,255.99661019641718,2331.458900685707,2024-12-23 11:26:01.196425,1,
134,fraud,223.52831519456714,2014.2118486420939,2024-12-23 11:56:01.196425,1,
134,password_change,0.0,2014.2118486420939,2024-12-23 12:22:01.196425,1,
135,fraud,1182.1536878411457,4939.6893659715315,2024-12-23 12:43:01.196425,1,
135,withdrawal,0.0,4939.6893659715315,2024-12-23 13:11:01.196425,1,
136,fraud,154.46721386429564,3805.591421314911,2024-12-23 13:28:01.196425,1,
137,fraud,269.5920712249398,-661.6176016678049,2024-12-23 13:37:01.196425,1,
137,phone_change,0.0,-661.6176016678049,2024-12-23 13:58:01.196425,1,
138,fraud,492.9568336349116,2303.163301903161,2024-12-23 14:11:01.196425,1,
139,fraud,3396.5027138165055,5665.047635086181,2024-12-23 14:28:01.196425,1,
140,fraud,238.54868585869704,-4724.906444283882,2024-12-23 14:39:01.196425,1,
140,phone_change,0.0,-4724.906444283882,2024-12-23 14:43:01.196425,1,
141,fraud,1514.8385184760098,2290.4132127650746,2024-12-23 14:48:01.196425,1,
142,fraud,2255.315438032203,-7354.952845451696,2024-12-23 15:09:01.196425,1,
143,fraud,5291.342790131509,-1775.7409725481466,2024-12-23 15:31:01.196425,1,
143,phone_change,0.0,-1775.7409725481466,2024-12-23 15:55:01.196425,1,
144,fraud,2135.375563778637,-1777.0891534455266,2024-12-23 16:05:01.196425,1,
144,failed_login,0.0,-1777.0891534455266,2024-12-23 16:34:01.196425,1,
145,fraud,1386.3177285765676,-699.4400560920684,2024-12-23 16:38:01.196425,1,
146,fraud,121.75734038732145,3304.9129985803015,2024-12-23 16:51:01.196425,1,
146,failed_login,0.0,3304.9129985803015,2024-12-23 17:19:01.196425,1,
147,fraud,1676.9655408759334,-6462.280063947253,2024-12-23 17:32:01.196425,1,
148,fraud,1012.4703343355925,-1032.685102326123,2024-12-23 17:37:01.196425,1,
148,withdrawal,0.0,-1032.685102326123,2024-12-23 18:07:01.196425,1,
149,fraud,2818.354290361266,-4851.795527313126,2024-12-23 18:34:01.196425,1,
150,fraud,122.78277484246199,4263.443272082651,2024-12-23 18:40:01.196425,1,
151,fraud,267.35020599355784,3693.8655123808003,2024-12-23 18:48:01.196425,1,
152,fraud,193.10151091724194,-4491.418209057548,2024-12-23 18:49:01.196425,1,
152,phone_change,0.0,-4491.418209057548,2024-12-23 19:03:01.196425,1,
153,fraud,163.36449649920638,140.60167724071795,2024-12-23 19:23:01.196425,1,
154,fraud,74.73534179016221,1306.4080402846107,2024-12-23 19:43:01.196425,1,
154,failed_login,0.0,1306.4080402846107,2024-12-23 19:54:01.196425,1,
155,fraud,196.138245605855,7742.035640259071,2024-12-23 20:07:01.196425,1,
155,password_change,0.0,7742.035640259071,2024-12-23 20:11:01.196425,1,
156,fraud,196.81250222747792,-7503.876673762683,2024-12-23 20:13:01.196425,1,
157,fraud,942.4452899052362,3624.272846330126,2024-12-23 20:14:01.196425,1,
158,fraud,1256.5407555327995,8451.729342613566,2024-12-23 20:16:01.196425,1,
158,phone_change,0.0,8451.729342613566,2024-12-23 20:23:01.196425,1,
159,fraud,4081.2386122046164,-1607.0998244123107,2024-12-23 20:32:01.196425,1,
159,failed_login,0.0,-1607.0998244123107,2024-12-23 20:59:01.196425,1,
160,fraud,66.09001097972703,-3455.6351877068705,2024-12-23 21:13:01.196425,1,
161,fraud,1725.4355430170172,-2516.691399470892,2024-12-23 21:42:01.196425,1,
162,fraud,2222.5689023217296,-4509.405510986278,2024-12-23 22:12:01.196425,1,
162,withdrawal,0.0,-4509.405510986278,2024-12-23 22:19:01.196425,1,
163,fraud,919.7462872676836,3589.7791679019947,2024-12-23 22:27:01.196425,1,
164,fraud,877.1237145727695,979.5772423124732,2024-12-23 22:28:01.196425,1,
164,withdrawal,0.0,979.5772423124732,2024-12-23 22:43:01.196425,1,
165,fraud,1681.3441154197503,-1334.2595998911493,2024-12-23 22:48:01.196425,1,
165,suspicious_login,0.0,-1334.2595998911493,2024-12-23 23:02:01.196425,1,
166,fraud,1245.852700480006,124.17763681858946,2024-12-23 23:26:01.196425,1,
167,fraud,3.817291043470228,2282.439498842638,2024-12-23 23:31:01.196425,1,
168,fraud,3769.1095861463464,-11515.206812679678,2024-12-23 23:54:01.196425,1,
168,withdrawal,0.0,-11515.206812679678,2024-12-24 00:17:01.196425,1,
169,fraud,130.70323750898558,2078.647246597297,2024-12-24 00:25:01.196425,1,
169,phone_change,0.0,2078.647246597297,2024-12-24 00:46:01.196425,1,
170,fraud,3882.532090489923,-8795.653152585608,2024-12-24 00:56:01.196425,1,
171,fraud,1412.1967847262058,7179.908993325793,2024-12-24 01:12:01.196425,1,
171,withdrawal,0.0,7179.908993325793,2024-12-24 01:17:01.196425,1,
172,fraud,4396.943484782056,-2694.694090304122,2024-12-24 01:21:01.196425,1,
173,fraud,2378.5650567863217,2757.354680820254,2024-12-24 01:46:01.196425,1,
173,password_change,0.0,2757.354680820254,2024-12-24 02:05:01.196425,1,
174,fraud,987.9143566227726,617.7619458174863,2024-12-24 02:35:01.196425,1,
174,email_change,0.0,617.7619458174863,2024-12-24 02:54:01.196425,1,
175,fraud,2113.271885452947,277.81582675648633,2024-12-24 03:00:01.196425,1,
176,fraud,755.8235350708921,-5116.218557016088,2024-12-24 03:07:01.196425,1,
177,fraud,12.961327907480563,2974.4405656412014,2024-12-24 03:30:01.196425,1,
178,fraud,2563.9353955942065,-6605.374219217143,2024-12-24 03:54:01.196425,1,
179,fraud,5705.398500434097,2534.90600920648,2024-12-24 04:00:01.196425,1,
180,fraud,1873.36507552448,-2249.0948196995205,2024-12-24 04:27:01.196425,1,
180,withdrawal,0.0,-2249.0948196995205,2024-12-24 04:34:01.196425,1,
181,fraud,836.9802634437012,3584.2051507609785,2024-12-24 04:51:01.196425,1,
181,withdrawal,0.0,3584.2051507609785,2024-12-24 05:11:01.196425,1,
182,fraud,1065.8476899646816,-1412.5989950144512,2024-12-24 05:38:01.196425,1,
182,suspicious_login,0.0,-1412.5989950144512,2024-12-24 05:46:01.196425,1,
183,fraud,2719.2724352546174,800.5895648423893,2024-12-24 05:50:01.196425,1,
184,fraud,1598.1521297356826,2189.5333942546445,2024-12-24 05:54:01.196425,1,
185,fraud,2754.92872119974,-2160.731166697239,2024-12-24 06:05:01.196425,1,
185,password_change,0.0,-2160.731166697239,2024-12-24 06:09:01.196425,1,
186,fraud,43.61575872626957,-792.0148122034794,2024-12-24 06:34:01.196425,1,
187,fraud,2997.7000545235333,2514.6396054338466,2024-12-24 06:39:01.196425,1,
187,deposit,0.0,2514.6396054338466,2024-12-24 07:01:01.196425,1,
188,fraud,1618.5729704449911,3292.18674219888,2024-12-24 07:31:01.196425,1,
189,fraud,516.3639094602382,-2519.049638438876,2024-12-24 07:42:01.196425,1,
189,password_change,0.0,-2519.049638438876,2024-12-24 07:56:01.196425,1,
190,fraud,1577.9523609984608,-3885.378169849473,2024-12-24 08:19:01.196425,1,
190,withdrawal,0.0,-3885.378169849473,2024-12-24 08:46:01.196425,1,
191,fraud,1103.5768090742522,-8660.268758750983,2024-12-24 08:53:01.196425,1,
191,password_change,0.0,-8660.268758750983,2024-12-24 09:16:01.196425,1,
192,fraud,825.8562796947605,3162.770152001762,2024-12-24 09:21:01.196425,1,
192,withdrawal,0.0,3162.770152001762,2024-12-24 09:44:01.196425,1,
193,fraud,1748.9775615362244,141.5026719032105,2024-12-24 10:09:01.196425,1,
193,withdrawal,0.0,141.5026719032105,2024-12-24 10:22:01.196425,1,
194,fraud,1408.9911957690294,164.19822119752598,2024-12-24 10:41:01.196425,1,
195,fraud,1379.4080148001708,1880.4888283795567,2024-12-24 11:05:01.196425,1,
195,withdrawal,0.0,1880.4888283795567,2024-12-24 11:30:01.196425,1,
196,fraud,1395.1431428234218,2985.5125279896974,2024-12-24 11:53:01.196425,1,
197,fraud,1063.479736098754,-384.1960557375594,2024-12-24 12:21:01.196425,1,
197,suspicious_login,0.0,-384.1960557375594,2024-12-24 12:40:01.196425,1,
198,fraud,930.8937760316535,-8692.54400760694,2024-12-24 13:02:01.196425,1,
199,fraud,115.56147500329882,-6087.876693414907,2024-12-24 13:06:01.196425,1,
199,failed_login,0.0,-6087.876693414907,2024-12-24 13:32:01.196425,1,
200,fraud,1614.2151036778864,574.7802829458888,2024-12-24 13:39:01.196425,1,
200,password_change,0.0,574.7802829458888,2024-12-24 13:50:01.196425,1,
201,fraud,3699.975161813435,11521.801505376836,2024-12-24 14:01:01.196425,1,
202,fraud,1029.5446848713823,1102.49723544997,2024-12-24 14:06:01.196425,1,
202,withdrawal,0.0,1102.49723544997,2024-12-24 14:20:01.196425,1,
203,fraud,1276.885575322995,4442.716288987731,2024-12-24 14:35:01.196425,1,
203,phone_change,0.0,4442.716288987731,2024-12-24 14:53:01.196425,1,
204,fraud,380.17737567027046,-208.84739059369264,2024-12-24 15:20:01.196425,1,
204,email_change,0.0,-208.84739059369264,2024-12-24 15:46:01.196425,1,
205,fraud,2360.273450169547,3772.959276340094,2024-12-24 16:08:01.196425,1,
205,deposit,0.0,3772.959276340094,2024-12-24 16:14:01.196425,1,
206,fraud,8659.251050896635,-3375.9489022203616,2024-12-24 16:29:01.196425,1,
206,withdrawal,0.0,-3375.9489022203616,2024-12-24 16:52:01.196425,1,
207,fraud,3122.3268618828974,-5236.450736385046,2024-12-24 17:02:01.196425,1,
207,withdrawal,0.0,-5236.450736385046,2024-12-24 17:08:01.196425,1,
208,fraud,1958.1652031931683,-8523.098778114321,2024-12-24 17:36:01.196425,1,
209,fraud,1650.3764579562517,3418.1877630681633,2024-12-24 17:46:01.196425,1,
210,fraud,2374.7931954999094,-5589.714237084178,2024-12-24 18:06:01.196425,1,
211,fraud,435.2614248278389,315.80890334557336,2024-12-24 18:34:01.196425,1,
211,phone_change,0.0,315.80890334557336,2024-12-24 18:59:01.196425,1,
212,fraud,498.8282638042827,-446.8635165393468,2024-12-24 19:22:01.196425,1,
213,fraud,6486.373942212753,-7541.495015065676,2024-12-24 19:44:01.196425,1,
214,fraud,4168.817100991728,62.6478694291327,2024-12-24 19:50:01.196425,1,
214,suspicious_login,0.0,62.6478694291327,2024-12-24 20:17:01.196425,1,
215,fraud,887.8489563242775,-4588.818317456056,2024-12-24 20:39:01.196425,1,
215,phone_change,0.0,-4588.818317456056,2024-12-24 21:01:01.196425,1,
216,fraud,1872.7112797626169,-3949.037167448694,2024-12-24 21:09:01.196425,1,
217,fraud,4192.2643553075695,-4565.529136224097,2024-12-24 21:11:01.196425,1,
218,fraud,2604.1038891684625,9307.377755430261,2024-12-24 21:29:01.196425,1,
218,phone_change,0.0,9307.377755430261,2024-12-24 21:48:01.196425,1,
219,fraud,8.624050294333136,5165.7243357845555,2024-12-24 22:09:01.196425,1,
219,withdrawal,0.0,5165.7243357845555,2024-12-24 22:23:01.196425,1,
220,fraud,1557.988900101923,1390.3493836076416,2024-12-24 22:28:01.196425,1,
221,fraud,297.15856898257016,5693.268482204041,2024-12-24 22:56:01.196425,1,
222,fraud,1041.800455362098,4109.604850104513,2024-12-24 23:16:01.196425,1,
223,fraud,196.26793880385952,-786.4956403735741,2024-12-24 23:43:01.196425,1,
223,suspicious_login,0.0,-786.4956403735741,2024-12-25 00:09:01.196425,1,
224,fraud,333.031213091437,2386.960232489975,2024-12-25 00:35:01.196425,1,
225,fraud,178.43368948773792,-8277.156831941586,2024-12-25 00:37:01.196425,1,
225,withdrawal,0.0,-8277.156831941586,2024-12-25 00:39:01.196425,1,
226,fraud,2462.908479954336,2933.959099426238,2024-12-25 00:46:01.196425,1,
226,suspicious_login,0.0,2933.959099426238,2024-12-25 01:01:01.196425,1,
227,fraud,355.9786945439937,5726.700910263347,2024-12-25 01:09:01.196425,1,
228,fraud,165.7867543391353,1857.224245466154,2024-12-25 01:34:01.196425,1,
229,fraud,279.00734090489226,3738.1222550617213,2024-12-25 01:52:01.196425,1,
229,email_change,0.0,3738.1222550617213,2024-12-25 02:14:01.196425,1,
230,fraud,88.83099629139848,598.521719967778,2024-12-25 02:31:01.196425,1,
231,fraud,4275.558266751828,5154.283867979416,2024-12-25 02:46:01.196425,1,
232,fraud,1316.5295261699853,133.22286796004664,2024-12-25 03:12:01.196425,1,
233,fraud,3826.7320259273893,7011.679703957813,2024-12-25 03:19:01.196425,1,
233,withdrawal,0.0,7011.679703957813,2024-12-25 03:36:01.196425,1,
234,fraud,1127.659537699366,-1275.0892181049458,2024-12-25 03:50:01.196425,1,
234,withdrawal,0.0,-1275.0892181049458,2024-12-25 04:15:01.196425,1,
235,fraud,17.672945585225452,1415.3780971457236,2024-12-25 04:36:01.196425,1,
235,suspicious_login,0.0,1415.3780971457236,2024-12-25 04:38:01.196425,1,
236,fraud,424.05162698220573,1211.9636296586364,2024-12-25 04:53:01.196425,1,
237,fraud,2769.273609551604,-682.2147369642298,2024-12-25 05:20:01.196425,1,
238,fraud,819.7549899506091,-200.01780246407407,2024-12-25 05:50:01.196425,1,
238,password_change,0.0,-200.01780246407407,2024-12-25 06:02:01.196425,1,
239,fraud,122.02739208574305,743.1750015096627,2024-12-25 06:05:01.196425,1,
240,fraud,28.095406979945484,7977.306192247421,2024-12-25 06:18:01.196425,1,
241,fraud,955.8065992120798,2955.9426033036502,2024-12-25 06:33:01.196425,1,
241,phone_change,0.0,2955.9426033036502,2024-12-25 06:36:01.196425,1,
242,fraud,2065.055012807936,-4906.735222627802,2024-12-25 06:47:01.196425,1,
243,fraud,132.36985717551448,774.9565287474243,2024-12-25 07:04:01.196425,1,
243,password_change,0.0,774.9565287474243,2024-12-25 07:34:01.196425,1,
244,fraud,1276.2727722243344,-655.3320905729233,2024-12-25 07:53:01.196425,1,
245,fraud,4632.714781364847,-4485.220657541662,2024-12-25 08:01:01.196425,1,
245,suspicious_login,0.0,-4485.220657541662,2024-12-25 08:30:01.196425,1,
246,fraud,1156.5633647449176,-6382.794798793733,2024-12-25 08:53:01.196425,1,
246,suspicious_login,0.0,-6382.794798793733,2024-12-25 09:04:01.196425,1,
247,fraud,4441.347084469549,-4589.864464275572,2024-12-25 09:11:01.196425,1,
248,fraud,4218.319111413389,1485.6587067393475,2024-12-25 09:27:01.196425,1,
249,fraud,7799.825214393022,-9229.036203223619,2024-12-25 09:29:01.196425,1,
250,fraud,7.7438983922884175,6185.386695888545,2024-12-25 09:47:01.196425,1,
251,fraud,920.2695761414979,206.46205474364024,2024-12-25 10:14:01.196425,1,
252,fraud,557.7517152943138,3428.144235131686,2024-12-25 10:31:01.196425,1,
253,fraud,784.9174845853456,-4573.407539474239,2024-12-25 10:47:01.196425,1,
253,phone_change,0.0,-4573.407539474239,2024-12-25 11:09:01.196425,1,
254,fraud,1973.0160258688454,-7875.783953090936,2024-12-25 11:33:01.196425,1,
255,fraud,63.728909412144205,3665.7013065278747,2024-12-25 11:56:01.196425,1,
256,fraud,2263.5840076739437,-154.8427922205533,2024-12-25 12:11:01.196425,1,
257,fraud,1175.9812558548695,3452.6276236868653,2024-12-25 12:28:01.196425,1,
257,phone_change,0.0,3452.6276236868653,2024-12-25 12:50:01.196425,1,
258,fraud,4830.640230397552,3251.4937710715285,2024-12-25 13:06:01.196425,1,
258,deposit,0.0,3251.4937710715285,2024-12-25 13:19:01.196425,1,
259,fraud,50.276748022377646,-1045.594465282711,2024-12-25 13:39:01.196425,1,
259,suspicious_login,0.0,-1045.594465282711,2024-12-25 14:00:01.196425,1,
260,fraud,18.390410243726564,-2350.4416746054703,2024-12-25 14:13:01.196425,1,
260,failed_login,0.0,-2350.4416746054703,2024-12-25 14:17:01.196425,1,
261,fraud,4922.597600305337,-10712.250740088748,2024-12-25 14:46:01.196425,1,
262,fraud,1379.6655035197464,1657.0377121880952,2024-12-25 15:01:01.196425,1,
262,withdrawal,0.0,1657.0377121880952,2024-12-25 15:06:01.196425,1,
263,fraud,555.9460367852217,-733.7359998709773,2024-12-25 15:15:01.196425,1,
264,fraud,2850.962426643709,2709.30373038498,2024-12-25 15:17:01.196425,1,
265,fraud,4118.239815516038,-3924.738766670925,2024-12-25 15:18:01.196425,1,
266,fraud,515.6195240153154,-52.30595452745251,2024-12-25 15:21:01.196425,1,
267,fraud,201.3806056006666,2411.4963870829165,2024-12-25 15:46:01.196425,1,
267,email_change,0.0,2411.4963870829165,2024-12-25 15:56:01.196425,1,
268,fraud,95.383107482181,4179.824359887518,2024-12-25 16:06:01.196425,1,
268,failed_login,0.0,4179.824359887518,2024-12-25 16:15:01.196425,1,
269,fraud,5812.4526369932455,-6633.814319640842,2024-12-25 16:42:01.196425,1,
270,fraud,1753.9069912018733,5767.707677455115,2024-12-25 16:44:01.196425,1,
270,suspicious_login,0.0,5767.707677455115,2024-12-25 17:13:01.196425,1,
271,fraud,56.85492510662421,4916.601847187523,2024-12-25 17:40:01.196425,1,
271,suspicious_login,0.0,4916.601847187523,2024-12-25 17:45:01.196425,1,
272,fraud,90.47192330048024,-523.4227628468577,2024-12-25 17:57:01.196425,1,
272,password_change,0.0,-523.4227628468577,2024-12-25 18:01:01.196425,1,
273,fraud,2030.2190468972938,378.6874099708773,2024-12-25 18:08:01.196425,1,
273,password_change,0.0,378.6874099708773,2024-12-25 18:12:01.196425,1,
274,fraud,3312.687203514096,4397.019407642044,2024-12-25 18:36:01.196425,1,
275,fraud,127.26381570154354,2949.631924177641,2024-12-25 18:44:01.196425,1,
275,phone_change,0.0,2949.631924177641,2024-12-25 19:13:01.196425,1,
276,fraud,2897.4700653900322,-4120.041654481654,2024-12-25 19:22:01.196425,1,
277,fraud,1333.5945597391815,-8932.15017880632,2024-12-25 19:29:01.196425,1,
278,fraud,796.9833172626155,5072.593212215658,2024-12-25 19:56:01.196425,1,
279,fraud,3932.0756159747857,-5523.508578296005,2024-12-25 20:15:01.196425,1,
280,fraud,2971.275512223755,4080.14475240075,2024-12-25 20:16:01.196425,1,
280,phone_change,0.0,4080.14475240075,2024-12-25 20:17:01.196425,1,
281,fraud,1848.1427774749934,3126.687111715727,2024-12-25 20:23:01.196425,1,
282,fraud,2656.102081647681,3342.8397396803302,2024-12-25 20:53:01.196425,1,
282,password_change,0.0,3342.8397396803302,2024-12-25 20:59:01.196425,1,
283,fraud,1868.4102532835095,2537.0036659198386,2024-12-25 21:11:01.196425,1,
283,email_change,0.0,2537.0036659198386,2024-12-25 21:22:01.196425,1,
284,fraud,80.36547708345704,1324.8333052894625,2024-12-25 21:38:01.196425,1,
284,suspicious_login,0.0,1324.8333052894625,2024-12-25 21:43:01.196425,1,
285,fraud,253.0426631840658,2233.2626508968415,2024-12-25 22:06:01.196425,1,
285,phone_change,0.0,2233.2626508968415,2024-12-25 22:11:01.196425,1,
286,fraud,9193.77066304671,-12162.934029504228,2024-12-25 22:24:01.196425,1,
287,fraud,3030.5074831623547,7768.234264122009,2024-12-25 22:49:01.196425,1,
287,email_change,0.0,7768.234264122009,2024-12-25 22:52:01.196425,1,
288,fraud,3805.105261630515,-6285.17370977461,2024-12-25 23:03:01.196425,1,
288,withdrawal,0.0,-6285.17370977461,2024-12-25 23:28:01.196425,1,
289,fraud,526.5583334590672,-3194.251802799564,2024-12-25 23:34:01.196425,1,
289,phone_change,0.0,-3194.251802799564,2024-12-26 00:03:01.196425,1,
290,fraud,122.26471345545963,1692.8905535584458,2024-12-26 00:12:01.196425,1,
291,fraud,575.5488874567536,2186.5832583241636,2024-12-26 00:14:01.196425,1,
292,fraud,959.4955315108899,4732.23586945291,2024-12-26 00:30:01.196425,1,
293,fraud,2103.6668933485153,-5881.768367659143,2024-12-26 00:54:01.196425,1,
293,withdrawal,0.0,-5881.768367659143,2024-12-26 01:07:01.196425,1,
294,fraud,2291.4154090052984,-640.2393854423763,2024-12-26 01:09:01.196425,1,
294,failed_login,0.0,-640.2393854423763,2024-12-26 01:37:01.196425,1,
295,fraud,1866.046950600434,-6333.55557329047,2024-12-26 02:03:01.196425,1,
296,fraud,13.44516804156553,2573.515293515961,2024-12-26 02:33:01.196425,1,
297,fraud,706.639338544436,3470.081772532544,2024-12-26 02:41:01.196425,1,
298,fraud,562.6011463339071,4392.245052879407,2024-12-26 02:53:01.196425,1,
298,email_change,0.0,4392.245052879407,2024-12-26 03:20:01.196425,1,
299,fraud,1404.6168885184738,-6770.746988048062,2024-12-26 03:30:01.196425,1,
300,fraud,154.97846231111245,3679.9609980195673,2024-12-26 03:41:01.196425,1,
301,fraud,341.4973893132061,904.4559625747814,2024-12-26 03:51:01.196425,1,
301,phone_change,0.0,904.4559625747814,2024-12-26 03:53:01.196425,1,
302,fraud,198.920017170558,-1066.6672254539822,2024-12-26 04:17:01.196425,1,
302,phone_change,0.0,-1066.6672254539822,2024-12-26 04:30:01.196425,1,
303,fraud,4393.641420814392,-1450.293345750265,2024-12-26 04:50:01.196425,1,
303,withdrawal,0.0,-1450.293345750265,2024-12-26 04:52:01.196425,1,
304,fraud,5622.39678293457,-5648.101031513708,2024-12-26 05:12:01.196425,1,
304,email_change,0.0,-5648.101031513708,2024-12-26 05:18:01.196425,1,
305,fraud,1759.37997792215,4106.0837279595335,2024-12-26 05:22:01.196425,1,
306,fraud,187.3318217782717,1074.3328512320932,2024-12-26 05:52:01.196425,1,
306,withdrawal,0.0,1074.3328512320932,2024-12-26 05:58:01.196425,1,
307,fraud,43.71347611202483,-2971.2734480325503,2024-12-26 06:27:01.196425,1,
308,fraud,4896.451647651328,-2946.3647459322474,2024-12-26 06:36:01.196425,1,
308,suspicious_login,0.0,-2946.3647459322474,2024-12-26 06:50:01.196425,1,
309,fraud,61.08582937887313,-457.11748700684205,2024-12-26 07:15:01.196425,1,
310,fraud,326.5096590692669,8046.677667337815,2024-12-26 07:38:01.196425,1,
311,fraud,190.64298178378664,131.82265795624147,2024-12-26 08:07:01.196425,1,
311,password_change,0.0,131.82265795624147,2024-12-26 08:22:01.196425,1,
312,fraud,176.19402434809186,-6014.871109706124,2024-12-26 08:25:01.196425,1,
312,password_change,0.0,-6014.871109706124,2024-12-26 08:50:01.196425,1,
313,fraud,26.632924686205214,2782.5693030239363,2024-12-26 09:14:01.196425,1,
314,fraud,865.9575006007186,-3007.896473873953,2024-12-26 09:28:01.196425,1,
314,email_change,0.0,-3007.896473873953,2024-12-26 09:53:01.196425,1,
315,fraud,570.773453252824,1142.4718388084043,2024-12-26 10:08:01.196425,1,
315,phone_change,0.0,1142.4718388084043,2024-12-26 10:29:01.196425,1,
316,fraud,1715.5218474057176,-408.5571224411158,2024-12-26 10:52:01.196425,1,
317,fraud,5176.536925987667,-8356.375565784365,2024-12-26 11:19:01.196425,1,
317,deposit,0.0,-8356.375565784365,2024-12-26 11:22:01.196425,1,
318,fraud,3623.3922729892142,2328.0085811472823,2024-12-26 11:23:01.196425,1,
319,fraud,365.83603983538575,-1330.3825749450234,2024-12-26 11:53:01.196425,1,
320,fraud,3959.276390599734,-1627.7049126873694,2024-12-26 12:06:01.196425,1,
321,fraud,647.2005795456841,43.61498595988019,2024-12-26 12:15:01.196425,1,
321,password_change,0.0,43.61498595988019,2024-12-26 12:23:01.196425,1,
322,fraud,4641.888617623441,8196.524522640184,2024-12-26 12:27:01.196425,1,
322,deposit,0.0,8196.524522640184,2024-12-26 12:29:01.196425,1,
323,fraud,287.6466025627979,4339.430135815453,2024-12-26 12:37:01.196425,1,
324,fraud,1729.87968741143,2770.288016375148,2024-12-26 12:44:01.196425,1,
324,withdrawal,0.0,2770.288016375148,2024-12-26 13:10:01.196425,1,
325,fraud,78.09273138709571,2864.585825961288,2024-12-26 13:31:01.196425,1,
326,fraud,9.563988241143129,-5333.732630974439,2024-12-26 13:51:01.196425,1,
326,withdrawal,0.0,-5333.732630974439,2024-12-26 14:15:01.196425,1,
327,fraud,833.5972784592459,1016.7273497287526,2024-12-26 14:34:01.196425,1,
327,email_change,0.0,1016.7273497287526,2024-12-26 15:01:01.196425,1,
328,fraud,9.409608140214647,1633.7824468293313,2024-12-26 15:17:01.196425,1,
329,fraud,6175.784319281263,-3532.28836113145,2024-12-26 15:31:01.196425,1,
329,deposit,0.0,-3532.28836113145,2024-12-26 15:49:01.196425,1,
330,fraud,4413.253207776584,592.139069116542,2024-12-26 16:14:01.196425,1,
331,fraud,1374.817609475962,52.41112007756669,2024-12-26 16:15:01.196425,1,
331,phone_change,0.0,52.41112007756669,2024-12-26 16:22:01.196425,1,
332,fraud,1630.691555112613,3692.0477246566143,2024-12-26 16:28:01.196425,1,
332,withdrawal,0.0,3692.0477246566143,2024-12-26 16:30:01.196425,1,
333,fraud,3315.0150276155055,-1692.5684286117826,2024-12-26 16:54:01.196425,1,
334,fraud,411.4492783985372,2937.576071028482,2024-12-26 17:06:01.196425,1,
334,email_change,0.0,2937.576071028482,2024-12-26 17:23:01.196425,1,
335,fraud,598.437279720028,3259.3421214220693,2024-12-26 17:28:01.196425,1,
336,fraud,2812.687797645744,-1211.6804641485967,2024-12-26 17:57:01.196425,1,
336,failed_login,0.0,-1211.6804641485967,2024-12-26 18:04:01.196425,1,
337,fraud,606.4983011229313,-4782.335348318535,2024-12-26 18:08:01.196425,1,
338,fraud,3396.569508462849,10205.955233073482,2024-12-26 18:15:01.196425,1,
339,fraud,1384.239340254704,3511.6189791317884,2024-12-26 18:40:01.196425,1,
340,fraud,945.1103621059001,3609.6039039117695,2024-12-26 19:01:01.196425,1,
341,fraud,109.32959920868235,-1694.2973119496912,2024-12-26 19:25:01.196425,1,
341,password_change,0.0,-1694.2973119496912,2024-12-26 19:52:01.196425,1,
342,fraud,833.2700124487052,3880.5090550377836,2024-12-26 20:03:01.196425,1,
343,fraud,1318.9676464099819,1884.816642970114,2024-12-26 20:14:01.196425,1,
344,fraud,662.8016910438859,532.6306992458116,2024-12-26 20:26:01.196425,1,
345,fraud,1353.5539989540384,472.5398749462154,2024-12-26 20:53:01.196425,1,
346,fraud,6904.861668106383,-719.0071816155096,2024-12-26 21:22:01.196425,1,
347,fraud,4730.768043490845,6473.054514794355,2024-12-26 21:46:01.196425,1,
348,fraud,538.9645748927038,3012.3849157444088,2024-12-26 21:52:01.196425,1,
348,failed_login,0.0,3012.3849157444088,2024-12-26 21:56:01.196425,1,
349,fraud,63.131607342983095,-2578.2792021152363,2024-12-26 22:14:01.196425,1,
349,password_change,0.0,-2578.2792021152363,2024-12-26 22:16:01.196425,1,
350,fraud,2220.2373704134184,-2144.5573215267223,2024-12-26 22:28:01.196425,1,
350,failed_login,0.0,-2144.5573215267223,2024-12-26 22:51:01.196425,1,
351,fraud,126.22096427107736,5050.884762506735,2024-12-26 23:19:01.196425,1,
352,fraud,235.9086602679275,6017.178286317939,2024-12-26 23:39:01.196425,1,
352,email_change,0.0,6017.178286317939,2024-12-26 23:43:01.196425,1,
353,fraud,1384.4178259543773,-11055.366103754557,2024-12-26 23:56:01.196425,1,
353,withdrawal,0.0,-11055.366103754557,2024-12-27 00:20:01.196425,1,
354,fraud,1435.8356369156859,-4728.427169875888,2024-12-27 00:22:01.196425,1,
355,fraud,3385.2792747631465,6989.006090427554,2024-12-27 00:48:01.196425,1,
355,deposit,0.0,6989.006090427554,2024-12-27 00:56:01.196425,1,
356,fraud,914.8135785780753,10226.243806225873,2024-12-27 01:05:01.196425,1,
356,phone_change,0.0,10226.243806225873,2024-12-27 01:29:01.196425,1,
357,fraud,2933.5667248301547,5108.98010002252,2024-12-27 01:32:01.196425,1,
357,withdrawal,0.0,5108.98010002252,2024-12-27 01:54:01.196425,1,
358,fraud,3627.9479705711838,-5009.87674982912,2024-12-27 02:05:01.196425,1,
358,withdrawal,0.0,-5009.87674982912,2024-12-27 02:33:01.196425,1,
359,fraud,993.8775968705181,5343.406379967504,2024-12-27 03:01:01.196425,1,
360,fraud,1950.1898497062675,870.1309727265111,2024-12-27 03:30:01.196425,1,
361,fraud,3552.6811990017723,4950.400976060839,2024-12-27 03:53:01.196425,1,
361,deposit,0.0,4950.400976060839,2024-12-27 04:10:01.196425,1,
362,fraud,2340.416856329547,-1038.226930006279,2024-12-27 04:20:01.196425,1,
362,withdrawal,0.0,-1038.226930006279,2024-12-27 04:32:01.196425,1,
363,fraud,1368.6329722182222,3366.8865850161087,2024-12-27 05:00:01.196425,1,
363,deposit,0.0,3366.8865850161087,2024-12-27 05:03:01.196425,1,
364,fraud,3944.9480430644,1682.5237547569177,2024-12-27 05:19:01.196425,1,
365,fraud,307.495932044136,2042.2663001923445,2024-12-27 05:26:01.196425,1,
365,email_change,0.0,2042.2663001923445,2024-12-27 05:36:01.196425,1,
366,fraud,682.9906031504715,1217.3475142336297,2024-12-27 05:49:01.196425,1,
366,failed_login,0.0,1217.3475142336297,2024-12-27 06:11:01.196425,1,
367,fraud,1727.3217198827253,891.6568162580463,2024-12-27 06:35:01.196425,1,
368,fraud,15.845731312017053,-2855.949476561021,2024-12-27 07:04:01.196425,1,
368,withdrawal,0.0,-2855.949476561021,2024-12-27 07:15:01.196425,1,
369,fraud,141.4783290732413,4236.669397048141,2024-12-27 07:34:01.196425,1,
369,password_change,0.0,4236.669397048141,2024-12-27 07:49:01.196425,1,
370,fraud,59.28308415975186,2591.3699864857776,2024-12-27 07:51:01.196425,1,
370,withdrawal,0.0,2591.3699864857776,2024-12-27 08:12:01.196425,1,
371,fraud,834.6267731620992,3399.0341483710217,2024-12-27 08:24:01.196425,1,
371,email_change,0.0,3399.0341483710217,2024-12-27 08:53:01.196425,1,
372,fraud,224.01548781180534,2281.47920672349,2024-12-27 09:06:01.196425,1,
373,fraud,382.0787097435309,3609.8194839573866,2024-12-27 09:15:01.196425,1,
373,password_change,0.0,3609.8194839573866,2024-12-27 09:43:01.196425,1,
374,fraud,3295.119272267853,-5565.9857961950975,2024-12-27 09:45:01.196425,1,
375,fraud,1005.7858550847442,-3763.2993504549568,2024-12-27 10:15:01.196425,1,
376,fraud,145.19495564308326,1055.8037523813455,2024-12-27 10:39:01.196425,1,
376,suspicious_login,0.0,1055.8037523813455,2024-12-27 10:55:01.196425,1,
377,fraud,2094.4927114906,80.82729545134998,2024-12-27 11:03:01.196425,1,
377,suspicious_login,0.0,80.82729545134998,2024-12-27 11:21:01.196425,1,
378,fraud,3282.6200546896334,2548.6557863268054,2024-12-27 11:38:01.196425,1,
378,suspicious_login,0.0,2548.6557863268054,2024-12-27 11:59:01.196425,1,
379,fraud,843.0663856815231,108.31996856595242,2024-12-27 12:12:01.196425,1,
379,phone_change,0.0,108.31996856595242,2024-12-27 12:27:01.196425,1,
380,fraud,3986.0607841607675,-1324.7268656864085,2024-12-27 12:55:01.196425,1,
380,deposit,0.0,-1324.7268656864085,2024-12-27 13:12:01.196425,1,
381,fraud,81.0638800394355,-278.34830535618164,2024-12-27 13:17:01.196425,1,
382,fraud,2245.4020025844356,234.65342306494586,2024-12-27 13:40:01.196425,1,
383,fraud,2726.891949725064,-856.3985456196294,2024-12-27 13:51:01.196425,1,
383,suspicious_login,0.0,-856.3985456196294,2024-12-27 13:59:01.196425,1,
384,fraud,8867.251817261229,-7021.5163621581705,2024-12-27 14:04:01.196425,1,
385,fraud,123.19589226026618,-3950.4828520712745,2024-12-27 14:10:01.196425,1,
385,email_change,0.0,-3950.4828520712745,2024-12-27 14:11:01.196425,1,
386,fraud,176.74374433691935,3734.6831249182083,2024-12-27 14:39:01.196425,1,
387,fraud,2131.028795959016,-2112.5300582871887,2024-12-27 15:05:01.196425,1,
388,fraud,1936.0975802564453,7640.384739067274,2024-12-27 15:10:01.196425,1,
388,withdrawal,0.0,7640.384739067274,2024-12-27 15:31:01.196425,1,
389,fraud,181.0308849789345,630.8540400058276,2024-12-27 15:43:01.196425,1,
390,fraud,415.4897714574993,6822.1466084085,2024-12-27 15:47:01.196425,1,
391,fraud,1933.9138999492325,1406.3214617942685,2024-12-27 15:50:01.196425,1,
392,fraud,1973.48535941158,657.9999448179358,2024-12-27 16:20:01.196425,1,
392,withdrawal,0.0,657.9999448179358,2024-12-27 16:36:01.196425,1,
393,fraud,155.14915058300957,1847.2092958319627,2024-12-27 16:58:01.196425,1,
394,fraud,2747.1128380674727,684.779646599342,2024-12-27 17:16:01.196425,1,
395,fraud,2215.8505728252544,-4808.4304597924365,2024-12-27 17:25:01.196425,1,
396,fraud,742.6569603313294,-4166.650930668995,2024-12-27 17:42:01.196425,1,
396,email_change,0.0,-4166.650930668995,2024-12-27 18:07:01.196425,1,
397,fraud,1533.1636480279396,-5914.707747276672,2024-12-27 18:36:01.196425,1,
398,fraud,7391.744839019174,-5965.251943570338,2024-12-27 18:48:01.196425,1,
398,withdrawal,0.0,-5965.251943570338,2024-12-27 19:08:01.196425,1,
399,fraud,1333.0802581038565,1906.7024826890893,2024-12-27 19:21:01.196425,1,
400,fraud,3818.696951200269,-7115.751111959724,2024-12-27 19:38:01.196425,1,
400,suspicious_login,0.0,-7115.751111959724,2024-12-27 20:01:01.196425,1,
401,fraud,76.65900944683031,7346.429192065324,2024-12-27 20:16:01.196425,1,
401,password_change,0.0,7346.429192065324,2024-12-27 20:17:01.196425,1,
402,fraud,344.5787757762139,1928.594966347882,2024-12-27 20:19:01.196425,1,
402,email_change,0.0,1928.594966347882,2024-12-27 20:43:01.196425,1,
403,fraud,129.12334566459594,4317.060485794515,2024-12-27 20:56:01.196425,1,
403,suspicious_login,0.0,4317.060485794515,2024-12-27 20:59:01.196425,1,
404,fraud,1195.6492220952769,-4807.704195708141,2024-12-27 21:19:01.196425,1,
404,email_change,0.0,-4807.704195708141,2024-12-27 21:46:01.196425,1,
405,fraud,381.71735410569715,-12725.728376545741,2024-12-27 21:59:01.196425,1,
405,password_change,0.0,-12725.728376545741,2024-12-27 22:25:01.196425,1,
406,fraud,2989.9746460265405,1636.4579683162992,2024-12-27 22:40:01.196425,1,
407,fraud,33.36080327137805,4642.611227511272,2024-12-27 23:02:01.196425,1,
408,fraud,25.065936400870626,1463.8775322708861,2024-12-27 23:27:01.196425,1,
409,fraud,5058.239360764946,-3186.21158947036,2024-12-27 23:44:01.196425,1,
410,fraud,3732.639440131093,-3526.1546849635497,2024-12-27 23:57:01.196425,1,
410,suspicious_login,0.0,-3526.1546849635497,2024-12-28 00:27:01.196425,1,
411,fraud,1313.356643878302,-5026.338841246313,2024-12-28 00:38:01.196425,1,
411,withdrawal,0.0,-5026.338841246313,2024-12-28 01:02:01.196425,1,
412,fraud,1729.5443762211262,3502.282397762002,2024-12-28 01:30:01.196425,1,
413,fraud,6416.553640678312,-9788.924739324922,2024-12-28 01:36:01.196425,1,
413,withdrawal,0.0,-9788.924739324922,2024-12-28 01:46:01.196425,1,
414,fraud,1134.8194428891081,981.2899879159543,2024-12-28 02:10:01.196425,1,
414,withdrawal,0.0,981.2899879159543,2024-12-28 02:23:01.196425,1,
415,fraud,603.1514687449454,-1480.348643375568,2024-12-28 02:38:01.196425,1,
416,fraud,563.7459505613261,4220.787115830299,2024-12-28 02:53:01.196425,1,
416,email_change,0.0,4220.787115830299,2024-12-28 03:14:01.196425,1,
417,fraud,2012.703918935954,10535.315306002321,2024-12-28 03:16:01.196425,1,
418,fraud,996.7332282272945,5230.193444910784,2024-12-28 03:45:01.196425,1,
418,phone_change,0.0,5230.193444910784,2024-12-28 04:11:01.196425,1,
419,fraud,2888.7784677810873,-7078.6611074375,2024-12-28 04:41:01.196425,1,
420,fraud,64.52892657123687,-1669.5348864071757,2024-12-28 04:53:01.196425,1,
420,withdrawal,0.0,-1669.5348864071757,2024-12-28 05:05:01.196425,1,
421,fraud,1755.3146712053808,945.9380243185216,2024-12-28 05:18:01.196425,1,
421,deposit,0.0,945.9380243185216,2024-12-28 05:32:01.196425,1,
422,fraud,3617.687766481264,-85.07617227737319,2024-12-28 05:50:01.196425,1,
423,fraud,995.618680916009,1128.866272491406,2024-12-28 06:11:01.196425,1,
424,fraud,2924.2610848433987,-2569.5283041557896,2024-12-28 06:33:01.196425,1,
424,deposit,0.0,-2569.5283041557896,2024-12-28 06:50:01.196425,1,
425,fraud,9758.575032776334,-3257.214053880488,2024-12-28 07:12:01.196425,1,
426,fraud,37.27259636719893,-3448.5456359311706,2024-12-28 07:13:01.196425,1,
427,fraud,8343.236659184024,-1436.0357256473271,2024-12-28 07:20:01.196425,1,
428,fraud,8814.782076702575,-2557.04161010411,2024-12-28 07:43:01.196425,1,
428,deposit,0.0,-2557.04161010411,2024-12-28 08:06:01.196425,1,
429,fraud,5260.321289469414,-7310.602337194066,2024-12-28 08:29:01.196425,1,
430,fraud,3618.3255328992473,7321.333593239991,2024-12-28 08:38:01.196425,1,
430,deposit,0.0,7321.333593239991,2024-12-28 08:48:01.196425,1,
431,fraud,2908.290100939031,-4842.512805760352,2024-12-28 09:17:01.196425,1,
432,fraud,2830.0987602312002,-1664.1499053557282,2024-12-28 09:18:01.196425,1,
432,email_change,0.0,-1664.1499053557282,2024-12-28 09:28:01.196425,1,
0,withdrawal,274.7948496366875,3484.9737026300804,2024-12-28 09:36:01.196425,0,
0,email_change,0.0,3484.9737026300804,2024-12-28 10:04:01.196425,0,
1,withdrawal,222.44890395100833,5523.836424301661,2024-12-28 10:30:01.196425,0,
1,phone_change,0.0,5523.836424301661,2024-12-28 10:41:01.196425,0,
2,deposit,753.2678389945328,2246.7057861913972,2024-12-28 11:02:01.196425,0,
3,deposit,601.7578369614367,4676.760020617912,2024-12-28 11:26:01.196425,0,
4,withdrawal,141.27071848385762,787.9856746333085,2024-12-28 11:33:01.196425,0,
5,deposit,156.45405468924517,6399.748489274701,2024-12-28 11:52:01.196425,0,
6,deposit,513.6332370281802,2392.04020697294,2024-12-28 12:04:01.196425,0,
7,deposit,322.9164423703342,5272.595469277465,2024-12-28 12:32:01.196425,0,
8,withdrawal,159.72439147391358,2840.0064066292393,2024-12-28 12:33:01.196425,0,
9,deposit,491.9361454099099,4211.314897065406,2024-12-28 12:43:01.196425,0,
10,deposit,781.2980166444921,2666.447326633317,2024-12-28 12:50:01.196425,0,
10,password_change,0.0,2666.447326633317,2024-12-28 13:04:01.196425,0,
11,deposit,270.52954855428214,5839.974023303711,2024-12-28 13:26:01.196425,0,
12,withdrawal,247.11636911632894,4054.6636574010877,2024-12-28 13:46:01.196425,0,
12,phone_change,0.0,4054.6636574010877,2024-12-28 14:11:01.196425,0,
13,withdrawal,252.3726510783105,4301.650415918258,2024-12-28 14:35:01.196425,0,
13,email_change,0.0,4301.650415918258,2024-12-28 14:51:01.196425,0,
14,withdrawal,415.4202918999414,4861.487725259298,2024-12-28 14:55:01.196425,0,
14,phone_change,0.0,4861.487725259298,2024-12-28 15:16:01.196425,0,
15,withdrawal,427.25073842729495,3667.852206523604,2024-12-28 15:30:01.196425,0,
16,deposit,363.65760558382385,4761.351983073914,2024-12-28 15:41:01.196425,0,
17,deposit,390.68174438401445,4562.585381335742,2024-12-28 16:06:01.196425,0,
18,deposit,340.9909849181103,4548.53912235309,2024-12-28 16:20:01.196425,0,
19,deposit,188.9512880251786,2099.6760394110092,2024-12-28 16:45:01.196425,0,
19,phone_change,0.0,2099.6760394110092,2024-12-28 16:50:01.196425,0,
20,withdrawal,331.52413195863414,2386.3774925067382,2024-12-28 17:05:01.196425,0,
21,deposit,220.7595685126753,2782.476099283637,2024-12-28 17:28:01.196425,0,
21,phone_change,0.0,2782.476099283637,2024-12-28 17:58:01.196425,0,
22,deposit,523.7908351616596,1680.494892916894,2024-12-28 17:59:01.196425,0,
22,password_change,0.0,1680.494892916894,2024-12-28 18:27:01.196425,0,
23,deposit,306.1006123926555,3801.005167636411,2024-12-28 18:41:01.196425,0,
24,withdrawal,251.23536149036062,2945.1093957420485,2024-12-28 18:43:01.196425,0,
25,deposit,804.3396677839945,5326.247876489284,2024-12-28 19:11:01.196425,0,
26,withdrawal,402.1737931558483,3497.603004980353,2024-12-28 19:12:01.196425,0,
27,deposit,237.71233486081786,3058.881426576792,2024-12-28 19:25:01.196425,0,
28,deposit,752.0812081461813,3989.7834070084104,2024-12-28 19:27:01.196425,0,
29,withdrawal,172.81066902821786,3846.6633486757205,2024-12-28 19:42:01.196425,0,
30,withdrawal,186.19086187123574,1980.4722792053774,2024-12-28 19:45:01.196425,0,
31,withdrawal,316.9646062718345,3532.936840466268,2024-12-28 19:53:01.196425,0,
32,deposit,940.778348162493,2502.262516724852,2024-12-28 20:13:01.196425,0,
33,withdrawal,450.36257651756466,1456.1816092445638,2024-12-28 20:28:01.196425,0,
34,deposit,760.79838833667,3066.6147428194768,2024-12-28 20:55:01.196425,0,
35,deposit,894.0442805802585,2839.108172182738,2024-12-28 21:16:01.196425,0,
36,deposit,270.0122160092881,4072.645054343404,2024-12-28 21:19:01.196425,0,
36,password_change,0.0,4072.645054343404,2024-12-28 21:41:01.196425,0,
37,withdrawal,484.1997786481052,4251.275212202731,2024-12-28 22:04:01.196425,0,
38,deposit,392.79396743491753,2004.8216255944376,2024-12-28 22:29:01.196425,0,
39,withdrawal,339.28001350820017,4848.739415665544,2024-12-28 22:50:01.196425,0,
40,deposit,215.37786514221133,4286.462823982185,2024-12-28 23:04:01.196425,0,
40,email_change,0.0,4286.462823982185,2024-12-28 23:24:01.196425,0,
41,deposit,831.7884668508897,3280.6201647311123,2024-12-28 23:43:01.196425,0,
42,withdrawal,261.3642085246029,2880.2243365036243,2024-12-28 23:45:01.196425,0,
43,withdrawal,406.9596068315606,4967.910685527983,2024-12-28 23:52:01.196425,0,
44,withdrawal,337.0581166070603,2543.6615162589783,2024-12-29 00:07:01.196425,0,
45,deposit,386.69743612434445,5432.460387203644,2024-12-29 00:27:01.196425,0,
46,deposit,440.81373825472997,3152.189965994963,2024-12-29 00:37:01.196425,0,
47,deposit,939.5982416786068,3793.6510089623052,2024-12-29 01:00:01.196425,0,
48,deposit,311.5562694544886,1991.3597856506244,2024-12-29 01:16:01.196425,0,
49,deposit,383.10152975296285,6087.688668198251,2024-12-29 01:38:01.196425,0,
50,withdrawal,206.06659824099512,734.6862774340959,2024-12-29 02:00:01.196425,0,
50,password_change,0.0,734.6862774340959,2024-12-29 02:30:01.196425,0,
51,deposit,682.8884034449937,1521.0188517490992,2024-12-29 02:43:01.196425,0,
52,withdrawal,372.11942368263664,5044.788147499234,2024-12-29 02:47:01.196425,0,
52,password_change,0.0,5044.788147499234,2024-12-29 03:07:01.196425,0,
53,withdrawal,255.82410584323156,5691.365127387328,2024-12-29 03:13:01.196425,0,
54,withdrawal,476.97700413321445,2578.937898584332,2024-12-29 03:37:01.196425,0,
55,deposit,766.4460184459926,4497.6831567021545,2024-12-29 03:44:01.196425,0,
56,deposit,254.0787291333634,2879.129475746404,2024-12-29 04:14:01.196425,0,
56,phone_change,0.0,2879.129475746404,2024-12-29 04:36:01.196425,0,
57,deposit,404.4678178733112,3562.1276149855344,2024-12-29 04:55:01.196425,0,
58,deposit,258.02246856812764,4276.235304647032,2024-12-29 05:09:01.196425,0,
59,deposit,568.6237920328281,3234.187757024316,2024-12-29 05:32:01.196425,0,
60,withdrawal,140.6448305661045,1808.010171922541,2024-12-29 05:44:01.196425,0,
61,withdrawal,181.82938162662168,2309.2586920640174,2024-12-29 05:59:01.196425,0,
62,withdrawal,50.49715261832888,3407.6050285540045,2024-12-29 06:17:01.196425,0,
63,deposit,431.43969683268574,2754.8543307490518,2024-12-29 06:29:01.196425,0,
64,deposit,649.7714057779602,5357.346444575843,2024-12-29 06:47:01.196425,0,
65,withdrawal,147.19422868632887,5071.890536075605,2024-12-29 07:14:01.196425,0,
66,withdrawal,224.87665310912425,1465.6342578851973,2024-12-29 07:44:01.196425,0,
67,withdrawal,235.13487995900584,4387.612303077155,2024-12-29 08:08:01.196425,0,
67,password_change,0.0,4387.612303077155,2024-12-29 08:29:01.196425,0,
68,withdrawal,64.34585510319091,564.3806916160662,2024-12-29 08:41:01.196425,0,
69,withdrawal,327.7323355938709,5255.192614831945,2024-12-29 08:55:01.196425,0,
69,password_change,0.0,5255.192614831945,2024-12-29 09:09:01.196425,0,
70,withdrawal,403.6717762636862,2763.5736391454125,2024-12-29 09:31:01.196425,0,
70,email_change,0.0,2763.5736391454125,2024-12-29 09:47:01.196425,0,
71,withdrawal,447.15314071616643,566.8900650484102,2024-12-29 09:54:01.196425,0,
71,email_change,0.0,566.8900650484102,2024-12-29 09:57:01.196425,0,
72,deposit,951.026665896901,4908.978607897283,2024-12-29 10:15:01.196425,0,
72,phone_change,0.0,4908.978607897283,2024-12-29 10:34:01.196425,0,
73,deposit,648.0339911750326,6924.875312697725,2024-12-29 10:38:01.196425,0,
74,withdrawal,292.20538703097964,4621.986873211552,2024-12-29 11:00:01.196425,0,
75,withdrawal,139.4353130016662,3444.6946331898416,2024-12-29 11:26:01.196425,0,
76,deposit,654.584785249056,803.3393751639409,2024-12-29 11:47:01.196425,0,
77,deposit,180.234914995032,4428.079632443441,2024-12-29 12:06:01.196425,0,
78,withdrawal,405.7560344641509,3257.4961494545937,2024-12-29 12:25:01.196425,0,
79,withdrawal,162.4952349116733,3602.4752121889937,2024-12-29 12:54:01.196425,0,
80,deposit,132.59478249381473,2906.63662240491,2024-12-29 13:10:01.196425,0,
81,deposit,866.2999310690501,4386.132953950838,2024-12-29 13:34:01.196425,0,
81,phone_change,0.0,4386.132953950838,2024-12-29 13:47:01.196425,0,
82,deposit,212.80108838907154,2849.6938971063837,2024-12-29 14:00:01.196425,0,
83,withdrawal,130.36154009777928,1809.4263335674354,2024-12-29 14:30:01.196425,0,
84,deposit,518.9827666636031,3617.89706860721,2024-12-29 14:53:01.196425,0,
84,phone_change,0.0,3617.89706860721,2024-12-29 15:01:01.196425,0,
85,deposit,202.67374107185645,2809.430162362592,2024-12-29 15:06:01.196425,0,
85,password_change,0.0,2809.430162362592,2024-12-29 15:20:01.196425,0,
86,withdrawal,269.9437958061529,2575.401714915944,2024-12-29 15:45:01.196425,0,
87,withdrawal,121.68096607542687,1828.1340424849993,2024-12-29 15:47:01.196425,0,
88,deposit,152.99505036670456,3993.476147901129,2024-12-29 16:04:01.196425,0,
89,deposit,189.98170180810098,5443.551853081365,2024-12-29 16:26:01.196425,0,
90,deposit,721.3775243549252,4177.60959282512,2024-12-29 16:38:01.196425,0,
90,password_change,0.0,4177.60959282512,2024-12-29 17:06:01.196425,0,
91,withdrawal,478.2827135350904,2836.226830324112,2024-12-29 17:24:01.196425,0,
91,password_change,0.0,2836.226830324112,2024-12-29 17:32:01.196425,0,
92,withdrawal,135.63536186833602,2292.2272539333558,2024-12-29 17:33:01.196425,0,
92,password_change,0.0,2292.2272539333558,2024-12-29 17:49:01.196425,0,
93,withdrawal,92.1111567092804,1973.7052903636004,2024-12-29 18:01:01.196425,0,
94,deposit,109.32042382519354,3458.9295862590993,2024-12-29 18:18:01.196425,0,
95,withdrawal,64.34285670876527,3705.687416733434,2024-12-29 18:42:01.196425,0,
96,withdrawal,222.29937432023127,3829.416287433358,2024-12-29 18:49:01.196425,0,
97,withdrawal,363.04158549903315,2575.625979181931,2024-12-29 19:00:01.196425,0,
98,deposit,832.143519764806,3341.036340095797,2024-12-29 19:20:01.196425,0,
99,deposit,932.7974353046385,5699.918493794027,2024-12-29 19:26:01.196425,0,
100,withdrawal,100.5780948484686,3999.8364165781272,2024-12-29 19:38:01.196425,0,
100,phone_change,0.0,3999.8364165781272,2024-12-29 19:39:01.196425,0,
101,deposit,525.7369345913473,1995.0223947895618,2024-12-29 20:03:01.196425,0,
102,withdrawal,150.13975774105924,3827.0427943341,2024-12-29 20:06:01.196425,0,
102,password_change,0.0,3827.0427943341,2024-12-29 20:14:01.196425,0,
103,deposit,396.666281663594,4882.756661545339,2024-12-29 20:26:01.196425,0,
104,deposit,576.4243593699322,4294.151456478159,2024-12-29 20:36:01.196425,0,
104,password_change,0.0,4294.151456478159,2024-12-29 20:50:01.196425,0,
105,deposit,541.3163871842854,4082.3067056177524,2024-12-29 20:51:01.196425,0,
105,password_change,0.0,4082.3067056177524,2024-12-29 21:10:01.196425,0,
106,deposit,375.1661738383601,4699.35523969218,2024-12-29 21:30:01.196425,0,
107,deposit,432.7746131091979,2594.975574265973,2024-12-29 21:34:01.196425,0,
108,deposit,251.67744848158142,4448.479255345442,2024-12-29 21:40:01.196425,0,
109,deposit,696.5958115725495,4960.978950705198,2024-12-29 21:41:01.196425,0,
110,withdrawal,346.82338456622415,1325.2699061657738,2024-12-29 21:59:01.196425,0,
111,deposit,209.22540926500292,1495.0010862025695,2024-12-29 22:04:01.196425,0,
111,email_change,0.0,1495.0010862025695,2024-12-29 22:26:01.196425,0,
112,withdrawal,189.2617986400343,1787.1600833226212,2024-12-29 22:43:01.196425,0,
113,deposit,629.0135745290092,1720.598332904336,2024-12-29 22:59:01.196425,0,
114,deposit,158.40199883619655,4135.112649172158,2024-12-29 23:14:01.196425,0,
115,withdrawal,304.28809549336,4891.352222026482,2024-12-29 23:41:01.196425,0,
116,deposit,741.1156176293939,6214.649633777826,2024-12-30 00:06:01.196425,0,
117,deposit,887.8401134802261,6757.861390821197,2024-12-30 00:29:01.196425,0,
118,withdrawal,78.09045102370226,4859.039380469746,2024-12-30 00:54:01.196425,0,
118,password_change,0.0,4859.039380469746,2024-12-30 00:57:01.196425,0,
119,deposit,745.8128808891282,2660.1432797292314,2024-12-30 01:27:01.196425,0,
120,deposit,426.9486698536107,3758.742145713889,2024-12-30 01:35:01.196425,0,
121,withdrawal,294.0062255606796,3627.9614420984676,2024-12-30 01:37:01.196425,0,
122,withdrawal,488.09725989791747,3136.718251920341,2024-12-30 02:07:01.196425,0,
123,deposit,474.27218208182063,4586.912305271863,2024-12-30 02:22:01.196425,0,
123,email_change,0.0,4586.912305271863,2024-12-30 02:28:01.196425,0,
124,deposit,231.17221395675972,2310.2385128939823,2024-12-30 02:29:01.196425,0,
124,password_change,0.0,2310.2385128939823,2024-12-30 02:39:01.196425,0,
125,deposit,230.9605131867944,5464.339454444331,2024-12-30 03:04:01.196425,0,
125,phone_change,0.0,5464.339454444331,2024-12-30 03:26:01.196425,0,
126,withdrawal,182.7154772676271,2806.9004129585205,2024-12-30 03:47:01.196425,0,
127,withdrawal,365.7916994029423,2238.620120990879,2024-12-30 04:11:01.196425,0,
128,deposit,353.12700239135825,3122.793458498305,2024-12-30 04:39:01.196425,0,
129,withdrawal,384.8517284542869,1333.0788566369483,2024-12-30 04:51:01.196425,0,
130,deposit,638.81889214241,3336.462769219909,2024-12-30 04:58:01.196425,0,
131,deposit,438.2824334049016,1487.62431411926,2024-12-30 05:10:01.196425,0,
132,deposit,345.9487611855955,3899.387642721238,2024-12-30 05:31:01.196425,0,
133,withdrawal,450.0364710720181,5176.533770307501,2024-12-30 05:55:01.196425,0,
134,deposit,973.7826643290047,4657.649903065162,2024-12-30 06:16:01.196425,0,
135,deposit,459.9694954438982,4031.7327677728726,2024-12-30 06:39:01.196425,0,
136,withdrawal,149.9504199914847,871.9369328793264,2024-12-30 06:54:01.196425,0,
137,withdrawal,459.4533049614178,1150.9452091182163,2024-12-30 07:13:01.196425,0,
138,deposit,524.2232877209552,4123.8675759806265,2024-12-30 07:32:01.196425,0,
138,phone_change,0.0,4123.8675759806265,2024-12-30 07:41:01.196425,0,
139,withdrawal,66.40560591217005,4111.830027164911,2024-12-30 07:48:01.196425,0,
140,withdrawal,239.17240708182683,2998.2986669691118,2024-12-30 08:15:01.196425,0,
141,withdrawal,187.57164381821852,6644.686597948518,2024-12-30 08:37:01.196425,0,
142,deposit,313.21240448693175,662.6658669869541,2024-12-30 08:52:01.196425,0,
142,phone_change,0.0,662.6658669869541,2024-12-30 09:13:01.196425,0,
143,withdrawal,222.93516023204447,5383.776335302976,2024-12-30 09:32:01.196425,0,
144,withdrawal,255.9712593892589,5497.6207296654375,2024-12-30 09:48:01.196425,0,
145,withdrawal,401.358288027775,2062.192721709421,2024-12-30 10:13:01.196425,0,
146,deposit,202.76074038402112,5094.646210357224,2024-12-30 10:43:01.196425,0,
147,deposit,689.021612003758,6425.094710588921,2024-12-30 10:53:01.196425,0,
148,deposit,521.7564681294451,3856.4737563926183,2024-12-30 11:17:01.196425,0,
149,deposit,143.13003013905882,2974.361584116478,2024-12-30 11:42:01.196425,0,
150,deposit,882.9583063871368,4740.74239466236,2024-12-30 12:07:01.196425,0,
151,withdrawal,99.56179973014414,2030.404198074009,2024-12-30 12:21:01.196425,0,
152,deposit,514.0056838127842,6245.183328125206,2024-12-30 12:31:01.196425,0,
153,deposit,887.0840715253471,6817.49585809962,2024-12-30 12:43:01.196425,0,
154,deposit,891.0108614332024,3287.1786818746664,2024-12-30 13:02:01.196425,0,
155,deposit,378.69013946614615,5481.062020063986,2024-12-30 13:10:01.196425,0,
155,password_change,0.0,5481.062020063986,2024-12-30 13:26:01.196425,0,
156,deposit,379.43230513422924,2988.62719100087,2024-12-30 13:50:01.196425,0,
156,password_change,0.0,2988.62719100087,2024-12-30 14:12:01.196425,0,
157,deposit,308.2105085674999,5115.858042658846,2024-12-30 14:19:01.196425,0,
158,withdrawal,198.7983375908039,2432.258972233541,2024-12-30 14:44:01.196425,0,
159,deposit,241.57496571446052,4148.379093249523,2024-12-30 15:09:01.196425,0,
159,password_change,0.0,4148.379093249523,2024-12-30 15:24:01.196425,0,
160,deposit,485.7787372092042,3874.953611054865,2024-12-30 15:54:01.196425,0,
161,withdrawal,279.42867654939505,779.0020667991469,2024-12-30 16:16:01.196425,0,
162,withdrawal,350.9437672394949,4901.637576334789,2024-12-30 16:38:01.196425,0,
163,deposit,412.3796931919019,6796.890066550197,2024-12-30 16:44:01.196425,0,
164,withdrawal,301.67325741172164,3014.9690692173685,2024-12-30 16:58:01.196425,0,
165,deposit,898.0927107934937,6006.786647462501,2024-12-30 17:11:01.196425,0,
166,deposit,262.3297418129633,2864.9297140928443,2024-12-30 17:27:01.196425,0,
167,deposit,568.665659734491,4215.158432329517,2024-12-30 17:51:01.196425,0,
168,deposit,372.6166972816917,1627.640721034058,2024-12-30 18:05:01.196425,0,
169,deposit,609.866458044994,4808.900279193302,2024-12-30 18:18:01.196425,0,
170,deposit,867.0364934659236,4506.814960951742,2024-12-30 18:20:01.196425,0,
171,deposit,716.903549243331,3490.015799931729,2024-12-30 18:26:01.196425,0,
172,deposit,400.0005599594533,1796.2339997077515,2024-12-30 18:51:01.196425,0,
173,deposit,174.4373371018261,4494.875344408069,2024-12-30 19:12:01.196425,0,
174,deposit,309.9651464805944,1230.1215098144016,2024-12-30 19:22:01.196425,0,
175,deposit,718.8556575865432,3624.3848730942304,2024-12-30 19:30:01.196425,0,
176,withdrawal,147.3779573057127,2692.6112547979787,2024-12-30 19:33:01.196425,0,
177,withdrawal,268.43408030029036,3875.105601306287,2024-12-30 19:56:01.196425,0,
178,withdrawal,436.83378270679015,829.1233258776117,2024-12-30 20:13:01.196425,0,
179,deposit,195.2046611893102,3155.364303495515,2024-12-30 20:23:01.196425,0,
180,withdrawal,411.45858032276055,2186.785549736412,2024-12-30 20:30:01.196425,0,
181,deposit,628.3068057378479,3899.3388067918763,2024-12-30 20:39:01.196425,0,
182,deposit,843.2194147709184,6551.228309406639,2024-12-30 21:07:01.196425,0,
183,deposit,221.65650932678167,2967.2495861306293,2024-12-30 21:09:01.196425,0,
184,withdrawal,453.906213078234,5624.639367560571,2024-12-30 21:34:01.196425,0,
185,withdrawal,428.70957124343937,2642.762576680531,2024-12-30 22:00:01.196425,0,
185,email_change,0.0,2642.762576680531,2024-12-30 22:01:01.196425,0,
186,withdrawal,317.978864102681,385.7461236065925,2024-12-30 22:28:01.196425,0,
187,deposit,234.8400226736996,1367.224439873233,2024-12-30 22:49:01.196425,0,
187,phone_change,0.0,1367.224439873233,2024-12-30 22:50:01.196425,0,
188,deposit,442.2576679372342,3820.342129080488,2024-12-30 23:17:01.196425,0,
189,deposit,546.6733955827325,3299.2442930601155,2024-12-30 23:20:01.196425,0,
190,deposit,135.3082259866599,4182.0670663014125,2024-12-30 23:44:01.196425,0,
190,password_change,0.0,4182.0670663014125,2024-12-31 00:06:01.196425,0,
191,deposit,502.2970163304977,5930.935930045727,2024-12-31 00:09:01.196425,0,
192,deposit,497.1852826950278,2619.258200133996,2024-12-31 00:24:01.196425,0,
193,withdrawal,61.646458482998426,3761.775655705298,2024-12-31 00:47:01.196425,0,
194,deposit,374.58345054293704,4108.165272279748,2024-12-31 00:51:01.196425,0,
195,withdrawal,350.05823517022753,4936.6071637152045,2024-12-31 01:15:01.196425,0,
196,deposit,606.6667503719076,5282.635749023581,2024-12-31 01:32:01.196425,0,
197,deposit,232.86824753084846,1930.5945719097606,2024-12-31 01:43:01.196425,0,
198,withdrawal,199.01036288820126,1532.8937176951927,2024-12-31 02:12:01.196425,0,
199,withdrawal,321.4087795925559,6055.577748128433,2024-12-31 02:28:01.196425,0,
200,withdrawal,262.4592340363395,2758.8321678039147,2024-12-31 02:49:01.196425,0,
200,phone_change,0.0,2758.8321678039147,2024-12-31 02:52:01.196425,0,
201,deposit,732.971317653281,3768.259199740582,2024-12-31 03:05:01.196425,0,
202,deposit,243.83061320179127,4894.2320761254205,2024-12-31 03:15:01.196425,0,
203,deposit,824.4257518613628,4705.00643981453,2024-12-31 03:18:01.196425,0,
204,deposit,106.89741531899841,4523.869419518066,2024-12-31 03:28:01.196425,0,
204,phone_change,0.0,4523.869419518066,2024-12-31 03:35:01.196425,0,
205,deposit,746.0265616361404,2332.683983908748,2024-12-31 03:54:01.196425,0,
205,phone_change,0.0,2332.683983908748,2024-12-31 04:15:01.196425,0,
206,deposit,954.2578393453141,6632.51199044828,2024-12-31 04:33:01.196425,0,
206,phone_change,0.0,6632.51199044828,2024-12-31 04:50:01.196425,0,
207,withdrawal,471.2781197939575,1437.1649986561006,2024-12-31 05:20:01.196425,0,
208,deposit,159.45714879588934,4112.806018753748,2024-12-31 05:40:01.196425,0,
209,deposit,316.64718565642954,4205.437436959318,2024-12-31 05:52:01.196425,0,
209,email_change,0.0,4205.437436959318,2024-12-31 06:20:01.196425,0,
210,deposit,169.25104017004122,3985.8380995468674,2024-12-31 06:24:01.196425,0,
211,deposit,721.6488593348771,3402.7801531391888,2024-12-31 06:40:01.196425,0,
211,email_change,0.0,3402.7801531391888,2024-12-31 07:09:01.196425,0,
212,withdrawal,388.1075766388065,5020.745389519224,2024-12-31 07:13:01.196425,0,
213,deposit,611.9266569090803,4256.857416322507,2024-12-31 07:18:01.196425,0,
214,withdrawal,370.59236499284657,3135.0829219226634,2024-12-31 07:36:01.196425,0,
215,withdrawal,71.29730760135382,5273.085316803502,2024-12-31 07:59:01.196425,0,
215,phone_change,0.0,5273.085316803502,2024-12-31 08:04:01.196425,0,
216,withdrawal,300.8323899535749,2878.369295447802,2024-12-31 08:22:01.196425,0,
217,deposit,917.163361012596,2239.653052378323,2024-12-31 08:50:01.196425,0,
218,withdrawal,301.3036124130529,3229.2855066104366,2024-12-31 09:13:01.196425,0,
219,deposit,637.0134995095774,5424.825302670627,2024-12-31 09:28:01.196425,0,
220,withdrawal,217.41147594222076,5390.142226902439,2024-12-31 09:58:01.196425,0,
221,deposit,198.6096544358885,1055.8857771969897,2024-12-31 10:19:01.196425,0,
221,password_change,0.0,1055.8857771969897,2024-12-31 10:26:01.196425,0,
222,deposit,716.3519326494911,2308.8207266564223,2024-12-31 10:38:01.196425,0,
223,deposit,552.633594613505,5277.15845286629,2024-12-31 10:44:01.196425,0,
224,deposit,672.0174940849801,6711.351698995921,2024-12-31 11:07:01.196425,0,
225,deposit,327.43493840530243,4564.166702284179,2024-12-31 11:14:01.196425,0,
226,deposit,929.7513745678739,2724.536365173539,2024-12-31 11:42:01.196425,0,
227,deposit,853.8461973854618,5098.05212351917,2024-12-31 11:57:01.196425,0,
228,deposit,174.76478090571948,3486.595912147672,2024-12-31 12:05:01.196425,0,
229,deposit,620.0899454029965,5536.365163353255,2024-12-31 12:12:01.196425,0,
230,withdrawal,172.19917686925743,2800.2478059349964,2024-12-31 12:37:01.196425,0,
231,deposit,848.0031489125778,2945.38592541451,2024-12-31 12:40:01.196425,0,
231,email_change,0.0,2945.38592541451,2024-12-31 12:58:01.196425,0,
232,withdrawal,239.84112216407934,1942.9974915911464,2024-12-31 13:19:01.196425,0,
233,deposit,314.6222674817349,3459.187252403433,2024-12-31 13:31:01.196425,0,
233,email_change,0.0,3459.187252403433,2024-12-31 13:37:01.196425,0,
234,deposit,371.1553324605588,3595.941692311,2024-12-31 13:50:01.196425,0,
235,deposit,182.57889296588266,6913.240694920703,2024-12-31 14:17:01.196425,0,
235,phone_change,0.0,6913.240694920703,2024-12-31 14:39:01.196425,0,
236,deposit,851.5795361601944,5010.128727901336,2024-12-31 14:40:01.196425,0,
237,withdrawal,320.014648069061,2646.2878618682007,2024-12-31 15:04:01.196425,0,
238,withdrawal,388.63381993041696,4747.122281703664,2024-12-31 15:06:01.196425,0,
239,deposit,370.0354287811132,5365.748513451344,2024-12-31 15:09:01.196425,0,
240,deposit,621.6368905636205,3454.6239252630353,2024-12-31 15:24:01.196425,0,
241,withdrawal,476.44916517947956,3212.2121566468777,2024-12-31 15:49:01.196425,0,
242,deposit,954.3714679568412,5190.168631977815,2024-12-31 16:05:01.196425,0,
242,email_change,0.0,5190.168631977815,2024-12-31 16:10:01.196425,0,
243,deposit,749.9004222481487,2371.9610493620357,2024-12-31 16:16:01.196425,0,
244,deposit,959.0726192982039,3704.2315490599535,2024-12-31 16:26:01.196425,0,
245,withdrawal,424.57918505180237,4440.032420145527,2024-12-31 16:56:01.196425,0,
246,deposit,557.7098916386162,7847.117630420198,2024-12-31 17:15:01.196425,0,
247,withdrawal,431.3021207423555,3964.1323035744163,2024-12-31 17:24:01.196425,0,
247,email_change,0.0,3964.1323035744163,2024-12-31 17:47:01.196425,0,
248,deposit,414.3024422028246,2000.0818742159654,2024-12-31 17:48:01.196425,0,
249,deposit,256.6258565105201,2196.011086636091,2024-12-31 17:56:01.196425,0,
249,phone_change,0.0,2196.011086636091,2024-12-31 18:05:01.196425,0,
250,withdrawal,444.2370590519195,5214.876367793842,2024-12-31 18:34:01.196425,0,
251,deposit,466.2356616552628,5195.683803589876,2024-12-31 18:38:01.196425,0,
251,email_change,0.0,5195.683803589876,2024-12-31 18:41:01.196425,0,
252,deposit,481.1230042934703,1583.1619274280629,2024-12-31 18:53:01.196425,0,
253,withdrawal,437.7247689734074,3121.360182939292,2024-12-31 19:09:01.196425,0,
254,deposit,269.43751596545025,4656.469700764086,2024-12-31 19:30:01.196425,0,
255,deposit,547.5256042400165,4740.992737481083,2024-12-31 19:55:01.196425,0,
255,email_change,0.0,4740.992737481083,2024-12-31 20:07:01.196425,0,
256,withdrawal,399.6862817223966,2466.643364667977,2024-12-31 20:11:01.196425,0,
257,withdrawal,477.7594435587687,2856.628415178495,2024-12-31 20:23:01.196425,0,
257,email_change,0.0,2856.628415178495,2024-12-31 20:53:01.196425,0,
258,deposit,341.63786073322837,5682.156815576003,2024-12-31 21:10:01.196425,0,
259,withdrawal,153.7994521860124,4415.645881912318,2024-12-31 21:21:01.196425,0,
260,withdrawal,153.11236344433638,4570.572067064738,2024-12-31 21:48:01.196425,0,
261,withdrawal,291.610514104327,2652.8865366280143,2024-12-31 22:15:01.196425,0,
262,deposit,256.17457373271645,5718.787375169489,2024-12-31 22:36:01.196425,0,
263,withdrawal,232.3788718624693,3791.9950402094883,2024-12-31 22:39:01.196425,0,
264,deposit,244.60831336216413,5076.251508897255,2024-12-31 22:54:01.196425,0,
265,deposit,349.2524229493289,3185.8797273199248,2024-12-31 23:24:01.196425,0,
266,deposit,846.5060105262244,6164.990985883327,2024-12-31 23:36:01.196425,0,
266,phone_change,0.0,6164.990985883327,2024-12-31 23:52:01.196425,0,
267,withdrawal,153.05558805703194,2363.6953098066547,2024-12-31 23:56:01.196425,0,
268,deposit,260.7753823197025,1733.9657944088506,2024-12-31 23:59:01.196425,0,
269,withdrawal,413.2954224855295,2256.3784889447325,2025-01-01 00:11:01.196425,0,
270,withdrawal,312.5612043720137,4225.035769421199,2025-01-01 00:32:01.196425,0,
271,deposit,895.9947891752364,3026.827346753183,2025-01-01 00:40:01.196425,0,
272,deposit,927.9551050716994,6865.922302221377,2025-01-01 00:50:01.196425,0,
272,email_change,0.0,6865.922302221377,2025-01-01 01:09:01.196425,0,
273,deposit,466.736672525939,3955.8807513788147,2025-01-01 01:12:01.196425,0,
274,withdrawal,331.062753652669,2885.0980287366106,2025-01-01 01:33:01.196425,0,
275,withdrawal,477.9067105820433,165.28079763609128,2025-01-01 01:35:01.196425,0,
276,deposit,637.8163222045675,4910.848474450089,2025-01-01 01:57:01.196425,0,
276,phone_change,0.0,4910.848474450089,2025-01-01 02:04:01.196425,0,
277,withdrawal,272.3870054155612,5190.436492901908,2025-01-01 02:32:01.196425,0,
278,deposit,206.9113136167669,2586.9936408578774,2025-01-01 02:52:01.196425,0,
279,withdrawal,219.4505577080236,1553.8863796473765,2025-01-01 03:18:01.196425,0,
279,password_change,0.0,1553.8863796473765,2025-01-01 03:36:01.196425,0,
280,withdrawal,449.7868880171955,1960.6549128829915,2025-01-01 03:47:01.196425,0,
281,deposit,513.6793009290374,1726.5522568192441,2025-01-01 03:51:01.196425,0,
282,deposit,434.33576549645136,5918.814330275301,2025-01-01 03:52:01.196425,0,
282,phone_change,0.0,5918.814330275301,2025-01-01 04:06:01.196425,0,
283,deposit,282.5093240069231,3805.111921785336,2025-01-01 04:07:01.196425,0,
283,password_change,0.0,3805.111921785336,2025-01-01 04:32:01.196425,0,
284,withdrawal,219.73137407802423,4503.527112500989,2025-01-01 04:51:01.196425,0,
285,withdrawal,81.38816278942608,2966.3709218274057,2025-01-01 05:19:01.196425,0,
286,deposit,388.27564533619574,4731.9779771710455,2025-01-01 05:39:01.196425,0,
286,password_change,0.0,4731.9779771710455,2025-01-01 05:57:01.196425,0,
287,withdrawal,475.039897393817,3685.212504007881,2025-01-01 06:18:01.196425,0,
288,withdrawal,129.23265354798426,3624.158126396028,2025-01-01 06:34:01.196425,0,
289,withdrawal,109.04697137397189,4821.145166969166,2025-01-01 06:46:01.196425,0,
290,withdrawal,401.5716659576633,5054.383024499808,2025-01-01 07:00:01.196425,0,
290,password_change,0.0,5054.383024499808,2025-01-01 07:17:01.196425,0,
291,deposit,106.31481315634926,3686.6611787480288,2025-01-01 07:39:01.196425,0,
292,deposit,985.0037953723701,5546.3620542386125,2025-01-01 08:02:01.196425,0,
293,withdrawal,210.8163728918009,1780.3776690832112,2025-01-01 08:23:01.196425,0,
294,deposit,831.1149282920674,1759.7554455986333,2025-01-01 08:32:01.196425,0,
295,deposit,798.16886764937,5535.58664044917,2025-01-01 08:56:01.196425,0,
296,withdrawal,289.98013634749685,3814.375883688999,2025-01-01 09:01:01.196425,0,
297,withdrawal,197.9689542647196,2231.925120962348,2025-01-01 09:07:01.196425,0,
298,deposit,627.366363844004,7128.349655670928,2025-01-01 09:18:01.196425,0,
299,deposit,397.3034146694197,5479.024926793785,2025-01-01 09:22:01.196425,0,
300,withdrawal,465.4057908327297,3093.726601424404,2025-01-01 09:41:01.196425,0,
301,withdrawal,357.56000417054014,1090.2565321772474,2025-01-01 10:02:01.196425,0,
302,withdrawal,282.0615544619947,4204.180832590866,2025-01-01 10:12:01.196425,0,
303,withdrawal,64.72145783951537,2272.5428514368987,2025-01-01 10:33:01.196425,0,
303,phone_change,0.0,2272.5428514368987,2025-01-01 10:36:01.196425,0,
304,withdrawal,226.01482068672647,4225.310856811558,2025-01-01 10:52:01.196425,0,
305,withdrawal,84.10989137834197,5327.739182332086,2025-01-01 11:15:01.196425,0,
306,deposit,390.60292526689653,3723.278594425467,2025-01-01 11:33:01.196425,0,
307,deposit,145.60703751136964,2096.371540592239,2025-01-01 11:56:01.196425,0,
307,phone_change,0.0,2096.371540592239,2025-01-01 12:03:01.196425,0,
308,withdrawal,365.1223471760222,2120.8376049114113,2025-01-01 12:15:01.196425,0,
308,password_change,0.0,2120.8376049114113,2025-01-01 12:39:01.196425,0,
309,deposit,832.1977952109889,4600.9688418057285,2025-01-01 12:44:01.196425,0,
310,withdrawal,468.30510793478754,2430.779209743798,2025-01-01 13:08:01.196425,0,
311,withdrawal,377.43975880079176,2465.7423760281845,2025-01-01 13:16:01.196425,0,
311,phone_change,0.0,2465.7423760281845,2025-01-01 13:42:01.196425,0,
312,deposit,799.6124396107818,5907.831779125273,2025-01-01 14:01:01.196425,0,
313,withdrawal,254.0920650144863,4512.43068555093,2025-01-01 14:26:01.196425,0,
313,phone_change,0.0,4512.43068555093,2025-01-01 14:53:01.196425,0,
314,deposit,350.94108477878757,5018.618556176162,2025-01-01 15:07:01.196425,0,
315,deposit,252.61450235856694,3046.1837277495006,2025-01-01 15:11:01.196425,0,
316,deposit,368.172276665051,6207.341482279538,2025-01-01 15:23:01.196425,0,
317,withdrawal,115.42171585820918,5214.618263352428,2025-01-01 15:24:01.196425,0,
318,deposit,693.1191028481661,4430.608916712234,2025-01-01 15:47:01.196425,0,
319,deposit,711.1580619297472,5503.238201904384,2025-01-01 16:03:01.196425,0,
319,phone_change,0.0,5503.238201904384,2025-01-01 16:29:01.196425,0,
320,withdrawal,225.23398953945912,2629.3985099795864,2025-01-01 16:56:01.196425,0,
321,withdrawal,344.1806023739682,2057.860693711093,2025-01-01 17:06:01.196425,0,
322,deposit,569.2800794106505,5059.670158466622,2025-01-01 17:33:01.196425,0,
323,deposit,936.0550854195549,4961.876820901747,2025-01-01 17:47:01.196425,0,
323,phone_change,0.0,4961.876820901747,2025-01-01 18:12:01.196425,0,
324,withdrawal,405.7279169140095,5007.327562328453,2025-01-01 18:17:01.196425,0,
325,withdrawal,92.48049292235945,4346.315292136472,2025-01-01 18:47:01.196425,0,
326,withdrawal,475.4986299135284,2337.3202417999887,2025-01-01 18:55:01.196425,0,
327,deposit,351.48209041979976,2515.801824336172,2025-01-01 19:09:01.196425,0,
327,password_change,0.0,2515.801824336172,2025-01-01 19:32:01.196425,0,
328,withdrawal,231.15950991523965,1256.9057588158396,2025-01-01 19:55:01.196425,0,
329,withdrawal,83.60651295804787,4605.719888746491,2025-01-01 20:00:01.196425,0,
329,email_change,0.0,4605.719888746491,2025-01-01 20:27:01.196425,0,
330,deposit,119.97727254982149,3740.0821502341355,2025-01-01 20:45:01.196425,0,
331,deposit,940.3740413616343,6242.941093410393,2025-01-01 20:51:01.196425,0,
332,withdrawal,226.90239105185336,2095.4721610323845,2025-01-01 21:13:01.196425,0,
333,withdrawal,164.6448012305397,2962.6449747518695,2025-01-01 21:35:01.196425,0,
334,withdrawal,57.33885511035988,2602.679652580907,2025-01-01 22:04:01.196425,0,
335,deposit,850.687247903257,6851.542782727103,2025-01-01 22:23:01.196425,0,
336,deposit,491.1237536296951,4271.168040761778,2025-01-01 22:37:01.196425,0,
337,withdrawal,397.05111840253284,2631.6821447310845,2025-01-01 22:44:01.196425,0,
338,deposit,762.5031364252794,6174.206301071707,2025-01-01 22:53:01.196425,0,
338,phone_change,0.0,6174.206301071707,2025-01-01 23:03:01.196425,0,
339,withdrawal,396.60865773189806,4800.458028562007,2025-01-01 23:28:01.196425,0,
339,phone_change,0.0,4800.458028562007,2025-01-01 23:38:01.196425,0,
340,deposit,179.87997690071734,2123.7568055621696,2025-01-01 23:44:01.196425,0,
340,phone_change,0.0,2123.7568055621696,2025-01-02 00:06:01.196425,0,
341,deposit,987.2617598171786,5831.306801875947,2025-01-02 00:16:01.196425,0,
342,deposit,579.2810084435124,5335.263300020197,2025-01-02 00:27:01.196425,0,
343,withdrawal,293.4793479698393,4365.507629122001,2025-01-02 00:42:01.196425,0,
344,deposit,471.1911505294189,4222.910602186225,2025-01-02 01:09:01.196425,0,
345,withdrawal,197.96040860263966,3847.6319436514937,2025-01-02 01:22:01.196425,0,
346,deposit,670.2473248319062,6803.8806665970915,2025-01-02 01:51:01.196425,0,
347,deposit,927.3992007437861,4846.310983177603,2025-01-02 01:55:01.196425,0,
348,deposit,272.02802256153984,2360.6692651150306,2025-01-02 02:17:01.196425,0,
349,withdrawal,353.6264197448497,1992.5865089919682,2025-01-02 02:18:01.196425,0,
350,withdrawal,322.7390343863914,3363.388767905317,2025-01-02 02:26:01.196425,0,
350,phone_change,0.0,3363.388767905317,2025-01-02 02:44:01.196425,0,
351,deposit,217.98951657648647,1213.0997608177895,2025-01-02 02:48:01.196425,0,
352,deposit,948.8192580172773,3776.1226864669566,2025-01-02 03:03:01.196425,0,
353,deposit,750.7283355211442,3310.6419530638123,2025-01-02 03:29:01.196425,0,
354,deposit,758.9198270092297,4632.029251641985,2025-01-02 03:45:01.196425,0,
354,phone_change,0.0,4632.029251641985,2025-01-02 04:04:01.196425,0,
355,deposit,795.2933189650324,2217.4102743272656,2025-01-02 04:29:01.196425,0,
356,deposit,729.951650055824,2022.2986083815526,2025-01-02 04:53:01.196425,0,
357,withdrawal,469.03219406528336,2867.248869253618,2025-01-02 05:14:01.196425,0,
358,deposit,118.38026336448932,4432.83926579381,2025-01-02 05:35:01.196425,0,
359,deposit,302.4819008989742,4891.9105825037495,2025-01-02 05:58:01.196425,0,
359,password_change,0.0,4891.9105825037495,2025-01-02 06:14:01.196425,0,
360,deposit,193.9711993372606,3264.8514474479675,2025-01-02 06:19:01.196425,0,
361,deposit,748.7537524317222,4393.09880739448,2025-01-02 06:24:01.196425,0,
362,withdrawal,274.6035941677183,2509.9774457926123,2025-01-02 06:46:01.196425,0,
362,password_change,0.0,2509.9774457926123,2025-01-02 06:53:01.196425,0,
363,withdrawal,469.14392500946866,3195.208008867732,2025-01-02 07:23:01.196425,0,
364,deposit,969.0739413424009,3108.052659941034,2025-01-02 07:32:01.196425,0,
365,deposit,464.32045721203855,3843.2010791007665,2025-01-02 07:39:01.196425,0,
366,deposit,562.602486498389,6236.149165554695,2025-01-02 07:54:01.196425,0,
367,deposit,717.2242017837826,2642.411011937591,2025-01-02 08:02:01.196425,0,
368,deposit,153.21464955342543,3998.127789034545,2025-01-02 08:09:01.196425,0,
368,email_change,0.0,3998.127789034545,2025-01-02 08:28:01.196425,0,
369,deposit,386.49235886090224,1928.7563901462645,2025-01-02 08:40:01.196425,0,
370,deposit,871.2578184949747,6204.819085063574,2025-01-02 08:44:01.196425,0,
371,withdrawal,421.6770818225824,621.4724253111652,2025-01-02 09:11:01.196425,0,
372,deposit,937.9612413413195,5394.211249851091,2025-01-02 09:23:01.196425,0,
373,withdrawal,175.51562483325893,2335.870273109459,2025-01-02 09:28:01.196425,0,
374,deposit,169.00620493803626,4593.953737277976,2025-01-02 09:50:01.196425,0,
375,deposit,655.1515339860847,5792.806811439396,2025-01-02 10:02:01.196425,0,
376,withdrawal,186.3759419930025,2939.6046008878056,2025-01-02 10:27:01.196425,0,
377,deposit,612.0854759802962,5483.0594537521765,2025-01-02 10:32:01.196425,0,
377,password_change,0.0,5483.0594537521765,2025-01-02 10:47:01.196425,0,
378,deposit,275.7989901964066,3622.1571030267437,2025-01-02 11:02:01.196425,0,
379,withdrawal,100.27249902675457,3711.467752973602,2025-01-02 11:13:01.196425,0,
379,password_change,0.0,3711.467752973602,2025-01-02 11:35:01.196425,0,
380,deposit,906.3377191912278,5619.170692726596,2025-01-02 11:50:01.196425,0,
381,deposit,897.4782384226751,4111.541119278304,2025-01-02 12:14:01.196425,0,
381,phone_change,0.0,4111.541119278304,2025-01-02 12:29:01.196425,0,
382,deposit,409.4838418321711,5396.534926378823,2025-01-02 12:30:01.196425,0,
383,deposit,833.0112208022402,3219.944248368565,2025-01-02 12:55:01.196425,0,
384,deposit,604.6200477137625,2679.366379863399,2025-01-02 13:08:01.196425,0,
384,email_change,0.0,2679.366379863399,2025-01-02 13:20:01.196425,0,
385,deposit,837.7417720308448,4706.1803092261125,2025-01-02 13:47:01.196425,0,
386,withdrawal,156.07715464763115,1615.9914910687855,2025-01-02 14:00:01.196425,0,
387,withdrawal,194.39573048190354,2640.9135431754357,2025-01-02 14:10:01.196425,0,
388,withdrawal,370.943939735872,4982.198602068754,2025-01-02 14:20:01.196425,0,
389,deposit,633.9781011609996,5695.040039387788,2025-01-02 14:44:01.196425,0,
389,phone_change,0.0,5695.040039387788,2025-01-02 15:09:01.196425,0,
390,deposit,726.4918199000105,2290.2785291333844,2025-01-02 15:36:01.196425,0,
391,deposit,799.7185770779972,7181.66390448534,2025-01-02 15:55:01.196425,0,
392,deposit,953.1911366879019,2418.3920789226186,2025-01-02 16:24:01.196425,0,
393,withdrawal,380.27681235086993,3162.4202419649905,2025-01-02 16:42:01.196425,0,
394,withdrawal,315.74408162804355,2479.0606731359867,2025-01-02 16:52:01.196425,0,
395,deposit,709.8405894661928,4071.6577168096946,2025-01-02 17:09:01.196425,0,
396,withdrawal,281.0484869826982,2197.7604114903206,2025-01-02 17:34:01.196425,0,
396,phone_change,0.0,2197.7604114903206,2025-01-02 17:46:01.196425,0,
397,deposit,850.2103506697333,3596.9638795928977,2025-01-02 18:01:01.196425,0,
398,deposit,152.0112057149276,3377.9980592388433,2025-01-02 18:30:01.196425,0,
399,deposit,357.77260822795205,2352.0656062193448,2025-01-02 18:38:01.196425,0,
400,withdrawal,57.222878512984856,1305.9704852396678,2025-01-02 19:08:01.196425,0,
401,deposit,636.3207495693209,4461.189115889363,2025-01-02 19:29:01.196425,0,
402,withdrawal,291.6720678552005,4259.976858534161,2025-01-02 19:42:01.196425,0,
403,deposit,710.5509905782114,3695.178106149617,2025-01-02 19:46:01.196425,0,
404,deposit,998.1737869252605,5337.49355251563,2025-01-02 20:02:01.196425,0,
405,deposit,885.0046784050156,2893.3203496568385,2025-01-02 20:25:01.196425,0,
406,deposit,788.9880045144848,5360.174541216798,2025-01-02 20:26:01.196425,0,
407,deposit,810.2278591342981,6195.747297471299,2025-01-02 20:30:01.196425,0,
407,phone_change,0.0,6195.747297471299,2025-01-02 20:39:01.196425,0,
408,deposit,848.9178548076808,4487.550320671287,2025-01-02 20:48:01.196425,0,
408,email_change,0.0,4487.550320671287,2025-01-02 20:51:01.196425,0,
409,withdrawal,154.36469672108137,1230.1374642173296,2025-01-02 20:52:01.196425,0,
410,withdrawal,468.0414483984092,5234.622678666335,2025-01-02 21:12:01.196425,0,
411,withdrawal,307.20361433329015,4372.972064299932,2025-01-02 21:16:01.196425,0,
411,phone_change,0.0,4372.972064299932,2025-01-02 21:24:01.196425,0,
412,deposit,509.7140386043044,4589.386817488021,2025-01-02 21:49:01.196425,0,
413,deposit,655.5496605175638,3419.2480907548234,2025-01-02 22:14:01.196425,0,
413,password_change,0.0,3419.2480907548234,2025-01-02 22:33:01.196425,0,
414,deposit,943.2019721059286,3299.347471861774,2025-01-02 22:44:01.196425,0,
415,deposit,553.7191648106034,2931.189196672657,2025-01-02 22:51:01.196425,0,
416,withdrawal,240.16423750223072,2232.8223318389196,2025-01-02 23:18:01.196425,0,
417,deposit,636.2225934160182,3768.3941516311056,2025-01-02 23:24:01.196425,0,
418,withdrawal,271.05188851143083,2858.422904209773,2025-01-02 23:44:01.196425,0,
419,deposit,518.3491542968502,4477.107690268232,2025-01-03 00:05:01.196425,0,
419,password_change,0.0,4477.107690268232,2025-01-03 00:32:01.196425,0,
420,withdrawal,156.2620777191675,5913.334507127478,2025-01-03 00:57:01.196425,0,
421,withdrawal,411.69136808085386,4498.402720177687,2025-01-03 01:13:01.196425,0,
422,deposit,164.52740147052828,3802.250824231771,2025-01-03 01:32:01.196425,0,
423,deposit,611.5294104753567,5514.567021340511,2025-01-03 01:55:01.196425,0,
424,withdrawal,451.53886639822935,1571.303960098332,2025-01-03 02:19:01.196425,0,
425,deposit,151.75662023728856,1538.0161249269174,2025-01-03 02:33:01.196425,0,
426,deposit,210.6099776510921,4372.21023567943,2025-01-03 02:55:01.196425,0,
426,phone_change,0.0,4372.21023567943,2025-01-03 02:57:01.196425,0,
427,withdrawal,481.06355984063936,4138.995064902958,2025-01-03 03:01:01.196425,0,
428,withdrawal,136.24782469377845,6830.171698942772,2025-01-03 03:06:01.196425,0,
429,withdrawal,488.62060586386457,3454.6289101457205,2025-01-03 03:26:01.196425,0,
429,phone_change,0.0,3454.6289101457205,2025-01-03 03:48:01.196425,0,
430,deposit,471.4455094452227,2252.205757963288,2025-01-03 04:01:01.196425,0,
431,withdrawal,280.641651745904,1999.4762667610437,2025-01-03 04:29:01.196425,0,
432,withdrawal,321.13770855036825,4408.359455908825,2025-01-03 04:57:01.196425,0,
432,password_change,0.0,4408.359455908825,2025-01-03 05:04:01.196425,0,
433,deposit,676.0763682476944,3556.578545911037,2025-01-03 05:20:01.196425,0,
434,deposit,753.236782096156,3139.912426442066,2025-01-03 05:33:01.196425,0,
435,deposit,441.5850320117919,6800.456912808485,2025-01-03 05:56:01.196425,0,
436,withdrawal,151.67860939209854,4104.8777084313815,2025-01-03 06:15:01.196425,0,
437,deposit,705.635088785603,3580.2462097811162,2025-01-03 06:43:01.196425,0,
438,deposit,320.26742271027285,5171.008911961204,2025-01-03 07:08:01.196425,0,
439,deposit,527.6359529804154,5374.854446339659,2025-01-03 07:25:01.196425,0,
440,deposit,303.9572717092717,6790.376731191456,2025-01-03 07:26:01.196425,0,
441,deposit,923.8341900432175,4258.547853678848,2025-01-03 07:52:01.196425,0,
442,deposit,923.5698683324255,5507.685678288022,2025-01-03 08:15:01.196425,0,
443,withdrawal,492.0001117737362,1227.0403805900232,2025-01-03 08:41:01.196425,0,
444,deposit,207.11087168310476,4002.6357190074796,2025-01-03 09:06:01.196425,0,
445,deposit,610.6059520017018,5209.906902904132,2025-01-03 09:20:01.196425,0,
446,deposit,633.1576451947484,2156.0485709730715,2025-01-03 09:32:01.196425,0,
447,deposit,845.7853540437255,3648.7520637097778,2025-01-03 09:48:01.196425,0,
448,deposit,145.10307206617335,2162.725339765897,2025-01-03 10:18:01.196425,0,
449,withdrawal,498.7287676357883,584.7800655248552,2025-01-03 10:23:01.196425,0,
450,deposit,311.977124248835,5686.727313719352,2025-01-03 10:38:01.196425,0,
451,deposit,994.0170939607303,2798.1813817700295,2025-01-03 10:46:01.196425,0,
452,withdrawal,93.69193667472634,1341.9834444773046,2025-01-03 10:48:01.196425,0,
453,deposit,911.9202724953204,4941.288564268744,2025-01-03 10:59:01.196425,0,
454,withdrawal,332.7284359201146,1786.1340636773423,2025-01-03 11:17:01.196425,0,
455,deposit,803.1455419179207,5898.261054557712,2025-01-03 11:40:01.196425,0,
456,deposit,942.116122547965,2706.112815078467,2025-01-03 11:50:01.196425,0,
456,password_change,0.0,2706.112815078467,2025-01-03 11:58:01.196425,0,
457,deposit,205.14498082930584,4697.29630027969,2025-01-03 12:25:01.196425,0,
457,phone_change,0.0,4697.29630027969,2025-01-03 12:52:01.196425,0,
458,deposit,600.97888068527,4304.5929344848155,2025-01-03 13:08:01.196425,0,
459,deposit,461.12182310186824,2672.760999147548,2025-01-03 13:14:01.196425,0,
460,withdrawal,353.035798062449,2086.2443590417915,2025-01-03 13:43:01.196425,0,
461,deposit,614.9916583032251,7337.976486375223,2025-01-03 13:46:01.196425,0,
462,deposit,692.517044757527,3213.205026754627,2025-01-03 14:08:01.196425,0,
463,withdrawal,51.19017452291427,2277.818971611095,2025-01-03 14:34:01.196425,0,
464,deposit,471.99791971724187,3448.714071413245,2025-01-03 14:57:01.196425,0,
465,deposit,634.6707764183893,5822.685040621079,2025-01-03 15:15:01.196425,0,
466,withdrawal,376.51168946278733,2122.930798585696,2025-01-03 15:37:01.196425,0,
467,withdrawal,348.9155960424051,4431.399649239715,2025-01-03 15:50:01.196425,0,
468,deposit,988.2801566631637,5443.25332591905,2025-01-03 16:16:01.196425,0,
469,deposit,385.7846748217073,4607.606246574889,2025-01-03 16:26:01.196425,0,
470,withdrawal,58.13025660147987,2657.631234759643,2025-01-03 16:41:01.196425,0,
470,phone_change,0.0,2657.631234759643,2025-01-03 16:55:01.196425,0,
471,deposit,230.9277139396471,1824.3372385220318,2025-01-03 17:22:01.196425,0,
472,withdrawal,317.8282567095202,2708.111744495052,2025-01-03 17:42:01.196425,0,
473,deposit,688.8190843089318,6727.007340189326,2025-01-03 17:59:01.196425,0,
474,deposit,993.7896626110676,1998.138556237888,2025-01-03 18:08:01.196425,0,
474,email_change,0.0,1998.138556237888,2025-01-03 18:30:01.196425,0,
475,withdrawal,482.8106863095869,4752.189028118519,2025-01-03 18:33:01.196425,0,
475,email_change,0.0,4752.189028118519,2025-01-03 18:34:01.196425,0,
476,deposit,861.9773745393708,2346.912035184616,2025-01-03 18:49:01.196425,0,
477,deposit,550.4244700581165,2078.325856810295,2025-01-03 19:03:01.196425,0,
477,email_change,0.0,2078.325856810295,2025-01-03 19:24:01.196425,0,
478,withdrawal,346.32470160863005,4621.750998397669,2025-01-03 19:33:01.196425,0,
479,withdrawal,387.5093672979353,3422.473302409877,2025-01-03 19:42:01.196425,0,
479,phone_change,0.0,3422.473302409877,2025-01-03 19:50:01.196425,0,
480,withdrawal,70.29432560022609,3262.250989767333,2025-01-03 19:57:01.196425,0,
481,deposit,751.9664007191079,3080.5767892610456,2025-01-03 20:11:01.196425,0,
482,deposit,101.333526621803,1461.3354945854167,2025-01-03 20:25:01.196425,0,
483,withdrawal,437.5890134261419,718.6369682248212,2025-01-03 20:53:01.196425,0,
484,withdrawal,73.55187263423339,2197.019199011399,2025-01-03 21:11:01.196425,0,
485,deposit,733.4566595900778,4236.861011683763,2025-01-03 21:27:01.196425,0,
486,withdrawal,245.59363750314955,2070.0460999430748,2025-01-03 21:48:01.196425,0,
486,phone_change,0.0,2070.0460999430748,2025-01-03 21:52:01.196425,0,
487,deposit,280.28940915523054,2760.2791578573892,2025-01-03 22:11:01.196425,0,
488,withdrawal,265.04221864749144,696.5340590343333,2025-01-03 22:21:01.196425,0,
488,email_change,0.0,696.5340590343333,2025-01-03 22:51:01.196425,0,
489,withdrawal,307.3891544092934,2217.467017445637,2025-01-03 23:16:01.196425,0,
490,withdrawal,328.58341783319094,3012.0407585971902,2025-01-03 23:37:01.196425,0,
491,withdrawal,480.2879590449773,4448.581220551778,2025-01-04 00:01:01.196425,0,
492,withdrawal,280.659868707331,1572.2894341215701,2025-01-04 00:31:01.196425,0,
493,withdrawal,265.9893486743632,3771.4199563777925,2025-01-04 00:34:01.196425,0,
494,deposit,533.5891601834926,3526.940498443775,2025-01-04 00:55:01.196425,0,
494,email_change,0.0,3526.940498443775,2025-01-04 01:13:01.196425,0,
495,deposit,337.75546423736256,3840.016637596033,2025-01-04 01:19:01.196425,0,
496,withdrawal,488.6203081867034,5462.859937264148,2025-01-04 01:25:01.196425,0,
497,deposit,727.906172597288,1889.7867827142777,2025-01-04 01:30:01.196425,0,
498,withdrawal,208.62698736635724,1341.268476941443,2025-01-04 01:38:01.196425,0,
499,withdrawal,396.60156442554245,2269.878549399156,2025-01-04 02:07:01.196425,0,
500,withdrawal,428.2039180337804,6459.039276960656,2025-01-04 02:25:01.196425,0,
500,password_change,0.0,6459.039276960656,2025-01-04 02:44:01.196425,0,
501,deposit,560.7786080204332,3539.452194113292,2025-01-04 03:07:01.196425,0,
501,phone_change,0.0,3539.452194113292,2025-01-04 03:21:01.196425,0,
502,withdrawal,356.18584316538835,1587.780245303998,2025-01-04 03:29:01.196425,0,
503,deposit,885.9689177418109,4175.45346178557,2025-01-04 03:36:01.196425,0,
504,deposit,698.7334625464799,4004.0840097502532,2025-01-04 03:49:01.196425,0,
505,withdrawal,460.37552415155926,2687.1446018547294,2025-01-04 03:51:01.196425,0,
506,withdrawal,482.973431758168,1204.6635958323077,2025-01-04 04:00:01.196425,0,
506,password_change,0.0,1204.6635958323077,2025-01-04 04:12:01.196425,0,
507,deposit,116.39649355428175,3523.843885245912,2025-01-04 04:33:01.196425,0,
508,withdrawal,88.40643706463949,2460.364940539997,2025-01-04 04:37:01.196425,0,
509,deposit,124.44718833439356,4643.308602584297,2025-01-04 04:47:01.196425,0,
510,deposit,542.7939189053578,811.9492008397175,2025-01-04 04:54:01.196425,0,
511,deposit,847.9088163928972,7399.558488980059,2025-01-04 05:22:01.196425,0,
512,deposit,831.1885503776095,4223.709633955265,2025-01-04 05:45:01.196425,0,
513,deposit,701.9702731622822,5558.170553986069,2025-01-04 06:14:01.196425,0,
514,deposit,248.09786564161288,4897.056502779503,2025-01-04 06:43:01.196425,0,
515,withdrawal,375.1859165962699,1659.4743555960933,2025-01-04 06:45:01.196425,0,
516,deposit,330.1520652424583,4825.500971626323,2025-01-04 06:56:01.196425,0,
517,deposit,351.4453364434545,2423.169057925498,2025-01-04 07:10:01.196425,0,
518,deposit,223.14254971072063,3226.3149376143283,2025-01-04 07:23:01.196425,0,
519,deposit,580.0680256990966,1687.7896798609033,2025-01-04 07:38:01.196425,0,
520,deposit,183.50593903761907,1732.9696966213019,2025-01-04 07:47:01.196425,0,
521,deposit,914.3071430373178,5576.152905283617,2025-01-04 08:12:01.196425,0,
522,deposit,679.4351580599039,5056.92305427979,2025-01-04 08:18:01.196425,0,
523,withdrawal,462.0345288327349,3514.0752070877597,2025-01-04 08:24:01.196425,0,
523,phone_change,0.0,3514.0752070877597,2025-01-04 08:39:01.196425,0,
524,deposit,696.9374789746857,3443.605371896913,2025-01-04 09:02:01.196425,0,
524,phone_change,0.0,3443.605371896913,2025-01-04 09:20:01.196425,0,
525,deposit,670.2661572319988,2775.888626473936,2025-01-04 09:34:01.196425,0,
526,deposit,172.35998903886224,2412.450150695253,2025-01-04 10:00:01.196425,0,
527,deposit,996.3904751979284,3997.447436628024,2025-01-04 10:12:01.196425,0,
528,withdrawal,116.9514635962519,4802.477210869724,2025-01-04 10:40:01.196425,0,
529,deposit,339.69236208594504,5557.75145915027,2025-01-04 11:07:01.196425,0,
530,withdrawal,378.77108582164425,6510.919388949762,2025-01-04 11:19:01.196425,0,
531,withdrawal,72.22918823774523,3753.0169500010174,2025-01-04 11:38:01.196425,0,
532,deposit,545.5252684477654,3735.0089393854505,2025-01-04 11:58:01.196425,0,
533,withdrawal,246.2525007773015,5265.940115247443,2025-01-04 12:26:01.196425,0,
534,deposit,939.4218045670322,2742.7674301793495,2025-01-04 12:42:01.196425,0,
535,withdrawal,449.20717907074015,3387.4783102449023,2025-01-04 13:09:01.196425,0,
535,password_change,0.0,3387.4783102449023,2025-01-04 13:29:01.196425,0,
536,deposit,929.4945987132294,4575.289786659665,2025-01-04 13:52:01.196425,0,
537,deposit,638.4139196458709,6297.692286715232,2025-01-04 13:54:01.196425,0,
538,withdrawal,109.28418312739964,2789.402850757604,2025-01-04 14:06:01.196425,0,
539,withdrawal,122.14729012669464,2228.775541420867,2025-01-04 14:27:01.196425,0,
540,withdrawal,453.93516057892003,4457.75203370509,2025-01-04 14:39:01.196425,0,
541,withdrawal,264.14063649876323,4238.820435268207,2025-01-04 14:51:01.196425,0,
542,deposit,819.5899782488505,4998.5962939808705,2025-01-04 15:05:01.196425,0,
543,deposit,411.19583012506143,5219.296360132691,2025-01-04 15:11:01.196425,0,
544,deposit,673.8370332241955,4016.089766883545,2025-01-04 15:38:01.196425,0,
545,deposit,148.69270357185533,3904.678206902146,2025-01-04 15:46:01.196425,0,
545,email_change,0.0,3904.678206902146,2025-01-04 16:10:01.196425,0,
546,withdrawal,467.11475292285735,1823.206368552259,2025-01-04 16:14:01.196425,0,
547,deposit,177.23224315943085,2790.1740488913097,2025-01-04 16:17:01.196425,0,
548,deposit,119.58639884809686,4540.524455488917,2025-01-04 16:27:01.196425,0,
549,withdrawal,128.2062420111639,1556.765976916131,2025-01-04 16:44:01.196425,0,
549,email_change,0.0,1556.765976916131,2025-01-04 17:07:01.196425,0,
550,deposit,102.03044876200177,3378.685679934027,2025-01-04 17:10:01.196425,0,
551,withdrawal,352.8278834921398,4447.473559489985,2025-01-04 17:26:01.196425,0,
552,withdrawal,334.8868388014729,4642.859427342549,2025-01-04 17:35:01.196425,0,
552,email_change,0.0,4642.859427342549,2025-01-04 18:04:01.196425,0,
553,withdrawal,365.1977393501428,1840.0572678633284,2025-01-04 18:09:01.196425,0,
553,email_change,0.0,1840.0572678633284,2025-01-04 18:10:01.196425,0,
554,deposit,275.8777296568089,6165.765114893144,2025-01-04 18:12:01.196425,0,
555,withdrawal,71.97283581506417,1724.256178590348,2025-01-04 18:36:01.196425,0,
556,deposit,408.1003922908594,2670.937327486678,2025-01-04 19:02:01.196425,0,
557,withdrawal,268.5111695824879,4659.6152813360795,2025-01-04 19:20:01.196425,0,
557,email_change,0.0,4659.6152813360795,2025-01-04 19:44:01.196425,0,
558,withdrawal,77.00305228751736,4797.363539239828,2025-01-04 19:54:01.196425,0,
558,phone_change,0.0,4797.363539239828,2025-01-04 20:06:01.196425,0,
559,withdrawal,312.45539712036157,5297.169083026558,2025-01-04 20:10:01.196425,0,
560,deposit,549.4822504183975,2980.2425607887412,2025-01-04 20:23:01.196425,0,
561,deposit,823.3411902816867,4727.805447973228,2025-01-04 20:31:01.196425,0,
562,deposit,837.943489041842,4069.9728378233854,2025-01-04 20:41:01.196425,0,
563,withdrawal,136.02010552830203,3926.487700914531,2025-01-04 20:45:01.196425,0,
564,deposit,113.78545344451672,5408.53349808583,2025-01-04 20:52:01.196425,0,
565,deposit,690.6789964022505,7196.303521328669,2025-01-04 21:16:01.196425,0,
566,withdrawal,90.92449220817907,3540.9616431509094,2025-01-04 21:19:01.196425,0,
566,password_change,0.0,3540.9616431509094,2025-01-04 21:38:01.196425,0,
567,deposit,367.02415408916596,5371.209397682819,2025-01-04 21:47:01.196425,0,
568,withdrawal,295.51955789230675,5143.559611116688,2025-01-04 22:04:01.196425,0,
569,deposit,658.2361662465572,5951.136410939575,2025-01-04 22:20:01.196425,0,
569,phone_change,0.0,5951.136410939575,2025-01-04 22:42:01.196425,0,
570,withdrawal,309.69665200883315,4011.55960479747,2025-01-04 22:50:01.196425,0,
571,deposit,942.0493781166174,3327.2104283996914,2025-01-04 23:17:01.196425,0,
572,withdrawal,254.5498157925054,3644.623305428859,2025-01-04 23:28:01.196425,0,
572,email_change,0.0,3644.623305428859,2025-01-04 23:32:01.196425,0,
573,withdrawal,202.59855405888652,2716.5533803975222,2025-01-04 23:50:01.196425,0,
574,withdrawal,392.4683228790854,2070.9988944832967,2025-01-05 00:00:01.196425,0,
575,withdrawal,62.925512827782335,6009.363495768525,2025-01-05 00:07:01.196425,0,
576,withdrawal,169.0863956210241,3607.635022979013,2025-01-05 00:08:01.196425,0,
577,withdrawal,446.5596547308768,4128.574427063627,2025-01-05 00:16:01.196425,0,
578,withdrawal,389.0289783317765,2976.8235535650338,2025-01-05 00:28:01.196425,0,
579,deposit,747.1162520362849,3759.9780442026868,2025-01-05 00:37:01.196425,0,
580,withdrawal,157.41769866831268,1454.5765853565833,2025-01-05 00:59:01.196425,0,
581,deposit,124.5570533117745,3486.4053476255117,2025-01-05 01:29:01.196425,0,
582,deposit,462.22822011876445,5886.568537613817,2025-01-05 01:43:01.196425,0,
583,deposit,343.4681870301644,3530.8694972731073,2025-01-05 01:52:01.196425,0,
584,withdrawal,121.91423243759017,5248.09923069183,2025-01-05 02:00:01.196425,0,
585,deposit,161.86600022653022,5609.107037641834,2025-01-05 02:22:01.196425,0,
586,withdrawal,477.1380711822331,1799.718698493512,2025-01-05 02:23:01.196425,0,
586,email_change,0.0,1799.718698493512,2025-01-05 02:48:01.196425,0,
587,deposit,887.3375287865607,3574.562860347288,2025-01-05 03:14:01.196425,0,
588,deposit,865.7299237752973,6147.767658595845,2025-01-05 03:24:01.196425,0,
589,deposit,261.5570133195668,5025.883053737959,2025-01-05 03:31:01.196425,0,
590,withdrawal,68.42106076021453,1286.5184383487322,2025-01-05 03:45:01.196425,0,
591,deposit,553.5522705116015,4616.241405369595,2025-01-05 04:13:01.196425,0,
592,deposit,766.8204451273352,2935.267372605971,2025-01-05 04:39:01.196425,0,
593,withdrawal,429.34623833040314,853.7122444927052,2025-01-05 04:53:01.196425,0,
594,withdrawal,108.60989294886038,2810.2279100897754,2025-01-05 05:12:01.196425,0,
594,password_change,0.0,2810.2279100897754,2025-01-05 05:39:01.196425,0,
595,deposit,726.5727893125311,5587.445807155025,2025-01-05 05:48:01.196425,0,
596,deposit,237.186771976453,4750.492246187486,2025-01-05 05:57:01.196425,0,
597,withdrawal,162.8152058514773,5925.208937831527,2025-01-05 06:07:01.196425,0,
598,withdrawal,403.04912508503685,2419.863497229062,2025-01-05 06:16:01.196425,0,
599,withdrawal,398.0611408142425,1321.105496088346,2025-01-05 06:40:01.196425,0,
599,password_change,0.0,1321.105496088346,2025-01-05 07:00:01.196425,0,
600,withdrawal,180.0168888803808,4815.0561702537,2025-01-05 07:30:01.196425,0,
601,deposit,936.0204913512601,5892.316637417135,2025-01-05 07:38:01.196425,0,
602,deposit,821.3269358183302,4060.042821028471,2025-01-05 07:41:01.196425,0,
603,deposit,409.1763577230806,3506.3707764884457,2025-01-05 07:56:01.196425,0,
604,deposit,218.14449660637072,4967.501410682497,2025-01-05 08:24:01.196425,0,
605,deposit,494.0680224874381,2697.3050985751584,2025-01-05 08:47:01.196425,0,
605,password_change,0.0,2697.3050985751584,2025-01-05 09:06:01.196425,0,
606,deposit,450.9405341981486,4588.764756938663,2025-01-05 09:12:01.196425,0,
607,deposit,578.1377322747234,3894.1578135388027,2025-01-05 09:19:01.196425,0,
607,phone_change,0.0,3894.1578135388027,2025-01-05 09:40:01.196425,0,
608,deposit,148.54823883229025,5165.4605070440175,2025-01-05 10:09:01.196425,0,
609,deposit,108.4744541257034,2792.7928402305984,2025-01-05 10:34:01.196425,0,
610,deposit,880.966345478622,2713.469142662376,2025-01-05 10:52:01.196425,0,
611,deposit,101.43204299786026,5048.4147787834645,2025-01-05 11:03:01.196425,0,
612,deposit,512.4879370683245,6580.158856173968,2025-01-05 11:13:01.196425,0,
613,withdrawal,276.41178073491415,2065.3237423593555,2025-01-05 11:29:01.196425,0,
614,withdrawal,310.42885627147916,2968.5655483534297,2025-01-05 11:44:01.196425,0,
614,password_change,0.0,2968.5655483534297,2025-01-05 11:51:01.196425,0,
615,deposit,359.0253444234079,6624.352225489787,2025-01-05 12:15:01.196425,0,
616,deposit,148.09620848131766,4600.146159277205,2025-01-05 12:34:01.196425,0,
617,deposit,558.6460912089509,5370.781745419751,2025-01-05 12:49:01.196425,0,
618,deposit,692.4083074831077,4483.958217976363,2025-01-05 13:18:01.196425,0,
619,withdrawal,437.03578197170697,6230.298568901754,2025-01-05 13:40:01.196425,0,
619,password_change,0.0,6230.298568901754,2025-01-05 14:02:01.196425,0,
620,withdrawal,497.26325309831464,956.4198906371314,2025-01-05 14:09:01.196425,0,
621,deposit,137.90114243936011,4950.456117897881,2025-01-05 14:33:01.196425,0,
622,withdrawal,256.3067417893362,1652.5717029235714,2025-01-05 14:56:01.196425,0,
622,email_change,0.0,1652.5717029235714,2025-01-05 15:18:01.196425,0,
623,withdrawal,311.1273834960982,4151.732147035775,2025-01-05 15:41:01.196425,0,
624,deposit,899.7715049074226,5510.863117399261,2025-01-05 16:08:01.196425,0,
625,withdrawal,495.87432483137013,798.3754207684376,2025-01-05 16:27:01.196425,0,
625,password_change,0.0,798.3754207684376,2025-01-05 16:30:01.196425,0,
626,withdrawal,132.13029512511412,4128.888836724431,2025-01-05 16:37:01.196425,0,
627,withdrawal,472.8640841542221,549.427831749184,2025-01-05 16:41:01.196425,0,
628,deposit,748.5045214248046,4542.817709899436,2025-01-05 16:57:01.196425,0,
629,deposit,775.3968092084789,3316.8855584664184,2025-01-05 17:24:01.196425,0,
630,deposit,794.0455837493158,5659.091694923971,2025-01-05 17:40:01.196425,0,
630,email_change,0.0,5659.091694923971,2025-01-05 17:50:01.196425,0,
631,withdrawal,314.01196326890766,2626.7185294019296,2025-01-05 18:09:01.196425,0,
631,email_change,0.0,2626.7185294019296,2025-01-05 18:33:01.196425,0,
632,deposit,639.8278295002742,1451.4868696185945,2025-01-05 18:39:01.196425,0,
633,deposit,363.4683222857332,3380.5245887166675,2025-01-05 18:59:01.196425,0,
634,deposit,559.4451979204363,7636.364583463818,2025-01-05 19:08:01.196425,0,
635,withdrawal,440.60595018910965,4733.744203533685,2025-01-05 19:18:01.196425,0,
636,deposit,989.6622916109435,3588.833233701667,2025-01-05 19:25:01.196425,0,
637,withdrawal,470.3430728151579,4626.426719380936,2025-01-05 19:29:01.196425,0,
638,withdrawal,234.1026004798016,4661.688471335372,2025-01-05 19:31:01.196425,0,
639,deposit,311.5094794345622,5318.965631225166,2025-01-05 19:40:01.196425,0,
640,withdrawal,106.65213613639445,2189.924294875064,2025-01-05 19:48:01.196425,0,
641,withdrawal,437.995086626178,1048.49078781958,2025-01-05 19:51:01.196425,0,
642,deposit,279.8619833766064,5944.605773443819,2025-01-05 20:17:01.196425,0,
643,deposit,347.07784159170296,3057.4334701443317,2025-01-05 20:45:01.196425,0,
644,withdrawal,396.7317617131724,3541.2934167800604,2025-01-05 21:05:01.196425,0,
645,deposit,610.3118778794434,2924.624009788542,2025-01-05 21:35:01.196425,0,
645,password_change,0.0,2924.624009788542,2025-01-05 21:47:01.196425,0,
646,deposit,473.1069504989108,2570.5825369287254,2025-01-05 22:16:01.196425,0,
646,phone_change,0.0,2570.5825369287254,2025-01-05 22:30:01.196425,0,
647,deposit,370.33033838209235,4240.677693931004,2025-01-05 22:34:01.196425,0,
648,deposit,865.9771375631899,6652.4597213825955,2025-01-05 22:39:01.196425,0,
649,withdrawal,365.4398961184829,4296.0508659925035,2025-01-05 23:01:01.196425,0,
650,deposit,971.6440672397134,6761.444033103649,2025-01-05 23:19:01.196425,0,
651,deposit,149.85615331925388,3814.1099750685767,2025-01-05 23:44:01.196425,0,
652,deposit,512.171892521098,4949.774355414988,2025-01-05 23:59:01.196425,0,
653,deposit,195.00748585487793,3103.7555661196284,2025-01-06 00:06:01.196425,0,
654,deposit,775.4953875654825,2483.2401541328086,2025-01-06 00:13:01.196425,0,
655,withdrawal,165.44371026060622,4532.126766782406,2025-01-06 00:35:01.196425,0,
655,password_change,0.0,4532.126766782406,2025-01-06 00:40:01.196425,0,
656,withdrawal,359.9366415804218,4921.940481321107,2025-01-06 01:01:01.196425,0,
656,password_change,0.0,4921.940481321107,2025-01-06 01:20:01.196425,0,
657,deposit,187.46886132783803,4258.010922807769,2025-01-06 01:47:01.196425,0,
658,withdrawal,186.50596668534112,3831.3928423114858,2025-01-06 02:13:01.196425,0,
659,deposit,916.7310292494498,6102.222073222285,2025-01-06 02:28:01.196425,0,
660,deposit,347.24683602054506,3332.3300889182274,2025-01-06 02:51:01.196425,0,
660,password_change,0.0,3332.3300889182274,2025-01-06 03:03:01.196425,0,
661,deposit,327.8854113004399,6653.274248705053,2025-01-06 03:11:01.196425,0,
662,withdrawal,128.63952158169766,1780.8241337970792,2025-01-06 03:34:01.196425,0,
662,email_change,0.0,1780.8241337970792,2025-01-06 03:41:01.196425,0,
663,deposit,418.675525092454,4241.008446882873,2025-01-06 03:47:01.196425,0,
664,withdrawal,73.00181565065462,3991.478360426603,2025-01-06 04:16:01.196425,0,
665,deposit,102.08818240043254,3853.4094782768257,2025-01-06 04:32:01.196425,0,
666,deposit,920.307749885755,3530.1847637179285,2025-01-06 05:00:01.196425,0,
666,phone_change,0.0,3530.1847637179285,2025-01-06 05:23:01.196425,0,
667,withdrawal,332.2576243177185,688.5272553709411,2025-01-06 05:35:01.196425,0,
668,withdrawal,91.26289859017919,4741.471610352175,2025-01-06 05:45:01.196425,0,
669,deposit,753.9107543627175,3685.5025714259205,2025-01-06 06:12:01.196425,0,
670,withdrawal,389.6742383177754,4239.229388183302,2025-01-06 06:35:01.196425,0,
670,email_change,0.0,4239.229388183302,2025-01-06 07:00:01.196425,0,
671,deposit,289.37046164531864,5762.043930826652,2025-01-06 07:28:01.196425,0,
672,deposit,347.0202390304501,5717.447677127199,2025-01-06 07:37:01.196425,0,
673,withdrawal,344.5632910853128,3455.336715819062,2025-01-06 07:48:01.196425,0,
674,deposit,788.0083744153196,5395.840069894395,2025-01-06 07:57:01.196425,0,
675,deposit,742.6929390887451,4400.6296931092065,2025-01-06 08:01:01.196425,0,
676,deposit,960.7336512135572,3216.7571607938025,2025-01-06 08:14:01.196425,0,
677,withdrawal,163.56801951087039,3080.7824553452347,2025-01-06 08:17:01.196425,0,
677,phone_change,0.0,3080.7824553452347,2025-01-06 08:28:01.196425,0,
678,deposit,756.5149044985117,2407.230145092348,2025-01-06 08:40:01.196425,0,
678,phone_change,0.0,2407.230145092348,2025-01-06 08:59:01.196425,0,
679,deposit,907.5526657791913,4220.982319630905,2025-01-06 09:25:01.196425,0,
680,deposit,632.1539476020638,4252.058124170727,2025-01-06 09:44:01.196425,0,
681,deposit,622.0567115711806,1428.0542829589995,2025-01-06 09:46:01.196425,0,
682,withdrawal,256.8335450077983,2878.2934731891064,2025-01-06 10:15:01.196425,0,
682,password_change,0.0,2878.2934731891064,2025-01-06 10:42:01.196425,0,
683,withdrawal,431.72438423220467,1391.992117352087,2025-01-06 11:04:01.196425,0,
684,deposit,333.1721365910176,2494.191484417268,2025-01-06 11:22:01.196425,0,
685,withdrawal,402.9132145592969,5069.4764202249935,2025-01-06 11:27:01.196425,0,
686,deposit,511.94907046710915,2692.4710344648406,2025-01-06 11:57:01.196425,0,
687,deposit,802.6682459693628,5745.8941587781355,2025-01-06 12:18:01.196425,0,
688,deposit,958.106711046692,4643.3987706947055,2025-01-06 12:26:01.196425,0,
689,withdrawal,329.45800157862624,1488.2146973216156,2025-01-06 12:37:01.196425,0,
690,withdrawal,132.20815093356023,2857.4542734656357,2025-01-06 12:59:01.196425,0,
691,deposit,740.925141232426,3631.020110137395,2025-01-06 13:29:01.196425,0,
692,deposit,179.0939430665936,4262.912106224476,2025-01-06 13:38:01.196425,0,
693,deposit,344.118780696612,4770.944759363181,2025-01-06 14:05:01.196425,0,
693,email_change,0.0,4770.944759363181,2025-01-06 14:32:01.196425,0,
694,deposit,154.95377325952222,2813.0673801303674,2025-01-06 14:48:01.196425,0,
695,withdrawal,328.4279958789109,5913.593682352408,2025-01-06 14:53:01.196425,0,
696,deposit,400.05620072045565,2892.8505872729306,2025-01-06 15:09:01.196425,0,
697,withdrawal,87.75891696223086,3181.6951420215546,2025-01-06 15:39:01.196425,0,
698,withdrawal,232.5680692396472,3755.7457340860806,2025-01-06 16:07:01.196425,0,
699,deposit,340.4798945591216,3801.3434281076397,2025-01-06 16:24:01.196425,0,
700,deposit,341.50017850465275,3064.9899748979533,2025-01-06 16:28:01.196425,0,
701,deposit,371.0283601496516,3167.206736712903,2025-01-06 16:34:01.196425,0,
702,deposit,930.6847896268408,7423.712739525401,2025-01-06 17:00:01.196425,0,
703,deposit,465.5370109993135,3468.092672481879,2025-01-06 17:16:01.196425,0,
704,withdrawal,425.1133128718517,5218.5176531627,2025-01-06 17:44:01.196425,0,
704,email_change,0.0,5218.5176531627,2025-01-06 18:11:01.196425,0,
705,withdrawal,256.7234172914622,4447.627609018741,2025-01-06 18:33:01.196425,0,
706,deposit,330.5052197731421,5054.446138777012,2025-01-06 19:01:01.196425,0,
707,deposit,208.17104450297262,1954.164228916017,2025-01-06 19:20:01.196425,0,
707,email_change,0.0,1954.164228916017,2025-01-06 19:46:01.196425,0,
708,deposit,859.0968616530841,3754.158432652347,2025-01-06 19:51:01.196425,0,
709,deposit,354.79808278056674,6485.337727405624,2025-01-06 20:03:01.196425,0,
710,withdrawal,273.272940551985,2385.4310306383504,2025-01-06 20:27:01.196425,0,
711,deposit,391.01728015692487,3516.253895689814,2025-01-06 20:54:01.196425,0,
711,phone_change,0.0,3516.253895689814,2025-01-06 21:14:01.196425,0,
712,withdrawal,109.77702404981002,4296.151316811882,2025-01-06 21:21:01.196425,0,
712,password_change,0.0,4296.151316811882,2025-01-06 21:36:01.196425,0,
713,deposit,884.3022476829289,3543.357511158429,2025-01-06 21:47:01.196425,0,
714,withdrawal,397.30349106272854,3093.7619092732975,2025-01-06 21:53:01.196425,0,
715,withdrawal,75.64599611402011,4449.786086238345,2025-01-06 21:55:01.196425,0,
716,deposit,547.0206805372367,3755.5381534543267,2025-01-06 22:20:01.196425,0,
717,deposit,228.2941347460423,5517.827731979771,2025-01-06 22:46:01.196425,0,
718,withdrawal,314.73626849990166,2362.6903450914865,2025-01-06 23:10:01.196425,0,
718,email_change,0.0,2362.6903450914865,2025-01-06 23:39:01.196425,0,
719,deposit,882.7196112411261,5698.032973465488,2025-01-06 23:47:01.196425,0,
719,password_change,0.0,5698.032973465488,2025-01-07 00:02:01.196425,0,
720,withdrawal,295.21118469459486,3654.3691865169126,2025-01-07 00:09:01.196425,0,
721,withdrawal,86.18299304815693,3100.9508366539403,2025-01-07 00:35:01.196425,0,
721,email_change,0.0,3100.9508366539403,2025-01-07 00:57:01.196425,0,
722,withdrawal,478.0086612111326,5257.620380062709,2025-01-07 01:01:01.196425,0,
723,withdrawal,183.43163467990905,5141.584020708922,2025-01-07 01:07:01.196425,0,
724,withdrawal,452.7848672564977,841.5948300310737,2025-01-07 01:20:01.196425,0,
725,deposit,905.7281685021437,3603.516126616577,2025-01-07 01:31:01.196425,0,
726,deposit,339.9681730052806,4944.681589626396,2025-01-07 02:01:01.196425,0,
727,withdrawal,83.02653233960278,4717.679266987692,2025-01-07 02:15:01.196425,0,
727,phone_change,0.0,4717.679266987692,2025-01-07 02:35:01.196425,0,
728,withdrawal,390.3315138093808,2259.905234103362,2025-01-07 03:02:01.196425,0,
729,withdrawal,241.2566288724716,4042.9920567808545,2025-01-07 03:14:01.196425,0,
730,deposit,436.0094791735944,1792.2215843164126,2025-01-07 03:33:01.196425,0,
731,withdrawal,385.39676436060324,6003.520079379827,2025-01-07 04:01:01.196425,0,
732,withdrawal,412.16230387885037,3739.750583569583,2025-01-07 04:03:01.196425,0,
733,deposit,773.0021348470024,2054.620656883635,2025-01-07 04:20:01.196425,0,
734,withdrawal,327.0978667603761,6328.883981684406,2025-01-07 04:28:01.196425,0,
735,deposit,857.6629159043893,6317.141545615095,2025-01-07 04:57:01.196425,0,
735,phone_change,0.0,6317.141545615095,2025-01-07 05:08:01.196425,0,
736,withdrawal,84.5862368038479,1138.1507717881186,2025-01-07 05:09:01.196425,0,
737,deposit,401.174904282632,4281.910046777902,2025-01-07 05:10:01.196425,0,
737,phone_change,0.0,4281.910046777902,2025-01-07 05:28:01.196425,0,
738,deposit,675.6105082884125,6834.586440100783,2025-01-07 05:46:01.196425,0,
738,phone_change,0.0,6834.586440100783,2025-01-07 06:03:01.196425,0,
739,deposit,548.0592717064525,4086.456773163349,2025-01-07 06:14:01.196425,0,
740,deposit,678.2432743588332,2955.3277190854733,2025-01-07 06:36:01.196425,0,
741,withdrawal,126.45581598342476,1260.4524077635083,2025-01-07 06:45:01.196425,0,
742,deposit,574.9556131489196,3713.4664147517933,2025-01-07 07:15:01.196425,0,
743,withdrawal,188.30984418128205,3669.7046287976177,2025-01-07 07:39:01.196425,0,
744,deposit,326.12673295168065,3330.2099068252946,2025-01-07 07:43:01.196425,0,
745,withdrawal,276.59869911923204,1596.5492437080852,2025-01-07 08:05:01.196425,0,
745,phone_change,0.0,1596.5492437080852,2025-01-07 08:07:01.196425,0,
746,withdrawal,82.73174548388548,3488.0425075291882,2025-01-07 08:21:01.196425,0,
747,deposit,861.9829157084994,5154.5859473319915,2025-01-07 08:39:01.196425,0,
748,deposit,271.8326982191652,4347.356169513578,2025-01-07 09:03:01.196425,0,
749,deposit,116.79024814089172,5349.211768265579,2025-01-07 09:07:01.196425,0,
750,withdrawal,53.878003722961665,4013.552557528171,2025-01-07 09:29:01.196425,0,
751,deposit,501.1119874661958,6444.335536616995,2025-01-07 09:43:01.196425,0,
752,deposit,980.4908698762588,4933.51356985343,2025-01-07 10:07:01.196425,0,
752,password_change,0.0,4933.51356985343,2025-01-07 10:28:01.196425,0,
753,deposit,462.2465184232884,5362.852708513579,2025-01-07 10:55:01.196425,0,
753,password_change,0.0,5362.852708513579,2025-01-07 11:14:01.196425,0,
754,withdrawal,129.82284703664916,5657.301474740506,2025-01-07 11:42:01.196425,0,
754,password_change,0.0,5657.301474740506,2025-01-07 11:54:01.196425,0,
755,withdrawal,436.54670899444477,3049.698163947349,2025-01-07 12:00:01.196425,0,
756,withdrawal,345.8347888029955,2132.245568973075,2025-01-07 12:07:01.196425,0,
756,phone_change,0.0,2132.245568973075,2025-01-07 12:24:01.196425,0,
757,deposit,604.724324871895,5127.521983895439,2025-01-07 12:34:01.196425,0,
758,deposit,247.77605816056965,2585.047598299695,2025-01-07 12:52:01.196425,0,
759,deposit,837.4026739680424,2573.0176751857725,2025-01-07 13:01:01.196425,0,
760,withdrawal,472.69651327303177,4885.469864501521,2025-01-07 13:20:01.196425,0,
761,withdrawal,366.536146044585,4165.610627515799,2025-01-07 13:36:01.196425,0,
761,password_change,0.0,4165.610627515799,2025-01-07 13:56:01.196425,0,
762,deposit,992.3683067162874,3835.8410582495067,2025-01-07 14:21:01.196425,0,
763,deposit,973.3150206210667,5082.805084726138,2025-01-07 14:45:01.196425,0,
763,email_change,0.0,5082.805084726138,2025-01-07 15:08:01.196425,0,
764,withdrawal,423.40951638141775,4109.907815455252,2025-01-07 15:25:01.196425,0,
765,deposit,398.61914321885774,5608.776019798395,2025-01-07 15:38:01.196425,0,
765,email_change,0.0,5608.776019798395,2025-01-07 15:43:01.196425,0,
766,deposit,203.45909997658305,3515.2853676195546,2025-01-07 16:12:01.196425,0,
767,withdrawal,497.0029319511123,2501.8815711456664,2025-01-07 16:14:01.196425,0,
767,phone_change,0.0,2501.8815711456664,2025-01-07 16:28:01.196425,0,
768,deposit,445.99797098541916,1717.8026528152773,2025-01-07 16:32:01.196425,0,
769,withdrawal,389.20109996107067,2179.6051960937925,2025-01-07 16:48:01.196425,0,
770,deposit,609.3169083722181,2946.0114725861567,2025-01-07 17:17:01.196425,0,
771,deposit,368.36092017729777,4598.634315725718,2025-01-07 17:36:01.196425,0,
772,withdrawal,478.3101388232368,2037.719851553733,2025-01-07 17:46:01.196425,0,
773,deposit,354.53743193196027,2455.009316659657,2025-01-07 18:10:01.196425,0,
774,withdrawal,307.82161159638923,4274.365373965623,2025-01-07 18:26:01.196425,0,
775,deposit,968.9357659638131,4964.7075864710805,2025-01-07 18:47:01.196425,0,
776,withdrawal,208.2175632444284,2515.303237315282,2025-01-07 19:07:01.196425,0,
777,withdrawal,86.81925936650447,1834.568755255762,2025-01-07 19:31:01.196425,0,
778,deposit,160.06596207716674,5394.709577677266,2025-01-07 19:42:01.196425,0,
779,deposit,210.22199007275643,5045.767196682881,2025-01-07 19:50:01.196425,0,
780,withdrawal,342.1442925942028,3364.432452694223,2025-01-07 20:10:01.196425,0,
781,deposit,443.7335264174419,4746.695148115847,2025-01-07 20:33:01.196425,0,
781,password_change,0.0,4746.695148115847,2025-01-07 20:48:01.196425,0,
782,deposit,312.9067063172919,3888.1348439133067,2025-01-07 21:10:01.196425,0,
782,email_change,0.0,3888.1348439133067,2025-01-07 21:11:01.196425,0,
783,withdrawal,331.97007763551346,5718.640123593872,2025-01-07 21:37:01.196425,0,
784,deposit,270.1436181635196,5519.298769768288,2025-01-07 21:42:01.196425,0,
785,deposit,427.978015422558,5198.941534128447,2025-01-07 21:59:01.196425,0,
786,deposit,296.1931208144568,5380.715745287639,2025-01-07 22:11:01.196425,0,
787,deposit,502.2357868054322,5986.860201252777,2025-01-07 22:24:01.196425,0,
788,withdrawal,402.808560959923,4239.397402684537,2025-01-07 22:43:01.196425,0,
789,withdrawal,454.46890940599906,3738.7927712288224,2025-01-07 22:56:01.196425,0,
789,password_change,0.0,3738.7927712288224,2025-01-07 23:22:01.196425,0,
790,deposit,443.8023893871319,2084.967711166482,2025-01-07 23:26:01.196425,0,
791,withdrawal,347.3063648790966,3132.300452730404,2025-01-07 23:42:01.196425,0,
792,deposit,452.18244498394813,1879.3642850917709,2025-01-08 00:03:01.196425,0,
792,password_change,0.0,1879.3642850917709,2025-01-08 00:26:01.196425,0,
793,deposit,440.34006383846304,4555.386026566886,2025-01-08 00:37:01.196425,0,
794,withdrawal,267.21993876224855,3258.197957884125,2025-01-08 00:53:01.196425,0,
795,withdrawal,447.80892984008364,3379.99894901387,2025-01-08 01:09:01.196425,0,
795,phone_change,0.0,3379.99894901387,2025-01-08 01:19:01.196425,0,
796,withdrawal,327.09484007485236,952.3483013389539,2025-01-08 01:35:01.196425,0,
796,phone_change,0.0,952.3483013389539,2025-01-08 01:47:01.196425,0,
797,deposit,120.2662295006012,3492.5016055708875,2025-01-08 01:57:01.196425,0,
798,deposit,452.10922839754426,4498.067913406747,2025-01-08 02:18:01.196425,0,
798,phone_change,0.0,4498.067913406747,2025-01-08 02:48:01.196425,0,
799,withdrawal,489.7940746878814,4231.50179013179,2025-01-08 02:51:01.196425,0,
800,deposit,293.50220478810496,5670.515619315559,2025-01-08 03:18:01.196425,0,
801,deposit,650.8953888445919,4240.139101282603,2025-01-08 03:29:01.196425,0,
802,deposit,466.27492507900746,2681.2229646766036,2025-01-08 03:45:01.196425,0,
803,deposit,896.2251577268803,5023.881007901149,2025-01-08 03:56:01.196425,0,
803,phone_change,0.0,5023.881007901149,2025-01-08 04:17:01.196425,0,
804,deposit,348.7353334900869,5650.239156687693,2025-01-08 04:36:01.196425,0,
804,phone_change,0.0,5650.239156687693,2025-01-08 04:49:01.196425,0,
805,deposit,508.86878796330205,3834.058243418475,2025-01-08 05:12:01.196425,0,
806,withdrawal,174.85035817791768,2951.4903049847035,2025-01-08 05:29:01.196425,0,
806,password_change,0.0,2951.4903049847035,2025-01-08 05:34:01.196425,0,
807,withdrawal,104.01997067111816,2254.355091517913,2025-01-08 05:55:01.196425,0,
808,withdrawal,295.5991676718975,882.8280232729489,2025-01-08 06:10:01.196425,0,
809,deposit,769.610026661558,4063.6276124760134,2025-01-08 06:31:01.196425,0,
810,withdrawal,260.0362423387107,3980.560759822117,2025-01-08 06:50:01.196425,0,
811,deposit,982.1380549743436,5629.357393796621,2025-01-08 06:52:01.196425,0,
812,withdrawal,368.179092501122,5439.619011310259,2025-01-08 07:04:01.196425,0,
813,deposit,985.2377870947265,3336.4667076669475,2025-01-08 07:31:01.196425,0,
813,password_change,0.0,3336.4667076669475,2025-01-08 07:37:01.196425,0,
814,deposit,114.71934904759723,1940.1291169580672,2025-01-08 07:54:01.196425,0,
815,withdrawal,416.9196296702907,3512.4201837350947,2025-01-08 08:14:01.196425,0,
816,deposit,911.0536282114276,2795.3913260082945,2025-01-08 08:22:01.196425,0,
817,withdrawal,375.195050439722,2883.973265511167,2025-01-08 08:47:01.196425,0,
817,phone_change,0.0,2883.973265511167,2025-01-08 08:48:01.196425,0,
818,withdrawal,395.49938794619914,2133.773734494791,2025-01-08 09:17:01.196425,0,
819,withdrawal,172.57411526569518,6055.897117590302,2025-01-08 09:41:01.196425,0,
820,deposit,677.7418157565172,5278.437957202972,2025-01-08 09:42:01.196425,0,
821,deposit,550.9450517314851,3718.085827914835,2025-01-08 09:56:01.196425,0,
822,withdrawal,225.50069871118538,5882.747355747567,2025-01-08 10:20:01.196425,0,
823,deposit,557.8635097861853,2735.754426758737,2025-01-08 10:34:01.196425,0,
824,deposit,785.7623551274132,6092.954243803351,2025-01-08 10:52:01.196425,0,
824,password_change,0.0,6092.954243803351,2025-01-08 11:21:01.196425,0,
825,deposit,324.12123899930646,4823.699628085826,2025-01-08 11:29:01.196425,0,
826,withdrawal,420.81446771050577,1919.178980261441,2025-01-08 11:34:01.196425,0,
827,deposit,820.8609594433616,3249.1338245820266,2025-01-08 11:42:01.196425,0,
828,withdrawal,193.07984523200173,4457.579808773223,2025-01-08 11:44:01.196425,0,
829,withdrawal,487.8910555288965,2746.1209668238585,2025-01-08 12:04:01.196425,0,
830,deposit,235.25713578200535,5115.9733641955545,2025-01-08 12:34:01.196425,0,
830,password_change,0.0,5115.9733641955545,2025-01-08 12:56:01.196425,0,
831,deposit,135.18537825518396,4368.356937393693,2025-01-08 13:00:01.196425,0,
832,deposit,749.9193834938758,2849.6879507754447,2025-01-08 13:12:01.196425,0,
833,deposit,599.2667847823079,4455.617217932156,2025-01-08 13:41:01.196425,0,
834,deposit,267.1453545150631,4427.444253460345,2025-01-08 14:04:01.196425,0,
835,withdrawal,166.3116224359546,5526.366758544184,2025-01-08 14:18:01.196425,0,
836,withdrawal,339.40809081263666,4795.447517434862,2025-01-08 14:45:01.196425,0,
837,deposit,675.1544686521046,5581.530297584672,2025-01-08 14:52:01.196425,0,
838,deposit,769.533349737002,5522.542375834551,2025-01-08 15:15:01.196425,0,
839,deposit,623.7594652376397,4465.88354928037,2025-01-08 15:39:01.196425,0,
840,deposit,694.7310630434898,2640.6645524964506,2025-01-08 16:09:01.196425,0,
841,withdrawal,238.36183203461928,3560.449705478067,2025-01-08 16:15:01.196425,0,
841,password_change,0.0,3560.449705478067,2025-01-08 16:40:01.196425,0,
842,deposit,331.5527116427421,6048.1821521267375,2025-01-08 16:46:01.196425,0,
842,email_change,0.0,6048.1821521267375,2025-01-08 17:11:01.196425,0,
843,deposit,101.61256956175073,1824.4553616729518,2025-01-08 17:27:01.196425,0,
844,withdrawal,409.1844908478293,2345.054144352619,2025-01-08 17:48:01.196425,0,
845,deposit,330.8330014942489,5530.881194502447,2025-01-08 18:17:01.196425,0,
845,phone_change,0.0,5530.881194502447,2025-01-08 18:34:01.196425,0,
846,deposit,191.1365935591053,3654.3929363883412,2025-01-08 18:58:01.196425,0,
847,withdrawal,245.10954456063786,1134.8955069563174,2025-01-08 19:28:01.196425,0,
847,email_change,0.0,1134.8955069563174,2025-01-08 19:43:01.196425,0,
848,deposit,272.3782559754697,1904.5221913321036,2025-01-08 19:52:01.196425,0,
849,deposit,136.53598280411722,3114.3988956173953,2025-01-08 20:05:01.196425,0,
849,email_change,0.0,3114.3988956173953,2025-01-08 20:15:01.196425,0,
850,deposit,147.32532611640767,1510.7554230901908,2025-01-08 20:22:01.196425,0,
851,deposit,687.7763783427133,2608.046297448899,2025-01-08 20:49:01.196425,0,
852,deposit,506.7192253701552,4281.560632980503,2025-01-08 20:54:01.196425,0,
853,deposit,803.2946984107374,3439.71862077838,2025-01-08 21:20:01.196425,0,
854,deposit,617.9910032362155,4761.819565188904,2025-01-08 21:34:01.196425,0,
855,deposit,290.2758784326012,3142.5507917313357,2025-01-08 22:00:01.196425,0,
856,deposit,269.1271052741052,4067.122435421656,2025-01-08 22:14:01.196425,0,
857,deposit,464.1169836692039,5560.4611776501315,2025-01-08 22:23:01.196425,0,
858,withdrawal,65.62558194949334,2794.881263161215,2025-01-08 22:35:01.196425,0,
858,password_change,0.0,2794.881263161215,2025-01-08 22:55:01.196425,0,
859,deposit,245.65767615431804,3696.3785988697987,2025-01-08 23:03:01.196425,0,
860,withdrawal,318.3502881095301,3519.8880754853353,2025-01-08 23:24:01.196425,0,
861,deposit,491.6901874309361,3010.558828111056,2025-01-08 23:52:01.196425,0,
862,deposit,436.5121794048772,1013.3705312782889,2025-01-09 00:07:01.196425,0,
863,deposit,499.7138081863991,6452.132869317304,2025-01-09 00:25:01.196425,0,
864,withdrawal,339.17148357976896,1869.506979623287,2025-01-09 00:26:01.196425,0,
865,withdrawal,71.44160970509829,2295.109025376485,2025-01-09 00:41:01.196425,0,
866,withdrawal,179.71279329495766,4520.770266679187,2025-01-09 01:04:01.196425,0,
867,deposit,576.8264401919583,5940.447737500999,2025-01-09 01:10:01.196425,0,
868,deposit,620.697172655936,2053.1844301822193,2025-01-09 01:30:01.196425,0,
869,withdrawal,254.631009459437,1533.426187072499,2025-01-09 01:48:01.196425,0,
870,deposit,260.2905361154317,6313.619451567153,2025-01-09 02:08:01.196425,0,
871,deposit,972.4818218435089,3823.618582099105,2025-01-09 02:22:01.196425,0,
872,deposit,532.8919893972638,2916.4185959932006,2025-01-09 02:44:01.196425,0,
872,email_change,0.0,2916.4185959932006,2025-01-09 02:45:01.196425,0,
873,deposit,207.1453281204631,1320.0744074539862,2025-01-09 02:59:01.196425,0,
874,deposit,387.3534130467356,5042.714215830803,2025-01-09 03:17:01.196425,0,
875,deposit,536.4136181343129,5405.72408368133,2025-01-09 03:22:01.196425,0,
875,email_change,0.0,5405.72408368133,2025-01-09 03:43:01.196425,0,
876,deposit,795.7275857827782,5513.507013209307,2025-01-09 03:44:01.196425,0,
877,withdrawal,499.76725857602423,5742.475158020412,2025-01-09 04:03:01.196425,0,
878,deposit,986.8119473583223,6153.124990826037,2025-01-09 04:21:01.196425,0,
879,withdrawal,226.36803007567764,3471.8521484685934,2025-01-09 04:39:01.196425,0,
880,deposit,786.6209291305909,7654.98416033309,2025-01-09 05:09:01.196425,0,
881,withdrawal,127.98604593669701,3650.079781518738,2025-01-09 05:37:01.196425,0,
882,withdrawal,159.3529986701871,1248.7342025379742,2025-01-09 05:51:01.196425,0,
883,deposit,140.52914963259394,4788.29820993389,2025-01-09 06:12:01.196425,0,
884,withdrawal,82.06130837907828,815.5371486131089,2025-01-09 06:21:01.196425,0,
885,deposit,148.12884152749913,3273.12638263994,2025-01-09 06:48:01.196425,0,
886,withdrawal,226.0685196688963,3628.401319132481,2025-01-09 07:01:01.196425,0,
887,withdrawal,376.3553043748416,4797.417220101928,2025-01-09 07:28:01.196425,0,
888,withdrawal,202.24414424415366,1790.19751844191,2025-01-09 07:35:01.196425,0,
889,deposit,450.86891110841424,3341.0233862206433,2025-01-09 07:38:01.196425,0,
890,deposit,181.6423736301671,5849.109804617698,2025-01-09 07:39:01.196425,0,
891,deposit,730.6057800254736,2976.4580495137425,2025-01-09 07:57:01.196425,0,
892,deposit,923.7761150239273,3717.4432366524306,2025-01-09 08:10:01.196425,0,
893,withdrawal,235.1305736037339,2521.9029887195024,2025-01-09 08:37:01.196425,0,
894,withdrawal,87.56801707636234,2091.5921800221877,2025-01-09 08:57:01.196425,0,
895,withdrawal,367.9132658010104,3044.9511103022332,2025-01-09 09:19:01.196425,0,
895,email_change,0.0,3044.9511103022332,2025-01-09 09:25:01.196425,0,
896,withdrawal,322.2283084597223,1605.4984824930168,2025-01-09 09:46:01.196425,0,
897,withdrawal,381.8906272107343,415.8139193450468,2025-01-09 10:08:01.196425,0,
898,withdrawal,429.4970534503733,3591.339786257576,2025-01-09 10:10:01.196425,0,
899,deposit,698.0529152693603,3650.9463629304423,2025-01-09 10:16:01.196425,0,
899,password_change,0.0,3650.9463629304423,2025-01-09 10:42:01.196425,0,
900,deposit,952.620422356016,3286.7317624923253,2025-01-09 11:08:01.196425,0,
901,deposit,839.1669299194476,3292.426622188697,2025-01-09 11:18:01.196425,0,
901,password_change,0.0,3292.426622188697,2025-01-09 11:44:01.196425,0,
902,withdrawal,497.98873339974296,3051.481654206632,2025-01-09 12:02:01.196425,0,
903,withdrawal,124.62568089802593,4763.328657574026,2025-01-09 12:28:01.196425,0,
904,deposit,593.2092267356451,2747.6226846086365,2025-01-09 12:51:01.196425,0,
905,deposit,498.74875485106105,6667.031176482996,2025-01-09 13:18:01.196425,0,
905,email_change,0.0,6667.031176482996,2025-01-09 13:46:01.196425,0,
906,withdrawal,56.60738982990677,1980.99693483618,2025-01-09 14:16:01.196425,0,
907,deposit,223.8796802412897,5169.583165003274,2025-01-09 14:31:01.196425,0,
908,deposit,425.94663881252694,1908.7927863640057,2025-01-09 14:35:01.196425,0,
909,withdrawal,416.85977334557356,1038.5115916883556,2025-01-09 14:36:01.196425,0,
910,deposit,388.250416744497,4730.586721762474,2025-01-09 14:39:01.196425,0,
911,deposit,824.5058408215725,2297.245619451328,2025-01-09 14:57:01.196425,0,
912,deposit,183.873709145908,5985.72700835844,2025-01-09 15:12:01.196425,0,
913,deposit,819.5309996624209,4966.374577465815,2025-01-09 15:29:01.196425,0,
914,deposit,667.6875035922164,2326.539779066815,2025-01-09 15:45:01.196425,0,
915,withdrawal,196.9002120676288,973.0505706963362,2025-01-09 16:00:01.196425,0,
916,deposit,923.9728857241871,3845.52970554633,2025-01-09 16:05:01.196425,0,
917,deposit,419.6453652181428,4485.648109536681,2025-01-09 16:31:01.196425,0,
918,deposit,906.2630029437248,3617.9407250927416,2025-01-09 16:35:01.196425,0,
919,withdrawal,288.3984897282301,764.7004121431326,2025-01-09 17:02:01.196425,0,
920,deposit,737.1565867606558,5798.609842056215,2025-01-09 17:09:01.196425,0,
921,withdrawal,400.06738478921875,3126.0664057262084,2025-01-09 17:36:01.196425,0,
922,withdrawal,485.627293946632,1405.7165402478513,2025-01-09 18:06:01.196425,0,
923,deposit,413.76832246107466,5783.088210844371,2025-01-09 18:11:01.196425,0,
924,withdrawal,398.21739767063127,4592.143399114035,2025-01-09 18:28:01.196425,0,
925,withdrawal,252.12341510293558,1134.0191684439367,2025-01-09 18:45:01.196425,0,
925,email_change,0.0,1134.0191684439367,2025-01-09 18:58:01.196425,0,
926,deposit,647.7465359215456,5688.331768877597,2025-01-09 19:03:01.196425,0,
927,deposit,631.8947770306083,6303.131271863232,2025-01-09 19:10:01.196425,0,
928,deposit,698.302459355477,2406.1198373579673,2025-01-09 19:29:01.196425,0,
929,withdrawal,487.4363054744811,2233.943600139031,2025-01-09 19:57:01.196425,0,
930,deposit,342.7628773879231,1471.0355894673328,2025-01-09 20:16:01.196425,0,
931,deposit,365.36727331756254,2052.074229515578,2025-01-09 20:22:01.196425,0,
932,withdrawal,83.12052195303085,2360.582863207548,2025-01-09 20:36:01.196425,0,
933,withdrawal,133.92921172483025,1321.4825238497638,2025-01-09 20:37:01.196425,0,
934,withdrawal,479.46785511447507,2941.551216295241,2025-01-09 20:57:01.196425,0,
934,password_change,0.0,2941.551216295241,2025-01-09 21:08:01.196425,0,
935,withdrawal,54.16699279758141,4301.972431823536,2025-01-09 21:29:01.196425,0,
936,withdrawal,230.4749047385309,5185.527900021444,2025-01-09 21:41:01.196425,0,
937,deposit,270.58541114991004,6409.347216158967,2025-01-09 21:53:01.196425,0,
937,password_change,0.0,6409.347216158967,2025-01-09 22:18:01.196425,0,
938,deposit,531.9101189907523,2010.850414582128,2025-01-09 22:37:01.196425,0,
939,deposit,821.1811553737228,4113.548707204308,2025-01-09 22:44:01.196425,0,
940,withdrawal,283.9025946306785,4147.706632064767,2025-01-09 22:47:01.196425,0,
941,deposit,853.0794436295193,4452.977699349749,2025-01-09 23:06:01.196425,0,
941,phone_change,0.0,4452.977699349749,2025-01-09 23:36:01.196425,0,
942,deposit,955.3490940329119,2693.4304435016097,2025-01-09 23:54:01.196425,0,
943,deposit,574.929338365702,2048.537118566257,2025-01-10 00:23:01.196425,0,
944,withdrawal,328.960559323174,3472.361308360161,2025-01-10 00:52:01.196425,0,
945,deposit,565.1470995290364,6130.396114859037,2025-01-10 00:59:01.196425,0,
946,deposit,827.0596104406867,4057.8942307684683,2025-01-10 01:25:01.196425,0,
947,withdrawal,168.4900086465707,3245.51350386774,2025-01-10 01:36:01.196425,0,
948,deposit,833.8255467748592,2353.251953814455,2025-01-10 02:02:01.196425,0,
949,withdrawal,406.0027744397639,3021.765052550768,2025-01-10 02:09:01.196425,0,
949,email_change,0.0,3021.765052550768,2025-01-10 02:23:01.196425,0,
950,deposit,599.9930470433382,4092.2259468567327,2025-01-10 02:53:01.196425,0,
951,deposit,186.45393743768182,1609.9785213504467,2025-01-10 03:08:01.196425,0,
952,withdrawal,173.09337138461137,2378.688098348487,2025-01-10 03:16:01.196425,0,
953,deposit,748.4166296721548,3730.073887772028,2025-01-10 03:29:01.196425,0,
954,withdrawal,177.1209142924644,5891.232028734682,2025-01-10 03:32:01.196425,0,
955,deposit,560.0562910883956,2377.8058157800715,2025-01-10 03:54:01.196425,0,
956,deposit,967.5457745471617,3113.692095126406,2025-01-10 04:14:01.196425,0,
957,deposit,252.1272341156198,2447.5222836249613,2025-01-10 04:25:01.196425,0,
958,withdrawal,246.04884534902672,2926.4506751351664,2025-01-10 04:36:01.196425,0,
959,deposit,615.5497062172852,3406.477475678175,2025-01-10 05:02:01.196425,0,
960,deposit,429.11494740317085,5123.442799877243,2025-01-10 05:29:01.196425,0,
960,password_change,0.0,5123.442799877243,2025-01-10 05:33:01.196425,0,
961,deposit,915.2384278997743,7577.664589898122,2025-01-10 05:41:01.196425,0,
962,withdrawal,238.31296938674492,2726.197965061635,2025-01-10 05:43:01.196425,0,
963,deposit,191.47850873376737,5480.451565099049,2025-01-10 05:55:01.196425,0,
963,phone_change,0.0,5480.451565099049,2025-01-10 06:11:01.196425,0,
964,withdrawal,297.7407393459879,4557.62829918815,2025-01-10 06:17:01.196425,0,
965,withdrawal,358.72505858262883,4235.692820859985,2025-01-10 06:37:01.196425,0,
965,password_change,0.0,4235.692820859985,2025-01-10 06:59:01.196425,0,
966,withdrawal,378.9315768879737,2248.0132934355793,2025-01-10 07:08:01.196425,0,
967,deposit,956.9599307978098,4081.566662481496,2025-01-10 07:31:01.196425,0,
968,deposit,468.33856752815296,1833.1289823194918,2025-01-10 07:54:01.196425,0,
969,deposit,539.5430004350121,5311.670593222128,2025-01-10 08:24:01.196425,0,
970,deposit,452.0847093391528,3807.5462709153962,2025-01-10 08:52:01.196425,0,
970,phone_change,0.0,3807.5462709153962,2025-01-10 09:19:01.196425,0,
971,deposit,333.8500724711099,1717.5736921414823,2025-01-10 09:28:01.196425,0,
972,deposit,270.46613033423955,4138.022272657119,2025-01-10 09:52:01.196425,0,
973,deposit,843.589394764165,4392.977818072997,2025-01-10 10:03:01.196425,0,
974,withdrawal,155.4050370479988,4545.402664086446,2025-01-10 10:17:01.196425,0,
975,deposit,109.10420131838515,2486.1621915733267,2025-01-10 10:33:01.196425,0,
976,withdrawal,139.2934244731775,4101.907484554737,2025-01-10 11:03:01.196425,0,
977,deposit,646.5691061886181,2236.667665704459,2025-01-10 11:28:01.196425,0,
978,deposit,315.9358648643862,5983.173871751209,2025-01-10 11:53:01.196425,0,
979,withdrawal,495.3100005448646,3298.4455872158737,2025-01-10 12:00:01.196425,0,
979,phone_change,0.0,3298.4455872158737,2025-01-10 12:25:01.196425,0,
980,deposit,750.2155494068456,3692.265733398514,2025-01-10 12:28:01.196425,0,
980,password_change,0.0,3692.265733398514,2025-01-10 12:58:01.196425,0,
981,deposit,961.0188564819913,3697.2674937830516,2025-01-10 12:59:01.196425,0,
982,deposit,892.0764017403728,7157.5123918471345,2025-01-10 13:25:01.196425,0,
983,withdrawal,296.3120905598329,2455.688593877671,2025-01-10 13:40:01.196425,0,
984,withdrawal,477.0662957808781,2146.4689620198596,2025-01-10 14:07:01.196425,0,
985,deposit,997.2282022748573,3037.943827636602,2025-01-10 14:31:01.196425,0,
986,deposit,851.150521242529,3401.1213128136806,2025-01-10 14:42:01.196425,0,
987,deposit,745.6016403960542,3703.808518253371,2025-01-10 14:59:01.196425,0,
988,deposit,605.7143436929402,3534.770210014328,2025-01-10 15:06:01.196425,0,
989,withdrawal,253.24203400116983,3454.746231820051,2025-01-10 15:12:01.196425,0,
990,withdrawal,327.64732879075467,3807.0062667793654,2025-01-10 15:23:01.196425,0,
991,withdrawal,64.13329546161414,560.3109796014696,2025-01-10 15:28:01.196425,0,
991,password_change,0.0,560.3109796014696,2025-01-10 15:32:01.196425,0,
992,withdrawal,347.00179585960774,5294.64360215459,2025-01-10 15:47:01.196425,0,
993,deposit,499.8715745730332,4351.971431021717,2025-01-10 16:02:01.196425,0,
994,withdrawal,256.88698851717993,3126.109352939426,2025-01-10 16:25:01.196425,0,
995,deposit,626.1303222336624,5682.288530771177,2025-01-10 16:42:01.196425,0,
995,phone_change,0.0,5682.288530771177,2025-01-10 16:59:01.196425,0,
996,withdrawal,488.2511238929411,2123.4704104943194,2025-01-10 17:18:01.196425,0,
997,withdrawal,96.5306300145609,4281.009725034259,2025-01-10 17:20:01.196425,0,
998,deposit,532.9853244176962,2177.876953723596,2025-01-10 17:23:01.196425,0,
999,deposit,225.73407608213196,2317.2813437268005,2025-01-10 17:33:01.196425,0,
100,fraud,7287.02565529274,-7574.801824360805,2025-01-10 17:36:01.196425,1,
101,fraud,4180.259507992484,-2760.3159982643047,2025-01-10 17:38:01.196425,1,
101,withdrawal,0.0,-2760.3159982643047,2025-01-10 17:45:01.196425,1,
102,fraud,1477.804355056321,597.5799449384665,2025-01-10 17:56:01.196425,1,
103,fraud,885.8086926046051,-6350.599438249487,2025-01-10 18:05:01.196425,1,
104,fraud,930.8595511850801,-2423.487062741053,2025-01-10 18:18:01.196425,1,
104,phone_change,0.0,-2423.487062741053,2025-01-10 18:27:01.196425,1,
105,fraud,195.09045210942367,6918.0688461491045,2025-01-10 18:42:01.196425,1,
105,suspicious_login,0.0,6918.0688461491045,2025-01-10 18:55:01.196425,1,
106,fraud,2423.5415455995994,-3385.1309442845604,2025-01-10 19:08:01.196425,1,
107,fraud,103.84070728341413,7980.854610574382,2025-01-10 19:34:01.196425,1,
108,fraud,911.4607039799132,2059.5815641167687,2025-01-10 19:37:01.196425,1,
109,fraud,15.558130530420838,2617.9646598607437,2025-01-10 20:04:01.196425,1,
109,withdrawal,0.0,2617.9646598607437,2025-01-10 20:22:01.196425,1,
110,fraud,1242.384048015115,-188.25521104731865,2025-01-10 20:47:01.196425,1,
110,withdrawal,0.0,-188.25521104731865,2025-01-10 21:00:01.196425,1,
111,fraud,6572.353033751836,-3672.9022138324995,2025-01-10 21:02:01.196425,1,
111,phone_change,0.0,-3672.9022138324995,2025-01-10 21:14:01.196425,1,
112,fraud,79.25452416547068,1136.0225131824382,2025-01-10 21:17:01.196425,1,
112,withdrawal,0.0,1136.0225131824382,2025-01-10 21:37:01.196425,1,
113,fraud,1723.517995266184,5059.288925288368,2025-01-10 22:05:01.196425,1,
113,email_change,0.0,5059.288925288368,2025-01-10 22:19:01.196425,1,
114,fraud,411.16120614371624,-1074.1258354156641,2025-01-10 22:32:01.196425,1,
114,email_change,0.0,-1074.1258354156641,2025-01-10 22:57:01.196425,1,
115,fraud,1295.297464997115,2452.983480666532,2025-01-10 23:16:01.196425,1,
115,phone_change,0.0,2452.983480666532,2025-01-10 23:41:01.196425,1,
116,fraud,3039.810644858712,-1437.7217541762207,2025-01-10 23:59:01.196425,1,
116,suspicious_login,0.0,-1437.7217541762207,2025-01-11 00:01:01.196425,1,
117,fraud,501.8183464850434,5084.238513426661,2025-01-11 00:22:01.196425,1,
118,fraud,72.58156803876739,2616.8854091890603,2025-01-11 00:49:01.196425,1,
119,fraud,2706.468111801053,6370.065669917579,2025-01-11 01:06:01.196425,1,
120,fraud,831.1679066785168,364.70729920520967,2025-01-11 01:27:01.196425,1,
121,fraud,1641.703756005345,-8051.143830091407,2025-01-11 01:34:01.196425,1,
122,fraud,1911.8202763780973,-5799.634454584838,2025-01-11 01:39:01.196425,1,
122,password_change,0.0,-5799.634454584838,2025-01-11 01:43:01.196425,1,
123,fraud,1631.02022252409,567.6508893705927,2025-01-11 02:00:01.196425,1,
124,fraud,532.3381330474576,-2761.887391946085,2025-01-11 02:29:01.196425,1,
125,fraud,92.29092517431292,3954.198375045665,2025-01-11 02:56:01.196425,1,
125,suspicious_login,0.0,3954.198375045665,2025-01-11 03:26:01.196425,1,
126,fraud,2478.334556014739,4697.591879218878,2025-01-11 03:31:01.196425,1,
127,fraud,3701.3651502730377,-8419.642936102113,2025-01-11 03:37:01.196425,1,
128,fraud,43.000887328660184,5926.091344725439,2025-01-11 03:42:01.196425,1,
128,suspicious_login,0.0,5926.091344725439,2025-01-11 04:01:01.196425,1,
129,fraud,29.070215948625783,-5809.556563851446,2025-01-11 04:02:01.196425,1,
129,email_change,0.0,-5809.556563851446,2025-01-11 04:22:01.196425,1,
130,fraud,2177.4915290737026,2894.264190258589,2025-01-11 04:33:01.196425,1,
131,fraud,982.3957071046301,2435.44965040686,2025-01-11 04:38:01.196425,1,
131,withdrawal,0.0,2435.44965040686,2025-01-11 05:06:01.196425,1,
132,fraud,507.49589673754076,-3902.4107520826055,2025-01-11 05:22:01.196425,1,
133,fraud,51.85658702281518,2383.315487708522,2025-01-11 05:33:01.196425,1,
133,phone_change,0.0,2383.315487708522,2025-01-11 05:57:01.196425,1,
134,fraud,151.5571337319126,2165.7689823740066,2025-01-11 05:59:01.196425,1,
134,failed_login,0.0,2165.7689823740066,2025-01-11 06:04:01.196425,1,
135,fraud,3952.64348288615,987.0458830853813,2025-01-11 06:34:01.196425,1,
135,password_change,0.0,987.0458830853813,2025-01-11 07:01:01.196425,1,
136,fraud,1430.0322143310777,2375.559206983833,2025-01-11 07:24:01.196425,1,
137,fraud,1564.2664978272337,-2225.8840994950388,2025-01-11 07:45:01.196425,1,
137,suspicious_login,0.0,-2225.8840994950388,2025-01-11 07:57:01.196425,1,
138,fraud,7.643971833517455,2310.8072737366783,2025-01-11 08:23:01.196425,1,
139,fraud,1083.2127634428316,4581.834871643349,2025-01-11 08:28:01.196425,1,
140,fraud,679.275852086799,-4045.6305921970825,2025-01-11 08:54:01.196425,1,
141,fraud,54.473191739997205,2344.886404505072,2025-01-11 09:12:01.196425,1,
141,withdrawal,0.0,2344.886404505072,2025-01-11 09:22:01.196425,1,
142,fraud,3379.1361553835386,-3975.816690068157,2025-01-11 09:40:01.196425,1,
142,deposit,0.0,-3975.816690068157,2025-01-11 09:53:01.196425,1,
143,fraud,153.87255690146364,-1929.6135294496103,2025-01-11 10:13:01.196425,1,
143,password_change,0.0,-1929.6135294496103,2025-01-11 10:43:01.196425,1,
144,fraud,76.84940245541895,-1700.2397509901075,2025-01-11 10:53:01.196425,1,
145,fraud,121.78152631967815,-577.6585297723902,2025-01-11 11:22:01.196425,1,
145,email_change,0.0,-577.6585297723902,2025-01-11 11:37:01.196425,1,
146,fraud,2364.0286536265667,940.8843449537349,2025-01-11 12:06:01.196425,1,
146,failed_login,0.0,940.8843449537349,2025-01-11 12:17:01.196425,1,
147,fraud,917.5952362444939,-5544.684827702759,2025-01-11 12:25:01.196425,1,
147,email_change,0.0,-5544.684827702759,2025-01-11 12:51:01.196425,1,
148,fraud,2199.834396015353,-3232.519498341476,2025-01-11 12:54:01.196425,1,
149,fraud,948.6508197379371,-3903.1447075751885,2025-01-11 13:11:01.196425,1,
149,deposit,0.0,-3903.1447075751885,2025-01-11 13:27:01.196425,1,
150,fraud,103.13400415676828,4366.577276239419,2025-01-11 13:28:01.196425,1,
150,suspicious_login,0.0,4366.577276239419,2025-01-11 13:35:01.196425,1,
151,fraud,1167.9678008383548,2525.8977115424454,2025-01-11 13:39:01.196425,1,
152,fraud,9864.546592036617,-14355.964801094164,2025-01-11 13:56:01.196425,1,
152,deposit,0.0,-14355.964801094164,2025-01-11 14:13:01.196425,1,
153,fraud,452.12070061880655,592.7223778595245,2025-01-11 14:31:01.196425,1,
154,fraud,4688.477901908867,-3382.0698616242566,2025-01-11 14:32:01.196425,1,
155,fraud,2318.7672216661567,10060.802861925229,2025-01-11 15:02:01.196425,1,
156,fraud,1093.0751108635536,-8596.951784626237,2025-01-11 15:04:01.196425,1,
156,failed_login,0.0,-8596.951784626237,2025-01-11 15:05:01.196425,1,
157,fraud,1022.5559728090462,2601.71687352108,2025-01-11 15:29:01.196425,1,
157,failed_login,0.0,2601.71687352108,2025-01-11 15:32:01.196425,1,
158,fraud,134.32258760214629,8317.40675501142,2025-01-11 15:46:01.196425,1,
159,fraud,1929.3349433285557,-3536.4347677408664,2025-01-11 16:16:01.196425,1,
160,fraud,3184.098445734843,-6639.733633441714,2025-01-11 16:19:01.196425,1,
161,fraud,1300.5452151161362,-3817.2366145870283,2025-01-11 16:44:01.196425,1,
162,fraud,15.510687807467466,-4493.894823178811,2025-01-11 17:14:01.196425,1,
163,fraud,3169.4521233649953,420.32704453699944,2025-01-11 17:38:01.196425,1,
163,withdrawal,0.0,420.32704453699944,2025-01-11 18:02:01.196425,1,
164,fraud,5690.755985176541,-4711.178742864067,2025-01-11 18:29:01.196425,1,
164,deposit,0.0,-4711.178742864067,2025-01-11 18:58:01.196425,1,
165,fraud,1867.4647874459488,-3201.724387337098,2025-01-11 19:06:01.196425,1,
166,fraud,1884.1132269422149,-1759.9355901236254,2025-01-11 19:16:01.196425,1,
166,withdrawal,0.0,-1759.9355901236254,2025-01-11 19:40:01.196425,1,
167,fraud,2842.917828907241,5125.357327749879,2025-01-11 20:06:01.196425,1,
168,fraud,34.911831948484874,-11480.294980731194,2025-01-11 20:33:01.196425,1,
168,withdrawal,0.0,-11480.294980731194,2025-01-11 20:56:01.196425,1,
169,fraud,2104.2806803152944,-25.633433717997377,2025-01-11 21:00:01.196425,1,
170,fraud,1746.972851072429,-10542.626003658037,2025-01-11 21:01:01.196425,1,
170,withdrawal,0.0,-10542.626003658037,2025-01-11 21:05:01.196425,1,
171,fraud,615.3681756447546,7795.277168970548,2025-01-11 21:17:01.196425,1,
172,fraud,23.997655684930592,-2670.696434619191,2025-01-11 21:26:01.196425,1,
173,fraud,6726.351783275708,-3968.997102455454,2025-01-11 21:31:01.196425,1,
173,email_change,0.0,-3968.997102455454,2025-01-11 21:53:01.196425,1,
174,fraud,2162.637437623733,-1544.8754918062468,2025-01-11 21:58:01.196425,1,
175,fraud,1615.2587800326946,-1337.4429532762083,2025-01-11 22:22:01.196425,1,
176,fraud,67.20968867888503,-5049.008868337203,2025-01-11 22:41:01.196425,1,
176,suspicious_login,0.0,-5049.008868337203,2025-01-11 23:03:01.196425,1,
177,fraud,1434.0236629286803,1540.416902712521,2025-01-11 23:15:01.196425,1,
178,fraud,2779.750129394554,-9385.124348611696,2025-01-11 23:27:01.196425,1,
179,fraud,353.0871660817179,2181.818843124762,2025-01-11 23:41:01.196425,1,
180,fraud,116.25895916503856,-2365.353778864559,2025-01-11 23:50:01.196425,1,
180,phone_change,0.0,-2365.353778864559,2025-01-12 00:16:01.196425,1,
181,fraud,622.0283738771404,4206.233524638119,2025-01-12 00:22:01.196425,1,
182,fraud,4611.070667840053,3198.4716728256017,2025-01-12 00:32:01.196425,1,
182,deposit,0.0,3198.4716728256017,2025-01-12 00:50:01.196425,1,
183,fraud,117.80098410738447,682.7885807350049,2025-01-12 00:51:01.196425,1,
184,fraud,69.30216771675583,2120.2312265378887,2025-01-12 00:53:01.196425,1,
185,fraud,2256.348837202808,-4417.080003900048,2025-01-12 01:22:01.196425,1,
186,fraud,342.57496587519535,-1134.5897780786747,2025-01-12 01:26:01.196425,1,
186,phone_change,0.0,-1134.5897780786747,2025-01-12 01:47:01.196425,1,
187,fraud,2058.7707498247887,4573.410355258635,2025-01-12 02:12:01.196425,1,
188,fraud,147.94636474361886,3440.1331069424987,2025-01-12 02:38:01.196425,1,
189,fraud,165.69546185552147,-2353.3541765833547,2025-01-12 03:06:01.196425,1,
189,phone_change,0.0,-2353.3541765833547,2025-01-12 03:15:01.196425,1,
190,fraud,733.0876097993597,-4618.465779648833,2025-01-12 03:35:01.196425,1,
191,fraud,917.8163269832339,-7742.452431767749,2025-01-12 03:41:01.196425,1,
192,fraud,1114.0245437897556,2048.7456082120066,2025-01-12 03:54:01.196425,1,
193,fraud,1041.2632322994368,-899.7605603962263,2025-01-12 04:11:01.196425,1,
193,withdrawal,0.0,-899.7605603962263,2025-01-12 04:41:01.196425,1,
194,fraud,160.67185069654946,324.8700718940754,2025-01-12 05:03:01.196425,1,
195,fraud,702.7909220968197,2583.2797504763766,2025-01-12 05:26:01.196425,1,
196,fraud,22.373194217798478,3007.8857222074957,2025-01-12 05:37:01.196425,1,
196,failed_login,0.0,3007.8857222074957,2025-01-12 05:49:01.196425,1,
197,fraud,4405.920419073264,-4790.116474810824,2025-01-12 06:13:01.196425,1,
197,withdrawal,0.0,-4790.116474810824,2025-01-12 06:31:01.196425,1,
198,fraud,273.9283781630878,-8966.472385770028,2025-01-12 06:37:01.196425,1,
198,password_change,0.0,-8966.472385770028,2025-01-12 06:51:01.196425,1,
199,fraud,1978.5145321605166,-8066.391225575424,2025-01-12 07:04:01.196425,1,
199,failed_login,0.0,-8066.391225575424,2025-01-12 07:07:01.196425,1,
200,fraud,4825.727067523402,5400.507350469291,2025-01-12 07:27:01.196425,1,
200,deposit,0.0,5400.507350469291,2025-01-12 07:56:01.196425,1,
201,fraud,47.54095829790574,11569.342463674742,2025-01-12 08:09:01.196425,1,
201,suspicious_login,0.0,11569.342463674742,2025-01-12 08:18:01.196425,1,
202,fraud,2445.5646539599175,3548.0618894098875,2025-01-12 08:24:01.196425,1,
202,deposit,0.0,3548.0618894098875,2025-01-12 08:42:01.196425,1,
203,fraud,1149.6475804960357,3293.0687084916954,2025-01-12 09:08:01.196425,1,
203,withdrawal,0.0,3293.0687084916954,2025-01-12 09:17:01.196425,1,
204,fraud,32.68262207415682,-176.1647685195358,2025-01-12 09:30:01.196425,1,
204,password_change,0.0,-176.1647685195358,2025-01-12 09:38:01.196425,1,
205,fraud,1402.6525441431559,5175.61182048325,2025-01-12 09:46:01.196425,1,
205,deposit,0.0,5175.61182048325,2025-01-12 10:13:01.196425,1,
206,fraud,4389.03474851532,1013.0858462949582,2025-01-12 10:38:01.196425,1,
206,email_change,0.0,1013.0858462949582,2025-01-12 11:08:01.196425,1,
207,fraud,152.5244312010958,-5083.926305183951,2025-01-12 11:16:01.196425,1,
207,email_change,0.0,-5083.926305183951,2025-01-12 11:18:01.196425,1,
208,fraud,90.6499841023492,-8432.448794011972,2025-01-12 11:25:01.196425,1,
208,password_change,0.0,-8432.448794011972,2025-01-12 11:50:01.196425,1,
209,fraud,33.39575979618445,3451.5835228643477,2025-01-12 12:02:01.196425,1,
210,fraud,7342.027052299337,-12931.741289383515,2025-01-12 12:31:01.196425,1,
211,fraud,721.3457015448241,-405.53679819925077,2025-01-12 12:53:01.196425,1,
212,fraud,2777.0857021225265,-3223.949218661873,2025-01-12 13:09:01.196425,1,
213,fraud,917.2374206847913,-6624.257594380884,2025-01-12 13:37:01.196425,1,
214,fraud,367.6032244233549,430.2510938524876,2025-01-12 14:07:01.196425,1,
214,email_change,0.0,430.2510938524876,2025-01-12 14:20:01.196425,1,
215,fraud,538.366365236152,-5127.184682692208,2025-01-12 14:32:01.196425,1,
216,fraud,2452.1717202987634,-6401.208887747458,2025-01-12 14:50:01.196425,1,
216,failed_login,0.0,-6401.208887747458,2025-01-12 14:56:01.196425,1,
217,fraud,81.57805743393428,-4483.951078790163,2025-01-12 15:08:01.196425,1,
218,fraud,2972.868845407869,6334.508910022392,2025-01-12 15:14:01.196425,1,
218,phone_change,0.0,6334.508910022392,2025-01-12 15:24:01.196425,1,
219,fraud,1931.1881643420197,3234.5361714425358,2025-01-12 15:33:01.196425,1,
219,withdrawal,0.0,3234.5361714425358,2025-01-12 15:48:01.196425,1,
220,fraud,4848.335498615601,-3457.9861150079596,2025-01-12 16:17:01.196425,1,
221,fraud,1732.9604531569444,3960.3080290470966,2025-01-12 16:21:01.196425,1,
222,fraud,3864.226555172112,7973.831405276625,2025-01-12 16:35:01.196425,1,
222,phone_change,0.0,7973.831405276625,2025-01-12 16:44:01.196425,1,
223,fraud,818.025954144403,31.53031377082891,2025-01-12 16:52:01.196425,1,
224,fraud,1796.2259109815127,590.7343215084625,2025-01-12 17:12:01.196425,1,
224,email_change,0.0,590.7343215084625,2025-01-12 17:38:01.196425,1,
225,fraud,718.6185976260435,-8995.77542956763,2025-01-12 17:57:01.196425,1,
225,phone_change,0.0,-8995.77542956763,2025-01-12 18:13:01.196425,1,
226,fraud,5097.257616060153,-2163.298516633915,2025-01-12 18:26:01.196425,1,
227,fraud,1668.17057394032,4058.5303363230273,2025-01-12 18:44:01.196425,1,
228,fraud,177.9147195031592,1679.3095259629947,2025-01-12 19:13:01.196425,1,
228,password_change,0.0,1679.3095259629947,2025-01-12 19:21:01.196425,1,
229,fraud,4439.000112926074,-700.8778578643523,2025-01-12 19:44:01.196425,1,
229,withdrawal,0.0,-700.8778578643523,2025-01-12 19:56:01.196425,1,
230,fraud,677.9766069567961,1276.498326924574,2025-01-12 20:03:01.196425,1,
231,fraud,3804.1010877012964,8958.384955680713,2025-01-12 20:23:01.196425,1,
232,fraud,1015.813729665231,-882.5908617051844,2025-01-12 20:44:01.196425,1,
232,withdrawal,0.0,-882.5908617051844,2025-01-12 20:50:01.196425,1,
233,fraud,1439.269802046078,5572.409901911735,2025-01-12 21:18:01.196425,1,
233,failed_login,0.0,5572.409901911735,2025-01-12 21:36:01.196425,1,
234,fraud,2611.0213682439553,1335.9321501390095,2025-01-12 21:41:01.196425,1,
234,email_change,0.0,1335.9321501390095,2025-01-12 21:48:01.196425,1,
235,fraud,4974.195784861935,-3558.8176877162114,2025-01-12 21:58:01.196425,1,
235,failed_login,0.0,-3558.8176877162114,2025-01-12 22:13:01.196425,1,
236,fraud,672.0090221893724,1883.9726518480088,2025-01-12 22:21:01.196425,1,
237,fraud,1733.9339079794327,-2416.1486449436625,2025-01-12 22:29:01.196425,1,
238,fraud,1573.7862605169921,-1773.8040629810662,2025-01-12 22:45:01.196425,1,
238,phone_change,0.0,-1773.8040629810662,2025-01-12 22:52:01.196425,1,
239,fraud,2106.917759292407,2850.0927608020697,2025-01-12 23:10:01.196425,1,
240,fraud,778.3868443022556,8755.693036549676,2025-01-12 23:38:01.196425,1,
240,phone_change,0.0,8755.693036549676,2025-01-13 00:05:01.196425,1,
241,fraud,341.3731133080173,2614.569489995633,2025-01-13 00:24:01.196425,1,
241,phone_change,0.0,2614.569489995633,2025-01-13 00:47:01.196425,1,
242,fraud,1393.035936707335,-3513.6992859204665,2025-01-13 00:50:01.196425,1,
243,fraud,2831.744381382456,3606.7009101298804,2025-01-13 01:20:01.196425,1,
243,deposit,0.0,3606.7009101298804,2025-01-13 01:49:01.196425,1,
244,fraud,1923.5315544216523,-2578.8636449945757,2025-01-13 01:55:01.196425,1,
245,fraud,1382.8282991017354,-5868.048956643397,2025-01-13 01:57:01.196425,1,
245,withdrawal,0.0,-5868.048956643397,2025-01-13 02:27:01.196425,1,
246,fraud,74.78642253306646,-6308.008376260666,2025-01-13 02:32:01.196425,1,
246,withdrawal,0.0,-6308.008376260666,2025-01-13 02:47:01.196425,1,
247,fraud,7727.992100745773,-12317.856565021346,2025-01-13 03:00:01.196425,1,
247,email_change,0.0,-12317.856565021346,2025-01-13 03:03:01.196425,1,
248,fraud,268.7035618042888,1216.9551449350588,2025-01-13 03:11:01.196425,1,
248,phone_change,0.0,1216.9551449350588,2025-01-13 03:19:01.196425,1,
249,fraud,658.7864770867135,-9887.822680310332,2025-01-13 03:32:01.196425,1,
249,phone_change,0.0,-9887.822680310332,2025-01-13 03:38:01.196425,1,
250,fraud,4565.469603136576,1619.917092751969,2025-01-13 03:59:01.196425,1,
251,fraud,7598.591402297814,-7392.129347554173,2025-01-13 04:08:01.196425,1,
251,withdrawal,0.0,-7392.129347554173,2025-01-13 04:14:01.196425,1,
252,fraud,1451.678478329729,4879.822713461415,2025-01-13 04:41:01.196425,1,
252,withdrawal,0.0,4879.822713461415,2025-01-13 05:07:01.196425,1,
253,fraud,1077.3003199701263,-5650.707859444365,2025-01-13 05:33:01.196425,1,
253,password_change,0.0,-5650.707859444365,2025-01-13 05:37:01.196425,1,
254,fraud,4002.9919520380827,-11878.77590512902,2025-01-13 05:44:01.196425,1,
255,fraud,414.6647763971012,3251.0365301307734,2025-01-13 05:48:01.196425,1,
255,email_change,0.0,3251.0365301307734,2025-01-13 06:00:01.196425,1,
256,fraud,769.5364405670009,614.6936483464476,2025-01-13 06:23:01.196425,1,
256,phone_change,0.0,614.6936483464476,2025-01-13 06:48:01.196425,1,
257,fraud,456.36842450051097,3908.9960481873763,2025-01-13 07:18:01.196425,1,
257,email_change,0.0,3908.9960481873763,2025-01-13 07:42:01.196425,1,
258,fraud,2262.7385504991876,988.7552205723409,2025-01-13 07:56:01.196425,1,
258,password_change,0.0,988.7552205723409,2025-01-13 08:19:01.196425,1,
259,fraud,797.8935780078197,-247.70088727489144,2025-01-13 08:42:01.196425,1,
260,fraud,123.40609785090673,-2227.0355767545634,2025-01-13 09:01:01.196425,1,
260,password_change,0.0,-2227.0355767545634,2025-01-13 09:16:01.196425,1,
261,fraud,182.20953579258676,-10894.460275881334,2025-01-13 09:25:01.196425,1,
262,fraud,3852.9799552136637,-2195.9422430255686,2025-01-13 09:34:01.196425,1,
263,fraud,4246.750032499432,3513.0140326284545,2025-01-13 10:02:01.196425,1,
264,fraud,1316.1653505125955,1393.1383798723846,2025-01-13 10:14:01.196425,1,
265,fraud,1260.0387439199508,-5184.777510590876,2025-01-13 10:33:01.196425,1,
266,fraud,3564.646563194705,3512.340608667252,2025-01-13 10:55:01.196425,1,
267,fraud,4823.468703901711,-2411.9723168187943,2025-01-13 11:21:01.196425,1,
268,fraud,844.838156815883,3334.986203071635,2025-01-13 11:35:01.196425,1,
269,fraud,3440.1706192541087,-3193.643700386733,2025-01-13 11:58:01.196425,1,
269,phone_change,0.0,-3193.643700386733,2025-01-13 12:23:01.196425,1,
270,fraud,127.41117449009303,5895.118851945208,2025-01-13 12:50:01.196425,1,
271,fraud,1942.037376909975,6858.639224097498,2025-01-13 12:57:01.196425,1,
271,withdrawal,0.0,6858.639224097498,2025-01-13 13:25:01.196425,1,
272,fraud,121.70755068750104,-401.71521215935667,2025-01-13 13:55:01.196425,1,
273,fraud,3932.825788162933,-3554.138378192056,2025-01-13 13:58:01.196425,1,
273,failed_login,0.0,-3554.138378192056,2025-01-13 14:22:01.196425,1,
274,fraud,7552.032165919506,-3155.012758277462,2025-01-13 14:27:01.196425,1,
274,deposit,0.0,-3155.012758277462,2025-01-13 14:48:01.196425,1,
275,fraud,1372.7984978032077,1576.8334263744332,2025-01-13 15:02:01.196425,1,
276,fraud,3989.4138753336138,-8109.455529815268,2025-01-13 15:31:01.196425,1,
277,fraud,110.57943254219575,-8821.570746264124,2025-01-13 15:57:01.196425,1,
278,fraud,545.8671479540224,5618.460360169681,2025-01-13 16:21:01.196425,1,
279,fraud,5598.879759061166,-11122.38833735717,2025-01-13 16:24:01.196425,1,
280,fraud,39.467682072367445,4119.612434473117,2025-01-13 16:30:01.196425,1,
281,fraud,180.13972800991087,3306.826839725638,2025-01-13 16:40:01.196425,1,
282,fraud,9909.699928267064,-6566.860188586734,2025-01-13 16:43:01.196425,1,
282,deposit,0.0,-6566.860188586734,2025-01-13 17:12:01.196425,1,
283,fraud,1975.5107088269253,561.4929570929132,2025-01-13 17:20:01.196425,1,
284,fraud,2141.704467578612,3466.537772868074,2025-01-13 17:25:01.196425,1,
284,phone_change,0.0,3466.537772868074,2025-01-13 17:26:01.196425,1,
285,fraud,734.0274429850708,1499.2352079117707,2025-01-13 17:29:01.196425,1,
285,withdrawal,0.0,1499.2352079117707,2025-01-13 17:30:01.196425,1,
286,fraud,932.287973896926,-13095.222003401153,2025-01-13 17:32:01.196425,1,
286,email_change,0.0,-13095.222003401153,2025-01-13 17:51:01.196425,1,
287,fraud,532.28223767065,8300.51650179266,2025-01-13 17:53:01.196425,1,
288,fraud,3518.709569567021,-9803.883279341631,2025-01-13 18:18:01.196425,1,
288,withdrawal,0.0,-9803.883279341631,2025-01-13 18:29:01.196425,1,
289,fraud,26.226619052303736,-3168.02518374726,2025-01-13 18:53:01.196425,1,
290,fraud,138.96066218750556,1831.8512157459513,2025-01-13 18:58:01.196425,1,
291,fraud,169.31292282319663,2355.89618114736,2025-01-13 18:59:01.196425,1,
292,fraud,3194.1005399593464,1538.1353294935639,2025-01-13 19:11:01.196425,1,
292,withdrawal,0.0,1538.1353294935639,2025-01-13 19:26:01.196425,1,
293,fraud,4636.430642623973,-10518.199010283115,2025-01-13 19:37:01.196425,1,
294,fraud,7035.493870622607,-7675.733256064983,2025-01-13 19:44:01.196425,1,
294,phone_change,0.0,-7675.733256064983,2025-01-13 20:08:01.196425,1,
295,fraud,63.21081726561711,-6270.344756024853,2025-01-13 20:32:01.196425,1,
296,fraud,887.786986720463,3461.302280236424,2025-01-13 20:39:01.196425,1,
296,password_change,0.0,3461.302280236424,2025-01-13 20:50:01.196425,1,
297,fraud,1283.8917278130632,2186.190044719481,2025-01-13 21:15:01.196425,1,
298,fraud,2195.7400301934676,6587.985083072875,2025-01-13 21:29:01.196425,1,
299,fraud,2054.5427517203766,-8825.28973976844,2025-01-13 21:53:01.196425,1,
299,failed_login,0.0,-8825.28973976844,2025-01-13 21:58:01.196425,1,
300,fraud,50.40053704106174,3730.361535060629,2025-01-13 22:01:01.196425,1,
301,fraud,54.26185340519247,958.7178159799739,2025-01-13 22:13:01.196425,1,
302,fraud,726.1009050345674,-1792.7681304885496,2025-01-13 22:24:01.196425,1,
302,phone_change,0.0,-1792.7681304885496,2025-01-13 22:34:01.196425,1,
303,fraud,1159.4987912105435,-2609.7921369608084,2025-01-13 22:40:01.196425,1,
303,suspicious_login,0.0,-2609.7921369608084,2025-01-13 22:50:01.196425,1,
304,fraud,1318.914607695456,-6967.015639209164,2025-01-13 23:16:01.196425,1,
304,failed_login,0.0,-6967.015639209164,2025-01-13 23:25:01.196425,1,
305,fraud,3715.546623124247,390.5371048352863,2025-01-13 23:49:01.196425,1,
305,suspicious_login,0.0,390.5371048352863,2025-01-14 00:02:01.196425,1,
306,fraud,1683.5445610303034,-609.2117097982102,2025-01-14 00:23:01.196425,1,
307,fraud,3297.8989580812677,-6269.1724061138175,2025-01-14 00:53:01.196425,1,
308,fraud,8885.601320242711,-11831.966066174959,2025-01-14 00:54:01.196425,1,
309,fraud,1988.5303448768661,1531.412857870024,2025-01-14 01:17:01.196425,1,
310,fraud,2866.0299988594697,5180.647668478346,2025-01-14 01:29:01.196425,1,
311,fraud,2540.56308221703,-2408.7404242607886,2025-01-14 01:48:01.196425,1,
312,fraud,852.3557078308162,-5162.515401875308,2025-01-14 02:12:01.196425,1,
312,phone_change,0.0,-5162.515401875308,2025-01-14 02:16:01.196425,1,
313,fraud,344.81272708702346,2437.7565759369127,2025-01-14 02:28:01.196425,1,
314,fraud,2863.6327429249204,-5871.529216798874,2025-01-14 02:29:01.196425,1,
314,withdrawal,0.0,-5871.529216798874,2025-01-14 02:48:01.196425,1,
315,fraud,475.9660515369541,666.5057872714501,2025-01-14 03:05:01.196425,1,
315,password_change,0.0,666.5057872714501,2025-01-14 03:11:01.196425,1,
316,fraud,146.4180350210676,-262.1390874200482,2025-01-14 03:36:01.196425,1,
317,fraud,4969.841239537241,-3386.534326247124,2025-01-14 03:54:01.196425,1,
317,email_change,0.0,-3386.534326247124,2025-01-14 03:57:01.196425,1,
318,fraud,2186.2575883147183,4514.266169462,2025-01-14 04:14:01.196425,1,
319,fraud,1832.6771519551728,-3163.0597269001964,2025-01-14 04:39:01.196425,1,
320,fraud,4829.833307040289,3202.1283943529193,2025-01-14 05:01:01.196425,1,
320,deposit,0.0,3202.1283943529193,2025-01-14 05:05:01.196425,1,
321,fraud,67.08964486269844,-23.47465890281825,2025-01-14 05:30:01.196425,1,
322,fraud,3476.154152574783,4720.3703700654005,2025-01-14 05:37:01.196425,1,
323,fraud,45.13356219699352,4384.563698012446,2025-01-14 06:00:01.196425,1,
324,fraud,3124.756613810201,5895.044630185349,2025-01-14 06:15:01.196425,1,
325,fraud,132.64905008798172,2997.2348760492696,2025-01-14 06:36:01.196425,1,
325,email_change,0.0,2997.2348760492696,2025-01-14 07:06:01.196425,1,
326,fraud,1056.8972257755001,-6390.62985674994,2025-01-14 07:20:01.196425,1,
326,withdrawal,0.0,-6390.62985674994,2025-01-14 07:43:01.196425,1,
327,fraud,147.05789301384172,1163.7852427425944,2025-01-14 07:54:01.196425,1,
327,password_change,0.0,1163.7852427425944,2025-01-14 08:18:01.196425,1,
328,fraud,1859.0935800704283,-225.31113324109697,2025-01-14 08:40:01.196425,1,
329,fraud,793.2293876421513,-4325.517748773602,2025-01-14 08:57:01.196425,1,
329,withdrawal,0.0,-4325.517748773602,2025-01-14 09:11:01.196425,1,
330,fraud,1630.3558619853432,2222.4949311018854,2025-01-14 09:16:01.196425,1,
330,withdrawal,0.0,2222.4949311018854,2025-01-14 09:45:01.196425,1,
331,fraud,177.73936435437025,-125.32824427680356,2025-01-14 10:09:01.196425,1,
331,phone_change,0.0,-125.32824427680356,2025-01-14 10:31:01.196425,1,
332,fraud,8138.055700902219,-4446.007976245604,2025-01-14 10:32:01.196425,1,
333,fraud,154.5353550657831,-1538.0330735459995,2025-01-14 10:53:01.196425,1,
334,fraud,265.0264104536336,2672.5496605748485,2025-01-14 11:23:01.196425,1,
335,fraud,4275.2040680434375,-1015.8619466213681,2025-01-14 11:29:01.196425,1,
336,fraud,3368.838831155812,-4580.519295304409,2025-01-14 11:47:01.196425,1,
337,fraud,1775.8200161043671,-6558.155364422902,2025-01-14 12:07:01.196425,1,
337,withdrawal,0.0,-6558.155364422902,2025-01-14 12:10:01.196425,1,
338,fraud,3740.892710172346,6465.062522901137,2025-01-14 12:25:01.196425,1,
339,fraud,2320.492607966316,5832.111587098105,2025-01-14 12:39:01.196425,1,
339,email_change,0.0,5832.111587098105,2025-01-14 12:55:01.196425,1,
340,fraud,43.41196374601602,3653.0158676577857,2025-01-14 13:23:01.196425,1,
341,fraud,271.10822440595933,-1965.4055363556506,2025-01-14 13:24:01.196425,1,
342,fraud,3354.903676566015,525.6053784717687,2025-01-14 13:41:01.196425,1,
342,suspicious_login,0.0,525.6053784717687,2025-01-14 13:49:01.196425,1,
343,fraud,1698.7446535026252,186.07198946748872,2025-01-14 14:16:01.196425,1,
343,phone_change,0.0,186.07198946748872,2025-01-14 14:42:01.196425,1,
344,fraud,2894.3694088951574,3427.000108140969,2025-01-14 15:01:01.196425,1,
345,fraud,607.0015536888646,1079.5414286350801,2025-01-14 15:10:01.196425,1,
346,fraud,9599.187201168521,-10318.19438278403,2025-01-14 15:25:01.196425,1,
346,withdrawal,0.0,-10318.19438278403,2025-01-14 15:32:01.196425,1,
347,fraud,9121.067985559828,-2648.0134707654734,2025-01-14 15:36:01.196425,1,
348,fraud,1587.4818018960573,4599.866717640466,2025-01-14 15:45:01.196425,1,
348,phone_change,0.0,4599.866717640466,2025-01-14 16:06:01.196425,1,
349,fraud,3658.8029091977082,1080.523707082472,2025-01-14 16:20:01.196425,1,
349,phone_change,0.0,1080.523707082472,2025-01-14 16:49:01.196425,1,
350,fraud,1734.3428868574456,-3878.900208384168,2025-01-14 17:12:01.196425,1,
351,fraud,3109.26422593467,1941.6205365720648,2025-01-14 17:25:01.196425,1,
351,suspicious_login,0.0,1941.6205365720648,2025-01-14 17:44:01.196425,1,
352,fraud,150.47331092060745,5866.7049753973315,2025-01-14 18:01:01.196425,1,
352,phone_change,0.0,5866.7049753973315,2025-01-14 18:18:01.196425,1,
353,fraud,1475.0814125215027,-12530.44751627606,2025-01-14 18:33:01.196425,1,
354,fraud,1004.5938537710674,-5733.021023646955,2025-01-14 18:54:01.196425,1,
355,fraud,638.2445474291721,7627.250637856727,2025-01-14 19:10:01.196425,1,
355,email_change,0.0,7627.250637856727,2025-01-14 19:28:01.196425,1,
356,fraud,945.951558116703,11172.195364342577,2025-01-14 19:36:01.196425,1,
357,fraud,2431.2361302431636,2677.743969779356,2025-01-14 19:47:01.196425,1,
358,fraud,56.46645237176693,-4953.410297457353,2025-01-14 19:59:01.196425,1,
359,fraud,368.0580109487,5711.464390916204,2025-01-14 20:10:01.196425,1,
360,fraud,3331.328710251144,-2461.197737524633,2025-01-14 20:14:01.196425,1,
361,fraud,1744.591017351631,6694.99199341247,2025-01-14 20:15:01.196425,1,
362,fraud,5888.08842290448,-6926.3153529107585,2025-01-14 20:21:01.196425,1,
363,fraud,157.73561433280605,3524.622199348915,2025-01-14 20:41:01.196425,1,
363,withdrawal,0.0,3524.622199348915,2025-01-14 20:59:01.196425,1,
364,fraud,843.1361004191134,2525.659855176031,2025-01-14 21:16:01.196425,1,
365,fraud,414.16961040180735,1628.096689790537,2025-01-14 21:41:01.196425,1,
365,phone_change,0.0,1628.096689790537,2025-01-14 21:42:01.196425,1,
366,fraud,4408.009177890457,5625.356692124087,2025-01-14 21:47:01.196425,1,
366,phone_change,0.0,5625.356692124087,2025-01-14 22:01:01.196425,1,
367,fraud,2454.1980364844135,3345.85485274246,2025-01-14 22:25:01.196425,1,
368,fraud,118.0791137515571,-2737.870362809464,2025-01-14 22:51:01.196425,1,
368,email_change,0.0,-2737.870362809464,2025-01-14 23:10:01.196425,1,
369,fraud,4096.829252290364,139.84014475777713,2025-01-14 23:28:01.196425,1,
370,fraud,3161.483008824923,-570.1130223391456,2025-01-14 23:50:01.196425,1,
371,fraud,80.96317342032728,3479.997321791349,2025-01-15 00:11:01.196425,1,
372,fraud,573.1534531294543,2854.632659852944,2025-01-15 00:41:01.196425,1,
373,fraud,494.5267419164154,3115.2927420409715,2025-01-15 00:46:01.196425,1,
373,phone_change,0.0,3115.2927420409715,2025-01-15 00:48:01.196425,1,
374,fraud,83.89592735604714,-5482.089868839051,2025-01-15 01:03:01.196425,1,
375,fraud,725.847949369337,-3037.4514010856196,2025-01-15 01:12:01.196425,1,
376,fraud,9094.918238670693,-8039.114486289347,2025-01-15 01:23:01.196425,1,
377,fraud,54.667558987251816,135.4948544386018,2025-01-15 01:31:01.196425,1,
378,fraud,2247.165707540522,301.49007878628345,2025-01-15 01:37:01.196425,1,
379,fraud,4443.946439867495,-4335.626471301543,2025-01-15 01:49:01.196425,1,
379,suspicious_login,0.0,-4335.626471301543,2025-01-15 01:56:01.196425,1,
380,fraud,83.78307093032468,-1240.943794756084,2025-01-15 02:23:01.196425,1,
380,password_change,0.0,-1240.943794756084,2025-01-15 02:24:01.196425,1,
381,fraud,974.4014980946012,696.0531927384195,2025-01-15 02:27:01.196425,1,
382,fraud,193.12595718325525,41.5274658816906,2025-01-15 02:40:01.196425,1,
382,password_change,0.0,41.5274658816906,2025-01-15 02:47:01.196425,1,
383,fraud,896.203260062284,39.804714442654586,2025-01-15 03:08:01.196425,1,
383,phone_change,0.0,39.804714442654586,2025-01-15 03:38:01.196425,1,
384,fraud,642.6377891397667,-7664.1541512979375,2025-01-15 04:01:01.196425,1,
385,fraud,85.54194438898288,-4036.024796460257,2025-01-15 04:07:01.196425,1,
385,phone_change,0.0,-4036.024796460257,2025-01-15 04:12:01.196425,1,
386,fraud,456.2557221122542,3278.427402805954,2025-01-15 04:42:01.196425,1,
387,fraud,7810.7818416630225,-9923.311899950211,2025-01-15 04:58:01.196425,1,
388,fraud,673.1143099643546,8313.499049031629,2025-01-15 05:00:01.196425,1,
389,fraud,3660.6233427609577,-3029.76930275513,2025-01-15 05:26:01.196425,1,
390,fraud,1712.9917304867313,8535.13833889523,2025-01-15 05:53:01.196425,1,
391,fraud,1261.262258312177,145.05920348209156,2025-01-15 06:07:01.196425,1,
392,fraud,350.29998209581623,1008.299926913752,2025-01-15 06:28:01.196425,1,
392,password_change,0.0,1008.299926913752,2025-01-15 06:52:01.196425,1,
393,fraud,393.6702004283881,2240.8794962603506,2025-01-15 07:14:01.196425,1,
393,phone_change,0.0,2240.8794962603506,2025-01-15 07:16:01.196425,1,
394,fraud,705.1512571253824,1389.9309037247244,2025-01-15 07:35:01.196425,1,
394,phone_change,0.0,1389.9309037247244,2025-01-15 07:41:01.196425,1,
395,fraud,19.82142117511849,-4788.609038617318,2025-01-15 07:46:01.196425,1,
396,fraud,8920.87462517349,-13087.525555842485,2025-01-15 07:55:01.196425,1,
397,fraud,2035.9145144006438,-3878.7932328760285,2025-01-15 08:05:01.196425,1,
398,fraud,7721.808375553272,-13687.06031912361,2025-01-15 08:28:01.196425,1,
398,deposit,0.0,-13687.06031912361,2025-01-15 08:29:01.196425,1,
399,fraud,4549.9343610886435,-2643.2318783995543,2025-01-15 08:36:01.196425,1,
400,fraud,1811.5889065613535,-8927.340018521078,2025-01-15 08:42:01.196425,1,
401,fraud,6714.045679632038,632.3835124332863,2025-01-15 09:02:01.196425,1,
402,fraud,6908.385195975216,-4979.790229627334,2025-01-15 09:27:01.196425,1,
403,fraud,1340.4057372214586,2976.654748573057,2025-01-15 09:43:01.196425,1,
404,fraud,802.8438221242085,-4004.8603735839324,2025-01-15 10:10:01.196425,1,
405,fraud,2156.4779799410703,-14882.206356486811,2025-01-15 10:23:01.196425,1,
406,fraud,276.56290488383945,1913.0208732001388,2025-01-15 10:48:01.196425,1,
406,email_change,0.0,1913.0208732001388,2025-01-15 10:51:01.196425,1,
407,fraud,1193.9737523028043,3448.6374752084675,2025-01-15 11:00:01.196425,1,
408,fraud,5640.62756704314,-4176.7500347722535,2025-01-15 11:17:01.196425,1,
408,withdrawal,0.0,-4176.7500347722535,2025-01-15 11:44:01.196425,1,
409,fraud,2971.7423802054223,-6157.953969675782,2025-01-15 12:06:01.196425,1,
409,withdrawal,0.0,-6157.953969675782,2025-01-15 12:27:01.196425,1,
410,fraud,1985.5161129249625,-5511.670797888512,2025-01-15 12:42:01.196425,1,
410,withdrawal,0.0,-5511.670797888512,2025-01-15 12:49:01.196425,1,
411,fraud,4749.193434318827,-9775.53227556514,2025-01-15 13:07:01.196425,1,
412,fraud,412.3946441385194,3089.8877536234822,2025-01-15 13:35:01.196425,1,
412,email_change,0.0,3089.8877536234822,2025-01-15 13:36:01.196425,1,
413,fraud,3307.053885785145,-6481.870853539777,2025-01-15 13:55:01.196425,1,
413,withdrawal,0.0,-6481.870853539777,2025-01-15 14:22:01.196425,1,
414,fraud,30.665467439397997,1011.9554553553522,2025-01-15 14:27:01.196425,1,
415,fraud,121.16081597630851,-1359.1878273992595,2025-01-15 14:47:01.196425,1,
416,fraud,3076.9257228164884,1143.8613930138104,2025-01-15 14:55:01.196425,1,
416,withdrawal,0.0,1143.8613930138104,2025-01-15 14:58:01.196425,1,
417,fraud,886.3756603262541,9648.939645676068,2025-01-15 15:28:01.196425,1,
418,fraud,9591.689983873335,-4361.496538962551,2025-01-15 15:56:01.196425,1,
419,fraud,3635.343157898989,-10714.004265336489,2025-01-15 16:23:01.196425,1,
419,withdrawal,0.0,-10714.004265336489,2025-01-15 16:40:01.196425,1,
420,fraud,502.64005556953646,-1166.8948308376393,2025-01-15 16:54:01.196425,1,
421,fraud,4819.512958727211,-3873.57493440869,2025-01-15 17:06:01.196425,1,
422,fraud,3450.080357226294,-3535.156529503667,2025-01-15 17:28:01.196425,1,
423,fraud,1540.6445313056531,-411.778258814247,2025-01-15 17:48:01.196425,1,
424,fraud,803.2736700093328,-3372.8019741651224,2025-01-15 18:03:01.196425,1,
424,failed_login,0.0,-3372.8019741651224,2025-01-15 18:24:01.196425,1,
425,fraud,3350.468142521386,-6607.6821964018745,2025-01-15 18:31:01.196425,1,
425,email_change,0.0,-6607.6821964018745,2025-01-15 18:48:01.196425,1,
426,fraud,1833.7945969240557,-5282.3402328552265,2025-01-15 19:11:01.196425,1,
427,fraud,715.7429024126886,-720.2928232346385,2025-01-15 19:14:01.196425,1,
427,deposit,0.0,-720.2928232346385,2025-01-15 19:21:01.196425,1,
428,fraud,9348.411784426748,-11905.453394530858,2025-01-15 19:29:01.196425,1,
429,fraud,4213.65473627198,-3096.947600922086,2025-01-15 19:54:01.196425,1,
430,fraud,1033.9277143784764,6287.405878861515,2025-01-15 20:12:01.196425,1,
431,fraud,524.7861963686613,-5367.299002129013,2025-01-15 20:39:01.196425,1,
431,withdrawal,0.0,-5367.299002129013,2025-01-15 20:52:01.196425,1,
432,fraud,806.6113213104373,-2470.7612266661654,2025-01-15 20:53:01.196425,1,
0,deposit,652.2566046664751,4137.230307296555,2025-01-15 21:13:01.196425,0,
1,deposit,363.5516265040357,5887.388050805697,2025-01-15 21:18:01.196425,0,
2,deposit,406.5406608574402,2653.2464470488376,2025-01-15 21:34:01.196425,0,
3,deposit,164.8118292984678,4841.57184991638,2025-01-15 21:35:01.196425,0,
4,deposit,664.352152730021,1452.3378273633293,2025-01-15 21:44:01.196425,0,
5,deposit,223.66367696387266,6623.412166238573,2025-01-15 22:02:01.196425,0,
6,deposit,248.10518842912504,2640.145395402065,2025-01-15 22:32:01.196425,0,
7,withdrawal,291.5510599421145,4981.044409335351,2025-01-15 23:02:01.196425,0,
8,withdrawal,304.49137060021746,2535.5150360290218,2025-01-15 23:17:01.196425,0,
9,withdrawal,129.2541725021947,4082.060724563211,2025-01-15 23:25:01.196425,0,
9,password_change,0.0,4082.060724563211,2025-01-15 23:43:01.196425,0,
10,deposit,330.3121246959806,2996.7594513292975,2025-01-16 00:04:01.196425,0,
11,withdrawal,243.69630815081592,5596.277715152895,2025-01-16 00:12:01.196425,0,
12,deposit,783.4112199458633,4838.074877346951,2025-01-16 00:37:01.196425,0,
13,deposit,610.7060138800845,4912.356429798342,2025-01-16 00:40:01.196425,0,
14,withdrawal,486.41244469287915,4375.075280566419,2025-01-16 01:01:01.196425,0,
14,phone_change,0.0,4375.075280566419,2025-01-16 01:05:01.196425,0,
15,deposit,897.4003132891376,4565.252519812741,2025-01-16 01:35:01.196425,0,
16,deposit,170.4901126149892,4931.842095688903,2025-01-16 01:44:01.196425,0,
17,deposit,234.04712126319316,4796.6325025989345,2025-01-16 02:03:01.196425,0,
18,deposit,704.2521441126858,5252.791266465775,2025-01-16 02:13:01.196425,0,
19,deposit,211.20425290175493,2310.880292312764,2025-01-16 02:23:01.196425,0,
20,withdrawal,175.75724939304413,2210.620243113694,2025-01-16 02:43:01.196425,0,
21,deposit,500.10315527479895,3282.579254558436,2025-01-16 03:09:01.196425,0,
22,deposit,434.3376066279022,2114.832499544796,2025-01-16 03:25:01.196425,0,
23,deposit,805.7327025435075,4606.737870179919,2025-01-16 03:33:01.196425,0,
24,withdrawal,67.30145807857006,2877.8079376634782,2025-01-16 03:47:01.196425,0,
25,deposit,439.47924482476765,5765.727121314052,2025-01-16 04:01:01.196425,0,
26,deposit,380.4431858818606,3878.0461908622137,2025-01-16 04:27:01.196425,0,
27,deposit,380.80922726485414,3439.690653841646,2025-01-16 04:48:01.196425,0,
28,withdrawal,434.9304369396285,3554.852970068782,2025-01-16 05:07:01.196425,0,
29,deposit,164.71726701035143,4011.380615686072,2025-01-16 05:24:01.196425,0,
30,withdrawal,246.2935058023923,1734.1787734029851,2025-01-16 05:46:01.196425,0,
31,deposit,221.45388869291097,3754.390729159179,2025-01-16 05:50:01.196425,0,
32,deposit,581.9595458861141,3084.222062610966,2025-01-16 06:18:01.196425,0,
33,deposit,114.96381884639959,1571.1454280909634,2025-01-16 06:37:01.196425,0,
33,email_change,0.0,1571.1454280909634,2025-01-16 07:02:01.196425,0,
34,withdrawal,278.7908297550679,2787.8239130644088,2025-01-16 07:13:01.196425,0,
35,deposit,994.6457132811438,3833.753885463882,2025-01-16 07:24:01.196425,0,
36,deposit,305.5135317607314,4378.158586104135,2025-01-16 07:53:01.196425,0,
36,phone_change,0.0,4378.158586104135,2025-01-16 08:04:01.196425,0,
37,deposit,347.12192898391885,4598.3971411866505,2025-01-16 08:31:01.196425,0,
38,withdrawal,130.73603515178766,1874.0855904426498,2025-01-16 08:36:01.196425,0,
39,withdrawal,250.63617589480424,4598.1032397707395,2025-01-16 08:44:01.196425,0,
40,deposit,636.5851808114667,4923.048004793652,2025-01-16 08:49:01.196425,0,
40,phone_change,0.0,4923.048004793652,2025-01-16 09:10:01.196425,0,
41,withdrawal,60.758133123755954,3219.862031607356,2025-01-16 09:26:01.196425,0,
41,email_change,0.0,3219.862031607356,2025-01-16 09:55:01.196425,0,
42,withdrawal,411.0563463333369,2469.1679901702873,2025-01-16 10:24:01.196425,0,
43,deposit,530.3830272395721,5498.293712767556,2025-01-16 10:51:01.196425,0,
44,withdrawal,339.42618144880623,2204.235334810172,2025-01-16 10:57:01.196425,0,
44,email_change,0.0,2204.235334810172,2025-01-16 11:27:01.196425,0,
45,deposit,979.3972432292293,6411.8576304328735,2025-01-16 11:31:01.196425,0,
46,withdrawal,168.1933258344253,2983.996640160538,2025-01-16 11:32:01.196425,0,
47,deposit,662.4283531136542,4456.07936207596,2025-01-16 11:40:01.196425,0,
48,deposit,481.2928282970772,2472.652613947702,2025-01-16 12:06:01.196425,0,
49,deposit,513.2744131997998,6600.963081398051,2025-01-16 12:12:01.196425,0,
50,deposit,355.5570941589403,1090.2433715930363,2025-01-16 12:36:01.196425,0,
51,deposit,530.0972747787886,2051.116126527888,2025-01-16 12:42:01.196425,0,
52,withdrawal,132.91247242504465,4911.875675074189,2025-01-16 12:45:01.196425,0,
53,deposit,832.0065517847546,6523.371679172083,2025-01-16 13:14:01.196425,0,
53,phone_change,0.0,6523.371679172083,2025-01-16 13:41:01.196425,0,
54,deposit,390.05922091278023,2968.997119497112,2025-01-16 13:52:01.196425,0,
55,withdrawal,343.1171787016865,4154.565978000468,2025-01-16 14:13:01.196425,0,
56,withdrawal,167.6739359072161,2711.4555398391876,2025-01-16 14:21:01.196425,0,
57,deposit,661.7539668307217,4223.881581816256,2025-01-16 14:38:01.196425,0,
58,withdrawal,220.08691356580047,4056.1483910812312,2025-01-16 14:45:01.196425,0,
59,withdrawal,426.43014133255633,2807.7576156917594,2025-01-16 15:15:01.196425,0,
59,email_change,0.0,2807.7576156917594,2025-01-16 15:20:01.196425,0,
60,deposit,555.1843147885838,2363.194486711125,2025-01-16 15:30:01.196425,0,
61,deposit,471.7386002755876,2780.997292339605,2025-01-16 15:36:01.196425,0,
62,deposit,902.0817341501777,4309.686762704182,2025-01-16 15:45:01.196425,0,
63,deposit,702.7083695618729,3457.562700310925,2025-01-16 15:55:01.196425,0,
64,withdrawal,82.26124794634568,5275.085196629497,2025-01-16 16:02:01.196425,0,
65,deposit,677.3604327921481,5749.250968867754,2025-01-16 16:05:01.196425,0,
65,password_change,0.0,5749.250968867754,2025-01-16 16:18:01.196425,0,
66,deposit,137.8908792028012,1603.5251370879985,2025-01-16 16:44:01.196425,0,
66,phone_change,0.0,1603.5251370879985,2025-01-16 17:12:01.196425,0,
67,deposit,507.13511335087924,4894.747416428034,2025-01-16 17:31:01.196425,0,
68,withdrawal,275.9477506462358,288.4329409698304,2025-01-16 17:41:01.196425,0,
69,withdrawal,362.2550654328112,4892.937549399134,2025-01-16 18:01:01.196425,0,
70,deposit,268.09060327584575,3031.664242421258,2025-01-16 18:09:01.196425,0,
71,deposit,710.8613570509084,1277.7514220993185,2025-01-16 18:18:01.196425,0,
72,withdrawal,202.31090389487477,4706.667704002408,2025-01-16 18:26:01.196425,0,
73,deposit,877.5103332783772,7802.385645976103,2025-01-16 18:47:01.196425,0,
73,email_change,0.0,7802.385645976103,2025-01-16 18:58:01.196425,0,
74,withdrawal,76.09368850082538,4545.893184710727,2025-01-16 19:13:01.196425,0,
75,deposit,995.5907945035725,4440.285427693414,2025-01-16 19:28:01.196425,0,
76,withdrawal,154.42111452711148,648.9182606368294,2025-01-16 19:44:01.196425,0,
77,withdrawal,120.37567844679545,4307.703953996646,2025-01-16 20:02:01.196425,0,
78,deposit,876.6835828942772,4134.179732348871,2025-01-16 20:22:01.196425,0,
79,withdrawal,77.77254534741812,3524.7026668415756,2025-01-16 20:40:01.196425,0,
80,deposit,573.4982616667908,3480.134884071701,2025-01-16 20:58:01.196425,0,
81,deposit,888.0170649800975,5274.150018930935,2025-01-16 21:17:01.196425,0,
82,deposit,936.1819606434798,3785.8758577498634,2025-01-16 21:47:01.196425,0,
83,withdrawal,53.844759123573006,1755.5815744438623,2025-01-16 22:16:01.196425,0,
84,withdrawal,471.9835563330869,3145.9135122741227,2025-01-16 22:39:01.196425,0,
84,phone_change,0.0,3145.9135122741227,2025-01-16 22:56:01.196425,0,
85,deposit,997.3208901949714,3806.7510525575635,2025-01-16 23:20:01.196425,0,
86,deposit,594.357572299403,3169.7592872153473,2025-01-16 23:33:01.196425,0,
87,deposit,563.2553628329232,2391.3894053179224,2025-01-16 23:56:01.196425,0,
88,deposit,538.6660544131837,4532.142202314313,2025-01-17 00:00:01.196425,0,
89,deposit,870.2082485616935,6313.760101643059,2025-01-17 00:05:01.196425,0,
90,deposit,284.7508515864831,4462.360444411603,2025-01-17 00:21:01.196425,0,
90,phone_change,0.0,4462.360444411603,2025-01-17 00:37:01.196425,0,
91,withdrawal,179.02131595895386,2657.2055143651583,2025-01-17 00:47:01.196425,0,
92,withdrawal,98.56673584078787,2193.660518092568,2025-01-17 00:49:01.196425,0,
93,withdrawal,498.73989582192036,1474.96539454168,2025-01-17 00:54:01.196425,0,
94,deposit,155.99500788432582,3614.924594143425,2025-01-17 01:22:01.196425,0,
95,deposit,610.693002566451,4316.380419299885,2025-01-17 01:32:01.196425,0,
96,withdrawal,303.0617112565249,3526.354576176833,2025-01-17 01:34:01.196425,0,
97,withdrawal,294.87266870521506,2280.7533104767163,2025-01-17 01:40:01.196425,0,
97,phone_change,0.0,2280.7533104767163,2025-01-17 01:42:01.196425,0,
98,deposit,966.8003374701765,4307.836677565973,2025-01-17 01:51:01.196425,0,
99,withdrawal,188.36386892987107,5511.554624864156,2025-01-17 02:11:01.196425,0,
100,deposit,141.68024295127208,4141.5166595293995,2025-01-17 02:41:01.196425,0,
101,withdrawal,369.2102199790799,1625.8121748104818,2025-01-17 02:55:01.196425,0,
102,withdrawal,198.52396322499595,3628.518831109104,2025-01-17 03:05:01.196425,0,
103,deposit,366.79206986216207,5249.548731407501,2025-01-17 03:10:01.196425,0,
104,deposit,151.49461650561818,4445.646072983777,2025-01-17 03:18:01.196425,0,
104,phone_change,0.0,4445.646072983777,2025-01-17 03:22:01.196425,0,
105,deposit,725.7627802407537,4808.069485858507,2025-01-17 03:49:01.196425,0,
106,withdrawal,450.8376370687291,4248.51760262345,2025-01-17 04:01:01.196425,0,
107,deposit,777.6407175709439,3372.6162918369173,2025-01-17 04:17:01.196425,0,
107,phone_change,0.0,3372.6162918369173,2025-01-17 04:20:01.196425,0,
108,deposit,362.8635218148631,4811.342777160305,2025-01-17 04:22:01.196425,0,
109,deposit,859.0991697837707,5820.078120488969,2025-01-17 04:39:01.196425,0,
109,phone_change,0.0,5820.078120488969,2025-01-17 05:09:01.196425,0,
110,deposit,642.0492818095839,1967.3191879753576,2025-01-17 05:29:01.196425,0,
111,deposit,786.9198742471697,2281.920960449739,2025-01-17 05:31:01.196425,0,
112,deposit,276.67338520750764,2063.833468530129,2025-01-17 05:33:01.196425,0,
113,withdrawal,85.48582615123269,1635.1125067531034,2025-01-17 05:47:01.196425,0,
114,withdrawal,356.8165112633762,3778.296137908782,2025-01-17 06:17:01.196425,0,
115,deposit,795.2432964080044,5686.595518434487,2025-01-17 06:21:01.196425,0,
116,deposit,760.1991976786701,6974.848831456497,2025-01-17 06:40:01.196425,0,
117,withdrawal,298.8939665484375,6458.96742427276,2025-01-17 06:58:01.196425,0,
118,withdrawal,236.72531105264798,4622.314069417098,2025-01-17 07:21:01.196425,0,
119,withdrawal,259.0348602923701,2401.1084194368614,2025-01-17 07:26:01.196425,0,
120,deposit,611.5829892973659,4370.325135011255,2025-01-17 07:28:01.196425,0,
121,deposit,202.1565916250818,3830.1180337235496,2025-01-17 07:40:01.196425,0,
122,deposit,133.63290065758812,3270.351152577929,2025-01-17 08:01:01.196425,0,
123,deposit,346.254237176803,4933.166542448666,2025-01-17 08:04:01.196425,0,
124,deposit,725.2932339592709,3035.531746853253,2025-01-17 08:13:01.196425,0,
125,deposit,995.7538668281948,6460.093321272526,2025-01-17 08:25:01.196425,0,
126,withdrawal,290.0490816423448,2516.8513313161757,2025-01-17 08:42:01.196425,0,
126,email_change,0.0,2516.8513313161757,2025-01-17 09:07:01.196425,0,
127,withdrawal,494.95419351896777,1743.6659274719113,2025-01-17 09:32:01.196425,0,
127,phone_change,0.0,1743.6659274719113,2025-01-17 09:56:01.196425,0,
128,deposit,932.5888388607071,4055.3822973590122,2025-01-17 10:15:01.196425,0,
129,deposit,177.66647452935422,1510.7453311663025,2025-01-17 10:33:01.196425,0,
130,deposit,404.65670650853684,3741.119475728446,2025-01-17 10:45:01.196425,0,
131,withdrawal,404.951345395752,1082.672968723508,2025-01-17 10:51:01.196425,0,
132,withdrawal,68.15247998737316,3831.235162733865,2025-01-17 11:13:01.196425,0,
133,deposit,407.5136238771539,5584.047394184655,2025-01-17 11:15:01.196425,0,
134,withdrawal,340.40395218681925,4317.245950878343,2025-01-17 11:38:01.196425,0,
135,deposit,732.2587728842232,4763.991540657096,2025-01-17 12:03:01.196425,0,
136,withdrawal,464.0200093250439,407.9169235542825,2025-01-17 12:19:01.196425,0,
137,withdrawal,496.26764486645135,654.677564251765,2025-01-17 12:37:01.196425,0,
137,phone_change,0.0,654.677564251765,2025-01-17 12:40:01.196425,0,
138,deposit,291.29616939549305,4415.16374537612,2025-01-17 12:57:01.196425,0,
138,email_change,0.0,4415.16374537612,2025-01-17 13:08:01.196425,0,
139,deposit,321.52444440718375,4433.3544715720955,2025-01-17 13:09:01.196425,0,
139,phone_change,0.0,4433.3544715720955,2025-01-17 13:12:01.196425,0,
140,deposit,562.2834592580859,3560.5821262271975,2025-01-17 13:17:01.196425,0,
140,password_change,0.0,3560.5821262271975,2025-01-17 13:32:01.196425,0,
141,deposit,335.7972034906676,6980.483801439186,2025-01-17 13:38:01.196425,0,
142,withdrawal,421.2771031601535,241.38876382680064,2025-01-17 13:46:01.196425,0,
143,deposit,876.634406776288,6260.410742079264,2025-01-17 14:01:01.196425,0,
144,deposit,983.408847016291,6481.029576681729,2025-01-17 14:27:01.196425,0,
145,deposit,933.7401152245969,2995.9328369340183,2025-01-17 14:35:01.196425,0,
145,password_change,0.0,2995.9328369340183,2025-01-17 14:59:01.196425,0,
146,withdrawal,414.48656120411636,4680.159649153107,2025-01-17 15:21:01.196425,0,
147,deposit,436.44929819130624,6861.544008780227,2025-01-17 15:35:01.196425,0,
148,deposit,304.71221548313423,4161.185971875752,2025-01-17 15:38:01.196425,0,
148,phone_change,0.0,4161.185971875752,2025-01-17 15:49:01.196425,0,
149,withdrawal,456.70287947870054,2517.658704637777,2025-01-17 16:05:01.196425,0,
150,withdrawal,133.5812376018832,4607.161157060477,2025-01-17 16:34:01.196425,0,
151,withdrawal,487.8108362865539,1542.593361787455,2025-01-17 17:00:01.196425,0,
152,withdrawal,425.21911159524615,5819.964216529959,2025-01-17 17:17:01.196425,0,
153,deposit,179.51452358177647,6997.010381681396,2025-01-17 17:24:01.196425,0,
154,withdrawal,320.73171241239294,2966.4469694622735,2025-01-17 17:34:01.196425,0,
155,withdrawal,225.2874919388596,5255.774528125126,2025-01-17 17:47:01.196425,0,
155,password_change,0.0,5255.774528125126,2025-01-17 18:10:01.196425,0,
156,deposit,687.6932990003622,3676.3204900012324,2025-01-17 18:35:01.196425,0,
157,deposit,796.3674666831823,5912.225509342028,2025-01-17 19:01:01.196425,0,
158,deposit,186.64578800111903,2618.90476023466,2025-01-17 19:27:01.196425,0,
159,withdrawal,350.14908873150114,3798.230004518022,2025-01-17 19:28:01.196425,0,
160,withdrawal,284.4908144355936,3590.4627966192716,2025-01-17 19:47:01.196425,0,
161,deposit,311.68427798059525,1090.686344779742,2025-01-17 19:49:01.196425,0,
162,withdrawal,361.6040251280458,4540.033551206743,2025-01-17 19:59:01.196425,0,
163,deposit,578.9208818102094,7375.810948360407,2025-01-17 20:08:01.196425,0,
164,deposit,569.7862421663998,3584.7553113837685,2025-01-17 20:27:01.196425,0,
164,email_change,0.0,3584.7553113837685,2025-01-17 20:54:01.196425,0,
165,withdrawal,58.02803373856268,5948.758613723938,2025-01-17 21:18:01.196425,0,
166,deposit,595.7986977607704,3460.7284118536145,2025-01-17 21:47:01.196425,0,
167,withdrawal,460.33584369009634,3754.822588639421,2025-01-17 22:08:01.196425,0,
167,email_change,0.0,3754.822588639421,2025-01-17 22:35:01.196425,0,
168,deposit,330.9054510707328,1958.546172104791,2025-01-17 22:56:01.196425,0,
168,password_change,0.0,1958.546172104791,2025-01-17 23:25:01.196425,0,
169,deposit,353.8122237577975,5162.712502951099,2025-01-17 23:48:01.196425,0,
169,phone_change,0.0,5162.712502951099,2025-01-18 00:02:01.196425,0,
170,deposit,467.4856320397882,4974.300592991531,2025-01-18 00:04:01.196425,0,
171,deposit,154.49246727838826,3644.508267210117,2025-01-18 00:11:01.196425,0,
171,phone_change,0.0,3644.508267210117,2025-01-18 00:22:01.196425,0,
172,withdrawal,64.78751875234248,1731.446480955409,2025-01-18 00:28:01.196425,0,
173,withdrawal,479.0670650948877,4015.8082793131816,2025-01-18 00:33:01.196425,0,
174,withdrawal,138.83937878574258,1091.282131028659,2025-01-18 00:59:01.196425,0,
175,withdrawal,438.26745777648125,3186.117415317749,2025-01-18 01:14:01.196425,0,
176,withdrawal,81.07793901139804,2611.5333157865807,2025-01-18 01:28:01.196425,0,
177,deposit,965.915509664747,4841.021110971034,2025-01-18 01:57:01.196425,0,
178,withdrawal,249.98582344656893,579.1375024310428,2025-01-18 02:24:01.196425,0,
178,password_change,0.0,579.1375024310428,2025-01-18 02:41:01.196425,0,
179,withdrawal,105.0726130282423,3050.2916904672725,2025-01-18 03:05:01.196425,0,
180,withdrawal,106.27725079124845,2080.5082989451635,2025-01-18 03:33:01.196425,0,
181,deposit,776.7850472098987,4676.123854001775,2025-01-18 03:41:01.196425,0,
182,withdrawal,138.04519118976253,6413.183118216876,2025-01-18 03:44:01.196425,0,
183,withdrawal,66.74396438945317,2900.505621741176,2025-01-18 04:03:01.196425,0,
183,email_change,0.0,2900.505621741176,2025-01-18 04:28:01.196425,0,
184,deposit,861.8104316058051,6486.449799166377,2025-01-18 04:57:01.196425,0,
184,phone_change,0.0,6486.449799166377,2025-01-18 05:02:01.196425,0,
185,withdrawal,93.18961049135808,2549.572966189173,2025-01-18 05:26:01.196425,0,
186,deposit,634.369622850709,1020.1157464573015,2025-01-18 05:44:01.196425,0,
187,deposit,745.7755680654642,2113.0000079386973,2025-01-18 06:01:01.196425,0,
187,password_change,0.0,2113.0000079386973,2025-01-18 06:24:01.196425,0,
188,deposit,989.2377324366871,4809.579861517175,2025-01-18 06:52:01.196425,0,
188,password_change,0.0,4809.579861517175,2025-01-18 06:56:01.196425,0,
189,withdrawal,114.19831973374738,3185.0459733263683,2025-01-18 07:11:01.196425,0,
190,withdrawal,375.25713618971963,3806.8099301116927,2025-01-18 07:31:01.196425,0,
191,withdrawal,260.8044655975345,5670.131464448193,2025-01-18 07:38:01.196425,0,
191,phone_change,0.0,5670.131464448193,2025-01-18 07:40:01.196425,0,
192,deposit,627.5207528647253,3246.7789529987213,2025-01-18 08:06:01.196425,0,
192,phone_change,0.0,3246.7789529987213,2025-01-18 08:28:01.196425,0,
193,withdrawal,201.31283929731916,3560.462816407979,2025-01-18 08:54:01.196425,0,
194,withdrawal,106.573044362982,4001.592227916766,2025-01-18 09:00:01.196425,0,
195,deposit,235.03033196957264,5171.637495684777,2025-01-18 09:01:01.196425,0,
195,phone_change,0.0,5171.637495684777,2025-01-18 09:05:01.196425,0,
196,withdrawal,162.04847166570067,5120.58727735788,2025-01-18 09:12:01.196425,0,
196,email_change,0.0,5120.58727735788,2025-01-18 09:19:01.196425,0,
197,withdrawal,141.7283389437869,1788.8662329659737,2025-01-18 09:45:01.196425,0,
198,withdrawal,229.66495974096122,1303.2287579542315,2025-01-18 09:57:01.196425,0,
199,withdrawal,485.9988964702252,5569.578851658208,2025-01-18 10:08:01.196425,0,
200,deposit,143.80744087606288,2902.6396086799778,2025-01-18 10:20:01.196425,0,
201,withdrawal,96.26548176996126,3671.9937179706208,2025-01-18 10:42:01.196425,0,
202,withdrawal,286.0898268759165,4608.142249249504,2025-01-18 10:59:01.196425,0,
203,deposit,256.5107532342257,4961.517193048755,2025-01-18 11:06:01.196425,0,
204,withdrawal,480.4255675568899,4043.4438519611763,2025-01-18 11:08:01.196425,0,
205,deposit,159.00054427696963,2491.6845281857177,2025-01-18 11:12:01.196425,0,
206,deposit,412.2907366902645,7044.8027271385445,2025-01-18 11:14:01.196425,0,
207,withdrawal,93.4580768644882,1343.7069217916123,2025-01-18 11:18:01.196425,0,
208,deposit,775.3385034601732,4888.144522213921,2025-01-18 11:23:01.196425,0,
208,email_change,0.0,4888.144522213921,2025-01-18 11:43:01.196425,0,
209,deposit,660.9777425344091,4866.415179493727,2025-01-18 12:06:01.196425,0,
210,withdrawal,82.88853662259429,3902.9495629242733,2025-01-18 12:22:01.196425,0,
211,deposit,464.0372272858893,3866.817380425078,2025-01-18 12:23:01.196425,0,
211,password_change,0.0,3866.817380425078,2025-01-18 12:49:01.196425,0,
212,withdrawal,438.294446911042,4582.450942608182,2025-01-18 13:17:01.196425,0,
213,deposit,733.6555715568496,4990.512987879356,2025-01-18 13:28:01.196425,0,
213,password_change,0.0,4990.512987879356,2025-01-18 13:45:01.196425,0,
214,withdrawal,381.4601364805355,2753.622785442128,2025-01-18 13:52:01.196425,0,
215,withdrawal,242.77628138277345,5030.309035420729,2025-01-18 14:21:01.196425,0,
216,deposit,237.75895429436932,3116.128249742171,2025-01-18 14:28:01.196425,0,
217,withdrawal,440.6345526873904,1799.0184996909327,2025-01-18 14:35:01.196425,0,
218,deposit,430.3925713503372,3659.678077960774,2025-01-18 14:47:01.196425,0,
218,email_change,0.0,3659.678077960774,2025-01-18 15:03:01.196425,0,
219,withdrawal,200.75496320286263,5224.070339467765,2025-01-18 15:09:01.196425,0,
219,email_change,0.0,5224.070339467765,2025-01-18 15:23:01.196425,0,
220,deposit,368.3703908606798,5758.512617763118,2025-01-18 15:47:01.196425,0,
221,withdrawal,194.33908586644264,861.546691330547,2025-01-18 16:14:01.196425,0,
222,withdrawal,179.17856164561476,2129.6421650108077,2025-01-18 16:38:01.196425,0,
223,withdrawal,142.98458786148464,5134.1738650048055,2025-01-18 16:54:01.196425,0,
223,phone_change,0.0,5134.1738650048055,2025-01-18 17:21:01.196425,0,
224,deposit,217.83147917471206,6929.183178170633,2025-01-18 17:30:01.196425,0,
225,withdrawal,355.35349031584263,4208.813211968337,2025-01-18 17:31:01.196425,0,
226,deposit,847.7396725879331,3572.276037761472,2025-01-18 17:32:01.196425,0,
227,deposit,328.2319139987543,5426.284037517924,2025-01-18 17:57:01.196425,0,
228,withdrawal,380.1096661580007,3106.4862459896713,2025-01-18 18:19:01.196425,0,
229,withdrawal,63.632646445011645,5472.732516908244,2025-01-18 18:26:01.196425,0,
230,withdrawal,182.07167850896292,2618.1761274260334,2025-01-18 18:36:01.196425,0,
230,phone_change,0.0,2618.1761274260334,2025-01-18 19:06:01.196425,0,
231,deposit,417.7071470433665,3363.0930724578766,2025-01-18 19:36:01.196425,0,
232,deposit,947.3044397209944,2890.301931312141,2025-01-18 19:52:01.196425,0,
232,email_change,0.0,2890.301931312141,2025-01-18 20:12:01.196425,0,
233,withdrawal,190.32194285107033,3268.8653095523628,2025-01-18 20:40:01.196425,0,
234,deposit,695.1752157130047,4291.116908024005,2025-01-18 20:49:01.196425,0,
234,password_change,0.0,4291.116908024005,2025-01-18 20:58:01.196425,0,
235,withdrawal,266.9028982416572,6646.337796679046,2025-01-18 21:11:01.196425,0,
236,deposit,163.44765388988333,5173.576381791219,2025-01-18 21:13:01.196425,0,
237,deposit,213.02497169210892,2859.3128335603096,2025-01-18 21:16:01.196425,0,
238,withdrawal,475.171978027826,4271.950303675838,2025-01-18 21:26:01.196425,0,
239,withdrawal,80.30768554610754,5285.440827905236,2025-01-18 21:52:01.196425,0,
240,deposit,106.57080747900673,3561.194732742042,2025-01-18 21:55:01.196425,0,
240,password_change,0.0,3561.194732742042,2025-01-18 22:08:01.196425,0,
241,deposit,581.8146950089011,3794.026851655779,2025-01-18 22:28:01.196425,0,
242,deposit,641.0820735071524,5831.250705484967,2025-01-18 22:43:01.196425,0,
243,withdrawal,116.55369900403056,2255.4073503580053,2025-01-18 22:49:01.196425,0,
244,withdrawal,404.0309565180409,3300.2005925419126,2025-01-18 23:03:01.196425,0,
245,deposit,523.5215359526052,4963.553956098132,2025-01-18 23:31:01.196425,0,
246,deposit,538.6748461200294,8385.792476540228,2025-01-18 23:58:01.196425,0,
247,deposit,959.6131770329257,4923.745480607342,2025-01-19 00:19:01.196425,0,
247,password_change,0.0,4923.745480607342,2025-01-19 00:24:01.196425,0,
248,deposit,791.2971936506968,2791.3790678666624,2025-01-19 00:42:01.196425,0,
249,deposit,169.9887981278454,2365.9998847639363,2025-01-19 01:03:01.196425,0,
250,withdrawal,111.2813596987106,5103.595008095132,2025-01-19 01:25:01.196425,0,
251,withdrawal,491.77859672055683,4703.90520686932,2025-01-19 01:34:01.196425,0,
252,deposit,424.87580178718827,2008.0377292152511,2025-01-19 01:46:01.196425,0,
253,withdrawal,108.02125097521107,3013.338931964081,2025-01-19 01:57:01.196425,0,
253,phone_change,0.0,3013.338931964081,2025-01-19 02:16:01.196425,0,
254,withdrawal,308.6898798275405,4347.779820936546,2025-01-19 02:44:01.196425,0,
255,deposit,373.1589799239684,5114.151717405051,2025-01-19 02:45:01.196425,0,
256,deposit,177.17838499488977,2643.8217496628668,2025-01-19 03:04:01.196425,0,
256,email_change,0.0,2643.8217496628668,2025-01-19 03:18:01.196425,0,
257,withdrawal,457.5562677788954,2399.0721473995995,2025-01-19 03:29:01.196425,0,
258,deposit,612.3434474405432,6294.500263016546,2025-01-19 03:54:01.196425,0,
258,phone_change,0.0,6294.500263016546,2025-01-19 04:18:01.196425,0,
259,deposit,578.3776471186869,4994.023529031005,2025-01-19 04:21:01.196425,0,
260,deposit,746.153397932021,5316.725464996759,2025-01-19 04:33:01.196425,0,
261,deposit,462.2910722996379,3115.1776089276523,2025-01-19 04:56:01.196425,0,
262,deposit,782.0151551276055,6500.802530297095,2025-01-19 05:20:01.196425,0,
263,deposit,519.9995886263528,4311.994628835841,2025-01-19 05:39:01.196425,0,
264,withdrawal,117.65094877019486,4958.60056012706,2025-01-19 05:46:01.196425,0,
265,deposit,286.18285057360123,3472.062577893526,2025-01-19 06:09:01.196425,0,
266,deposit,958.0217238454863,7123.012709728813,2025-01-19 06:29:01.196425,0,
266,phone_change,0.0,7123.012709728813,2025-01-19 06:32:01.196425,0,
267,deposit,873.6742618186737,3237.3695716253283,2025-01-19 07:01:01.196425,0,
268,withdrawal,457.3736130726329,1276.5921813362177,2025-01-19 07:21:01.196425,0,
269,deposit,834.7113102974972,3091.0897992422297,2025-01-19 07:45:01.196425,0,
270,deposit,526.5841622471304,4751.61993166833,2025-01-19 07:47:01.196425,0,
271,withdrawal,406.9220125329322,2619.905334220251,2025-01-19 07:57:01.196425,0,
272,deposit,455.9262519780899,7321.848554199467,2025-01-19 08:23:01.196425,0,
273,withdrawal,324.90806598507163,3630.972685393743,2025-01-19 08:28:01.196425,0,
274,deposit,707.4774253381942,3592.575454074805,2025-01-19 08:31:01.196425,0,
274,email_change,0.0,3592.575454074805,2025-01-19 08:37:01.196425,0,
275,deposit,333.1497050745365,498.43050271062776,2025-01-19 08:43:01.196425,0,
275,phone_change,0.0,498.43050271062776,2025-01-19 09:01:01.196425,0,
276,withdrawal,135.74002893042396,4775.108445519665,2025-01-19 09:20:01.196425,0,
277,deposit,591.0637606771619,5781.50025357907,2025-01-19 09:28:01.196425,0,
278,deposit,685.0956624644332,3272.0893033223106,2025-01-19 09:44:01.196425,0,
279,deposit,470.34303798901175,2024.2294176363882,2025-01-19 10:02:01.196425,0,
280,withdrawal,285.35951299425426,1675.2953998887374,2025-01-19 10:25:01.196425,0,
281,withdrawal,397.8750135866214,1328.6772432326227,2025-01-19 10:30:01.196425,0,
281,password_change,0.0,1328.6772432326227,2025-01-19 10:59:01.196425,0,
282,withdrawal,369.64531981496333,5549.169010460338,2025-01-19 11:25:01.196425,0,
283,withdrawal,428.841372238737,3376.270549546599,2025-01-19 11:45:01.196425,0,
284,withdrawal,131.39050632087017,4372.136606180118,2025-01-19 11:55:01.196425,0,
285,withdrawal,163.73458872006154,2802.6363331073444,2025-01-19 12:22:01.196425,0,
286,deposit,551.9315989280827,5283.909576099129,2025-01-19 12:48:01.196425,0,
287,deposit,492.28576437262717,4177.498268380508,2025-01-19 12:59:01.196425,0,
287,phone_change,0.0,4177.498268380508,2025-01-19 13:28:01.196425,0,
288,withdrawal,156.71198549227174,3467.4461409037563,2025-01-19 13:35:01.196425,0,
288,email_change,0.0,3467.4461409037563,2025-01-19 14:05:01.196425,0,
289,deposit,932.68642625077,5753.831593219936,2025-01-19 14:32:01.196425,0,
290,withdrawal,75.05996608573525,4979.323058414073,2025-01-19 14:43:01.196425,0,
290,password_change,0.0,4979.323058414073,2025-01-19 14:44:01.196425,0,
291,deposit,384.22251950361203,4070.883698251641,2025-01-19 15:12:01.196425,0,
292,deposit,316.7026821678209,5863.064736406433,2025-01-19 15:37:01.196425,0,
293,withdrawal,291.96455721194695,1488.4131118712644,2025-01-19 15:48:01.196425,0,
294,deposit,750.0681940949787,2509.8236396936118,2025-01-19 15:56:01.196425,0,
295,deposit,368.4128845986498,5903.99952504782,2025-01-19 16:11:01.196425,0,
296,deposit,867.4688849277,4681.844768616698,2025-01-19 16:15:01.196425,0,
297,deposit,953.7949202043628,3185.720041166711,2025-01-19 16:31:01.196425,0,
298,deposit,421.8382129571364,7550.187868628064,2025-01-19 16:49:01.196425,0,
298,phone_change,0.0,7550.187868628064,2025-01-19 16:57:01.196425,0,
299,withdrawal,161.57358429509722,5317.451342498688,2025-01-19 17:24:01.196425,0,
300,withdrawal,420.2151712155917,2673.5114302088123,2025-01-19 17:26:01.196425,0,
301,deposit,546.7570593553503,1637.0135915325977,2025-01-19 17:50:01.196425,0,
302,withdrawal,376.76765281174255,3827.4131797791233,2025-01-19 18:20:01.196425,0,
302,password_change,0.0,3827.4131797791233,2025-01-19 18:36:01.196425,0,
303,withdrawal,81.71486469157347,2190.8279867453252,2025-01-19 18:50:01.196425,0,
304,deposit,298.71012403829394,4524.020980849851,2025-01-19 19:07:01.196425,0,
305,withdrawal,82.7394013042332,5244.999781027853,2025-01-19 19:08:01.196425,0,
306,withdrawal,267.39649282149463,3455.8821016039724,2025-01-19 19:11:01.196425,0,
307,deposit,207.74361492667688,2304.115155518916,2025-01-19 19:26:01.196425,0,
308,withdrawal,237.97515558102486,1882.8624493303864,2025-01-19 19:47:01.196425,0,
309,deposit,797.8754831891264,5398.844324994855,2025-01-19 20:09:01.196425,0,
309,email_change,0.0,5398.844324994855,2025-01-19 20:37:01.196425,0,
310,deposit,560.0327280114078,2990.811937755206,2025-01-19 21:06:01.196425,0,
311,withdrawal,112.1782091810998,2353.564166847085,2025-01-19 21:28:01.196425,0,
312,deposit,359.7510967416267,6267.5828758668995,2025-01-19 21:38:01.196425,0,
313,deposit,112.51647678651354,4624.947162337444,2025-01-19 22:04:01.196425,0,
313,phone_change,0.0,4624.947162337444,2025-01-19 22:21:01.196425,0,
314,deposit,883.943867473492,5902.562423649654,2025-01-19 22:40:01.196425,0,
315,withdrawal,345.5641609275018,2700.619566821999,2025-01-19 23:01:01.196425,0,
316,deposit,588.3922208488472,6795.733703128385,2025-01-19 23:14:01.196425,0,
317,withdrawal,152.69129048793863,5061.9269728644895,2025-01-19 23:44:01.196425,0,
317,email_change,0.0,5061.9269728644895,2025-01-19 23:55:01.196425,0,
318,withdrawal,69.37707315429742,4361.231843557936,2025-01-20 00:00:01.196425,0,
318,phone_change,0.0,4361.231843557936,2025-01-20 00:23:01.196425,0,
319,withdrawal,495.38061032144407,5007.857591582941,2025-01-20 00:28:01.196425,0,
320,deposit,374.0466162668035,3003.44512624639,2025-01-20 00:58:01.196425,0,
321,deposit,321.8320127078216,2379.692706418915,2025-01-20 01:15:01.196425,0,
322,deposit,674.9817396434794,5734.651898110101,2025-01-20 01:37:01.196425,0,
323,deposit,860.1639069563582,5822.040727858105,2025-01-20 01:49:01.196425,0,
324,deposit,693.2632411912246,5700.590803519677,2025-01-20 02:02:01.196425,0,
324,phone_change,0.0,5700.590803519677,2025-01-20 02:27:01.196425,0,
325,deposit,401.7620384808527,4748.077330617324,2025-01-20 02:31:01.196425,0,
326,deposit,351.8107769803914,2689.13101878038,2025-01-20 02:56:01.196425,0,
327,deposit,116.88848690228622,2632.6903112384584,2025-01-20 03:23:01.196425,0,
328,withdrawal,205.30975350439354,1051.596005311446,2025-01-20 03:43:01.196425,0,
328,phone_change,0.0,1051.596005311446,2025-01-20 04:06:01.196425,0,
329,deposit,304.71068127388037,4910.430570020371,2025-01-20 04:28:01.196425,0,
330,withdrawal,477.9415385124768,3262.140611721659,2025-01-20 04:39:01.196425,0,
331,withdrawal,179.9894205451411,6062.951672865252,2025-01-20 04:52:01.196425,0,
332,deposit,418.3304736456787,2513.8026346780634,2025-01-20 05:04:01.196425,0,
333,deposit,905.0374659253816,3867.682440677251,2025-01-20 05:14:01.196425,0,
334,deposit,400.73653560916887,3003.4161881900754,2025-01-20 05:34:01.196425,0,
335,deposit,989.5690502507634,7841.1118329778665,2025-01-20 05:56:01.196425,0,
336,deposit,184.52150460512794,4455.689545366906,2025-01-20 06:15:01.196425,0,
337,deposit,218.62613549119442,2850.308280222279,2025-01-20 06:17:01.196425,0,
337,phone_change,0.0,2850.308280222279,2025-01-20 06:22:01.196425,0,
338,deposit,818.3360602488569,6992.542361320564,2025-01-20 06:52:01.196425,0,
339,deposit,385.79244764051333,5186.25047620252,2025-01-20 06:56:01.196425,0,
340,deposit,669.7156839042374,2793.472489466407,2025-01-20 07:15:01.196425,0,
341,deposit,295.71304546548106,6127.0198473414275,2025-01-20 07:37:01.196425,0,
342,deposit,343.66083346024374,5678.92413348044,2025-01-20 07:41:01.196425,0,
342,email_change,0.0,5678.92413348044,2025-01-20 07:43:01.196425,0,
343,withdrawal,83.85988027570393,4281.647748846297,2025-01-20 08:00:01.196425,0,
344,withdrawal,51.31844250626207,4171.5921596799635,2025-01-20 08:25:01.196425,0,
345,deposit,540.995883541852,4388.627827193346,2025-01-20 08:50:01.196425,0,
345,email_change,0.0,4388.627827193346,2025-01-20 09:12:01.196425,0,
346,withdrawal,96.84002733009369,6707.0406392669975,2025-01-20 09:25:01.196425,0,
347,deposit,547.5385611037807,5393.849544281384,2025-01-20 09:45:01.196425,0,
348,withdrawal,63.74260519662711,2296.9266599184034,2025-01-20 09:52:01.196425,0,
349,deposit,343.15797214451305,2335.744481136481,2025-01-20 09:55:01.196425,0,
350,withdrawal,333.65670961927236,3029.7320582860443,2025-01-20 09:56:01.196425,0,
351,deposit,390.09273681032914,1603.1924976281186,2025-01-20 10:15:01.196425,0,
351,password_change,0.0,1603.1924976281186,2025-01-20 10:20:01.196425,0,
352,withdrawal,167.7962435395617,3608.326442927395,2025-01-20 10:28:01.196425,0,
353,withdrawal,200.64395342393382,3109.9979996398783,2025-01-20 10:54:01.196425,0,
354,deposit,463.8972496395403,5095.926501281525,2025-01-20 11:16:01.196425,0,
355,deposit,398.0834047597163,2615.493679086982,2025-01-20 11:39:01.196425,0,
356,withdrawal,423.6603627518243,1598.6382456297283,2025-01-20 11:40:01.196425,0,
357,deposit,503.2753478928831,3370.524217146501,2025-01-20 11:44:01.196425,0,
357,password_change,0.0,3370.524217146501,2025-01-20 12:03:01.196425,0,
358,deposit,134.1276468098817,4566.9669126036915,2025-01-20 12:11:01.196425,0,
359,withdrawal,290.32320916489334,4601.587373338856,2025-01-20 12:17:01.196425,0,
360,deposit,898.7231858704863,4163.574633318454,2025-01-20 12:38:01.196425,0,
361,deposit,949.3090143439724,5342.407821738452,2025-01-20 13:03:01.196425,0,
362,withdrawal,136.3389330558507,2373.6385127367616,2025-01-20 13:32:01.196425,0,
363,deposit,208.32388345325896,3403.531892320991,2025-01-20 13:33:01.196425,0,
364,deposit,277.71512131898174,3385.767781260016,2025-01-20 13:37:01.196425,0,
365,deposit,815.3733800624462,4658.574459163213,2025-01-20 13:57:01.196425,0,
366,deposit,488.59975321609454,6724.74891877079,2025-01-20 14:26:01.196425,0,
367,withdrawal,201.16637012415063,2441.2446418134405,2025-01-20 14:39:01.196425,0,
368,withdrawal,460.4676343187116,3537.6601547158334,2025-01-20 15:00:01.196425,0,
369,withdrawal,193.49229090513037,1735.264099241134,2025-01-20 15:22:01.196425,0,
369,phone_change,0.0,1735.264099241134,2025-01-20 15:51:01.196425,0,
370,withdrawal,154.7532611482025,6050.065823915371,2025-01-20 16:21:01.196425,0,
370,password_change,0.0,6050.065823915371,2025-01-20 16:47:01.196425,0,
371,deposit,552.2176285226924,1173.6900538338577,2025-01-20 17:06:01.196425,0,
371,email_change,0.0,1173.6900538338577,2025-01-20 17:31:01.196425,0,
372,deposit,858.0326953319162,6252.243945183008,2025-01-20 17:59:01.196425,0,
373,deposit,701.172991728933,3037.043264838392,2025-01-20 18:04:01.196425,0,
373,email_change,0.0,3037.043264838392,2025-01-20 18:16:01.196425,0,
374,withdrawal,393.3686188709713,4200.585118407004,2025-01-20 18:27:01.196425,0,
375,withdrawal,454.8822220805496,5337.924589358847,2025-01-20 18:53:01.196425,0,
376,deposit,355.62328182315946,3295.227882710965,2025-01-20 19:13:01.196425,0,
377,withdrawal,126.72389455660812,5356.335559195569,2025-01-20 19:33:01.196425,0,
378,withdrawal,336.9590920077724,3285.198011018971,2025-01-20 19:51:01.196425,0,
379,deposit,844.4095207285919,4555.877273702194,2025-01-20 20:04:01.196425,0,
379,password_change,0.0,4555.877273702194,2025-01-20 20:20:01.196425,0,
380,deposit,503.4622881673244,6122.63298089392,2025-01-20 20:23:01.196425,0,
381,withdrawal,400.78869707547636,3710.752422202828,2025-01-20 20:28:01.196425,0,
382,withdrawal,471.40047830402426,4925.1344480747985,2025-01-20 20:38:01.196425,0,
383,deposit,572.5330601382982,3792.4773085068628,2025-01-20 21:02:01.196425,0,
384,withdrawal,241.50864811660935,2437.8577317467893,2025-01-20 21:32:01.196425,0,
384,email_change,0.0,2437.8577317467893,2025-01-20 21:52:01.196425,0,
385,deposit,179.14605279750847,4885.326362023621,2025-01-20 21:56:01.196425,0,
386,deposit,151.49776912544456,1767.4892601942302,2025-01-20 22:26:01.196425,0,
387,withdrawal,361.5308189643346,2279.382724211101,2025-01-20 22:46:01.196425,0,
387,password_change,0.0,2279.382724211101,2025-01-20 22:54:01.196425,0,
388,withdrawal,392.0218841911771,4590.176717877576,2025-01-20 23:06:01.196425,0,
388,phone_change,0.0,4590.176717877576,2025-01-20 23:34:01.196425,0,
389,withdrawal,311.9370305903923,5383.103008797396,2025-01-20 23:43:01.196425,0,
389,phone_change,0.0,5383.103008797396,2025-01-21 00:09:01.196425,0,
390,withdrawal,315.79273123970444,1974.48579789368,2025-01-21 00:29:01.196425,0,
391,deposit,978.577368394262,8160.241272879602,2025-01-21 00:58:01.196425,0,
391,password_change,0.0,8160.241272879602,2025-01-21 01:19:01.196425,0,
392,deposit,448.9886795118563,2867.380758434475,2025-01-21 01:30:01.196425,0,
392,email_change,0.0,2867.380758434475,2025-01-21 01:53:01.196425,0,
393,deposit,948.1814174005069,4110.601659365498,2025-01-21 02:04:01.196425,0,
394,deposit,476.38028587477186,2955.4409590107584,2025-01-21 02:13:01.196425,0,
395,withdrawal,476.38965185988906,3595.2680649498056,2025-01-21 02:38:01.196425,0,
396,withdrawal,375.5822304796733,1822.1781810106472,2025-01-21 03:04:01.196425,0,
397,deposit,605.4376924712446,4202.401572064142,2025-01-21 03:05:01.196425,0,
398,withdrawal,151.92125926552228,3226.076799973321,2025-01-21 03:18:01.196425,0,
399,withdrawal,93.32138801989595,2258.744218199449,2025-01-21 03:24:01.196425,0,
400,deposit,242.96209793908807,1548.932583178756,2025-01-21 03:49:01.196425,0,
400,phone_change,0.0,1548.932583178756,2025-01-21 03:59:01.196425,0,
401,deposit,559.6738042170118,5020.862920106375,2025-01-21 04:11:01.196425,0,
402,withdrawal,266.82795164179083,3993.14890689237,2025-01-21 04:32:01.196425,0,
403,deposit,303.1965790992436,3998.3746852488607,2025-01-21 04:53:01.196425,0,
404,deposit,186.32727403407273,5523.820826549702,2025-01-21 05:20:01.196425,0,
404,password_change,0.0,5523.820826549702,2025-01-21 05:46:01.196425,0,
405,deposit,406.48115581127223,3299.801505468111,2025-01-21 06:02:01.196425,0,
406,deposit,770.941794473465,6131.116335690263,2025-01-21 06:04:01.196425,0,
407,deposit,390.12455835626173,6585.8718558275605,2025-01-21 06:29:01.196425,0,
408,deposit,898.0063224780763,5385.5566431493635,2025-01-21 06:30:01.196425,0,
409,deposit,989.2970982714321,2219.434562488762,2025-01-21 06:52:01.196425,0,
409,phone_change,0.0,2219.434562488762,2025-01-21 06:58:01.196425,0,
410,withdrawal,133.59452171877217,5101.028156947563,2025-01-21 07:01:01.196425,0,
410,password_change,0.0,5101.028156947563,2025-01-21 07:14:01.196425,0,
411,withdrawal,444.8946727353549,3928.077391564577,2025-01-21 07:17:01.196425,0,
412,deposit,601.6777880964845,5191.064605584505,2025-01-21 07:39:01.196425,0,
412,password_change,0.0,5191.064605584505,2025-01-21 07:54:01.196425,0,
413,deposit,303.73299402734267,3722.981084782166,2025-01-21 07:57:01.196425,0,
414,withdrawal,250.71040028530985,3048.637071576464,2025-01-21 08:25:01.196425,0,
415,withdrawal,284.50588308314315,2646.683313589514,2025-01-21 08:45:01.196425,0,
415,password_change,0.0,2646.683313589514,2025-01-21 08:52:01.196425,0,
416,withdrawal,373.54382220455193,1859.2785096343678,2025-01-21 09:09:01.196425,0,
417,deposit,334.0052772954996,4102.399428926605,2025-01-21 09:30:01.196425,0,
418,withdrawal,154.7211086714968,2703.701795538276,2025-01-21 09:31:01.196425,0,
419,deposit,934.3906081187607,5411.498298386992,2025-01-21 09:44:01.196425,0,
420,withdrawal,310.3082416728638,5603.026265454614,2025-01-21 10:10:01.196425,0,
421,deposit,770.498558172198,5268.901278349886,2025-01-21 10:11:01.196425,0,
422,deposit,545.6342206414317,4347.885044873203,2025-01-21 10:41:01.196425,0,
422,phone_change,0.0,4347.885044873203,2025-01-21 11:06:01.196425,0,
423,withdrawal,296.4131037645428,5218.153917575968,2025-01-21 11:36:01.196425,0,
424,deposit,168.80777353841944,1740.1117336367515,2025-01-21 11:39:01.196425,0,
425,withdrawal,449.74809746222144,1088.268027464696,2025-01-21 12:09:01.196425,0,
426,withdrawal,173.23501488238242,4198.975220797048,2025-01-21 12:26:01.196425,0,
426,email_change,0.0,4198.975220797048,2025-01-21 12:27:01.196425,0,
427,deposit,939.9146453552905,5078.909710258248,2025-01-21 12:39:01.196425,0,
428,withdrawal,389.3047439095613,6440.866955033211,2025-01-21 12:57:01.196425,0,
429,deposit,288.2650592002932,3742.893969346014,2025-01-21 13:09:01.196425,0,
430,deposit,349.9636271219363,2602.1693850852243,2025-01-21 13:31:01.196425,0,
430,phone_change,0.0,2602.1693850852243,2025-01-21 13:56:01.196425,0,
431,deposit,368.08459226507796,2367.5608590261218,2025-01-21 14:12:01.196425,0,
432,deposit,163.2980629195406,4571.657518828366,2025-01-21 14:36:01.196425,0,
433,deposit,483.17269949374105,4039.7512454047783,2025-01-21 15:02:01.196425,0,
433,email_change,0.0,4039.7512454047783,2025-01-21 15:31:01.196425,0,
434,deposit,645.9723863711989,3785.884812813265,2025-01-21 15:48:01.196425,0,
435,deposit,601.997248411101,7402.454161219586,2025-01-21 15:50:01.196425,0,
436,deposit,900.634555263024,5005.512263694405,2025-01-21 16:08:01.196425,0,
437,withdrawal,499.18328559235385,3081.0629241887623,2025-01-21 16:33:01.196425,0,
438,withdrawal,388.5337013387691,4782.475210622435,2025-01-21 16:35:01.196425,0,
439,deposit,507.52003775031335,5882.374484089973,2025-01-21 16:51:01.196425,0,
439,phone_change,0.0,5882.374484089973,2025-01-21 17:19:01.196425,0,
440,deposit,289.7226890633619,7080.099420254818,2025-01-21 17:33:01.196425,0,
441,withdrawal,222.63184998971747,4035.9160036891303,2025-01-21 18:00:01.196425,0,
441,email_change,0.0,4035.9160036891303,2025-01-21 18:09:01.196425,0,
442,withdrawal,326.9491664153413,5180.736511872681,2025-01-21 18:32:01.196425,0,
443,withdrawal,351.47760036646883,875.5627802235545,2025-01-21 18:58:01.196425,0,
444,deposit,180.98714680502144,4183.622865812501,2025-01-21 19:00:01.196425,0,
445,deposit,101.80195472961448,5311.708857633746,2025-01-21 19:22:01.196425,0,
446,deposit,667.7400224732912,2823.788593446363,2025-01-21 19:46:01.196425,0,
446,password_change,0.0,2823.788593446363,2025-01-21 20:07:01.196425,0,
447,withdrawal,400.31521577921126,3248.4368479305667,2025-01-21 20:14:01.196425,0,
447,password_change,0.0,3248.4368479305667,2025-01-21 20:23:01.196425,0,
448,withdrawal,439.52804091085414,1723.1972988550428,2025-01-21 20:37:01.196425,0,
449,deposit,837.5210978222457,1422.301163347101,2025-01-21 20:38:01.196425,0,
450,deposit,554.5917552371911,6241.319068956544,2025-01-21 20:43:01.196425,0,
451,deposit,888.1322262036196,3686.313607973649,2025-01-21 20:45:01.196425,0,
452,deposit,716.4874571434643,2058.470901620769,2025-01-21 21:10:01.196425,0,
453,withdrawal,447.4775298638581,4493.811034404886,2025-01-21 21:18:01.196425,0,
454,withdrawal,472.490044888159,1313.6440187891833,2025-01-21 21:34:01.196425,0,
454,phone_change,0.0,1313.6440187891833,2025-01-21 21:38:01.196425,0,
455,deposit,470.8320999042947,6369.093154462006,2025-01-21 21:48:01.196425,0,
456,deposit,134.32609833540718,2840.438913413874,2025-01-21 21:56:01.196425,0,
457,deposit,484.9876723158665,5182.283972595556,2025-01-21 22:05:01.196425,0,
458,deposit,121.00178856160011,4425.594723046415,2025-01-21 22:26:01.196425,0,
459,withdrawal,379.7510817239614,2293.0099174235866,2025-01-21 22:30:01.196425,0,
460,deposit,618.7747221096259,2705.0190811514176,2025-01-21 22:56:01.196425,0,
461,deposit,616.9678473695753,7954.944333744799,2025-01-21 23:24:01.196425,0,
462,deposit,915.5877840901899,4128.792810844817,2025-01-21 23:32:01.196425,0,
463,deposit,591.47689117951,2869.295862790605,2025-01-21 23:56:01.196425,0,
463,email_change,0.0,2869.295862790605,2025-01-22 00:13:01.196425,0,
464,deposit,267.81239988079295,3716.526471294038,2025-01-22 00:17:01.196425,0,
465,withdrawal,219.92724740220444,5602.757793218874,2025-01-22 00:45:01.196425,0,
465,email_change,0.0,5602.757793218874,2025-01-22 01:07:01.196425,0,
466,withdrawal,293.12609476852094,1829.8047038171749,2025-01-22 01:26:01.196425,0,
467,deposit,221.09891233711662,4652.498561576831,2025-01-22 01:34:01.196425,0,
468,withdrawal,255.5076572967639,5187.745668622287,2025-01-22 01:43:01.196425,0,
469,deposit,296.63206071907825,4904.238307293967,2025-01-22 02:06:01.196425,0,
469,phone_change,0.0,4904.238307293967,2025-01-22 02:15:01.196425,0,
470,withdrawal,340.1218856289655,2317.5093491306775,2025-01-22 02:25:01.196425,0,
471,deposit,915.2412257668909,2739.578464288923,2025-01-22 02:41:01.196425,0,
472,deposit,352.16471753135005,3060.276462026402,2025-01-22 02:43:01.196425,0,
473,deposit,478.0019953605279,7205.009335549854,2025-01-22 03:08:01.196425,0,
474,deposit,388.96923553066875,2387.1077917685566,2025-01-22 03:24:01.196425,0,
475,deposit,900.8025687913332,5652.991596909852,2025-01-22 03:26:01.196425,0,
476,deposit,239.6500459390219,2586.5620811236377,2025-01-22 03:52:01.196425,0,
476,password_change,0.0,2586.5620811236377,2025-01-22 04:20:01.196425,0,
477,withdrawal,431.7869878189782,1646.538868991317,2025-01-22 04:38:01.196425,0,
478,deposit,924.1611742205217,5545.91217261819,2025-01-22 04:56:01.196425,0,
479,deposit,155.4307938663157,3577.9040962761924,2025-01-22 05:12:01.196425,0,
480,deposit,657.4701701989153,3919.7211599662483,2025-01-22 05:32:01.196425,0,
481,withdrawal,136.61825667875087,2943.9585325822945,2025-01-22 05:57:01.196425,0,
482,withdrawal,436.8450936870036,1024.490400898413,2025-01-22 06:26:01.196425,0,
483,withdrawal,138.71691138565785,579.9200568391634,2025-01-22 06:45:01.196425,0,
484,deposit,187.985073935601,2385.004272947,2025-01-22 07:13:01.196425,0,
484,phone_change,0.0,2385.004272947,2025-01-22 07:21:01.196425,0,
485,withdrawal,362.03736446709144,3874.8236472166714,2025-01-22 07:25:01.196425,0,
486,withdrawal,336.77372033014484,1733.2723796129299,2025-01-22 07:45:01.196425,0,
487,deposit,994.6338731797189,3754.9130310371083,2025-01-22 07:51:01.196425,0,
488,withdrawal,86.18955661543147,610.3445024189018,2025-01-22 08:14:01.196425,0,
488,phone_change,0.0,610.3445024189018,2025-01-22 08:20:01.196425,0,
489,withdrawal,183.855492566632,2033.611524879005,2025-01-22 08:35:01.196425,0,
490,deposit,741.7817638171249,3753.8225224143152,2025-01-22 08:45:01.196425,0,
491,deposit,776.3530399557874,5224.934260507565,2025-01-22 09:02:01.196425,0,
492,deposit,252.6759526013296,1824.9653867228997,2025-01-22 09:17:01.196425,0,
493,withdrawal,296.5216470147208,3474.898309363072,2025-01-22 09:30:01.196425,0,
493,phone_change,0.0,3474.898309363072,2025-01-22 09:37:01.196425,0,
494,deposit,650.6211270527137,4177.561625496489,2025-01-22 09:46:01.196425,0,
495,deposit,757.8202280110926,4597.836865607125,2025-01-22 10:16:01.196425,0,
496,deposit,347.8666882438201,5810.7266255079685,2025-01-22 10:41:01.196425,0,
497,withdrawal,353.3528721846054,1536.4339105296722,2025-01-22 10:48:01.196425,0,
498,deposit,746.0688933228514,2087.3373702642943,2025-01-22 10:53:01.196425,0,
499,withdrawal,167.77395917022403,2102.104590228932,2025-01-22 11:23:01.196425,0,
500,deposit,694.1869922377953,7153.2262691984515,2025-01-22 11:28:01.196425,0,
500,email_change,0.0,7153.2262691984515,2025-01-22 11:47:01.196425,0,
501,withdrawal,276.56439481918426,3262.887799294108,2025-01-22 12:08:01.196425,0,
502,withdrawal,146.88380415647026,1440.8964411475279,2025-01-22 12:38:01.196425,0,
503,deposit,388.79714242094394,4564.250604206513,2025-01-22 13:02:01.196425,0,
504,deposit,352.396528324192,4356.480538074446,2025-01-22 13:20:01.196425,0,
505,withdrawal,115.24543706005562,2571.8991647946737,2025-01-22 13:46:01.196425,0,
506,deposit,303.1918554438752,1507.855451276183,2025-01-22 14:13:01.196425,0,
507,deposit,171.545657126618,3695.3895423725303,2025-01-22 14:39:01.196425,0,
508,withdrawal,251.1899439757736,2209.1749965642234,2025-01-22 15:04:01.196425,0,
509,deposit,842.4379220497987,5485.746524634095,2025-01-22 15:07:01.196425,0,
510,deposit,466.19917348311645,1278.148374322834,2025-01-22 15:37:01.196425,0,
510,phone_change,0.0,1278.148374322834,2025-01-22 15:38:01.196425,0,
511,deposit,155.31328400454464,7554.871772984604,2025-01-22 16:03:01.196425,0,
512,withdrawal,491.23159073519247,3732.478043220073,2025-01-22 16:30:01.196425,0,
513,withdrawal,499.2977624992885,5058.87279148678,2025-01-22 16:41:01.196425,0,
514,withdrawal,250.1606448764251,4646.895857903078,2025-01-22 16:53:01.196425,0,
515,withdrawal,262.2779582276278,1397.1963973684656,2025-01-22 17:12:01.196425,0,
516,withdrawal,255.97959777090875,4569.521373855414,2025-01-22 17:40:01.196425,0,
517,deposit,459.9502328653299,2883.1192907908276,2025-01-22 18:01:01.196425,0,
518,withdrawal,425.52256999108306,2800.7923676232454,2025-01-22 18:13:01.196425,0,
518,phone_change,0.0,2800.7923676232454,2025-01-22 18:42:01.196425,0,
519,deposit,794.9174945650954,2482.707174425999,2025-01-22 19:09:01.196425,0,
520,deposit,699.2107157922419,2432.1804124135438,2025-01-22 19:25:01.196425,0,
521,withdrawal,348.43117403921656,5227.7217312444,2025-01-22 19:47:01.196425,0,
522,withdrawal,123.41229450523147,4933.510759774559,2025-01-22 20:00:01.196425,0,
523,withdrawal,334.5836544878211,3179.4915525999386,2025-01-22 20:05:01.196425,0,
524,withdrawal,147.03263901746894,3296.5727328794437,2025-01-22 20:35:01.196425,0,
525,deposit,477.0345814558412,3252.923207929777,2025-01-22 20:41:01.196425,0,
526,deposit,975.3260127044077,3387.7761633996606,2025-01-22 20:53:01.196425,0,
527,deposit,785.6963674711841,4783.143804099208,2025-01-22 21:15:01.196425,0,
527,email_change,0.0,4783.143804099208,2025-01-22 21:30:01.196425,0,
528,deposit,106.4286423503002,4908.905853220024,2025-01-22 21:36:01.196425,0,
529,deposit,928.264614674291,6486.016073824561,2025-01-22 21:43:01.196425,0,
529,email_change,0.0,6486.016073824561,2025-01-22 22:03:01.196425,0,
530,deposit,775.0505216287269,7285.969910578488,2025-01-22 22:08:01.196425,0,
531,deposit,558.4746901500262,4311.491640151044,2025-01-22 22:10:01.196425,0,
532,deposit,975.0275944345572,4710.036533820008,2025-01-22 22:33:01.196425,0,
533,withdrawal,192.30193627226325,5073.6381789751795,2025-01-22 22:35:01.196425,0,
534,withdrawal,453.6596354545509,2289.1077947247986,2025-01-22 22:48:01.196425,0,
534,email_change,0.0,2289.1077947247986,2025-01-22 22:54:01.196425,0,
535,withdrawal,55.38849574104519,3332.0898145038573,2025-01-22 23:16:01.196425,0,
535,password_change,0.0,3332.0898145038573,2025-01-22 23:44:01.196425,0,
536,deposit,701.7200787322649,5277.00986539193,2025-01-23 00:03:01.196425,0,
537,deposit,854.3927624166425,7152.085049131874,2025-01-23 00:22:01.196425,0,
538,withdrawal,120.74630067334925,2668.656550084255,2025-01-23 00:42:01.196425,0,
539,deposit,663.9780652406238,2892.7536066614907,2025-01-23 00:46:01.196425,0,
540,withdrawal,432.3560281263828,4025.3960055787074,2025-01-23 00:54:01.196425,0,
541,deposit,633.0031295417944,4871.823564810002,2025-01-23 01:15:01.196425,0,
541,password_change,0.0,4871.823564810002,2025-01-23 01:17:01.196425,0,
542,deposit,304.774728400481,5303.371022381351,2025-01-23 01:26:01.196425,0,
542,email_change,0.0,5303.371022381351,2025-01-23 01:45:01.196425,0,
543,deposit,223.63529324058652,5442.931653373277,2025-01-23 02:09:01.196425,0,
544,withdrawal,192.95262744829998,3823.137139435245,2025-01-23 02:39:01.196425,0,
545,withdrawal,193.85592380913826,3710.8222830930076,2025-01-23 02:49:01.196425,0,
545,password_change,0.0,3710.8222830930076,2025-01-23 03:13:01.196425,0,
546,deposit,548.5078524829594,2371.7142210352185,2025-01-23 03:30:01.196425,0,
547,deposit,375.1345180547459,3165.3085669460556,2025-01-23 03:52:01.196425,0,
548,deposit,504.2051487774678,5044.729604266385,2025-01-23 04:07:01.196425,0,
549,deposit,284.6025171897024,1841.3684941058334,2025-01-23 04:26:01.196425,0,
550,deposit,140.1046245903176,3518.7903045243447,2025-01-23 04:35:01.196425,0,
551,deposit,295.79888049183955,4743.272439981824,2025-01-23 05:01:01.196425,0,
552,deposit,897.9127374677598,5540.772164810309,2025-01-23 05:31:01.196425,0,
553,deposit,640.0584180196141,2480.1156858829427,2025-01-23 05:44:01.196425,0,
554,withdrawal,58.11692767587723,6107.648187217266,2025-01-23 05:56:01.196425,0,
555,deposit,746.138047838132,2470.39422642848,2025-01-23 06:24:01.196425,0,
556,deposit,325.6984363025634,2996.6357637892415,2025-01-23 06:25:01.196425,0,
557,deposit,491.303619202102,5150.918900538181,2025-01-23 06:31:01.196425,0,
558,withdrawal,481.7803827134732,4315.583156526355,2025-01-23 06:46:01.196425,0,
559,withdrawal,475.590396892485,4821.578686134073,2025-01-23 07:07:01.196425,0,
560,withdrawal,259.73627668231967,2720.5062841064214,2025-01-23 07:18:01.196425,0,
561,deposit,987.5116524362887,5715.317100409517,2025-01-23 07:35:01.196425,0,
562,deposit,545.0024508777275,4614.975288701113,2025-01-23 07:57:01.196425,0,
562,phone_change,0.0,4614.975288701113,2025-01-23 08:14:01.196425,0,
563,withdrawal,349.21946933233653,3577.268231582195,2025-01-23 08:33:01.196425,0,
564,withdrawal,409.46534201554573,4999.068156070284,2025-01-23 09:01:01.196425,0,
565,withdrawal,196.35709722327877,6999.94642410539,2025-01-23 09:22:01.196425,0,
566,deposit,904.9751174548772,4445.936760605787,2025-01-23 09:33:01.196425,0,
567,deposit,170.56677234779917,5541.776170030618,2025-01-23 09:42:01.196425,0,
567,password_change,0.0,5541.776170030618,2025-01-23 09:55:01.196425,0,
568,withdrawal,495.0002908958281,4648.55932022086,2025-01-23 10:04:01.196425,0,
568,phone_change,0.0,4648.55932022086,2025-01-23 10:19:01.196425,0,
569,withdrawal,391.4941853527741,5559.642225586801,2025-01-23 10:43:01.196425,0,
569,phone_change,0.0,5559.642225586801,2025-01-23 10:59:01.196425,0,
570,deposit,277.7451345628798,4289.30473936035,2025-01-23 11:25:01.196425,0,
571,deposit,108.1839509019988,3435.39437930169,2025-01-23 11:29:01.196425,0,
572,withdrawal,333.87022305291896,3310.7530823759403,2025-01-23 11:36:01.196425,0,
573,withdrawal,91.05740066862961,2625.4959797288925,2025-01-23 11:43:01.196425,0,
574,deposit,892.1551554846349,2963.1540499679313,2025-01-23 11:54:01.196425,0,
575,deposit,568.1260714924149,6577.48956726094,2025-01-23 11:56:01.196425,0,
576,deposit,750.7592647225027,4358.394287701515,2025-01-23 12:15:01.196425,0,
577,withdrawal,415.3863652809761,3713.188061782651,2025-01-23 12:39:01.196425,0,
578,deposit,149.254550622011,3126.0781041870446,2025-01-23 12:54:01.196425,0,
579,deposit,104.62497768413857,3864.6030218868254,2025-01-23 12:55:01.196425,0,
580,deposit,526.2889154272502,1980.8655007838336,2025-01-23 13:21:01.196425,0,
581,withdrawal,442.8870429932536,3043.518304632258,2025-01-23 13:22:01.196425,0,
582,deposit,628.4627457769147,6515.031283390732,2025-01-23 13:27:01.196425,0,
583,deposit,614.6366576608732,4145.506154933981,2025-01-23 13:35:01.196425,0,
584,withdrawal,196.15659860653057,5051.942632085299,2025-01-23 13:38:01.196425,0,
585,withdrawal,200.3230444078293,5408.783993234005,2025-01-23 13:56:01.196425,0,
586,withdrawal,107.21184647306944,1692.5068520204425,2025-01-23 14:15:01.196425,0,
587,deposit,890.5778414742829,4465.1407018215705,2025-01-23 14:18:01.196425,0,
588,withdrawal,302.12504272120975,5845.642615874635,2025-01-23 14:20:01.196425,0,
588,phone_change,0.0,5845.642615874635,2025-01-23 14:49:01.196425,0,
589,withdrawal,82.35835234896331,4943.524701388996,2025-01-23 15:18:01.196425,0,
589,email_change,0.0,4943.524701388996,2025-01-23 15:28:01.196425,0,
590,withdrawal,479.2819269889739,807.2365113597582,2025-01-23 15:39:01.196425,0,
591,deposit,119.0598351513942,4735.301240520989,2025-01-23 16:08:01.196425,0,
592,deposit,774.8027243744315,3710.0700969804025,2025-01-23 16:30:01.196425,0,
593,deposit,530.493687174867,1384.2059316675723,2025-01-23 16:35:01.196425,0,
594,deposit,830.6304534226214,3640.858363512397,2025-01-23 16:50:01.196425,0,
595,withdrawal,267.1951336648118,5320.250673490214,2025-01-23 17:00:01.196425,0,
596,deposit,457.91001723596287,5208.402263423449,2025-01-23 17:02:01.196425,0,
597,withdrawal,498.6017408600059,5426.607196971521,2025-01-23 17:11:01.196425,0,
598,deposit,883.9966842739715,3303.8601815030333,2025-01-23 17:23:01.196425,0,
599,deposit,256.88070545880464,1577.9862015471506,2025-01-23 17:48:01.196425,0,
600,withdrawal,99.11900638472959,4715.93716386897,2025-01-23 17:59:01.196425,0,
601,withdrawal,56.91815906193448,5835.3984783552005,2025-01-23 18:13:01.196425,0,
602,deposit,740.0353579685149,4800.078178996986,2025-01-23 18:28:01.196425,0,
603,withdrawal,205.2059022141251,3301.1648742743205,2025-01-23 18:43:01.196425,0,
604,deposit,396.19761328649656,5363.699023968994,2025-01-23 18:55:01.196425,0,
605,withdrawal,90.06274665353956,2607.2423519216186,2025-01-23 19:06:01.196425,0,
606,deposit,232.4685897851862,4821.233346723849,2025-01-23 19:17:01.196425,0,
607,deposit,185.46851460475008,4079.6263281435527,2025-01-23 19:45:01.196425,0,
607,phone_change,0.0,4079.6263281435527,2025-01-23 20:00:01.196425,0,
608,deposit,656.472357352763,5821.93286439678,2025-01-23 20:05:01.196425,0,
609,deposit,834.4936379123496,3627.286478142948,2025-01-23 20:22:01.196425,0,
610,deposit,998.2917678177292,3711.760910480105,2025-01-23 20:47:01.196425,0,
611,deposit,342.28659680853144,5390.701375591996,2025-01-23 20:51:01.196425,0,
612,deposit,356.9862407808044,6937.145096954772,2025-01-23 21:17:01.196425,0,
613,withdrawal,130.09005846978047,1935.233683889575,2025-01-23 21:31:01.196425,0,
614,deposit,461.83127980796735,3430.396828161397,2025-01-23 21:46:01.196425,0,
615,withdrawal,59.28957711307413,6565.062648376713,2025-01-23 22:11:01.196425,0,
616,withdrawal,114.94429753748855,4485.201861739716,2025-01-23 22:18:01.196425,0,
616,phone_change,0.0,4485.201861739716,2025-01-23 22:44:01.196425,0,
617,deposit,166.57705079388322,5537.358796213634,2025-01-23 22:47:01.196425,0,
617,phone_change,0.0,5537.358796213634,2025-01-23 23:15:01.196425,0,
618,withdrawal,437.1944397755612,4046.763778200802,2025-01-23 23:23:01.196425,0,
619,deposit,687.1687251074865,6917.4672940092405,2025-01-23 23:37:01.196425,0,
620,withdrawal,398.0543667703054,558.3655238668259,2025-01-23 23:46:01.196425,0,
620,password_change,0.0,558.3655238668259,2025-01-24 00:10:01.196425,0,
621,withdrawal,323.3385353194824,4627.1175825783985,2025-01-24 00:40:01.196425,0,
622,deposit,698.1483912109211,2350.7200941344927,2025-01-24 01:10:01.196425,0,
623,withdrawal,447.3956631832524,3704.336483852522,2025-01-24 01:20:01.196425,0,
624,withdrawal,134.19956425655937,5376.663553142702,2025-01-24 01:34:01.196425,0,
625,deposit,290.42667541238603,1088.8020961808236,2025-01-24 01:59:01.196425,0,
626,withdrawal,313.386944623537,3815.5018921008937,2025-01-24 02:13:01.196425,0,
626,password_change,0.0,3815.5018921008937,2025-01-24 02:29:01.196425,0,
627,withdrawal,457.9951688652456,91.43266288393835,2025-01-24 02:30:01.196425,0,
627,email_change,0.0,91.43266288393835,2025-01-24 02:36:01.196425,0,
628,withdrawal,169.99362110939444,4372.824088790041,2025-01-24 02:52:01.196425,0,
629,withdrawal,320.22497487609303,2996.6605835903256,2025-01-24 03:06:01.196425,0,
630,deposit,516.8852599402499,6175.976954864221,2025-01-24 03:26:01.196425,0,
630,email_change,0.0,6175.976954864221,2025-01-24 03:49:01.196425,0,
631,withdrawal,258.0861430607394,2368.6323863411903,2025-01-24 04:14:01.196425,0,
632,deposit,592.4149491118019,2043.9018187303964,2025-01-24 04:33:01.196425,0,
633,withdrawal,463.76705615508155,2916.757532561586,2025-01-24 04:39:01.196425,0,
634,withdrawal,275.81359932447583,7360.550984139342,2025-01-24 04:53:01.196425,0,
634,email_change,0.0,7360.550984139342,2025-01-24 05:19:01.196425,0,
635,withdrawal,134.84458502249737,4598.899618511188,2025-01-24 05:28:01.196425,0,
635,phone_change,0.0,4598.899618511188,2025-01-24 05:53:01.196425,0,
636,withdrawal,56.28675431859919,3532.5464793830674,2025-01-24 06:05:01.196425,0,
637,deposit,313.5647591863524,4939.991478567289,2025-01-24 06:35:01.196425,0,
638,deposit,839.8891901848181,5501.57766152019,2025-01-24 06:58:01.196425,0,
639,deposit,239.04726467815675,5558.012895903323,2025-01-24 07:02:01.196425,0,
640,deposit,711.1944993768681,2901.118794251932,2025-01-24 07:23:01.196425,0,
641,deposit,256.2056525046145,1304.6964403241946,2025-01-24 07:40:01.196425,0,
642,withdrawal,286.45559346694273,5658.150179976877,2025-01-24 07:52:01.196425,0,
643,withdrawal,207.43050625560446,2850.002963888727,2025-01-24 08:02:01.196425,0,
644,withdrawal,254.3980652495895,3286.895351530471,2025-01-24 08:30:01.196425,0,
644,password_change,0.0,3286.895351530471,2025-01-24 08:49:01.196425,0,
645,deposit,907.1954911981614,3831.8195009867036,2025-01-24 08:53:01.196425,0,
646,deposit,216.75150739726118,2787.3340443259867,2025-01-24 09:14:01.196425,0,
647,withdrawal,287.4258009645393,3953.2518929664648,2025-01-24 09:26:01.196425,0,
648,withdrawal,149.60343256986667,6502.856288812729,2025-01-24 09:38:01.196425,0,
649,deposit,600.6233139732167,4896.67417996572,2025-01-24 09:53:01.196425,0,
650,withdrawal,366.06681351676116,6395.377219586888,2025-01-24 10:08:01.196425,0,
651,deposit,441.3181598658267,4255.428134934404,2025-01-24 10:15:01.196425,0,
652,deposit,801.6571406883122,5751.431496103301,2025-01-24 10:23:01.196425,0,
652,password_change,0.0,5751.431496103301,2025-01-24 10:32:01.196425,0,
653,deposit,523.4212291160951,3627.1767952357236,2025-01-24 10:38:01.196425,0,
654,withdrawal,444.33885899587335,2038.9012951369352,2025-01-24 10:53:01.196425,0,
655,deposit,280.960566578191,4813.087333360597,2025-01-24 11:23:01.196425,0,
656,withdrawal,418.7776119977693,4503.162869323338,2025-01-24 11:32:01.196425,0,
657,withdrawal,271.0309040964101,3986.9800187113588,2025-01-24 11:43:01.196425,0,
658,deposit,317.2545431250649,4148.64738543655,2025-01-24 12:07:01.196425,0,
659,withdrawal,181.39967002400385,5920.822403198281,2025-01-24 12:37:01.196425,0,
660,withdrawal,386.3903018946914,2945.939787023536,2025-01-24 13:07:01.196425,0,
661,deposit,403.97608752600775,7057.250336231061,2025-01-24 13:29:01.196425,0,
662,deposit,424.0696427097872,2204.8937765068663,2025-01-24 13:51:01.196425,0,
663,withdrawal,325.2705915013072,3915.7378553815656,2025-01-24 14:20:01.196425,0,
664,deposit,101.7056198738733,4093.1839803004764,2025-01-24 14:22:01.196425,0,
665,deposit,915.2664133137106,4768.675891590537,2025-01-24 14:42:01.196425,0,
666,withdrawal,196.43925195386169,3333.7455117640666,2025-01-24 15:05:01.196425,0,
667,withdrawal,442.4645185833526,246.0627367875885,2025-01-24 15:15:01.196425,0,
667,password_change,0.0,246.0627367875885,2025-01-24 15:40:01.196425,0,
668,deposit,224.99228068336296,4966.463891035538,2025-01-24 15:42:01.196425,0,
669,deposit,822.8716341489496,4508.37420557487,2025-01-24 15:47:01.196425,0,
670,withdrawal,325.2175210918869,3914.0118670914153,2025-01-24 16:16:01.196425,0,
671,withdrawal,440.1190401943784,5321.924890632274,2025-01-24 16:35:01.196425,0,
672,withdrawal,179.9684211734746,5537.4792559537245,2025-01-24 17:00:01.196425,0,
672,phone_change,0.0,5537.4792559537245,2025-01-24 17:17:01.196425,0,
673,deposit,981.9582651601135,4437.294980979175,2025-01-24 17:45:01.196425,0,
674,deposit,247.5647530212887,5643.404822915684,2025-01-24 18:02:01.196425,0,
675,withdrawal,53.16691741070971,4347.462775698496,2025-01-24 18:10:01.196425,0,
676,withdrawal,149.71415628928642,3067.043004504516,2025-01-24 18:30:01.196425,0,
677,withdrawal,207.35804741643628,2873.4244079287982,2025-01-24 18:40:01.196425,0,
677,email_change,0.0,2873.4244079287982,2025-01-24 19:09:01.196425,0,
678,deposit,605.0929457876689,3012.323090880017,2025-01-24 19:25:01.196425,0,
679,deposit,115.84975983010744,4336.832079461013,2025-01-24 19:36:01.196425,0,
680,withdrawal,221.02725838218643,4031.0308657885403,2025-01-24 20:05:01.196425,0,
681,withdrawal,165.4608506256188,1262.5934323333806,2025-01-24 20:16:01.196425,0,
682,deposit,301.9700803068538,3180.26355349596,2025-01-24 20:45:01.196425,0,
683,deposit,349.231000616952,1741.2231179690389,2025-01-24 21:06:01.196425,0,
684,deposit,628.704771704173,3122.896256121441,2025-01-24 21:23:01.196425,0,
685,withdrawal,448.41360124137276,4621.062818983621,2025-01-24 21:32:01.196425,0,
686,withdrawal,211.86494575975593,2480.606088705085,2025-01-24 21:36:01.196425,0,
687,deposit,296.7565651140405,6042.650723892176,2025-01-24 21:49:01.196425,0,
688,withdrawal,155.26340215153476,4488.13536854317,2025-01-24 22:02:01.196425,0,
689,deposit,334.29023959677465,1822.5049369183903,2025-01-24 22:14:01.196425,0,
690,deposit,574.112619243777,3431.5668927094125,2025-01-24 22:37:01.196425,0,
691,deposit,672.1714957719639,4303.191605909359,2025-01-24 23:01:01.196425,0,
691,phone_change,0.0,4303.191605909359,2025-01-24 23:20:01.196425,0,
692,deposit,714.882534975223,4977.794641199699,2025-01-24 23:35:01.196425,0,
693,deposit,149.99984317885975,4920.944602542041,2025-01-24 23:51:01.196425,0,
694,withdrawal,232.9088860055557,2580.1584941248116,2025-01-25 00:14:01.196425,0,
695,deposit,976.908841303221,6890.502523655629,2025-01-25 00:16:01.196425,0,
695,password_change,0.0,6890.502523655629,2025-01-25 00:22:01.196425,0,
696,deposit,665.5184569716197,3558.3690442445504,2025-01-25 00:36:01.196425,0,
697,deposit,883.2310335619944,4064.926175583549,2025-01-25 00:50:01.196425,0,
698,deposit,232.72374335634058,3988.469477442421,2025-01-25 01:14:01.196425,0,
699,withdrawal,84.07558725356004,3717.2678408540796,2025-01-25 01:42:01.196425,0,
700,withdrawal,72.75456390327176,2992.2354109946814,2025-01-25 01:48:01.196425,0,
700,password_change,0.0,2992.2354109946814,2025-01-25 02:09:01.196425,0,
701,deposit,424.20231278066206,3591.409049493565,2025-01-25 02:37:01.196425,0,
702,deposit,161.63235553444846,7585.34509505985,2025-01-25 02:55:01.196425,0,
702,password_change,0.0,7585.34509505985,2025-01-25 03:18:01.196425,0,
703,deposit,663.6791867506456,4131.771859232525,2025-01-25 03:25:01.196425,0,
704,deposit,360.5523220200547,5579.069975182755,2025-01-25 03:43:01.196425,0,
705,deposit,153.0792725034645,4600.706881522206,2025-01-25 03:47:01.196425,0,
706,withdrawal,71.93073316106799,4982.515405615944,2025-01-25 04:16:01.196425,0,
707,deposit,102.49717716776632,2056.6614060837833,2025-01-25 04:44:01.196425,0,
708,withdrawal,58.78394577868525,3695.3744868736617,2025-01-25 04:59:01.196425,0,
709,deposit,174.50678357390336,6659.8445109795275,2025-01-25 05:18:01.196425,0,
710,withdrawal,306.482727251153,2078.9483033871975,2025-01-25 05:29:01.196425,0,
711,withdrawal,68.87752540963096,3447.376370280183,2025-01-25 05:36:01.196425,0,
711,phone_change,0.0,3447.376370280183,2025-01-25 05:52:01.196425,0,
712,deposit,209.43207958568493,4505.5833963975665,2025-01-25 06:12:01.196425,0,
713,deposit,944.170561977586,4487.528073136015,2025-01-25 06:29:01.196425,0,
714,withdrawal,86.11338313685572,3007.648526136442,2025-01-25 06:52:01.196425,0,
715,withdrawal,409.3196144340982,4040.466471804247,2025-01-25 06:59:01.196425,0,
715,phone_change,0.0,4040.466471804247,2025-01-25 07:16:01.196425,0,
716,withdrawal,242.73331374450268,3512.804839709824,2025-01-25 07:45:01.196425,0,
717,deposit,464.9518282823542,5982.7795602621245,2025-01-25 07:52:01.196425,0,
718,deposit,298.3576845651228,2661.0480296566093,2025-01-25 08:06:01.196425,0,
719,deposit,139.42222811267402,5837.455201578162,2025-01-25 08:30:01.196425,0,
720,deposit,409.6597065148324,4064.028893031745,2025-01-25 08:47:01.196425,0,
721,withdrawal,389.34034943144775,2711.6104872224923,2025-01-25 08:55:01.196425,0,
722,withdrawal,444.1291393480279,4813.491240714681,2025-01-25 09:01:01.196425,0,
723,withdrawal,482.4274393246709,4659.156581384252,2025-01-25 09:31:01.196425,0,
724,deposit,311.8446342874443,1153.439464318518,2025-01-25 09:46:01.196425,0,
725,withdrawal,305.93589282422494,3297.580233792352,2025-01-25 10:05:01.196425,0,
726,withdrawal,274.76541153837326,4669.916178088023,2025-01-25 10:06:01.196425,0,
727,deposit,859.6474673256874,5577.326734313379,2025-01-25 10:23:01.196425,0,
728,deposit,381.2843319995356,2641.1895661028975,2025-01-25 10:51:01.196425,0,
729,deposit,152.23683058236855,4195.228887363223,2025-01-25 11:02:01.196425,0,
730,deposit,448.32057332458396,2240.5421576409967,2025-01-25 11:25:01.196425,0,
730,phone_change,0.0,2240.5421576409967,2025-01-25 11:35:01.196425,0,
731,withdrawal,209.29356973080144,5794.2265096490255,2025-01-25 11:43:01.196425,0,
732,deposit,780.7840157638319,4520.534599333415,2025-01-25 11:55:01.196425,0,
733,withdrawal,52.093224167553146,2002.5274327160819,2025-01-25 12:05:01.196425,0,
734,deposit,459.2562144588913,6788.140196143297,2025-01-25 12:21:01.196425,0,
735,withdrawal,245.4169023274102,6071.7246432876855,2025-01-25 12:48:01.196425,0,
736,withdrawal,88.40293895239876,1049.74783283572,2025-01-25 13:01:01.196425,0,
736,password_change,0.0,1049.74783283572,2025-01-25 13:10:01.196425,0,
737,withdrawal,147.2769041277554,4134.6331426501465,2025-01-25 13:29:01.196425,0,
738,withdrawal,467.43633199574447,6367.150108105038,2025-01-25 13:43:01.196425,0,
739,deposit,301.1757305532518,4387.632503716601,2025-01-25 14:12:01.196425,0,
740,deposit,134.77055528310086,3090.098274368574,2025-01-25 14:42:01.196425,0,
741,deposit,903.891120482216,2164.3435282457244,2025-01-25 14:53:01.196425,0,
741,password_change,0.0,2164.3435282457244,2025-01-25 15:15:01.196425,0,
742,withdrawal,203.19858543841272,3510.2678293133804,2025-01-25 15:20:01.196425,0,
743,withdrawal,307.54403742242226,3362.1605913751955,2025-01-25 15:40:01.196425,0,
743,email_change,0.0,3362.1605913751955,2025-01-25 15:49:01.196425,0,
744,withdrawal,75.94214693733049,3254.267759887964,2025-01-25 16:15:01.196425,0,
745,withdrawal,210.04867010763144,1386.5005736004537,2025-01-25 16:16:01.196425,0,
746,deposit,267.9401630071948,3755.982670536383,2025-01-25 16:19:01.196425,0,
747,deposit,414.6138655402852,5569.199812872277,2025-01-25 16:37:01.196425,0,
747,phone_change,0.0,5569.199812872277,2025-01-25 16:49:01.196425,0,
748,deposit,848.5621771492235,5195.918346662801,2025-01-25 17:09:01.196425,0,
748,phone_change,0.0,5195.918346662801,2025-01-25 17:11:01.196425,0,
749,deposit,958.8245351665972,6308.036303432176,2025-01-25 17:24:01.196425,0,
749,phone_change,0.0,6308.036303432176,2025-01-25 17:44:01.196425,0,
750,deposit,489.0212940245424,4502.573851552714,2025-01-25 18:13:01.196425,0,
750,email_change,0.0,4502.573851552714,2025-01-25 18:34:01.196425,0,
751,withdrawal,471.3394462593925,5972.996090357603,2025-01-25 18:44:01.196425,0,
752,deposit,954.8913308376419,5888.404900691073,2025-01-25 18:54:01.196425,0,
753,withdrawal,400.7127784681538,4962.139930045426,2025-01-25 18:55:01.196425,0,
754,deposit,189.92259227441198,5847.224067014918,2025-01-25 19:19:01.196425,0,
755,deposit,899.5538477603443,3949.252011707693,2025-01-25 19:41:01.196425,0,
755,phone_change,0.0,3949.252011707693,2025-01-25 19:46:01.196425,0,
756,deposit,730.8955707680612,2863.141139741136,2025-01-25 19:50:01.196425,0,
757,deposit,852.7053368813935,5980.227320776832,2025-01-25 20:02:01.196425,0,
758,deposit,238.50665749511086,2823.5542557948056,2025-01-25 20:24:01.196425,0,
759,withdrawal,199.31969068369125,2373.6979845020815,2025-01-25 20:44:01.196425,0,
759,email_change,0.0,2373.6979845020815,2025-01-25 21:05:01.196425,0,
760,deposit,694.501125661138,5579.970990162659,2025-01-25 21:10:01.196425,0,
761,deposit,713.5220075314202,4879.132635047219,2025-01-25 21:21:01.196425,0,
762,withdrawal,354.20013267724744,3481.640925572259,2025-01-25 21:32:01.196425,0,
763,withdrawal,59.25206477174333,5023.5530199543955,2025-01-25 21:43:01.196425,0,
764,deposit,697.6194250668584,4807.52724052211,2025-01-25 21:59:01.196425,0,
765,deposit,913.1965441432178,6521.972563941613,2025-01-25 22:18:01.196425,0,
766,deposit,130.2542304469268,3645.539598066481,2025-01-25 22:20:01.196425,0,
767,deposit,306.9307896193383,2808.8123607650045,2025-01-25 22:49:01.196425,0,
768,withdrawal,190.55877703996273,1527.2438757753146,2025-01-25 23:18:01.196425,0,
769,deposit,786.4493457376334,2966.054541831426,2025-01-25 23:30:01.196425,0,
770,deposit,693.2877548082585,3639.299227394415,2025-01-26 00:00:01.196425,0,
771,withdrawal,289.4626803914557,4309.171635334262,2025-01-26 00:19:01.196425,0,
771,phone_change,0.0,4309.171635334262,2025-01-26 00:41:01.196425,0,
772,deposit,973.2157748042993,3010.935626358032,2025-01-26 00:56:01.196425,0,
773,withdrawal,105.7592926165158,2349.2500240431414,2025-01-26 01:23:01.196425,0,
774,deposit,831.3014188045447,5105.666792770167,2025-01-26 01:33:01.196425,0,
775,deposit,489.5044243349952,5454.212010806075,2025-01-26 01:54:01.196425,0,
776,deposit,882.1997804950586,3397.5030178103407,2025-01-26 02:24:01.196425,0,
777,deposit,670.4691589137805,2505.0379141695425,2025-01-26 02:54:01.196425,0,
778,deposit,139.95151225353763,5534.661089930803,2025-01-26 03:07:01.196425,0,
779,deposit,606.9217349476734,5652.688931630554,2025-01-26 03:36:01.196425,0,
779,email_change,0.0,5652.688931630554,2025-01-26 03:38:01.196425,0,
780,deposit,849.2590951385758,4213.691547832798,2025-01-26 04:07:01.196425,0,
781,deposit,200.81651593696864,4947.511664052815,2025-01-26 04:17:01.196425,0,
781,phone_change,0.0,4947.511664052815,2025-01-26 04:47:01.196425,0,
782,deposit,750.2186158671042,4638.353459780411,2025-01-26 04:57:01.196425,0,
783,withdrawal,169.34409865754242,5549.29602493633,2025-01-26 05:12:01.196425,0,
784,deposit,230.37343934873118,5749.6722091170195,2025-01-26 05:30:01.196425,0,
785,withdrawal,122.41450663171861,5076.527027496728,2025-01-26 05:43:01.196425,0,
786,withdrawal,215.55866952295574,5165.157075764683,2025-01-26 05:55:01.196425,0,
786,email_change,0.0,5165.157075764683,2025-01-26 05:56:01.196425,0,
787,withdrawal,408.2588939356106,5578.601307317166,2025-01-26 06:21:01.196425,0,
788,deposit,393.8660933032057,4633.263495987743,2025-01-26 06:29:01.196425,0,
788,email_change,0.0,4633.263495987743,2025-01-26 06:33:01.196425,0,
789,deposit,962.3836004866682,4701.176371715491,2025-01-26 06:49:01.196425,0,
789,email_change,0.0,4701.176371715491,2025-01-26 06:52:01.196425,0,
790,deposit,631.4591073077054,2716.4268184741873,2025-01-26 07:19:01.196425,0,
791,deposit,459.007139955007,3591.307592685411,2025-01-26 07:35:01.196425,0,
792,withdrawal,448.3127684970865,1431.0515165946845,2025-01-26 07:57:01.196425,0,
793,deposit,242.9167719639011,4798.302798530787,2025-01-26 08:22:01.196425,0,
794,withdrawal,417.588943850338,2840.609014033787,2025-01-26 08:44:01.196425,0,
795,withdrawal,179.93803707495783,3200.0609119389123,2025-01-26 09:11:01.196425,0,
796,deposit,427.90444274164236,1380.2527440805961,2025-01-26 09:22:01.196425,0,
797,deposit,154.9775603864381,3647.4791659573257,2025-01-26 09:27:01.196425,0,
798,deposit,651.2862444088074,5149.354157815555,2025-01-26 09:45:01.196425,0,
799,withdrawal,92.94278579107545,4138.559004340715,2025-01-26 10:14:01.196425,0,
799,password_change,0.0,4138.559004340715,2025-01-26 10:31:01.196425,0,
800,deposit,634.9437295580003,6305.459348873559,2025-01-26 11:01:01.196425,0,
801,deposit,458.0272837139791,4698.166384996583,2025-01-26 11:22:01.196425,0,
802,withdrawal,382.66458275974094,2298.558381916863,2025-01-26 11:42:01.196425,0,
803,deposit,394.4848577258416,5418.365865626991,2025-01-26 11:49:01.196425,0,
804,deposit,564.9298221967673,6215.168978884461,2025-01-26 12:11:01.196425,0,
804,email_change,0.0,6215.168978884461,2025-01-26 12:13:01.196425,0,
805,deposit,623.0491609017283,4457.107404320203,2025-01-26 12:30:01.196425,0,
806,deposit,991.0554621196616,3942.545767104365,2025-01-26 12:56:01.196425,0,
807,deposit,299.3341770761482,2553.689268594061,2025-01-26 13:19:01.196425,0,
808,deposit,925.3498647657657,1808.1778880387146,2025-01-26 13:30:01.196425,0,
808,email_change,0.0,1808.1778880387146,2025-01-26 13:38:01.196425,0,
809,deposit,304.7565844972404,4368.384196973254,2025-01-26 13:55:01.196425,0,
810,withdrawal,411.0192794038253,3569.5414804182915,2025-01-26 14:23:01.196425,0,
811,deposit,255.96738026214925,5885.32477405877,2025-01-26 14:50:01.196425,0,
812,deposit,202.6499592955789,5642.268970605838,2025-01-26 15:18:01.196425,0,
813,deposit,140.31308633324895,3476.7797940001965,2025-01-26 15:38:01.196425,0,
814,withdrawal,321.6534709013899,1618.4756460566773,2025-01-26 15:52:01.196425,0,
814,password_change,0.0,1618.4756460566773,2025-01-26 16:17:01.196425,0,
815,withdrawal,331.5698827181823,3180.8503010169125,2025-01-26 16:22:01.196425,0,
816,withdrawal,390.0681408722927,2405.323185136002,2025-01-26 16:45:01.196425,0,
817,withdrawal,367.55982988270995,2516.413435628457,2025-01-26 16:54:01.196425,0,
818,withdrawal,489.3133122430129,1644.460422251778,2025-01-26 17:15:01.196425,0,
819,withdrawal,224.14075542167066,5831.756362168631,2025-01-26 17:42:01.196425,0,
820,deposit,254.79756222019313,5533.235519423165,2025-01-26 17:57:01.196425,0,
821,withdrawal,479.6820626963059,3238.4037652185293,2025-01-26 18:16:01.196425,0,
821,password_change,0.0,3238.4037652185293,2025-01-26 18:20:01.196425,0,
822,deposit,582.304985750824,6465.052341498391,2025-01-26 18:36:01.196425,0,
823,withdrawal,103.45272026618674,2632.3017064925502,2025-01-26 18:38:01.196425,0,
824,deposit,306.71757546615714,6399.671819269509,2025-01-26 18:59:01.196425,0,
825,withdrawal,75.07718309801866,4748.622444987807,2025-01-26 19:00:01.196425,0,
826,deposit,448.75818665835396,2367.937166919795,2025-01-26 19:24:01.196425,0,
827,withdrawal,87.00892949092491,3162.1248950911017,2025-01-26 19:54:01.196425,0,
827,password_change,0.0,3162.1248950911017,2025-01-26 20:10:01.196425,0,
828,withdrawal,377.11873078139894,4080.461077991824,2025-01-26 20:19:01.196425,0,
828,phone_change,0.0,4080.461077991824,2025-01-26 20:32:01.196425,0,
829,deposit,673.8628106093838,3419.9837774332423,2025-01-26 20:43:01.196425,0,
829,email_change,0.0,3419.9837774332423,2025-01-26 21:07:01.196425,0,
830,withdrawal,347.6124620967627,4768.3609020987915,2025-01-26 21:19:01.196425,0,
830,password_change,0.0,4768.3609020987915,2025-01-26 21:37:01.196425,0,
831,deposit,510.6483480290064,4879.0052854227,2025-01-26 21:39:01.196425,0,
832,deposit,814.7583278166286,3664.446278592073,2025-01-26 21:44:01.196425,0,
833,deposit,203.89471364140334,4659.511931573559,2025-01-26 22:13:01.196425,0,
834,withdrawal,448.28904160061626,3979.1552118597288,2025-01-26 22:25:01.196425,0,
835,deposit,605.6107934238016,6131.977551967986,2025-01-26 22:48:01.196425,0,
835,password_change,0.0,6131.977551967986,2025-01-26 23:07:01.196425,0,
836,deposit,261.37585085445124,5056.823368289313,2025-01-26 23:13:01.196425,0,
837,deposit,962.8242918229229,6544.354589407594,2025-01-26 23:18:01.196425,0,
838,deposit,144.61757026390234,5667.1599460984535,2025-01-26 23:48:01.196425,0,
839,withdrawal,172.94554245223375,4292.938006828136,2025-01-27 00:01:01.196425,0,
840,withdrawal,478.4706992151335,2162.193853281317,2025-01-27 00:15:01.196425,0,
841,deposit,905.5677354355412,4466.017440913608,2025-01-27 00:44:01.196425,0,
841,phone_change,0.0,4466.017440913608,2025-01-27 01:02:01.196425,0,
842,deposit,367.6604445006549,6415.842596627393,2025-01-27 01:29:01.196425,0,
843,deposit,865.3204740342309,2689.7758357071825,2025-01-27 01:42:01.196425,0,
844,withdrawal,58.68892138528783,2286.365222967331,2025-01-27 02:12:01.196425,0,
844,phone_change,0.0,2286.365222967331,2025-01-27 02:40:01.196425,0,
845,deposit,523.7522354774607,6054.633429979908,2025-01-27 02:43:01.196425,0,
845,email_change,0.0,6054.633429979908,2025-01-27 02:48:01.196425,0,
846,deposit,809.3505019630794,4463.743438351421,2025-01-27 02:53:01.196425,0,
847,deposit,733.7873541716231,1868.6828611279404,2025-01-27 03:13:01.196425,0,
848,deposit,475.15841168678975,2379.680603018893,2025-01-27 03:25:01.196425,0,
849,deposit,663.9930110599319,3778.391906677327,2025-01-27 03:29:01.196425,0,
850,withdrawal,337.7489896704958,1173.006433419695,2025-01-27 03:59:01.196425,0,
851,deposit,652.7550836717935,3260.801381120693,2025-01-27 04:20:01.196425,0,
852,withdrawal,88.46160252897619,4193.099030451527,2025-01-27 04:50:01.196425,0,
853,deposit,823.1485531028077,4262.867173881187,2025-01-27 05:14:01.196425,0,
854,deposit,993.6399348921909,5755.459500081095,2025-01-27 05:15:01.196425,0,
855,withdrawal,136.48350769878363,3006.067284032552,2025-01-27 05:28:01.196425,0,
856,deposit,754.6104258020473,4821.732861223703,2025-01-27 05:50:01.196425,0,
856,phone_change,0.0,4821.732861223703,2025-01-27 06:10:01.196425,0,
857,deposit,572.2612391407514,6132.722416790883,2025-01-27 06:32:01.196425,0,
857,email_change,0.0,6132.722416790883,2025-01-27 06:36:01.196425,0,
858,withdrawal,297.00093059738583,2497.880332563829,2025-01-27 06:40:01.196425,0,
859,deposit,683.3204870920379,4379.699085961836,2025-01-27 07:03:01.196425,0,
860,deposit,748.9535698110664,4268.841645296402,2025-01-27 07:10:01.196425,0,
861,deposit,773.7491859862237,3784.3080140972797,2025-01-27 07:26:01.196425,0,
862,withdrawal,107.82453021509355,905.5460010631954,2025-01-27 07:40:01.196425,0,
863,deposit,688.4821944913566,7140.61506380866,2025-01-27 08:04:01.196425,0,
864,withdrawal,148.20901108074568,1721.2979685425412,2025-01-27 08:21:01.196425,0,
865,deposit,579.107373895479,2874.2163992719643,2025-01-27 08:41:01.196425,0,
866,deposit,143.48711138549285,4664.25737806468,2025-01-27 08:50:01.196425,0,
866,password_change,0.0,4664.25737806468,2025-01-27 09:19:01.196425,0,
867,deposit,800.9320433512647,6741.379780852264,2025-01-27 09:38:01.196425,0,
868,deposit,469.33010333575385,2522.514533517973,2025-01-27 10:05:01.196425,0,
869,deposit,135.85410550205148,1669.2802925745505,2025-01-27 10:28:01.196425,0,
870,withdrawal,272.91810017079547,6040.7013513963575,2025-01-27 10:42:01.196425,0,
871,deposit,627.2095240027996,4450.828106101904,2025-01-27 11:05:01.196425,0,
871,password_change,0.0,4450.828106101904,2025-01-27 11:16:01.196425,0,
872,withdrawal,467.9237342193708,2448.49486177383,2025-01-27 11:33:01.196425,0,
873,deposit,150.89882065941944,1470.9732281134056,2025-01-27 12:02:01.196425,0,
874,withdrawal,50.335023471421806,4992.379192359382,2025-01-27 12:15:01.196425,0,
875,deposit,219.28701658639605,5625.011100267726,2025-01-27 12:34:01.196425,0,
876,deposit,685.2022850371003,6198.709298246407,2025-01-27 12:40:01.196425,0,
877,withdrawal,415.67248029256166,5326.80267772785,2025-01-27 12:59:01.196425,0,
878,deposit,249.44810895813276,6402.57309978417,2025-01-27 13:18:01.196425,0,
878,email_change,0.0,6402.57309978417,2025-01-27 13:38:01.196425,0,
879,withdrawal,171.76224471238368,3300.08990375621,2025-01-27 13:44:01.196425,0,
880,deposit,228.5908549662285,7883.575015299318,2025-01-27 14:09:01.196425,0,
881,deposit,442.20221094522014,4092.281992463958,2025-01-27 14:12:01.196425,0,
882,deposit,337.69235318650277,1586.4265557244769,2025-01-27 14:19:01.196425,0,
883,deposit,805.1256572534387,5593.423867187328,2025-01-27 14:26:01.196425,0,
884,withdrawal,308.8724979525135,506.6646506605954,2025-01-27 14:38:01.196425,0,
885,withdrawal,268.3554157219136,3004.7709669180263,2025-01-27 14:48:01.196425,0,
886,deposit,951.905210437541,4580.306529570022,2025-01-27 15:02:01.196425,0,
886,email_change,0.0,4580.306529570022,2025-01-27 15:15:01.196425,0,
887,deposit,154.34162345258343,4951.758843554511,2025-01-27 15:19:01.196425,0,
887,phone_change,0.0,4951.758843554511,2025-01-27 15:20:01.196425,0,
888,withdrawal,406.05875682401984,1384.1387616178902,2025-01-27 15:49:01.196425,0,
889,withdrawal,412.5456134345034,2928.4777727861397,2025-01-27 16:12:01.196425,0,
890,withdrawal,189.26223908484914,5659.847565532848,2025-01-27 16:22:01.196425,0,
891,withdrawal,416.60590089003847,2559.852148623704,2025-01-27 16:47:01.196425,0,
892,deposit,591.321388310776,4308.764624963207,2025-01-27 17:11:01.196425,0,
893,withdrawal,377.5814124338859,2144.3215762856166,2025-01-27 17:15:01.196425,0,
894,deposit,965.2989398401721,3056.89111986236,2025-01-27 17:32:01.196425,0,
895,deposit,275.6881294597415,3320.6392397619747,2025-01-27 17:46:01.196425,0,
896,withdrawal,109.351294449709,1496.1471880433078,2025-01-27 18:14:01.196425,0,
897,deposit,165.27770074865978,581.0916200937066,2025-01-27 18:41:01.196425,0,
897,phone_change,0.0,581.0916200937066,2025-01-27 18:46:01.196425,0,
898,withdrawal,150.88474512353173,3440.455041134044,2025-01-27 18:54:01.196425,0,
899,deposit,627.2877631334657,4278.234126063908,2025-01-27 18:56:01.196425,0,
900,withdrawal,61.36597367635426,3225.365788815971,2025-01-27 19:03:01.196425,0,
900,email_change,0.0,3225.365788815971,2025-01-27 19:28:01.196425,0,
901,withdrawal,458.9841836361564,2833.4424385525404,2025-01-27 19:50:01.196425,0,
902,deposit,389.9786488664053,3441.4603030730373,2025-01-27 20:01:01.196425,0,
903,withdrawal,470.1075791702939,4293.221078403732,2025-01-27 20:26:01.196425,0,
904,deposit,849.5837152384455,3597.206399847082,2025-01-27 20:33:01.196425,0,
905,deposit,280.5226044070749,6947.553780890071,2025-01-27 20:47:01.196425,0,
906,deposit,162.62803151294486,2143.624966349125,2025-01-27 21:04:01.196425,0,
906,password_change,0.0,2143.624966349125,2025-01-27 21:25:01.196425,0,
907,withdrawal,456.075475570187,4713.507689433087,2025-01-27 21:50:01.196425,0,
908,withdrawal,286.59824613338714,1622.1945402306185,2025-01-27 22:06:01.196425,0,
909,withdrawal,265.44365956387924,773.0679321244763,2025-01-27 22:15:01.196425,0,
910,withdrawal,251.31606342468422,4479.270658337789,2025-01-27 22:34:01.196425,0,
911,deposit,497.7027346694488,2794.9483541207765,2025-01-27 22:49:01.196425,0,
912,deposit,756.5069252552812,6742.233933613721,2025-01-27 22:58:01.196425,0,
913,withdrawal,410.81303141178154,4555.561546054033,2025-01-27 23:03:01.196425,0,
913,email_change,0.0,4555.561546054033,2025-01-27 23:08:01.196425,0,
914,withdrawal,476.8809419775577,1849.658837089257,2025-01-27 23:35:01.196425,0,
915,deposit,587.5332555755085,1560.5838262718448,2025-01-27 23:48:01.196425,0,
916,deposit,421.36603229543516,4266.895737841765,2025-01-28 00:08:01.196425,0,
917,deposit,614.034428519845,5099.682538056526,2025-01-28 00:19:01.196425,0,
918,deposit,526.0102568550445,4143.950981947786,2025-01-28 00:25:01.196425,0,
919,withdrawal,333.76982372414875,430.9305884189838,2025-01-28 00:30:01.196425,0,
920,deposit,998.2320172338269,6796.841859290042,2025-01-28 00:54:01.196425,0,
921,deposit,705.1873620479361,3831.2537677741443,2025-01-28 00:55:01.196425,0,
922,withdrawal,476.4873482436537,929.2291920041976,2025-01-28 01:02:01.196425,0,
923,deposit,645.8452418249548,6428.933452669326,2025-01-28 01:22:01.196425,0,
924,withdrawal,88.0737579639203,4504.069641150115,2025-01-28 01:48:01.196425,0,
925,deposit,780.7097286771989,1914.7288971211356,2025-01-28 01:57:01.196425,0,
926,withdrawal,444.51789522253074,5243.813873655066,2025-01-28 02:08:01.196425,0,
927,withdrawal,220.4877091009058,6082.643562762326,2025-01-28 02:18:01.196425,0,
928,deposit,957.2186951014367,3363.3385324594037,2025-01-28 02:48:01.196425,0,
928,email_change,0.0,3363.3385324594037,2025-01-28 02:57:01.196425,0,
929,withdrawal,428.63089032565824,1805.3127098133727,2025-01-28 03:27:01.196425,0,
930,withdrawal,280.3206987807755,1190.7148906865573,2025-01-28 03:51:01.196425,0,
931,withdrawal,148.67860834526525,1903.3956211703126,2025-01-28 04:09:01.196425,0,
932,withdrawal,226.78990183323825,2133.79296137431,2025-01-28 04:34:01.196425,0,
932,password_change,0.0,2133.79296137431,2025-01-28 04:37:01.196425,0,
933,withdrawal,180.441840950468,1141.0406828992957,2025-01-28 05:06:01.196425,0,
933,email_change,0.0,1141.0406828992957,2025-01-28 05:16:01.196425,0,
934,withdrawal,290.7037645644027,2650.847451730838,2025-01-28 05:39:01.196425,0,
935,deposit,170.68055762606434,4472.6529894496,2025-01-28 06:05:01.196425,0,
935,phone_change,0.0,4472.6529894496,2025-01-28 06:09:01.196425,0,
936,deposit,713.149722808076,5898.67762282952,2025-01-28 06:11:01.196425,0,
937,deposit,295.6844778352561,6705.031693994223,2025-01-28 06:16:01.196425,0,
938,deposit,782.0922761536243,2792.9426907357524,2025-01-28 06:40:01.196425,0,
939,withdrawal,90.34602952735014,4023.2026776769576,2025-01-28 06:52:01.196425,0,
940,deposit,236.26784098240415,4383.974473047171,2025-01-28 07:14:01.196425,0,
941,deposit,468.51852322516896,4921.496222574918,2025-01-28 07:17:01.196425,0,
942,withdrawal,294.647340459111,2398.7831030424986,2025-01-28 07:39:01.196425,0,
943,deposit,127.4897531439967,2176.0268717102535,2025-01-28 08:05:01.196425,0,
944,withdrawal,72.3384328799457,3400.022875480215,2025-01-28 08:18:01.196425,0,
945,withdrawal,334.94095538576926,5795.4551594732675,2025-01-28 08:35:01.196425,0,
946,withdrawal,92.31374648014511,3965.580484288323,2025-01-28 08:58:01.196425,0,
947,deposit,937.3366669283937,4182.850170796133,2025-01-28 09:28:01.196425,0,
947,email_change,0.0,4182.850170796133,2025-01-28 09:54:01.196425,0,
948,deposit,504.9483734217994,2858.2003272362545,2025-01-28 10:06:01.196425,0,
948,email_change,0.0,2858.2003272362545,2025-01-28 10:09:01.196425,0,
949,deposit,985.4781833949226,4007.2432359456907,2025-01-28 10:14:01.196425,0,
950,withdrawal,303.71934322056836,3788.506603636164,2025-01-28 10:25:01.196425,0,
950,phone_change,0.0,3788.506603636164,2025-01-28 10:40:01.196425,0,
951,withdrawal,443.6264150597702,1166.3521062906766,2025-01-28 10:42:01.196425,0,
952,deposit,724.5020512936798,3103.190149642167,2025-01-28 10:51:01.196425,0,
952,email_change,0.0,3103.190149642167,2025-01-28 11:10:01.196425,0,
953,withdrawal,439.7084190178443,3290.3654687541834,2025-01-28 11:23:01.196425,0,
954,deposit,872.1240769384244,6763.356105673107,2025-01-28 11:44:01.196425,0,
955,deposit,308.56903265265316,2686.374848432725,2025-01-28 12:09:01.196425,0,
956,withdrawal,476.966250270634,2636.725844855772,2025-01-28 12:14:01.196425,0,
957,deposit,323.13181998764685,2770.654103612608,2025-01-28 12:24:01.196425,0,
958,deposit,909.025105457062,3835.475780592228,2025-01-28 12:40:01.196425,0,
959,deposit,363.985984998085,3770.4634606762597,2025-01-28 13:10:01.196425,0,
960,withdrawal,60.541365638788506,5062.901434238454,2025-01-28 13:23:01.196425,0,
961,deposit,569.8851149482877,8147.54970484641,2025-01-28 13:47:01.196425,0,
962,deposit,340.33759094370043,3066.5355560053354,2025-01-28 14:01:01.196425,0,
963,withdrawal,383.54107959786194,5096.9104855011865,2025-01-28 14:09:01.196425,0,
964,withdrawal,361.0003220027499,4196.6279771854,2025-01-28 14:36:01.196425,0,
965,deposit,807.3511569644955,5043.04397782448,2025-01-28 15:03:01.196425,0,
965,email_change,0.0,5043.04397782448,2025-01-28 15:13:01.196425,0,
966,withdrawal,424.71368053698154,1823.2996128985978,2025-01-28 15:21:01.196425,0,
967,deposit,249.279878440585,4330.846540922082,2025-01-28 15:36:01.196425,0,
968,deposit,115.11822232534526,1948.247204644837,2025-01-28 15:42:01.196425,0,
969,deposit,737.5209438876984,6049.191537109827,2025-01-28 16:09:01.196425,0,
970,deposit,154.8318164006039,3962.3780873160003,2025-01-28 16:15:01.196425,0,
971,withdrawal,195.23636406045907,1522.3373280810233,2025-01-28 16:45:01.196425,0,
972,withdrawal,433.91739835137184,3704.104874305747,2025-01-28 17:07:01.196425,0,
973,deposit,156.91238158094077,4549.890199653938,2025-01-28 17:26:01.196425,0,
974,withdrawal,264.2196954386049,4281.182968647841,2025-01-28 17:35:01.196425,0,
975,withdrawal,241.78746448027113,2244.3747270930558,2025-01-28 17:48:01.196425,0,
976,deposit,802.7294541991025,4904.636938753839,2025-01-28 17:59:01.196425,0,
977,deposit,946.1991806421066,3182.8668463465656,2025-01-28 18:15:01.196425,0,
978,deposit,700.2160943548386,6683.389966106048,2025-01-28 18:25:01.196425,0,
979,deposit,471.3590788459464,3769.80466606182,2025-01-28 18:44:01.196425,0,
979,email_change,0.0,3769.80466606182,2025-01-28 19:00:01.196425,0,
980,deposit,368.9362248114239,4061.201958209938,2025-01-28 19:16:01.196425,0,
980,phone_change,0.0,4061.201958209938,2025-01-28 19:45:01.196425,0,
981,deposit,164.43779876131268,3861.705292544364,2025-01-28 19:57:01.196425,0,
982,deposit,398.5749658911115,7556.087357738246,2025-01-28 20:05:01.196425,0,
983,deposit,804.8569385298838,3260.5455324075547,2025-01-28 20:31:01.196425,0,
984,deposit,622.0639209340461,2768.5328829539058,2025-01-28 20:38:01.196425,0,
985,deposit,707.8671626168252,3745.810990253427,2025-01-28 21:08:01.196425,0,
986,deposit,983.9725378152128,4385.093850628893,2025-01-28 21:23:01.196425,0,
987,withdrawal,250.92751199361447,3452.8810062597563,2025-01-28 21:44:01.196425,0,
988,withdrawal,76.40280476035711,3458.367405253971,2025-01-28 22:08:01.196425,0,
989,deposit,270.91406126302934,3725.6602930830804,2025-01-28 22:22:01.196425,0,
990,deposit,927.2075218590662,4734.213788638432,2025-01-28 22:27:01.196425,0,
991,withdrawal,352.11121428971285,208.19976531175678,2025-01-28 22:57:01.196425,0,
992,deposit,709.442804884826,6004.0864070394155,2025-01-28 23:13:01.196425,0,
993,deposit,377.11961853611484,4729.091049557832,2025-01-28 23:25:01.196425,0,
994,withdrawal,381.6664545206338,2744.4428984187925,2025-01-28 23:54:01.196425,0,
995,deposit,557.4487615806889,6239.737292351866,2025-01-29 00:18:01.196425,0,
995,email_change,0.0,6239.737292351866,2025-01-29 00:48:01.196425,0,
996,withdrawal,381.9617158006714,1741.508694693648,2025-01-29 01:16:01.196425,0,
997,deposit,882.7370532358451,5163.746778270104,2025-01-29 01:42:01.196425,0,
998,withdrawal,272.2579307737242,1905.619022949872,2025-01-29 02:12:01.196425,0,
999,deposit,150.6414786135892,2467.9228223403898,2025-01-29 02:17:01.196425,0,
100,fraud,1111.8973551635897,-8686.699179524394,2025-01-29 02:31:01.196425,1,
100,withdrawal,0.0,-8686.699179524394,2025-01-29 02:45:01.196425,1,
101,fraud,20.345042167920422,-2739.9709560963843,2025-01-29 03:06:01.196425,1,
101,failed_login,0.0,-2739.9709560963843,2025-01-29 03:14:01.196425,1,
102,fraud,1106.6453253797958,-509.06538044132935,2025-01-29 03:21:01.196425,1,
102,password_change,0.0,-509.06538044132935,2025-01-29 03:33:01.196425,1,
103,fraud,2844.1662296299946,-9194.765667879481,2025-01-29 03:38:01.196425,1,
103,suspicious_login,0.0,-9194.765667879481,2025-01-29 03:43:01.196425,1,
104,fraud,26.449498189643105,-2397.0375645514096,2025-01-29 04:02:01.196425,1,
104,withdrawal,0.0,-2397.0375645514096,2025-01-29 04:11:01.196425,1,
105,fraud,864.3841210459631,7782.452967195068,2025-01-29 04:29:01.196425,1,
106,fraud,79.37606380816335,-3305.754880476397,2025-01-29 04:57:01.196425,1,
107,fraud,13.630107641886902,7994.484718216268,2025-01-29 05:16:01.196425,1,
107,withdrawal,0.0,7994.484718216268,2025-01-29 05:36:01.196425,1,
108,fraud,538.5122012194092,1521.0693628973595,2025-01-29 05:47:01.196425,1,
108,failed_login,0.0,1521.0693628973595,2025-01-29 06:02:01.196425,1,
109,fraud,1281.3094924970087,1336.655167363735,2025-01-29 06:14:01.196425,1,
110,fraud,3378.9313777125367,3190.6761666652183,2025-01-29 06:41:01.196425,1,
110,withdrawal,0.0,3190.6761666652183,2025-01-29 06:59:01.196425,1,
111,fraud,13.466503925917708,-3659.435709906582,2025-01-29 07:03:01.196425,1,
111,withdrawal,0.0,-3659.435709906582,2025-01-29 07:25:01.196425,1,
112,fraud,1587.1399712771724,-451.1174580947343,2025-01-29 07:54:01.196425,1,
113,fraud,2757.1061568730815,2302.1827684152863,2025-01-29 08:13:01.196425,1,
113,failed_login,0.0,2302.1827684152863,2025-01-29 08:18:01.196425,1,
114,fraud,752.3271993092766,-1826.4530347249406,2025-01-29 08:33:01.196425,1,
115,fraud,3502.3186427169567,-1049.3351620504245,2025-01-29 08:46:01.196425,1,
115,deposit,0.0,-1049.3351620504245,2025-01-29 09:08:01.196425,1,
116,fraud,897.0018774699895,-2334.7236316462104,2025-01-29 09:19:01.196425,1,
117,fraud,1194.7171034784792,6278.955616905139,2025-01-29 09:41:01.196425,1,
117,email_change,0.0,6278.955616905139,2025-01-29 10:10:01.196425,1,
118,fraud,180.19904035304174,2797.084449542102,2025-01-29 10:13:01.196425,1,
119,fraud,2818.633009511404,3551.432660406175,2025-01-29 10:22:01.196425,1,
119,suspicious_login,0.0,3551.432660406175,2025-01-29 10:24:01.196425,1,
120,fraud,528.6494795618248,893.3567787670345,2025-01-29 10:31:01.196425,1,
120,email_change,0.0,893.3567787670345,2025-01-29 10:44:01.196425,1,
121,fraud,566.5686085824397,-8617.712438673847,2025-01-29 11:07:01.196425,1,
122,fraud,960.0696107931207,-6759.704065377959,2025-01-29 11:36:01.196425,1,
122,failed_login,0.0,-6759.704065377959,2025-01-29 11:37:01.196425,1,
123,fraud,3014.146109373811,-2446.4952200032185,2025-01-29 12:03:01.196425,1,
124,fraud,176.05522916716333,-2585.8321627789214,2025-01-29 12:09:01.196425,1,
125,fraud,1212.8303435124046,2741.3680315332604,2025-01-29 12:31:01.196425,1,
125,password_change,0.0,2741.3680315332604,2025-01-29 12:34:01.196425,1,
126,fraud,79.1790041074335,4776.770883326311,2025-01-29 13:00:01.196425,1,
127,fraud,2573.547843267268,-5846.095092834845,2025-01-29 13:10:01.196425,1,
128,fraud,72.56791472999919,5998.659259455438,2025-01-29 13:34:01.196425,1,
128,suspicious_login,0.0,5998.659259455438,2025-01-29 14:02:01.196425,1,
129,fraud,912.9874452523948,-4896.569118599052,2025-01-29 14:25:01.196425,1,
129,email_change,0.0,-4896.569118599052,2025-01-29 14:46:01.196425,1,
130,fraud,347.2561954664656,2547.0079947921236,2025-01-29 15:02:01.196425,1,
130,phone_change,0.0,2547.0079947921236,2025-01-29 15:12:01.196425,1,
131,fraud,4961.478164557695,-2526.028514150835,2025-01-29 15:36:01.196425,1,
132,fraud,3318.245993593014,-7220.65674567562,2025-01-29 16:04:01.196425,1,
133,fraud,54.72643948408103,2438.041927192603,2025-01-29 16:07:01.196425,1,
133,failed_login,0.0,2438.041927192603,2025-01-29 16:13:01.196425,1,
134,fraud,3040.9213289363747,-875.1523465623682,2025-01-29 16:29:01.196425,1,
135,fraud,836.869993375217,1823.9158764605982,2025-01-29 16:48:01.196425,1,
136,fraud,3096.354572539621,5471.913779523455,2025-01-29 16:56:01.196425,1,
137,fraud,2271.743154862684,-4497.627254357723,2025-01-29 16:57:01.196425,1,
137,phone_change,0.0,-4497.627254357723,2025-01-29 17:27:01.196425,1,
138,fraud,558.0820337553287,1752.7252399813497,2025-01-29 17:33:01.196425,1,
138,withdrawal,0.0,1752.7252399813497,2025-01-29 17:46:01.196425,1,
139,fraud,114.3700848290484,4696.2049564723975,2025-01-29 17:54:01.196425,1,
139,failed_login,0.0,4696.2049564723975,2025-01-29 18:16:01.196425,1,
140,fraud,1394.772738117421,-5440.403330314503,2025-01-29 18:42:01.196425,1,
141,fraud,52.20601171550163,2397.0924162205733,2025-01-29 19:05:01.196425,1,
142,fraud,1903.166240503544,-5878.982930571701,2025-01-29 19:19:01.196425,1,
143,fraud,2892.551965769967,-4822.165495219577,2025-01-29 19:31:01.196425,1,
144,fraud,1973.664852423014,-3673.9046034131215,2025-01-29 19:45:01.196425,1,
145,fraud,1822.8491133336918,-2400.507643106082,2025-01-29 20:10:01.196425,1,
146,fraud,8592.97434632518,-7652.090001371445,2025-01-29 20:23:01.196425,1,
146,deposit,0.0,-7652.090001371445,2025-01-29 20:52:01.196425,1,
147,fraud,1394.2492491714602,-6938.9340768742195,2025-01-29 21:00:01.196425,1,
148,fraud,783.9366198159402,-2448.5828785255358,2025-01-29 21:05:01.196425,1,
149,fraud,2756.9278624609124,-6660.072570036101,2025-01-29 21:13:01.196425,1,
149,phone_change,0.0,-6660.072570036101,2025-01-29 21:18:01.196425,1,
150,fraud,163.23492226217294,4529.812198501592,2025-01-29 21:26:01.196425,1,
151,fraud,1597.781533619949,928.1161779224965,2025-01-29 21:52:01.196425,1,
152,fraud,2675.2416896019618,-17031.206490696124,2025-01-29 21:55:01.196425,1,
153,fraud,4784.808844742607,5377.5312226021315,2025-01-29 22:10:01.196425,1,
154,fraud,624.1301367835566,-4006.1999984078134,2025-01-29 22:32:01.196425,1,
154,withdrawal,0.0,-4006.1999984078134,2025-01-29 22:45:01.196425,1,
155,fraud,5.033953956476006,10065.836815881705,2025-01-29 23:10:01.196425,1,
156,fraud,934.1193101670974,-7662.832474459139,2025-01-29 23:29:01.196425,1,
157,fraud,751.2362017976296,3352.9530753187096,2025-01-29 23:41:01.196425,1,
158,fraud,2185.6777861450346,6131.728968866385,2025-01-30 00:11:01.196425,1,
158,password_change,0.0,6131.728968866385,2025-01-30 00:21:01.196425,1,
159,fraud,9285.218919320185,-12821.65368706105,2025-01-30 00:27:01.196425,1,
160,fraud,178.06427618534738,-6461.669357256366,2025-01-30 00:48:01.196425,1,
161,fraud,870.2414873726408,-4687.478101959669,2025-01-30 00:51:01.196425,1,
161,withdrawal,0.0,-4687.478101959669,2025-01-30 01:07:01.196425,1,
162,fraud,84.24584373804036,-4409.648979440771,2025-01-30 01:34:01.196425,1,
163,fraud,50.43540442924666,470.7624489662461,2025-01-30 01:42:01.196425,1,
164,fraud,1885.7333489021767,-6596.912091766244,2025-01-30 01:51:01.196425,1,
165,fraud,156.19087480329603,-3045.533512533802,2025-01-30 02:08:01.196425,1,
166,fraud,3743.5578730915213,-5503.493463215147,2025-01-30 02:25:01.196425,1,
167,fraud,1567.4868248092944,3557.8705029405846,2025-01-30 02:49:01.196425,1,
167,withdrawal,0.0,3557.8705029405846,2025-01-30 02:51:01.196425,1,
168,fraud,2087.1060528395465,-13567.40103357074,2025-01-30 03:19:01.196425,1,
169,fraud,192.38598400516545,166.75255028716808,2025-01-30 03:45:01.196425,1,
169,phone_change,0.0,166.75255028716808,2025-01-30 04:08:01.196425,1,
170,fraud,357.04250496203724,-10899.668508620074,2025-01-30 04:26:01.196425,1,
171,fraud,1815.292579635163,5979.984589335385,2025-01-30 04:44:01.196425,1,
172,fraud,138.85098289356444,-2809.5474175127556,2025-01-30 04:57:01.196425,1,
172,phone_change,0.0,-2809.5474175127556,2025-01-30 05:04:01.196425,1,
173,fraud,1895.1641307644652,-5864.161233219919,2025-01-30 05:09:01.196425,1,
173,failed_login,0.0,-5864.161233219919,2025-01-30 05:34:01.196425,1,
174,fraud,1819.7480489646873,-3364.623540770934,2025-01-30 05:43:01.196425,1,
175,fraud,56.29851841377876,-1281.1444348624295,2025-01-30 06:05:01.196425,1,
175,failed_login,0.0,-1281.1444348624295,2025-01-30 06:14:01.196425,1,
176,fraud,2484.5799633620795,-2564.4289049751237,2025-01-30 06:19:01.196425,1,
176,phone_change,0.0,-2564.4289049751237,2025-01-30 06:36:01.196425,1,
177,fraud,558.1614345168882,2098.578337229409,2025-01-30 06:49:01.196425,1,
177,phone_change,0.0,2098.578337229409,2025-01-30 06:52:01.196425,1,
178,fraud,3388.0375363035632,-12773.16188491526,2025-01-30 07:13:01.196425,1,
178,deposit,0.0,-12773.16188491526,2025-01-30 07:21:01.196425,1,
179,fraud,2580.1390007822347,-398.32015765747246,2025-01-30 07:47:01.196425,1,
179,suspicious_login,0.0,-398.32015765747246,2025-01-30 08:02:01.196425,1,
180,fraud,20.298304050451986,-2345.055474814107,2025-01-30 08:12:01.196425,1,
181,fraud,4539.386134554258,8745.619659192376,2025-01-30 08:14:01.196425,1,
182,fraud,1428.619669201296,1769.8520036243058,2025-01-30 08:17:01.196425,1,
182,password_change,0.0,1769.8520036243058,2025-01-30 08:24:01.196425,1,
183,fraud,2428.564908766505,3111.35348950151,2025-01-30 08:26:01.196425,1,
183,deposit,0.0,3111.35348950151,2025-01-30 08:47:01.196425,1,
184,fraud,871.6225042761512,2991.85373081404,2025-01-30 09:11:01.196425,1,
184,phone_change,0.0,2991.85373081404,2025-01-30 09:17:01.196425,1,
185,fraud,1.1283860444753546,-4415.951617855572,2025-01-30 09:18:01.196425,1,
186,fraud,74.92095875911927,-1059.6688193195555,2025-01-30 09:38:01.196425,1,
186,suspicious_login,0.0,-1059.6688193195555,2025-01-30 09:57:01.196425,1,
187,fraud,7601.424871708513,-3028.014516449878,2025-01-30 10:12:01.196425,1,
187,withdrawal,0.0,-3028.014516449878,2025-01-30 10:20:01.196425,1,
188,fraud,1598.5576204756512,1841.5754864668475,2025-01-30 10:39:01.196425,1,
189,fraud,58.58188709161064,-2294.7722894917442,2025-01-30 10:53:01.196425,1,
190,fraud,260.0053243998886,-4358.4604552489445,2025-01-30 11:08:01.196425,1,
190,phone_change,0.0,-4358.4604552489445,2025-01-30 11:29:01.196425,1,
191,fraud,4047.7063972062806,-11790.158828974028,2025-01-30 11:34:01.196425,1,
191,suspicious_login,0.0,-11790.158828974028,2025-01-30 11:51:01.196425,1,
192,fraud,58.48618149503189,2107.2317897070384,2025-01-30 12:02:01.196425,1,
193,fraud,142.4383613751693,-757.322199021057,2025-01-30 12:11:01.196425,1,
194,fraud,1277.5524995862986,-952.6824276922232,2025-01-30 12:35:01.196425,1,
194,withdrawal,0.0,-952.6824276922232,2025-01-30 12:54:01.196425,1,
195,fraud,4692.365302713331,-2109.0855522369548,2025-01-30 13:17:01.196425,1,
195,withdrawal,0.0,-2109.0855522369548,2025-01-30 13:29:01.196425,1,
196,fraud,3143.8031332185733,-135.91741101107755,2025-01-30 13:36:01.196425,1,
197,fraud,21.637878110021774,-4768.478596700802,2025-01-30 13:44:01.196425,1,
197,withdrawal,0.0,-4768.478596700802,2025-01-30 14:14:01.196425,1,
198,fraud,2819.51222861135,-11785.984614381377,2025-01-30 14:33:01.196425,1,
198,failed_login,0.0,-11785.984614381377,2025-01-30 14:51:01.196425,1,
199,fraud,1262.825422178166,-9329.21664775359,2025-01-30 15:21:01.196425,1,
200,fraud,49.53332429166171,5450.040674760952,2025-01-30 15:34:01.196425,1,
201,fraud,1985.1064518387714,9584.23601183597,2025-01-30 15:58:01.196425,1,
202,fraud,1319.7050352006222,2228.3568542092653,2025-01-30 16:17:01.196425,1,
203,fraud,41.63647420694321,3334.7051826986385,2025-01-30 16:31:01.196425,1,
203,suspicious_login,0.0,3334.7051826986385,2025-01-30 16:41:01.196425,1,
204,fraud,131.026882869942,-45.13788564959381,2025-01-30 17:00:01.196425,1,
204,withdrawal,0.0,-45.13788564959381,2025-01-30 17:08:01.196425,1,
205,fraud,839.876339747396,4335.735480735854,2025-01-30 17:38:01.196425,1,
205,withdrawal,0.0,4335.735480735854,2025-01-30 17:51:01.196425,1,
206,fraud,515.9169854516201,497.16886084333805,2025-01-30 18:13:01.196425,1,
206,withdrawal,0.0,497.16886084333805,2025-01-30 18:17:01.196425,1,
207,fraud,1493.2757626008295,-6577.20206778478,2025-01-30 18:36:01.196425,1,
207,failed_login,0.0,-6577.20206778478,2025-01-30 18:39:01.196425,1,
208,fraud,5034.845314585501,-13467.294108597474,2025-01-30 18:50:01.196425,1,
208,phone_change,0.0,-13467.294108597474,2025-01-30 19:13:01.196425,1,
209,fraud,1455.0708754729815,1996.5126473913663,2025-01-30 19:19:01.196425,1,
210,fraud,5864.87441905639,-18796.615708439906,2025-01-30 19:38:01.196425,1,
210,deposit,0.0,-18796.615708439906,2025-01-30 19:41:01.196425,1,
211,fraud,1084.4294766975956,-1489.9662748968465,2025-01-30 19:49:01.196425,1,
212,fraud,2786.443340215655,-6010.392558877528,2025-01-30 20:01:01.196425,1,
212,password_change,0.0,-6010.392558877528,2025-01-30 20:16:01.196425,1,
213,fraud,489.35328305416846,-6134.904311326716,2025-01-30 20:34:01.196425,1,
213,password_change,0.0,-6134.904311326716,2025-01-30 20:51:01.196425,1,
214,fraud,1754.4893640735415,-1324.2382702210539,2025-01-30 21:12:01.196425,1,
214,email_change,0.0,-1324.2382702210539,2025-01-30 21:26:01.196425,1,
215,fraud,1390.4105760062655,-6517.595258698474,2025-01-30 21:28:01.196425,1,
215,withdrawal,0.0,-6517.595258698474,2025-01-30 21:51:01.196425,1,
216,fraud,543.3255800227815,-5857.883307724676,2025-01-30 22:14:01.196425,1,
216,password_change,0.0,-5857.883307724676,2025-01-30 22:40:01.196425,1,
217,fraud,1835.4630461349886,-6319.414124925152,2025-01-30 23:03:01.196425,1,
218,fraud,86.76989286547938,6421.278802887871,2025-01-30 23:09:01.196425,1,
218,withdrawal,0.0,6421.278802887871,2025-01-30 23:39:01.196425,1,
219,fraud,1378.8676403972545,1855.6685310452813,2025-01-31 00:07:01.196425,1,
219,withdrawal,0.0,1855.6685310452813,2025-01-31 00:09:01.196425,1,
220,fraud,4474.777163980973,-7932.763278988932,2025-01-31 00:15:01.196425,1,
221,fraud,1981.799290693069,1978.5087383540276,2025-01-31 00:23:01.196425,1,
222,fraud,752.6089445797152,8726.44034985634,2025-01-31 00:50:01.196425,1,
223,fraud,1922.8427872879183,-1891.3124735170895,2025-01-31 01:15:01.196425,1,
223,withdrawal,0.0,-1891.3124735170895,2025-01-31 01:25:01.196425,1,
224,fraud,1742.837446754155,-1152.1031252456926,2025-01-31 01:29:01.196425,1,
225,fraud,3820.886766424918,-5174.888663142712,2025-01-31 01:59:01.196425,1,
225,deposit,0.0,-5174.888663142712,2025-01-31 02:29:01.196425,1,
226,fraud,222.40240592804716,-2385.700922561962,2025-01-31 02:48:01.196425,1,
227,fraud,2982.934855412787,1075.5954809102404,2025-01-31 02:52:01.196425,1,
227,failed_login,0.0,1075.5954809102404,2025-01-31 03:20:01.196425,1,
228,fraud,3469.5736959415644,5148.883221904559,2025-01-31 03:34:01.196425,1,
228,phone_change,0.0,5148.883221904559,2025-01-31 03:38:01.196425,1,
229,fraud,2023.6427434584698,-2724.520601322822,2025-01-31 04:02:01.196425,1,
230,fraud,4905.777295963396,-3629.2789690388217,2025-01-31 04:26:01.196425,1,
230,deposit,0.0,-3629.2789690388217,2025-01-31 04:27:01.196425,1,
231,fraud,945.4743594573163,9903.859315138028,2025-01-31 04:34:01.196425,1,
232,fraud,19.739848348445477,-862.8510133567389,2025-01-31 04:47:01.196425,1,
232,withdrawal,0.0,-862.8510133567389,2025-01-31 05:09:01.196425,1,
233,fraud,2817.8343834234474,2754.5755184882873,2025-01-31 05:23:01.196425,1,
234,fraud,1843.8152427643543,-507.8830926253447,2025-01-31 05:34:01.196425,1,
234,withdrawal,0.0,-507.8830926253447,2025-01-31 05:59:01.196425,1,
235,fraud,3413.868525839062,-144.94916187714944,2025-01-31 06:27:01.196425,1,
236,fraud,655.1572489945387,1228.81540285347,2025-01-31 06:35:01.196425,1,
237,fraud,32.58478656022882,-2383.563858383434,2025-01-31 06:53:01.196425,1,
238,fraud,3236.02036839331,-5009.824431374376,2025-01-31 07:04:01.196425,1,
238,suspicious_login,0.0,-5009.824431374376,2025-01-31 07:06:01.196425,1,
239,fraud,150.09621886468767,3000.1889796667574,2025-01-31 07:35:01.196425,1,
240,fraud,1102.3044381966538,7653.388598353022,2025-01-31 08:00:01.196425,1,
240,withdrawal,0.0,7653.388598353022,2025-01-31 08:09:01.196425,1,
241,fraud,19.425388713731056,2633.994878709364,2025-01-31 08:35:01.196425,1,
241,failed_login,0.0,2633.994878709364,2025-01-31 09:00:01.196425,1,
242,fraud,179.79142132725647,-3333.90786459321,2025-01-31 09:23:01.196425,1,
242,failed_login,0.0,-3333.90786459321,2025-01-31 09:42:01.196425,1,
243,fraud,132.18341997331405,3738.8843301031943,2025-01-31 09:54:01.196425,1,
244,fraud,3580.4760089858273,-6159.339653980403,2025-01-31 10:22:01.196425,1,
245,fraud,1904.8888734771572,-7772.937830120554,2025-01-31 10:33:01.196425,1,
246,fraud,387.446543643534,-5920.5618326171325,2025-01-31 10:56:01.196425,1,
246,email_change,0.0,-5920.5618326171325,2025-01-31 11:01:01.196425,1,
247,fraud,99.54465652680742,-12218.31190849454,2025-01-31 11:26:01.196425,1,
247,withdrawal,0.0,-12218.31190849454,2025-01-31 11:36:01.196425,1,
248,fraud,4356.9953857329665,-3140.0402407979077,2025-01-31 11:45:01.196425,1,
249,fraud,84.31731541389637,-9803.505364896435,2025-01-31 12:13:01.196425,1,
250,fraud,114.07119389850902,1505.8458988534599,2025-01-31 12:18:01.196425,1,
251,fraud,955.8043361256064,-6436.325011428567,2025-01-31 12:35:01.196425,1,
251,phone_change,0.0,-6436.325011428567,2025-01-31 12:41:01.196425,1,
252,fraud,66.34901135380747,4946.171724815223,2025-01-31 12:47:01.196425,1,
252,withdrawal,0.0,4946.171724815223,2025-01-31 13:12:01.196425,1,
253,fraud,7746.631141626462,-13397.339001070826,2025-01-31 13:14:01.196425,1,
254,fraud,1981.4744941945894,-13860.25039932361,2025-01-31 13:40:01.196425,1,
254,failed_login,0.0,-13860.25039932361,2025-01-31 13:54:01.196425,1,
255,fraud,158.33562265458895,3409.3721527853622,2025-01-31 13:57:01.196425,1,
255,password_change,0.0,3409.3721527853622,2025-01-31 14:04:01.196425,1,
256,fraud,1861.3770322248088,-1246.6833838783612,2025-01-31 14:17:01.196425,1,
256,failed_login,0.0,-1246.6833838783612,2025-01-31 14:33:01.196425,1,
257,fraud,2705.801375196871,1203.1946729905053,2025-01-31 14:53:01.196425,1,
257,suspicious_login,0.0,1203.1946729905053,2025-01-31 15:00:01.196425,1,
258,fraud,1355.0749553500534,-366.3197347777125,2025-01-31 15:27:01.196425,1,
259,fraud,9124.063304308,-9371.764191582892,2025-01-31 15:43:01.196425,1,
259,deposit,0.0,-9371.764191582892,2025-01-31 15:49:01.196425,1,
260,fraud,778.7404893013346,-3005.776066055898,2025-01-31 16:10:01.196425,1,
261,fraud,3129.3876189161933,-7765.0726569651415,2025-01-31 16:38:01.196425,1,
261,withdrawal,0.0,-7765.0726569651415,2025-01-31 16:56:01.196425,1,
262,fraud,13.208355984442338,-2182.7338870411263,2025-01-31 17:25:01.196425,1,
263,fraud,244.7914071778711,3268.2226254505836,2025-01-31 17:45:01.196425,1,
263,email_change,0.0,3268.2226254505836,2025-01-31 17:57:01.196425,1,
264,fraud,2996.7596473510976,-1603.621267478713,2025-01-31 18:27:01.196425,1,
265,fraud,1811.8682416904535,-6996.645752281329,2025-01-31 18:36:01.196425,1,
265,withdrawal,0.0,-6996.645752281329,2025-01-31 18:58:01.196425,1,
266,fraud,52.74080714975254,3565.0814158170047,2025-01-31 19:10:01.196425,1,
266,suspicious_login,0.0,3565.0814158170047,2025-01-31 19:11:01.196425,1,
267,fraud,1484.06878127718,-3896.041098095974,2025-01-31 19:39:01.196425,1,
268,fraud,874.9129472936066,2460.0732557780284,2025-01-31 19:45:01.196425,1,
269,fraud,8554.625752740216,-11748.269453126948,2025-01-31 20:12:01.196425,1,
269,deposit,0.0,-11748.269453126948,2025-01-31 20:30:01.196425,1,
270,fraud,166.07286947619718,6061.191721421405,2025-01-31 20:39:01.196425,1,
271,fraud,4153.730975986821,2704.908248110677,2025-01-31 21:04:01.196425,1,
271,suspicious_login,0.0,2704.908248110677,2025-01-31 21:14:01.196425,1,
272,fraud,1784.5442468739311,-2186.259459033288,2025-01-31 21:16:01.196425,1,
272,failed_login,0.0,-2186.259459033288,2025-01-31 21:17:01.196425,1,
273,fraud,2893.279870697042,-6447.418248889098,2025-01-31 21:23:01.196425,1,
274,fraud,467.6279327937081,-3622.6406910711703,2025-01-31 21:34:01.196425,1,
275,fraud,585.8097575104437,2162.6431838848766,2025-01-31 22:01:01.196425,1,
276,fraud,70.61375070687815,-8038.84177910839,2025-01-31 22:13:01.196425,1,
276,failed_login,0.0,-8038.84177910839,2025-01-31 22:23:01.196425,1,
277,fraud,1172.5646742533565,-9994.135420517481,2025-01-31 22:53:01.196425,1,
277,withdrawal,0.0,-9994.135420517481,2025-01-31 23:07:01.196425,1,
278,fraud,578.1052696264404,5040.35509054324,2025-01-31 23:16:01.196425,1,
279,fraud,43.610799600639766,-11078.77753775653,2025-01-31 23:33:01.196425,1,
279,email_change,0.0,-11078.77753775653,2025-01-31 23:51:01.196425,1,
280,fraud,4071.76646055701,47.84597391610714,2025-02-01 00:02:01.196425,1,
280,withdrawal,0.0,47.84597391610714,2025-02-01 00:29:01.196425,1,
281,fraud,3503.7800250077985,-196.95318528216058,2025-02-01 00:41:01.196425,1,
282,fraud,427.8803473324881,-6138.979841254246,2025-02-01 01:07:01.196425,1,
283,fraud,719.2190890109241,1280.7120461038373,2025-02-01 01:37:01.196425,1,
284,fraud,57.053400052503115,3523.5911729205773,2025-02-01 01:48:01.196425,1,
284,phone_change,0.0,3523.5911729205773,2025-02-01 02:09:01.196425,1,
285,fraud,2684.0529942481394,-1184.8177863363687,2025-02-01 02:33:01.196425,1,
286,fraud,2694.417881114573,-15789.639884515727,2025-02-01 02:46:01.196425,1,
287,fraud,2600.475159626598,10900.991661419257,2025-02-01 03:14:01.196425,1,
287,email_change,0.0,10900.991661419257,2025-02-01 03:44:01.196425,1,
288,fraud,347.7199996829941,-10151.603279024626,2025-02-01 03:50:01.196425,1,
289,fraud,77.20344711748467,-3090.8217366297754,2025-02-01 04:14:01.196425,1,
289,withdrawal,0.0,-3090.8217366297754,2025-02-01 04:16:01.196425,1,
290,fraud,1819.4211101002802,12.43010564567112,2025-02-01 04:17:01.196425,1,
291,fraud,580.65573071004,1775.24045043732,2025-02-01 04:35:01.196425,1,
291,failed_login,0.0,1775.24045043732,2025-02-01 04:45:01.196425,1,
292,fraud,4710.494648009562,-3172.3593185159984,2025-02-01 05:01:01.196425,1,
292,withdrawal,0.0,-3172.3593185159984,2025-02-01 05:14:01.196425,1,
293,fraud,6886.709280244114,-17404.90829052723,2025-02-01 05:37:01.196425,1,
294,fraud,57.08032821740332,-7618.65292784758,2025-02-01 06:03:01.196425,1,
294,withdrawal,0.0,-7618.65292784758,2025-02-01 06:23:01.196425,1,
295,fraud,137.3091271059135,-6133.035628918939,2025-02-01 06:31:01.196425,1,
296,fraud,32.77181341475022,3494.0740936511743,2025-02-01 06:39:01.196425,1,
297,fraud,2612.501151178856,-426.31110645937497,2025-02-01 06:45:01.196425,1,
297,suspicious_login,0.0,-426.31110645937497,2025-02-01 07:11:01.196425,1,
298,fraud,495.1013063949401,7083.086389467815,2025-02-01 07:32:01.196425,1,
299,fraud,243.0059877958953,-8582.283751972544,2025-02-01 07:51:01.196425,1,
300,fraud,2358.6408060176987,6089.002341078328,2025-02-01 08:05:01.196425,1,
300,deposit,0.0,6089.002341078328,2025-02-01 08:19:01.196425,1,
301,fraud,1866.4939481308368,-907.7761321508628,2025-02-01 08:38:01.196425,1,
301,withdrawal,0.0,-907.7761321508628,2025-02-01 08:54:01.196425,1,
302,fraud,49.10381788286274,-1743.6643126056867,2025-02-01 08:56:01.196425,1,
303,fraud,1559.6587420290782,-1050.1333949317302,2025-02-01 09:17:01.196425,1,
304,fraud,25.12450202938778,-6941.891137179776,2025-02-01 09:32:01.196425,1,
304,suspicious_login,0.0,-6941.891137179776,2025-02-01 09:38:01.196425,1,
305,fraud,1830.2122657977116,-1439.6751609624253,2025-02-01 09:59:01.196425,1,
306,fraud,2494.127290072915,-3103.3389998711255,2025-02-01 10:11:01.196425,1,
306,deposit,0.0,-3103.3389998711255,2025-02-01 10:22:01.196425,1,
307,fraud,4521.270062767997,-10790.442468881814,2025-02-01 10:29:01.196425,1,
308,fraud,533.2010466020546,-11298.765019572904,2025-02-01 10:54:01.196425,1,
309,fraud,654.72427093538,876.688586934644,2025-02-01 10:56:01.196425,1,
310,fraud,4262.039942339933,918.6077261384125,2025-02-01 11:08:01.196425,1,
310,failed_login,0.0,918.6077261384125,2025-02-01 11:18:01.196425,1,
311,fraud,1339.980461331875,-3748.7208855926638,2025-02-01 11:34:01.196425,1,
312,fraud,91.58824524526752,-5070.92715663004,2025-02-01 11:50:01.196425,1,
312,suspicious_login,0.0,-5070.92715663004,2025-02-01 12:03:01.196425,1,
313,fraud,4836.1773521757195,7273.933928112632,2025-02-01 12:17:01.196425,1,
313,deposit,0.0,7273.933928112632,2025-02-01 12:26:01.196425,1,
314,fraud,4226.364113744515,-1645.165103054359,2025-02-01 12:47:01.196425,1,
314,deposit,0.0,-1645.165103054359,2025-02-01 13:06:01.196425,1,
315,fraud,135.79257618753186,530.7132110839183,2025-02-01 13:08:01.196425,1,
316,fraud,17.450283097863924,-244.6888043221843,2025-02-01 13:20:01.196425,1,
316,withdrawal,0.0,-244.6888043221843,2025-02-01 13:32:01.196425,1,
317,fraud,1848.3102801692723,-5234.844606416396,2025-02-01 13:39:01.196425,1,
318,fraud,1589.8905289786778,2924.375640483322,2025-02-01 13:53:01.196425,1,
319,fraud,4850.47881295352,1687.4190860533236,2025-02-01 14:14:01.196425,1,
319,deposit,0.0,1687.4190860533236,2025-02-01 14:19:01.196425,1,
320,fraud,1161.925156448633,2040.2032379042862,2025-02-01 14:32:01.196425,1,
321,fraud,61.300865502891746,-84.77552440571,2025-02-01 14:41:01.196425,1,
322,fraud,1159.1017903383154,3561.268579727085,2025-02-01 14:52:01.196425,1,
322,withdrawal,0.0,3561.268579727085,2025-02-01 15:09:01.196425,1,
323,fraud,34.593965802056054,4419.1576638145025,2025-02-01 15:15:01.196425,1,
324,fraud,669.8238969523387,5225.22073323301,2025-02-01 15:30:01.196425,1,
324,withdrawal,0.0,5225.22073323301,2025-02-01 15:41:01.196425,1,
325,fraud,4313.131505381841,7310.36638143111,2025-02-01 16:08:01.196425,1,
325,phone_change,0.0,7310.36638143111,2025-02-01 16:09:01.196425,1,
326,fraud,133.18733609079172,-6257.442520659148,2025-02-01 16:36:01.196425,1,
326,withdrawal,0.0,-6257.442520659148,2025-02-01 16:53:01.196425,1,
327,fraud,772.3474351699876,391.43780757260674,2025-02-01 17:10:01.196425,1,
327,withdrawal,0.0,391.43780757260674,2025-02-01 17:21:01.196425,1,
328,fraud,446.2769058589849,220.96577261788792,2025-02-01 17:51:01.196425,1,
329,fraud,103.72425774055742,-4221.793491033044,2025-02-01 17:54:01.196425,1,
329,password_change,0.0,-4221.793491033044,2025-02-01 18:09:01.196425,1,
330,fraud,808.89961781892,3031.3945489208054,2025-02-01 18:10:01.196425,1,
331,fraud,254.0143719901906,-379.3426162669941,2025-02-01 18:28:01.196425,1,
331,phone_change,0.0,-379.3426162669941,2025-02-01 18:44:01.196425,1,
332,fraud,1432.4306036293842,-5878.438579874988,2025-02-01 19:07:01.196425,1,
332,password_change,0.0,-5878.438579874988,2025-02-01 19:17:01.196425,1,
333,fraud,567.0051180598757,-971.0279554861238,2025-02-01 19:28:01.196425,1,
333,password_change,0.0,-971.0279554861238,2025-02-01 19:29:01.196425,1,
334,fraud,474.32733942410766,2198.2223211507408,2025-02-01 19:46:01.196425,1,
335,fraud,5059.138322224688,-6075.000268846055,2025-02-01 19:59:01.196425,1,
336,fraud,1851.041763793922,-6431.561059098331,2025-02-01 20:23:01.196425,1,
336,phone_change,0.0,-6431.561059098331,2025-02-01 20:41:01.196425,1,
337,fraud,867.4025985602976,-7425.557962983199,2025-02-01 21:03:01.196425,1,
337,withdrawal,0.0,-7425.557962983199,2025-02-01 21:31:01.196425,1,
338,fraud,88.34341761280749,6553.405940513944,2025-02-01 21:40:01.196425,1,
338,suspicious_login,0.0,6553.405940513944,2025-02-01 21:56:01.196425,1,
339,fraud,1414.6423362881198,4417.469250809985,2025-02-01 22:10:01.196425,1,
340,fraud,896.3409569550208,4549.356824612807,2025-02-01 22:38:01.196425,1,
341,fraud,167.62697963637467,-1797.778556719276,2025-02-01 22:39:01.196425,1,
342,fraud,23.032577333594062,548.6379558053628,2025-02-01 22:50:01.196425,1,
342,phone_change,0.0,548.6379558053628,2025-02-01 23:06:01.196425,1,
343,fraud,932.0281987189057,1118.1001881863945,2025-02-01 23:11:01.196425,1,
343,withdrawal,0.0,1118.1001881863945,2025-02-01 23:29:01.196425,1,
344,fraud,1970.8150590500952,5397.815167191065,2025-02-01 23:31:01.196425,1,
345,fraud,2012.120607831837,3091.662036466917,2025-02-01 23:36:01.196425,1,
346,fraud,2292.018733180317,-12610.213115964347,2025-02-02 00:04:01.196425,1,
347,fraud,448.15323759360973,-2199.8602331718635,2025-02-02 00:10:01.196425,1,
348,fraud,382.4683227629181,4217.398394877548,2025-02-02 00:23:01.196425,1,
348,password_change,0.0,4217.398394877548,2025-02-02 00:49:01.196425,1,
349,fraud,4748.533851737537,-3668.010144655065,2025-02-02 00:54:01.196425,1,
349,suspicious_login,0.0,-3668.010144655065,2025-02-02 00:59:01.196425,1,
350,fraud,128.3477699010343,-3750.5524384831338,2025-02-02 01:26:01.196425,1,
350,password_change,0.0,-3750.5524384831338,2025-02-02 01:56:01.196425,1,
351,fraud,24.822457410658778,1966.4429939827235,2025-02-02 02:23:01.196425,1,
352,fraud,389.3713515344794,5477.333623862852,2025-02-02 02:31:01.196425,1,
353,fraud,1461.4329702661776,-13991.880486542237,2025-02-02 02:33:01.196425,1,
353,withdrawal,0.0,-13991.880486542237,2025-02-02 02:47:01.196425,1,
354,fraud,1544.705831061093,-4188.315192585862,2025-02-02 02:55:01.196425,1,
355,fraud,1888.0637345713787,5739.186903285348,2025-02-02 03:19:01.196425,1,
356,fraud,1981.5931951442058,9190.602169198371,2025-02-02 03:25:01.196425,1,
356,withdrawal,0.0,9190.602169198371,2025-02-02 03:47:01.196425,1,
357,fraud,1775.238750703608,902.5052190757481,2025-02-02 03:56:01.196425,1,
358,fraud,3689.682685071415,-8643.092982528768,2025-02-02 04:13:01.196425,1,
358,suspicious_login,0.0,-8643.092982528768,2025-02-02 04:20:01.196425,1,
359,fraud,2145.154973403474,3566.3094175127303,2025-02-02 04:50:01.196425,1,
360,fraud,1217.2838754273882,-3678.4816129520214,2025-02-02 05:17:01.196425,1,
360,failed_login,0.0,-3678.4816129520214,2025-02-02 05:47:01.196425,1,
361,fraud,3377.694160469613,3317.297832942857,2025-02-02 05:53:01.196425,1,
361,suspicious_login,0.0,3317.297832942857,2025-02-02 06:19:01.196425,1,
362,fraud,3565.7318008247794,-10492.047153735537,2025-02-02 06:41:01.196425,1,
362,deposit,0.0,-10492.047153735537,2025-02-02 06:57:01.196425,1,
363,fraud,78.72077463810044,3603.3429739870153,2025-02-02 07:07:01.196425,1,
364,fraud,7780.005612112179,-5254.345756936147,2025-02-02 07:37:01.196425,1,
365,fraud,899.5397046473278,2527.636394437865,2025-02-02 07:48:01.196425,1,
365,password_change,0.0,2527.636394437865,2025-02-02 08:14:01.196425,1,
366,fraud,5520.396603804603,104.96008831948438,2025-02-02 08:19:01.196425,1,
367,fraud,3979.1210690632324,7324.975921805692,2025-02-02 08:25:01.196425,1,
368,fraud,4465.92307069817,1728.0527078887058,2025-02-02 08:44:01.196425,1,
369,fraud,2713.339235291833,-2573.499090534056,2025-02-02 09:10:01.196425,1,
369,withdrawal,0.0,-2573.499090534056,2025-02-02 09:35:01.196425,1,
370,fraud,374.7826783396032,-195.33034399954238,2025-02-02 09:58:01.196425,1,
371,fraud,8460.165773182458,-4980.16845139111,2025-02-02 10:27:01.196425,1,
371,deposit,0.0,-4980.16845139111,2025-02-02 10:32:01.196425,1,
372,fraud,175.638898843613,3030.271558696557,2025-02-02 10:35:01.196425,1,
373,fraud,4036.4272271547684,7151.719969195739,2025-02-02 10:48:01.196425,1,
373,deposit,0.0,7151.719969195739,2025-02-02 10:58:01.196425,1,
374,fraud,95.15157173736084,-5386.93829710169,2025-02-02 11:10:01.196425,1,
374,withdrawal,0.0,-5386.93829710169,2025-02-02 11:35:01.196425,1,
375,fraud,156.86479245008698,-2880.5866086355327,2025-02-02 11:46:01.196425,1,
376,fraud,303.5555977786245,-8342.670084067971,2025-02-02 12:02:01.196425,1,
377,fraud,1376.9510507733016,-1241.4561963346998,2025-02-02 12:18:01.196425,1,
377,suspicious_login,0.0,-1241.4561963346998,2025-02-02 12:36:01.196425,1,
378,fraud,966.1462781791334,1267.6363569654168,2025-02-02 12:55:01.196425,1,
378,phone_change,0.0,1267.6363569654168,2025-02-02 13:00:01.196425,1,
379,fraud,955.942349850023,-3379.68412145152,2025-02-02 13:13:01.196425,1,
379,phone_change,0.0,-3379.68412145152,2025-02-02 13:17:01.196425,1,
380,fraud,1257.670936858249,-2498.614731614333,2025-02-02 13:25:01.196425,1,
380,suspicious_login,0.0,-2498.614731614333,2025-02-02 13:42:01.196425,1,
381,fraud,1379.2228125046774,-683.1696197662579,2025-02-02 13:52:01.196425,1,
381,withdrawal,0.0,-683.1696197662579,2025-02-02 14:05:01.196425,1,
382,fraud,61.06656186964462,102.59402775133523,2025-02-02 14:12:01.196425,1,
382,suspicious_login,0.0,102.59402775133523,2025-02-02 14:37:01.196425,1,
383,fraud,340.5112289526975,380.31594339535206,2025-02-02 15:01:01.196425,1,
384,fraud,670.933776845109,-8335.087928143046,2025-02-02 15:04:01.196425,1,
385,fraud,32.577876038256235,-4003.446920422001,2025-02-02 15:27:01.196425,1,
385,phone_change,0.0,-4003.446920422001,2025-02-02 15:34:01.196425,1,
386,fraud,322.6577634375286,2955.7696393684255,2025-02-02 15:48:01.196425,1,
387,fraud,485.11064799393785,-9438.201251956274,2025-02-02 16:13:01.196425,1,
387,password_change,0.0,-9438.201251956274,2025-02-02 16:39:01.196425,1,
388,fraud,227.7193642598914,8085.779684771737,2025-02-02 16:57:01.196425,1,
388,password_change,0.0,8085.779684771737,2025-02-02 17:18:01.196425,1,
389,fraud,2365.9997228046545,-5395.7690255597845,2025-02-02 17:47:01.196425,1,
389,suspicious_login,0.0,-5395.7690255597845,2025-02-02 18:01:01.196425,1,
390,fraud,165.8527072479893,8369.28563164724,2025-02-02 18:24:01.196425,1,
391,fraud,277.4306640725068,422.48986755459833,2025-02-02 18:33:01.196425,1,
392,fraud,2304.6935749539443,-1296.3936480401924,2025-02-02 18:35:01.196425,1,
393,fraud,83.96213207878986,2324.8416283391407,2025-02-02 18:42:01.196425,1,
394,fraud,1720.968663379578,-331.0377596548535,2025-02-02 18:56:01.196425,1,
395,fraud,2891.5067421681897,-7680.115780785508,2025-02-02 19:02:01.196425,1,
396,fraud,4587.32191884427,-17674.847474686754,2025-02-02 19:21:01.196425,1,
397,fraud,4094.5646897397655,-7973.357922615794,2025-02-02 19:50:01.196425,1,
398,fraud,1046.7214310865745,-14733.781750210184,2025-02-02 19:54:01.196425,1,
398,phone_change,0.0,-14733.781750210184,2025-02-02 20:18:01.196425,1,
399,fraud,1377.3487909652486,-4020.580669364803,2025-02-02 20:32:01.196425,1,
399,withdrawal,0.0,-4020.580669364803,2025-02-02 20:48:01.196425,1,
400,fraud,255.97348262511267,-9183.31350114619,2025-02-02 21:15:01.196425,1,
400,phone_change,0.0,-9183.31350114619,2025-02-02 21:37:01.196425,1,
401,fraud,921.5125202414222,1553.8960326747085,2025-02-02 21:48:01.196425,1,
402,fraud,1836.2975104274253,-6816.08774005476,2025-02-02 22:08:01.196425,1,
403,fraud,15.869115218548712,2992.523863791606,2025-02-02 22:21:01.196425,1,
403,failed_login,0.0,2992.523863791606,2025-02-02 22:43:01.196425,1,
404,fraud,666.8437042418296,-3338.016669342103,2025-02-02 22:46:01.196425,1,
404,phone_change,0.0,-3338.016669342103,2025-02-02 22:57:01.196425,1,
405,fraud,7042.976851768709,-21925.18320825552,2025-02-02 23:09:01.196425,1,
405,phone_change,0.0,-21925.18320825552,2025-02-02 23:33:01.196425,1,
406,fraud,624.6784016385258,2537.6992748386647,2025-02-02 23:51:01.196425,1,
407,fraud,1576.774134115,1871.8633410934676,2025-02-02 23:58:01.196425,1,
407,failed_login,0.0,1871.8633410934676,2025-02-03 00:05:01.196425,1,
408,fraud,3949.7164915450426,-8126.466526317296,2025-02-03 00:08:01.196425,1,
408,deposit,0.0,-8126.466526317296,2025-02-03 00:24:01.196425,1,
409,fraud,52.472863644667925,-6105.481106031114,2025-02-03 00:31:01.196425,1,
410,fraud,3924.5274100013276,-1587.1433878871849,2025-02-03 00:54:01.196425,1,
411,fraud,5920.0984419747865,-15695.630717539927,2025-02-03 01:06:01.196425,1,
412,fraud,609.1480569631797,2480.739696660303,2025-02-03 01:21:01.196425,1,
413,fraud,434.13859153080307,-6916.00944507058,2025-02-03 01:23:01.196425,1,
413,email_change,0.0,-6916.00944507058,2025-02-03 01:46:01.196425,1,
414,fraud,1572.9334220766048,-560.9779667212525,2025-02-03 02:07:01.196425,1,
415,fraud,236.03894451157245,-1595.226771910832,2025-02-03 02:28:01.196425,1,
415,password_change,0.0,-1595.226771910832,2025-02-03 02:48:01.196425,1,
416,fraud,1892.2827237029896,-748.4213306891793,2025-02-03 03:06:01.196425,1,
417,fraud,71.29456862560868,9720.234214301676,2025-02-03 03:09:01.196425,1,
417,withdrawal,0.0,9720.234214301676,2025-02-03 03:21:01.196425,1,
418,fraud,1145.0793214730484,-3216.417217489503,2025-02-03 03:24:01.196425,1,
419,fraud,69.23634287215297,-10644.767922464336,2025-02-03 03:25:01.196425,1,
420,fraud,267.5905475542878,-1434.485378391927,2025-02-03 03:34:01.196425,1,
421,fraud,1396.312301526045,-5269.887235934735,2025-02-03 03:59:01.196425,1,
422,fraud,190.39636777028537,-3344.7601617333817,2025-02-03 04:02:01.196425,1,
422,failed_login,0.0,-3344.7601617333817,2025-02-03 04:14:01.196425,1,
423,fraud,1549.7956835561802,-1961.5739423704272,2025-02-03 04:30:01.196425,1,
424,fraud,2868.654892610082,-6241.456866775205,2025-02-03 04:40:01.196425,1,
424,withdrawal,0.0,-6241.456866775205,2025-02-03 05:02:01.196425,1,
425,fraud,211.09518746233567,-6818.777383864211,2025-02-03 05:12:01.196425,1,
425,password_change,0.0,-6818.777383864211,2025-02-03 05:31:01.196425,1,
426,fraud,158.5985957962383,-5440.938828651465,2025-02-03 06:00:01.196425,1,
426,email_change,0.0,-5440.938828651465,2025-02-03 06:07:01.196425,1,
427,fraud,1907.0076174116136,-2627.3004406462524,2025-02-03 06:29:01.196425,1,
428,fraud,8225.58346951179,-20131.036864042646,2025-02-03 06:52:01.196425,1,
428,withdrawal,0.0,-20131.036864042646,2025-02-03 06:53:01.196425,1,
429,fraud,765.4309318034011,-2331.516669118685,2025-02-03 07:01:01.196425,1,
429,email_change,0.0,-2331.516669118685,2025-02-03 07:19:01.196425,1,
430,fraud,29.655232122216983,6317.061110983732,2025-02-03 07:28:01.196425,1,
431,fraud,3946.1654387450485,-1421.1335633839649,2025-02-03 07:50:01.196425,1,
431,withdrawal,0.0,-1421.1335633839649,2025-02-03 08:07:01.196425,1,
432,fraud,128.0766716860401,-2342.684554980125,2025-02-03 08:24:01.196425,1,
432,withdrawal,0.0,-2342.684554980125,2025-02-03 08:33:01.196425,1,
0,deposit,830.3914905223554,4967.621797818911,2025-02-03 08:40:01.196425,0,
1,withdrawal,405.360420824267,5482.02762998143,2025-02-03 08:49:01.196425,0,
2,deposit,732.6749935054021,3385.92144055424,2025-02-03 08:57:01.196425,0,
2,password_change,0.0,3385.92144055424,2025-02-03 09:13:01.196425,0,
3,deposit,725.8145570137932,5567.3864069301735,2025-02-03 09:35:01.196425,0,
4,deposit,105.23517399722326,1557.5730013605526,2025-02-03 09:42:01.196425,0,
5,deposit,730.1212555607549,7353.533421799328,2025-02-03 09:56:01.196425,0,
6,withdrawal,469.83957620622687,2170.305819195838,2025-02-03 10:19:01.196425,0,
6,password_change,0.0,2170.305819195838,2025-02-03 10:20:01.196425,0,
7,deposit,960.5664661367101,5941.610875472061,2025-02-03 10:31:01.196425,0,
8,deposit,493.98746223638904,3029.502498265411,2025-02-03 10:35:01.196425,0,
9,deposit,978.3268551648866,5060.387579728098,2025-02-03 10:45:01.196425,0,
10,deposit,808.7989766499286,3805.558427979226,2025-02-03 11:09:01.196425,0,
10,password_change,0.0,3805.558427979226,2025-02-03 11:28:01.196425,0,
11,withdrawal,378.5037089354503,5217.774006217445,2025-02-03 11:29:01.196425,0,
12,withdrawal,392.91160853899856,4445.163268807953,2025-02-03 11:39:01.196425,0,
12,phone_change,0.0,4445.163268807953,2025-02-03 11:45:01.196425,0,
13,withdrawal,66.13912955144738,4846.217300246894,2025-02-03 11:56:01.196425,0,
13,password_change,0.0,4846.217300246894,2025-02-03 12:21:01.196425,0,
14,deposit,457.65256485015937,4832.727845416578,2025-02-03 12:32:01.196425,0,
15,deposit,551.2414743744948,5116.493994187236,2025-02-03 12:54:01.196425,0,
16,deposit,123.44929878265076,5055.291394471554,2025-02-03 13:03:01.196425,0,
16,email_change,0.0,5055.291394471554,2025-02-03 13:13:01.196425,0,
17,deposit,594.3458836803142,5390.978386279248,2025-02-03 13:26:01.196425,0,
18,deposit,551.0371641848733,5803.828430650648,2025-02-03 13:55:01.196425,0,
19,withdrawal,123.41469476588446,2187.4655975468795,2025-02-03 13:59:01.196425,0,
20,withdrawal,118.67795964113044,2091.9422834725633,2025-02-03 14:04:01.196425,0,
20,email_change,0.0,2091.9422834725633,2025-02-03 14:14:01.196425,0,
21,deposit,518.5980188479983,3801.1772734064343,2025-02-03 14:17:01.196425,0,
22,withdrawal,158.74278511089156,1956.0897144339044,2025-02-03 14:27:01.196425,0,
23,deposit,300.3387213873234,4907.076591567242,2025-02-03 14:56:01.196425,0,
23,email_change,0.0,4907.076591567242,2025-02-03 15:02:01.196425,0,
24,deposit,583.1125765271735,3460.920514190652,2025-02-03 15:10:01.196425,0,
24,email_change,0.0,3460.920514190652,2025-02-03 15:14:01.196425,0,
25,deposit,194.31897664635588,5960.046097960408,2025-02-03 15:39:01.196425,0,
26,deposit,481.7292703323502,4359.775461194564,2025-02-03 15:56:01.196425,0,
26,password_change,0.0,4359.775461194564,2025-02-03 16:17:01.196425,0,
27,deposit,337.40479379649673,3777.095447638143,2025-02-03 16:21:01.196425,0,
28,deposit,336.3689961058832,3891.221966174665,2025-02-03 16:38:01.196425,0,
28,email_change,0.0,3891.221966174665,2025-02-03 16:59:01.196425,0,
29,deposit,978.0421527468287,4989.422768432901,2025-02-03 17:02:01.196425,0,
30,deposit,864.9363179273272,2599.115091330312,2025-02-03 17:17:01.196425,0,
31,deposit,915.09217198401,4669.482901143189,2025-02-03 17:20:01.196425,0,
32,deposit,855.3125035536765,3939.5345661646425,2025-02-03 17:43:01.196425,0,
33,withdrawal,90.47270926271267,1480.6727188282507,2025-02-03 18:12:01.196425,0,
34,deposit,827.2180482187805,3615.0419612831893,2025-02-03 18:33:01.196425,0,
35,withdrawal,182.63747692955923,3651.1164085343225,2025-02-03 19:01:01.196425,0,
35,email_change,0.0,3651.1164085343225,2025-02-03 19:02:01.196425,0,
36,withdrawal,359.22246117520035,4018.9361249289345,2025-02-03 19:29:01.196425,0,
37,deposit,472.5038224965356,5070.900963683186,2025-02-03 19:33:01.196425,0,
37,phone_change,0.0,5070.900963683186,2025-02-03 19:42:01.196425,0,
38,withdrawal,413.9752138488728,1460.1103765937771,2025-02-03 19:45:01.196425,0,
39,withdrawal,100.6966142068746,4497.4066255638645,2025-02-03 20:01:01.196425,0,
39,phone_change,0.0,4497.4066255638645,2025-02-03 20:24:01.196425,0,
40,deposit,170.54125757426002,5093.589262367912,2025-02-03 20:39:01.196425,0,
41,deposit,861.1754047810131,4081.0374363883693,2025-02-03 20:41:01.196425,0,
42,withdrawal,89.87755739980716,2379.29043277048,2025-02-03 21:04:01.196425,0,
43,withdrawal,279.57152320239055,5218.7221895651655,2025-02-03 21:07:01.196425,0,
43,phone_change,0.0,5218.7221895651655,2025-02-03 21:24:01.196425,0,
44,deposit,593.310718374444,2797.546053184616,2025-02-03 21:30:01.196425,0,
45,withdrawal,387.7471631086865,6024.110467324187,2025-02-03 21:37:01.196425,0,
46,deposit,734.105728974471,3718.102369135009,2025-02-03 21:56:01.196425,0,
47,withdrawal,202.73938440359484,4253.3399776723645,2025-02-03 22:15:01.196425,0,
47,email_change,0.0,4253.3399776723645,2025-02-03 22:45:01.196425,0,
48,withdrawal,403.9325672279291,2068.7200467197727,2025-02-03 22:50:01.196425,0,
49,deposit,887.4068445350895,7488.369925933141,2025-02-03 23:01:01.196425,0,
50,deposit,745.9023330187241,1836.1457046117603,2025-02-03 23:29:01.196425,0,
51,deposit,349.14731636883226,2400.2634428967203,2025-02-03 23:33:01.196425,0,
52,deposit,991.530276452106,5903.405951526294,2025-02-03 23:51:01.196425,0,
53,withdrawal,198.58079662585163,6324.790882546231,2025-02-04 00:00:01.196425,0,
54,deposit,545.3185632863485,3514.315682783461,2025-02-04 00:10:01.196425,0,
55,deposit,804.0373800018996,4958.603358002368,2025-02-04 00:12:01.196425,0,
55,phone_change,0.0,4958.603358002368,2025-02-04 00:38:01.196425,0,
56,withdrawal,498.5573053321269,2212.898234507061,2025-02-04 01:04:01.196425,0,
57,deposit,195.36926568362907,4419.250847499885,2025-02-04 01:34:01.196425,0,
58,withdrawal,450.0505563326243,3606.097834748607,2025-02-04 01:42:01.196425,0,
59,deposit,770.6642430722411,3578.4218587640007,2025-02-04 01:52:01.196425,0,
59,password_change,0.0,3578.4218587640007,2025-02-04 01:53:01.196425,0,
60,deposit,869.5653931815159,3232.759879892641,2025-02-04 02:11:01.196425,0,
60,password_change,0.0,3232.759879892641,2025-02-04 02:21:01.196425,0,
61,deposit,399.8452941906962,3180.842586530301,2025-02-04 02:38:01.196425,0,
62,deposit,362.55986878553244,4672.246631489715,2025-02-04 03:01:01.196425,0,
63,deposit,557.2884393573164,4014.851139668241,2025-02-04 03:25:01.196425,0,
64,deposit,508.04168763284304,5783.126884262339,2025-02-04 03:41:01.196425,0,
65,deposit,372.7045278427183,6121.955496710472,2025-02-04 04:03:01.196425,0,
66,withdrawal,371.00306228367623,1232.5220748043223,2025-02-04 04:10:01.196425,0,
67,withdrawal,95.59864325514526,4799.1487731728885,2025-02-04 04:14:01.196425,0,
68,deposit,573.3875386807565,861.8204796505869,2025-02-04 04:32:01.196425,0,
69,deposit,537.1147328671611,5430.052282266295,2025-02-04 04:35:01.196425,0,
69,phone_change,0.0,5430.052282266295,2025-02-04 04:41:01.196425,0,
70,withdrawal,310.00737867644494,2721.656863744813,2025-02-04 05:10:01.196425,0,
71,deposit,112.57517706071494,1390.3265991600333,2025-02-04 05:12:01.196425,0,
72,withdrawal,428.8658826591935,4277.801821343214,2025-02-04 05:20:01.196425,0,
73,withdrawal,339.0317362336658,7463.353909742437,2025-02-04 05:50:01.196425,0,
74,deposit,637.1463914130478,5183.039576123775,2025-02-04 05:53:01.196425,0,
75,deposit,787.7517430260363,5228.03717071945,2025-02-04 06:01:01.196425,0,
76,deposit,536.2558403935384,1185.1741010303676,2025-02-04 06:23:01.196425,0,
77,deposit,407.5656559909107,4715.2696099875575,2025-02-04 06:38:01.196425,0,
78,withdrawal,350.1212246345691,3784.058507714302,2025-02-04 06:42:01.196425,0,
79,withdrawal,127.93754053562095,3396.7651263059547,2025-02-04 06:47:01.196425,0,
80,deposit,522.8606036226442,4002.9954876943452,2025-02-04 06:55:01.196425,0,
81,deposit,969.8986090025162,6244.048627933452,2025-02-04 07:02:01.196425,0,
82,deposit,500.5680677789065,4286.44392552877,2025-02-04 07:09:01.196425,0,
83,deposit,864.8234621948427,2620.405036638705,2025-02-04 07:30:01.196425,0,
84,deposit,994.0873852573612,4140.000897531484,2025-02-04 07:45:01.196425,0,
85,deposit,941.101262905679,4747.852315463242,2025-02-04 08:14:01.196425,0,
85,password_change,0.0,4747.852315463242,2025-02-04 08:44:01.196425,0,
86,withdrawal,52.873022039309916,3116.8862651760373,2025-02-04 09:04:01.196425,0,
86,phone_change,0.0,3116.8862651760373,2025-02-04 09:10:01.196425,0,
87,deposit,866.5347404449756,3257.9241457628978,2025-02-04 09:38:01.196425,0,
87,phone_change,0.0,3257.9241457628978,2025-02-04 10:02:01.196425,0,
88,deposit,739.6592060732091,5271.801408387522,2025-02-04 10:10:01.196425,0,
88,password_change,0.0,5271.801408387522,2025-02-04 10:30:01.196425,0,
89,deposit,277.975619942304,6591.735721585363,2025-02-04 10:32:01.196425,0,
90,deposit,425.54893521953505,4887.909379631138,2025-02-04 10:38:01.196425,0,
90,phone_change,0.0,4887.909379631138,2025-02-04 10:41:01.196425,0,
91,deposit,508.29653443408836,3165.5020487992465,2025-02-04 10:46:01.196425,0,
92,withdrawal,100.8043978539192,2092.856120238649,2025-02-04 11:14:01.196425,0,
93,withdrawal,385.70860038719246,1089.2567941544876,2025-02-04 11:17:01.196425,0,
94,withdrawal,389.11997311178925,3225.804621031636,2025-02-04 11:22:01.196425,0,
94,password_change,0.0,3225.804621031636,2025-02-04 11:26:01.196425,0,
95,deposit,344.27394877301134,4660.654368072896,2025-02-04 11:51:01.196425,0,
96,deposit,301.9433409407931,3828.2979171176257,2025-02-04 12:02:01.196425,0,
97,deposit,503.8595562129011,2784.6128666896175,2025-02-04 12:11:01.196425,0,
98,withdrawal,221.38109765494073,4086.4555799110326,2025-02-04 12:34:01.196425,0,
98,phone_change,0.0,4086.4555799110326,2025-02-04 13:02:01.196425,0,
99,deposit,416.96883592165466,5928.52346078581,2025-02-04 13:03:01.196425,0,
100,withdrawal,490.95049839218206,3650.5661611372175,2025-02-04 13:17:01.196425,0,
100,email_change,0.0,3650.5661611372175,2025-02-04 13:28:01.196425,0,
101,withdrawal,226.45516917114367,1399.3570056393382,2025-02-04 13:30:01.196425,0,
102,deposit,567.7834367280586,4196.302267837163,2025-02-04 13:40:01.196425,0,
102,password_change,0.0,4196.302267837163,2025-02-04 13:59:01.196425,0,
103,withdrawal,190.19102539045585,5059.357706017045,2025-02-04 14:02:01.196425,0,
104,withdrawal,380.2556165969176,4065.3904563868596,2025-02-04 14:16:01.196425,0,
105,deposit,280.07322060743843,5088.142706465945,2025-02-04 14:35:01.196425,0,
106,deposit,796.1071912664002,5044.6247938898505,2025-02-04 14:36:01.196425,0,
107,deposit,472.4109072662582,3845.0271991031755,2025-02-04 15:06:01.196425,0,
108,withdrawal,427.3034284608688,4384.039348699436,2025-02-04 15:32:01.196425,0,
109,withdrawal,469.8333528604331,5350.244767628536,2025-02-04 15:59:01.196425,0,
110,deposit,179.60531673441372,2146.9245047097716,2025-02-04 16:19:01.196425,0,
111,deposit,181.28468557716667,2463.205646026906,2025-02-04 16:25:01.196425,0,
112,deposit,557.9094428129663,2621.7429113430953,2025-02-04 16:40:01.196425,0,
113,withdrawal,148.35221390308593,1486.7602928500175,2025-02-04 17:03:01.196425,0,
114,deposit,825.2361709602211,4603.532308869003,2025-02-04 17:05:01.196425,0,
114,password_change,0.0,4603.532308869003,2025-02-04 17:13:01.196425,0,
115,withdrawal,479.23885107781507,5207.356667356671,2025-02-04 17:31:01.196425,0,
116,withdrawal,395.13646129628177,6579.712370160215,2025-02-04 17:36:01.196425,0,
117,deposit,832.7144946081168,7291.681918880877,2025-02-04 17:55:01.196425,0,
118,deposit,137.20816047331508,4759.522229890413,2025-02-04 18:08:01.196425,0,
119,deposit,136.68569337873956,2537.794112815601,2025-02-04 18:33:01.196425,0,
120,deposit,974.1992803560996,5344.524415367355,2025-02-04 18:47:01.196425,0,
120,email_change,0.0,5344.524415367355,2025-02-04 19:07:01.196425,0,
121,withdrawal,420.7756822204065,3409.342351503143,2025-02-04 19:37:01.196425,0,
122,deposit,261.3946764113114,3531.7458289892406,2025-02-04 19:47:01.196425,0,
123,withdrawal,494.7049604291428,4438.461582019524,2025-02-04 20:05:01.196425,0,
124,withdrawal,117.3851200701963,2918.146626783057,2025-02-04 20:08:01.196425,0,
125,deposit,361.06584700067305,6821.159168273199,2025-02-04 20:35:01.196425,0,
126,deposit,347.71478194566646,2864.566113261842,2025-02-04 20:43:01.196425,0,
127,deposit,310.6280360823166,2054.293963554228,2025-02-04 20:52:01.196425,0,
128,withdrawal,343.9044981313596,3711.4777992276527,2025-02-04 21:05:01.196425,0,
129,deposit,931.2668174297204,2442.012148596023,2025-02-04 21:12:01.196425,0,
130,deposit,762.6054724384089,4503.724948166855,2025-02-04 21:20:01.196425,0,
131,deposit,280.6658120714348,1363.3387807949427,2025-02-04 21:28:01.196425,0,
132,deposit,789.0119733503116,4620.247136084176,2025-02-04 21:31:01.196425,0,
133,deposit,923.0315205304944,6507.078914715149,2025-02-04 21:57:01.196425,0,
134,deposit,283.36340558710873,4600.609356465452,2025-02-04 22:13:01.196425,0,
135,deposit,404.37702640570643,5168.368567062803,2025-02-04 22:39:01.196425,0,
136,deposit,486.4844501359322,894.4013736902148,2025-02-04 22:52:01.196425,0,
136,phone_change,0.0,894.4013736902148,2025-02-04 22:58:01.196425,0,
137,withdrawal,66.14139140143445,588.5361728503306,2025-02-04 23:11:01.196425,0,
138,deposit,990.253694155494,5405.417439531613,2025-02-04 23:40:01.196425,0,
139,withdrawal,53.333779057582,4380.020692514513,2025-02-05 00:04:01.196425,0,
140,deposit,440.50355649024596,4001.0856827174434,2025-02-05 00:09:01.196425,0,
141,deposit,542.0329904128793,7522.516791852066,2025-02-05 00:22:01.196425,0,
142,deposit,569.2423160291495,810.6310798559501,2025-02-05 00:35:01.196425,0,
143,deposit,284.63743781092745,6545.048179890192,2025-02-05 00:48:01.196425,0,
144,deposit,137.18840776626038,6618.21798444799,2025-02-05 01:07:01.196425,0,
144,email_change,0.0,6618.21798444799,2025-02-05 01:37:01.196425,0,
145,withdrawal,432.5014751078895,2563.4313618261285,2025-02-05 01:41:01.196425,0,
146,withdrawal,265.5110682295869,4414.64858092352,2025-02-05 01:56:01.196425,0,
147,deposit,591.3934245377039,7452.937433317931,2025-02-05 02:13:01.196425,0,
148,deposit,681.0337583959088,4842.219730271661,2025-02-05 02:32:01.196425,0,
149,deposit,781.3898255132092,3299.048530150986,2025-02-05 02:42:01.196425,0,
150,deposit,537.9541332636105,5145.115290324088,2025-02-05 02:57:01.196425,0,
151,deposit,154.20332889480838,1696.7966906822635,2025-02-05 03:21:01.196425,0,
152,deposit,183.63103508446096,6003.59525161442,2025-02-05 03:47:01.196425,0,
152,password_change,0.0,6003.59525161442,2025-02-05 04:02:01.196425,0,
153,withdrawal,122.60943936102167,6874.400942320374,2025-02-05 04:32:01.196425,0,
154,withdrawal,288.00645469334853,2678.440514768925,2025-02-05 04:45:01.196425,0,
154,password_change,0.0,2678.440514768925,2025-02-05 05:13:01.196425,0,
155,deposit,921.5815055908478,6177.356033715974,2025-02-05 05:19:01.196425,0,
156,deposit,246.33483379015965,3922.655323791392,2025-02-05 05:36:01.196425,0,
157,withdrawal,479.0744342810855,5433.151075060942,2025-02-05 05:56:01.196425,0,
158,deposit,344.36956980768093,2963.274330042341,2025-02-05 06:23:01.196425,0,
159,withdrawal,440.5277506460485,3357.7022538719734,2025-02-05 06:46:01.196425,0,
159,email_change,0.0,3357.7022538719734,2025-02-05 06:55:01.196425,0,
160,withdrawal,290.983413922918,3299.4793826963537,2025-02-05 07:16:01.196425,0,
161,deposit,512.442079192515,1603.1284239722572,2025-02-05 07:17:01.196425,0,
162,deposit,693.3044350073476,5233.337986214091,2025-02-05 07:38:01.196425,0,
163,deposit,954.6428110540692,8330.453759414475,2025-02-05 08:07:01.196425,0,
164,withdrawal,333.69258905225064,3251.0627223315178,2025-02-05 08:08:01.196425,0,
165,deposit,252.0545574828728,6200.813171206811,2025-02-05 08:23:01.196425,0,
166,withdrawal,432.9440106918595,3027.784401161755,2025-02-05 08:27:01.196425,0,
167,withdrawal,347.92759271851014,3406.8949959209112,2025-02-05 08:55:01.196425,0,
168,deposit,802.9621360156445,2761.5083081204357,2025-02-05 09:09:01.196425,0,
168,email_change,0.0,2761.5083081204357,2025-02-05 09:35:01.196425,0,
169,deposit,455.49263114760834,5618.205134098707,2025-02-05 09:59:01.196425,0,
170,deposit,107.47623618576667,5081.776829177297,2025-02-05 10:04:01.196425,0,
171,deposit,233.47864770781152,3877.9869149179285,2025-02-05 10:07:01.196425,0,
172,deposit,356.9720860176597,2088.4185669730687,2025-02-05 10:09:01.196425,0,
173,deposit,844.9219700560388,4860.7302493692205,2025-02-05 10:29:01.196425,0,
174,deposit,607.6921514433548,1698.9742824720138,2025-02-05 10:37:01.196425,0,
175,deposit,407.6112588289291,3593.7286741466783,2025-02-05 11:04:01.196425,0,
176,withdrawal,367.3031795746804,2244.2301362119,2025-02-05 11:19:01.196425,0,
177,deposit,858.3336986225783,5699.354809593613,2025-02-05 11:22:01.196425,0,
178,withdrawal,417.1078226513558,162.029679779687,2025-02-05 11:31:01.196425,0,
178,email_change,0.0,162.029679779687,2025-02-05 11:56:01.196425,0,
179,withdrawal,375.6536296108875,2674.638060856385,2025-02-05 12:15:01.196425,0,
180,withdrawal,387.47855502580643,1693.029743919357,2025-02-05 12:41:01.196425,0,
181,withdrawal,165.03882115633172,4511.0850328454435,2025-02-05 12:51:01.196425,0,
182,deposit,620.8123005652111,7033.995418782088,2025-02-05 13:07:01.196425,0,
183,withdrawal,347.1790620803939,2553.326559660782,2025-02-05 13:10:01.196425,0,
184,deposit,230.86391701188103,6717.313716178258,2025-02-05 13:17:01.196425,0,
185,deposit,441.63668217039367,2991.2096483595665,2025-02-05 13:24:01.196425,0,
186,deposit,326.70939009932465,1346.8251365566261,2025-02-05 13:26:01.196425,0,
187,withdrawal,174.0800492840902,1938.9199586546072,2025-02-05 13:53:01.196425,0,
188,deposit,131.59700484928945,4941.176866366464,2025-02-05 14:11:01.196425,0,
189,withdrawal,477.8398635732505,2707.2061097531177,2025-02-05 14:34:01.196425,0,
189,phone_change,0.0,2707.2061097531177,2025-02-05 14:39:01.196425,0,
190,withdrawal,412.6655260493783,3394.1444040623146,2025-02-05 14:50:01.196425,0,
191,withdrawal,314.1419307802491,5355.989533667944,2025-02-05 15:11:01.196425,0,
191,phone_change,0.0,5355.989533667944,2025-02-05 15:22:01.196425,0,
192,deposit,608.0972601759867,3854.876213174708,2025-02-05 15:41:01.196425,0,
192,email_change,0.0,3854.876213174708,2025-02-05 15:49:01.196425,0,
193,deposit,592.5475070364155,4153.010323444394,2025-02-05 16:15:01.196425,0,
194,deposit,871.4878928496763,4873.080120766443,2025-02-05 16:24:01.196425,0,
195,withdrawal,172.78135218848274,4998.856143496294,2025-02-05 16:43:01.196425,0,
195,phone_change,0.0,4998.856143496294,2025-02-05 16:57:01.196425,0,
196,deposit,185.31212327140923,5305.89940062929,2025-02-05 17:09:01.196425,0,
197,withdrawal,163.28088628153483,1625.585346684439,2025-02-05 17:19:01.196425,0,
197,phone_change,0.0,1625.585346684439,2025-02-05 17:35:01.196425,0,
198,withdrawal,296.6547094720155,1006.574048482216,2025-02-05 18:00:01.196425,0,
199,withdrawal,357.50934515314975,5212.069506505059,2025-02-05 18:24:01.196425,0,
200,deposit,327.7698227382182,3230.4094314181957,2025-02-05 18:39:01.196425,0,
200,phone_change,0.0,3230.4094314181957,2025-02-05 19:02:01.196425,0,
201,deposit,594.7244514628389,4266.7181694334595,2025-02-05 19:24:01.196425,0,
202,deposit,659.573213348497,5267.715462598001,2025-02-05 19:50:01.196425,0,
203,deposit,946.668129279264,5908.185322328019,2025-02-05 20:12:01.196425,0,
204,deposit,862.7786893441571,4906.222541305333,2025-02-05 20:14:01.196425,0,
205,withdrawal,379.0448625816465,2112.639665604071,2025-02-05 20:34:01.196425,0,
206,withdrawal,404.95363854727924,6639.849088591265,2025-02-05 21:03:01.196425,0,
206,phone_change,0.0,6639.849088591265,2025-02-05 21:09:01.196425,0,
207,withdrawal,117.39113037355234,1226.31579141806,2025-02-05 21:27:01.196425,0,
208,withdrawal,408.2202398970143,4479.924282316907,2025-02-05 21:42:01.196425,0,
209,withdrawal,355.98637365064224,4510.428805843085,2025-02-05 21:43:01.196425,0,
210,deposit,612.8752428346568,4515.82480575893,2025-02-05 22:11:01.196425,0,
210,password_change,0.0,4515.82480575893,2025-02-05 22:39:01.196425,0,
211,deposit,770.7669652163806,4637.584345641459,2025-02-05 22:56:01.196425,0,
212,deposit,126.48208982830621,4708.933032436488,2025-02-05 22:57:01.196425,0,
213,withdrawal,127.8514952420364,4862.6614926373195,2025-02-05 23:25:01.196425,0,
213,email_change,0.0,4862.6614926373195,2025-02-05 23:44:01.196425,0,
214,withdrawal,162.71543631458297,2590.9073491275453,2025-02-06 00:01:01.196425,0,
215,withdrawal,280.62723086919914,4749.68180455153,2025-02-06 00:25:01.196425,0,
216,withdrawal,163.58692330962657,2952.541326432545,2025-02-06 00:26:01.196425,0,
217,withdrawal,338.6287014261243,1460.3897982648084,2025-02-06 00:29:01.196425,0,
217,email_change,0.0,1460.3897982648084,2025-02-06 00:47:01.196425,0,
218,withdrawal,428.67718478568906,3231.000893175085,2025-02-06 00:54:01.196425,0,
218,email_change,0.0,3231.000893175085,2025-02-06 00:56:01.196425,0,
219,deposit,982.7352727785726,6206.805612246338,2025-02-06 01:09:01.196425,0,
220,deposit,189.2844214748585,5947.797039237977,2025-02-06 01:11:01.196425,0,
220,email_change,0.0,5947.797039237977,2025-02-06 01:13:01.196425,0,
221,deposit,412.2622574289854,1273.8089487595323,2025-02-06 01:18:01.196425,0,
222,deposit,652.1627975472081,2781.804962558016,2025-02-06 01:22:01.196425,0,
223,deposit,815.4276496757951,5949.6015146806,2025-02-06 01:47:01.196425,0,
224,deposit,670.8969517162818,7600.0801298869155,2025-02-06 02:09:01.196425,0,
224,phone_change,0.0,7600.0801298869155,2025-02-06 02:12:01.196425,0,
225,withdrawal,79.29822065583245,4129.514991312504,2025-02-06 02:26:01.196425,0,
225,email_change,0.0,4129.514991312504,2025-02-06 02:53:01.196425,0,
226,deposit,170.7778154972004,3743.053853258672,2025-02-06 03:08:01.196425,0,
226,password_change,0.0,3743.053853258672,2025-02-06 03:35:01.196425,0,
227,withdrawal,230.18984123308618,5196.094196284837,2025-02-06 03:57:01.196425,0,
228,withdrawal,231.67336328814235,2874.812882701529,2025-02-06 04:05:01.196425,0,
229,deposit,891.0208690344454,6363.753385942689,2025-02-06 04:06:01.196425,0,
229,email_change,0.0,6363.753385942689,2025-02-06 04:35:01.196425,0,
230,withdrawal,431.02002189133395,2187.1561055346992,2025-02-06 05:04:01.196425,0,
231,deposit,141.38675010664065,3504.4798225645172,2025-02-06 05:10:01.196425,0,
232,withdrawal,331.5250215195207,2558.7769097926202,2025-02-06 05:16:01.196425,0,
233,withdrawal,276.219065540406,2992.6462440119567,2025-02-06 05:36:01.196425,0,
234,withdrawal,234.1046268499119,4057.0122811740935,2025-02-06 05:39:01.196425,0,
234,phone_change,0.0,4057.0122811740935,2025-02-06 05:45:01.196425,0,
235,deposit,890.0360436449505,7536.373840323997,2025-02-06 06:15:01.196425,0,
236,withdrawal,126.13756497404908,5047.43881681717,2025-02-06 06:23:01.196425,0,
237,withdrawal,309.73721577331935,2549.5756177869903,2025-02-06 06:42:01.196425,0,
238,deposit,864.2559282637048,5136.206231939543,2025-02-06 07:10:01.196425,0,
239,deposit,824.4922906913731,6109.933118596609,2025-02-06 07:24:01.196425,0,
240,withdrawal,350.4258915421046,3210.7688411999375,2025-02-06 07:25:01.196425,0,
240,phone_change,0.0,3210.7688411999375,2025-02-06 07:40:01.196425,0,
241,deposit,437.20334628101233,4231.230197936791,2025-02-06 08:09:01.196425,0,
241,phone_change,0.0,4231.230197936791,2025-02-06 08:25:01.196425,0,
242,deposit,241.54212586219128,6072.7928313471575,2025-02-06 08:39:01.196425,0,
243,withdrawal,168.66065012068216,2086.7467002373232,2025-02-06 08:46:01.196425,0,
244,deposit,291.76675143825224,3591.967343980165,2025-02-06 08:56:01.196425,0,
245,withdrawal,123.94799629787617,4839.605959800257,2025-02-06 09:26:01.196425,0,
246,deposit,767.9314953531753,9153.723971893403,2025-02-06 09:35:01.196425,0,
247,withdrawal,236.47328314477332,4687.272197462568,2025-02-06 09:37:01.196425,0,
248,withdrawal,153.5564937293691,2637.8225741372935,2025-02-06 09:50:01.196425,0,
249,deposit,817.2434845945105,3183.2433693584467,2025-02-06 10:07:01.196425,0,
250,withdrawal,427.14395029213244,4676.4510578029995,2025-02-06 10:14:01.196425,0,
251,deposit,593.5831642393086,5297.488371108629,2025-02-06 10:15:01.196425,0,
252,withdrawal,296.4377911798192,1711.599938035432,2025-02-06 10:28:01.196425,0,
253,withdrawal,110.54742567200911,2902.791506292072,2025-02-06 10:43:01.196425,0,
254,deposit,536.3695931177456,4884.149414054291,2025-02-06 11:13:01.196425,0,
255,deposit,130.69002643782605,5244.841743842878,2025-02-06 11:35:01.196425,0,
256,deposit,454.49822517368403,3098.319974836551,2025-02-06 11:54:01.196425,0,
257,withdrawal,187.45075089988012,2211.6213964997196,2025-02-06 11:55:01.196425,0,
258,withdrawal,249.2446977787098,6045.255565237837,2025-02-06 12:11:01.196425,0,
259,withdrawal,430.2039135903138,4563.8196154406905,2025-02-06 12:31:01.196425,0,
260,withdrawal,99.86627441923373,5216.859190577526,2025-02-06 12:39:01.196425,0,
261,withdrawal,295.82533394699084,2819.3522749806616,2025-02-06 13:01:01.196425,0,
262,withdrawal,446.8400185618877,6053.962511735207,2025-02-06 13:22:01.196425,0,
263,withdrawal,180.46622247819596,4131.528406357645,2025-02-06 13:45:01.196425,0,
264,deposit,434.3013358712655,5392.901895998325,2025-02-06 14:07:01.196425,0,
265,deposit,296.95205616383896,3769.0146340573647,2025-02-06 14:18:01.196425,0,
266,withdrawal,136.31748315895032,6986.695226569863,2025-02-06 14:27:01.196425,0,
266,phone_change,0.0,6986.695226569863,2025-02-06 14:38:01.196425,0,
267,deposit,403.3509865953158,3640.7205582206443,2025-02-06 15:05:01.196425,0,
267,phone_change,0.0,3640.7205582206443,2025-02-06 15:32:01.196425,0,
268,deposit,143.83535142332494,1420.4275327595426,2025-02-06 15:56:01.196425,0,
269,withdrawal,154.94964683524495,2936.1401524069847,2025-02-06 16:00:01.196425,0,
269,password_change,0.0,2936.1401524069847,2025-02-06 16:18:01.196425,0,
270,deposit,699.6642309655966,5451.284162633926,2025-02-06 16:38:01.196425,0,
271,withdrawal,128.89383709442654,2491.0114971258245,2025-02-06 16:54:01.196425,0,
272,withdrawal,493.61723659023346,6828.231317609234,2025-02-06 16:56:01.196425,0,
273,deposit,334.88723444347494,3965.859919837218,2025-02-06 17:19:01.196425,0,
274,deposit,978.3241090500377,4570.899563124843,2025-02-06 17:41:01.196425,0,
275,deposit,547.7083072420445,1046.1388099526723,2025-02-06 17:58:01.196425,0,
275,password_change,0.0,1046.1388099526723,2025-02-06 18:11:01.196425,0,
276,deposit,865.452837539198,5640.561283058863,2025-02-06 18:19:01.196425,0,
277,withdrawal,395.70588556651575,5385.7943680125545,2025-02-06 18:46:01.196425,0,
278,deposit,779.6979720543967,4051.7872753767074,2025-02-06 19:16:01.196425,0,
279,withdrawal,295.4497956109096,1728.7796220254786,2025-02-06 19:18:01.196425,0,
280,withdrawal,267.47676958014324,1407.818630308594,2025-02-06 19:23:01.196425,0,
281,deposit,184.70190357512547,1513.3791468077482,2025-02-06 19:47:01.196425,0,
282,withdrawal,450.2361291021482,5098.93288135819,2025-02-06 20:17:01.196425,0,
283,withdrawal,87.96261919305017,3288.3079303535487,2025-02-06 20:39:01.196425,0,
284,deposit,139.6232837944823,4511.759889974601,2025-02-06 20:46:01.196425,0,
284,phone_change,0.0,4511.759889974601,2025-02-06 21:13:01.196425,0,
285,withdrawal,306.66094729798516,2495.975385809359,2025-02-06 21:20:01.196425,0,
285,phone_change,0.0,2495.975385809359,2025-02-06 21:26:01.196425,0,
286,deposit,501.61300574544276,5785.5225818445715,2025-02-06 21:45:01.196425,0,
286,email_change,0.0,5785.5225818445715,2025-02-06 21:47:01.196425,0,
287,withdrawal,206.71443730540904,3970.7838310750994,2025-02-06 21:52:01.196425,0,
287,password_change,0.0,3970.7838310750994,2025-02-06 22:10:01.196425,0,
288,deposit,806.819293853203,4274.26543475696,2025-02-06 22:17:01.196425,0,
289,withdrawal,245.3233393797089,5508.508253840227,2025-02-06 22:32:01.196425,0,
290,deposit,349.01076787706364,5328.333826291137,2025-02-06 22:54:01.196425,0,
291,deposit,992.4620065756066,5063.345704827248,2025-02-06 23:05:01.196425,0,
292,deposit,604.0841793121174,6467.148915718551,2025-02-06 23:22:01.196425,0,
293,withdrawal,423.4520756094033,1064.961036261861,2025-02-06 23:26:01.196425,0,
294,deposit,328.73344781955774,2838.5570875131693,2025-02-06 23:53:01.196425,0,
295,deposit,301.96971925227683,6205.969244300097,2025-02-06 23:55:01.196425,0,
296,deposit,439.94990172950185,5121.7946703462,2025-02-07 00:21:01.196425,0,
297,deposit,102.1001981844818,3287.820239351193,2025-02-07 00:25:01.196425,0,
298,deposit,815.3009573426019,8365.488825970666,2025-02-07 00:44:01.196425,0,
299,withdrawal,440.92031013570113,4876.531032362987,2025-02-07 00:49:01.196425,0,
299,phone_change,0.0,4876.531032362987,2025-02-07 00:59:01.196425,0,
300,deposit,617.3522286700636,3290.863658878876,2025-02-07 01:27:01.196425,0,
301,withdrawal,273.1574295921151,1363.8561619404827,2025-02-07 01:53:01.196425,0,
302,withdrawal,81.56181906889839,3745.851360710225,2025-02-07 02:20:01.196425,0,
303,deposit,488.51978298798446,2679.3477697333096,2025-02-07 02:27:01.196425,0,
304,deposit,858.5076787524195,5382.528659602271,2025-02-07 02:56:01.196425,0,
305,withdrawal,277.64550450537354,4967.354276522479,2025-02-07 03:08:01.196425,0,
306,withdrawal,482.1362095000078,2973.7458921039647,2025-02-07 03:31:01.196425,0,
307,deposit,649.7644265033047,2953.8795820222203,2025-02-07 03:49:01.196425,0,
308,withdrawal,145.1668088976899,1737.6956404326966,2025-02-07 03:59:01.196425,0,
309,withdrawal,391.313406834489,5007.530918160366,2025-02-07 04:03:01.196425,0,
310,deposit,142.7224431402339,3133.53438089544,2025-02-07 04:04:01.196425,0,
311,withdrawal,420.67722597189163,1932.8869408751932,2025-02-07 04:34:01.196425,0,
311,phone_change,0.0,1932.8869408751932,2025-02-07 05:01:01.196425,0,
312,deposit,545.0997780580869,6812.682653924987,2025-02-07 05:30:01.196425,0,
312,password_change,0.0,6812.682653924987,2025-02-07 05:56:01.196425,0,
313,deposit,756.2779332972857,5381.22509563473,2025-02-07 06:08:01.196425,0,
314,withdrawal,178.14293006936637,5724.419493580288,2025-02-07 06:38:01.196425,0,
315,deposit,852.7754896008151,3553.395056422814,2025-02-07 07:02:01.196425,0,
316,deposit,250.47904872596567,7046.212751854351,2025-02-07 07:25:01.196425,0,
317,withdrawal,191.45816082602337,4870.468812038466,2025-02-07 07:51:01.196425,0,
318,deposit,382.63929688496853,4743.871140442905,2025-02-07 08:19:01.196425,0,
319,deposit,167.84365738997167,5175.701248972912,2025-02-07 08:49:01.196425,0,
319,password_change,0.0,5175.701248972912,2025-02-07 08:55:01.196425,0,
320,withdrawal,381.8024855864726,2621.6426406599176,2025-02-07 09:22:01.196425,0,
321,deposit,988.91380264605,3368.606509064965,2025-02-07 09:40:01.196425,0,
322,withdrawal,393.14011905037273,5341.511779059728,2025-02-07 09:50:01.196425,0,
323,deposit,851.7279890036116,6673.768716861717,2025-02-07 10:10:01.196425,0,
324,withdrawal,331.69393086932706,5368.89687265035,2025-02-07 10:12:01.196425,0,
325,deposit,523.5905057680551,5271.667836385379,2025-02-07 10:16:01.196425,0,
326,deposit,189.40553268939348,2878.5365514697737,2025-02-07 10:27:01.196425,0,
327,withdrawal,459.3838877497922,2173.306423488666,2025-02-07 10:36:01.196425,0,
328,deposit,697.4266065517802,1749.0226118632263,2025-02-07 10:57:01.196425,0,
329,deposit,717.2693585087503,5627.699928529121,2025-02-07 11:27:01.196425,0,
329,password_change,0.0,5627.699928529121,2025-02-07 11:38:01.196425,0,
330,deposit,506.48577522978485,3768.6263869514437,2025-02-07 11:51:01.196425,0,
331,withdrawal,114.69822291874615,5948.2534499465055,2025-02-07 12:03:01.196425,0,
332,withdrawal,157.6153647386576,2356.1872699394057,2025-02-07 12:27:01.196425,0,
333,deposit,440.4123524920642,4308.094793169315,2025-02-07 12:33:01.196425,0,
333,phone_change,0.0,4308.094793169315,2025-02-07 12:56:01.196425,0,
334,deposit,740.7154833002614,3744.131671490337,2025-02-07 13:14:01.196425,0,
335,withdrawal,314.879126337811,7526.232706640056,2025-02-07 13:41:01.196425,0,
336,deposit,823.1362098074253,5278.825755174331,2025-02-07 13:53:01.196425,0,
336,password_change,0.0,5278.825755174331,2025-02-07 14:15:01.196425,0,
337,withdrawal,465.40823291263985,2384.900047309639,2025-02-07 14:45:01.196425,0,
338,deposit,810.6119973963023,7803.154358716866,2025-02-07 14:54:01.196425,0,
339,withdrawal,158.32413320524944,5027.926342997271,2025-02-07 15:14:01.196425,0,
340,withdrawal,161.61580435676024,2631.8566851096466,2025-02-07 15:26:01.196425,0,
340,phone_change,0.0,2631.8566851096466,2025-02-07 15:53:01.196425,0,
341,deposit,105.09773961441623,6232.117586955844,2025-02-07 16:19:01.196425,0,
342,withdrawal,65.10518319852179,5613.818950281919,2025-02-07 16:47:01.196425,0,
342,password_change,0.0,5613.818950281919,2025-02-07 17:03:01.196425,0,
343,deposit,469.9803447202441,4751.628093566541,2025-02-07 17:17:01.196425,0,
344,deposit,450.73652325611744,4622.328682936081,2025-02-07 17:47:01.196425,0,
345,deposit,928.268111992411,5316.895939185757,2025-02-07 17:57:01.196425,0,
346,withdrawal,311.3186045688908,6395.722034698107,2025-02-07 18:27:01.196425,0,
347,deposit,399.05860937455236,5792.908153655936,2025-02-07 18:35:01.196425,0,
348,withdrawal,415.0015021242777,1881.9251577941257,2025-02-07 18:43:01.196425,0,
349,withdrawal,466.98484795389305,1868.7596331825882,2025-02-07 18:55:01.196425,0,
350,deposit,556.4165717843574,3586.148630070402,2025-02-07 19:04:01.196425,0,
350,email_change,0.0,3586.148630070402,2025-02-07 19:07:01.196425,0,
351,deposit,298.8204288335417,1902.0129264616603,2025-02-07 19:37:01.196425,0,
352,withdrawal,394.67957899732113,3213.646863930074,2025-02-07 20:00:01.196425,0,
353,withdrawal,350.1870754482142,2759.810924191664,2025-02-07 20:14:01.196425,0,
354,withdrawal,286.2331109341452,4809.69339034738,2025-02-07 20:40:01.196425,0,
355,deposit,564.3284952155982,3179.82217430258,2025-02-07 20:46:01.196425,0,
356,deposit,196.93963881645752,1795.5778844461859,2025-02-07 20:58:01.196425,0,
356,email_change,0.0,1795.5778844461859,2025-02-07 21:02:01.196425,0,
357,deposit,562.0158496400135,3932.5400667865147,2025-02-07 21:31:01.196425,0,
357,email_change,0.0,3932.5400667865147,2025-02-07 21:34:01.196425,0,
358,deposit,639.36106695132,5206.327979555012,2025-02-07 22:03:01.196425,0,
358,email_change,0.0,5206.327979555012,2025-02-07 22:21:01.196425,0,
359,withdrawal,165.36993144746327,4436.217441891393,2025-02-07 22:29:01.196425,0,
359,password_change,0.0,4436.217441891393,2025-02-07 22:37:01.196425,0,
360,deposit,535.9511590659409,4699.525792384396,2025-02-07 23:03:01.196425,0,
361,deposit,478.5554010121352,5820.963222750587,2025-02-07 23:16:01.196425,0,
362,withdrawal,358.3686391380397,2015.269873598722,2025-02-07 23:44:01.196425,0,
363,deposit,811.969311433331,4215.501203754322,2025-02-08 00:12:01.196425,0,
364,deposit,469.5044491774054,3855.272230437421,2025-02-08 00:26:01.196425,0,
365,deposit,472.25515258485893,5130.829611748071,2025-02-08 00:51:01.196425,0,
366,deposit,246.71013953034247,6971.459058301132,2025-02-08 01:07:01.196425,0,
367,deposit,401.0466434474805,2842.291285260921,2025-02-08 01:23:01.196425,0,
367,email_change,0.0,2842.291285260921,2025-02-08 01:38:01.196425,0,
368,deposit,305.55172962041667,3843.21188433625,2025-02-08 01:55:01.196425,0,
369,deposit,557.4222870535855,2292.6863862947193,2025-02-08 02:18:01.196425,0,
370,withdrawal,244.03234854269448,5806.033475372677,2025-02-08 02:20:01.196425,0,
371,deposit,537.0242195258328,1710.7142733596907,2025-02-08 02:33:01.196425,0,
372,withdrawal,466.1474917611637,5786.096453421844,2025-02-08 02:38:01.196425,0,
372,email_change,0.0,5786.096453421844,2025-02-08 03:03:01.196425,0,
373,deposit,301.02856512773315,3338.0718299661253,2025-02-08 03:19:01.196425,0,
374,withdrawal,88.71612422382292,4111.868994183182,2025-02-08 03:36:01.196425,0,
375,withdrawal,260.3831187818354,5077.541470577012,2025-02-08 03:47:01.196425,0,
376,deposit,801.6817935911557,4096.909676302121,2025-02-08 03:59:01.196425,0,
377,withdrawal,446.1331398783563,4910.202419317213,2025-02-08 04:21:01.196425,0,
377,phone_change,0.0,4910.202419317213,2025-02-08 04:50:01.196425,0,
378,deposit,948.5507587156732,4233.748769734644,2025-02-08 05:18:01.196425,0,
378,password_change,0.0,4233.748769734644,2025-02-08 05:21:01.196425,0,
379,withdrawal,293.40090914903067,4262.476364553163,2025-02-08 05:24:01.196425,0,
380,deposit,227.3279265257972,6349.960907419717,2025-02-08 05:31:01.196425,0,
381,deposit,159.8074803105951,3870.559902513423,2025-02-08 05:47:01.196425,0,
382,deposit,237.4817286256287,5162.616176700427,2025-02-08 06:14:01.196425,0,
383,deposit,581.0368403285408,4373.514148835404,2025-02-08 06:42:01.196425,0,
384,deposit,599.8275090153933,3037.6852407621827,2025-02-08 06:50:01.196425,0,
385,deposit,841.4540805725777,5726.780442596199,2025-02-08 07:09:01.196425,0,
386,withdrawal,398.2065109242037,1369.2827492700264,2025-02-08 07:27:01.196425,0,
387,deposit,816.5279018224704,3095.9106260335716,2025-02-08 07:29:01.196425,0,
388,deposit,368.03571475845285,4958.212432636029,2025-02-08 07:50:01.196425,0,
389,deposit,423.77170666481345,5806.87471546221,2025-02-08 08:02:01.196425,0,
390,deposit,650.4717461087685,2624.9575440024482,2025-02-08 08:28:01.196425,0,
391,withdrawal,327.6942583123113,7832.547014567291,2025-02-08 08:37:01.196425,0,
391,password_change,0.0,7832.547014567291,2025-02-08 09:01:01.196425,0,
392,deposit,745.8156319004427,3613.196390334918,2025-02-08 09:19:01.196425,0,
393,deposit,749.1443402267486,4859.745999592246,2025-02-08 09:25:01.196425,0,
393,phone_change,0.0,4859.745999592246,2025-02-08 09:43:01.196425,0,
394,deposit,486.8335672049305,3442.274526215689,2025-02-08 09:58:01.196425,0,
395,deposit,863.6476239707418,4458.915688920548,2025-02-08 10:26:01.196425,0,
395,password_change,0.0,4458.915688920548,2025-02-08 10:39:01.196425,0,
396,deposit,931.0414649921076,2753.219646002755,2025-02-08 10:57:01.196425,0,
397,deposit,850.9001917660456,5053.301763830187,2025-02-08 11:02:01.196425,0,
397,phone_change,0.0,5053.301763830187,2025-02-08 11:12:01.196425,0,
398,deposit,140.04770466099342,3366.1245046343147,2025-02-08 11:41:01.196425,0,
399,deposit,707.887708769649,2966.6319269690975,2025-02-08 11:51:01.196425,0,
400,deposit,717.6722960157155,2266.6048791944713,2025-02-08 11:56:01.196425,0,
401,deposit,837.4882277543876,5858.3511478607625,2025-02-08 12:19:01.196425,0,
402,withdrawal,303.17390543738134,3689.975001454989,2025-02-08 12:32:01.196425,0,
403,withdrawal,332.1393325198027,3666.235352729058,2025-02-08 12:35:01.196425,0,
404,deposit,170.89871003487914,5694.719536584582,2025-02-08 12:40:01.196425,0,
405,deposit,708.2999183645381,4008.101423832649,2025-02-08 13:10:01.196425,0,
405,phone_change,0.0,4008.101423832649,2025-02-08 13:17:01.196425,0,
406,deposit,582.1220786981514,6713.238414388415,2025-02-08 13:36:01.196425,0,
407,withdrawal,296.30347985160245,6289.568375975958,2025-02-08 14:04:01.196425,0,
407,password_change,0.0,6289.568375975958,2025-02-08 14:11:01.196425,0,
408,withdrawal,78.57338630163622,5306.983256847727,2025-02-08 14:27:01.196425,0,
409,deposit,497.8679761786889,2717.302538667451,2025-02-08 14:54:01.196425,0,
410,withdrawal,57.526477769763694,5043.501679177799,2025-02-08 15:15:01.196425,0,
411,deposit,346.37370456428744,4274.451096128864,2025-02-08 15:41:01.196425,0,
412,withdrawal,251.57299861654312,4939.491606967962,2025-02-08 16:01:01.196425,0,
413,deposit,431.55184218633485,4154.532926968501,2025-02-08 16:12:01.196425,0,
414,withdrawal,492.5605826663992,2556.076488910065,2025-02-08 16:39:01.196425,0,
415,deposit,671.2437149694753,3317.927028558989,2025-02-08 16:53:01.196425,0,
416,deposit,949.2560945573842,2808.534604191752,2025-02-08 17:12:01.196425,0,
416,email_change,0.0,2808.534604191752,2025-02-08 17:17:01.196425,0,
417,deposit,767.9171911110221,4870.316620037627,2025-02-08 17:22:01.196425,0,
417,password_change,0.0,4870.316620037627,2025-02-08 17:46:01.196425,0,
418,withdrawal,463.14339593300133,2240.5583996052746,2025-02-08 18:14:01.196425,0,
419,deposit,622.4216683345946,6033.919966721587,2025-02-08 18:38:01.196425,0,
420,deposit,524.2061865668509,6127.232452021465,2025-02-08 18:42:01.196425,0,
421,deposit,497.49352064662975,5766.394798996515,2025-02-08 18:51:01.196425,0,
422,deposit,593.4626419888214,4941.347686862024,2025-02-08 19:09:01.196425,0,
423,withdrawal,438.4415734508103,4779.712344125158,2025-02-08 19:30:01.196425,0,
424,withdrawal,62.76999224847476,1677.3417413882767,2025-02-08 19:45:01.196425,0,
425,withdrawal,416.75060288308464,671.5174245816113,2025-02-08 20:09:01.196425,0,
426,deposit,902.7190278289921,5101.69424862604,2025-02-08 20:29:01.196425,0,
427,withdrawal,157.7081730592307,4921.201537199017,2025-02-08 20:42:01.196425,0,
428,withdrawal,218.88382525912897,6221.983129774082,2025-02-08 20:50:01.196425,0,
429,deposit,693.6807114485479,4436.574680794562,2025-02-08 21:07:01.196425,0,
430,deposit,542.6638360324926,3144.8332211177167,2025-02-08 21:16:01.196425,0,
431,withdrawal,210.8387044440725,2156.7221545820494,2025-02-08 21:29:01.196425,0,
432,deposit,574.6791100043654,5146.336628832732,2025-02-08 21:43:01.196425,0,
433,deposit,470.88409134653693,4510.635336751315,2025-02-08 22:11:01.196425,0,
433,phone_change,0.0,4510.635336751315,2025-02-08 22:14:01.196425,0,
434,withdrawal,259.09912241062864,3526.785690402636,2025-02-08 22:31:01.196425,0,
434,email_change,0.0,3526.785690402636,2025-02-08 22:55:01.196425,0,
435,withdrawal,302.18945277981123,7100.264708439775,2025-02-08 23:04:01.196425,0,
436,withdrawal,377.36318502942424,4628.149078664981,2025-02-08 23:27:01.196425,0,
437,withdrawal,285.2333173753215,2795.829606813441,2025-02-08 23:57:01.196425,0,
438,deposit,600.3304539677514,5382.805664590186,2025-02-09 00:19:01.196425,0,
439,withdrawal,201.38410984626796,5680.9903742437045,2025-02-09 00:21:01.196425,0,
440,withdrawal,148.89784921486964,6931.201571039948,2025-02-09 00:30:01.196425,0,
441,deposit,339.9995498478086,4375.915553536939,2025-02-09 00:41:01.196425,0,
441,password_change,0.0,4375.915553536939,2025-02-09 01:00:01.196425,0,
442,deposit,811.9328264711133,5992.669338343794,2025-02-09 01:20:01.196425,0,
443,withdrawal,192.55371616012056,683.0090640634339,2025-02-09 01:25:01.196425,0,
444,withdrawal,118.09014194104385,4065.532723871457,2025-02-09 01:28:01.196425,0,
445,deposit,622.3599602667309,5934.068817900477,2025-02-09 01:54:01.196425,0,
446,deposit,503.1657256899231,3326.954319136286,2025-02-09 02:01:01.196425,0,
447,deposit,772.128827499193,4020.5656754297597,2025-02-09 02:17:01.196425,0,
448,withdrawal,303.27825841159205,1419.9190404434507,2025-02-09 02:30:01.196425,0,
449,deposit,461.7780178434539,1884.079181190555,2025-02-09 03:00:01.196425,0,
450,deposit,307.50712367746746,6548.826192634011,2025-02-09 03:19:01.196425,0,
451,deposit,618.7939257665865,4305.107533740235,2025-02-09 03:38:01.196425,0,
452,deposit,605.8603938449754,2664.3312954657445,2025-02-09 03:50:01.196425,0,
453,deposit,337.5143545975404,4831.325389002427,2025-02-09 04:12:01.196425,0,
454,deposit,187.2809878578236,1500.925006647007,2025-02-09 04:41:01.196425,0,
454,phone_change,0.0,1500.925006647007,2025-02-09 04:46:01.196425,0,
455,deposit,566.2446969277403,6935.337851389746,2025-02-09 05:03:01.196425,0,
456,deposit,901.1191935594702,3741.5581069733444,2025-02-09 05:12:01.196425,0,
457,withdrawal,404.00373508337583,4778.280237512181,2025-02-09 05:19:01.196425,0,
458,withdrawal,474.0060513501911,3951.588671696224,2025-02-09 05:42:01.196425,0,
458,email_change,0.0,3951.588671696224,2025-02-09 05:47:01.196425,0,
459,deposit,766.5911917044625,3059.601109128049,2025-02-09 06:14:01.196425,0,
460,withdrawal,78.45389665123317,2626.5651845001844,2025-02-09 06:39:01.196425,0,
460,email_change,0.0,2626.5651845001844,2025-02-09 06:48:01.196425,0,
461,deposit,569.3778335018055,8524.322167246604,2025-02-09 06:53:01.196425,0,
462,withdrawal,132.47335882482258,3996.319452019994,2025-02-09 07:08:01.196425,0,
462,email_change,0.0,3996.319452019994,2025-02-09 07:38:01.196425,0,
463,deposit,367.5669276492701,3236.862790439875,2025-02-09 07:59:01.196425,0,
464,withdrawal,242.73848657844977,3473.787984715588,2025-02-09 08:29:01.196425,0,
464,email_change,0.0,3473.787984715588,2025-02-09 08:37:01.196425,0,
465,deposit,468.00872348924764,6070.766516708122,2025-02-09 08:55:01.196425,0,
465,phone_change,0.0,6070.766516708122,2025-02-09 09:15:01.196425,0,
466,deposit,648.2217593591985,2478.0264631763735,2025-02-09 09:34:01.196425,0,
467,withdrawal,349.42268524595875,4303.075876330872,2025-02-09 09:55:01.196425,0,
468,deposit,560.7675659484065,5748.513234570693,2025-02-09 10:02:01.196425,0,
469,withdrawal,80.94550793167956,4823.292799362288,2025-02-09 10:31:01.196425,0,
470,withdrawal,308.3786258253306,2009.130723305347,2025-02-09 10:48:01.196425,0,
471,withdrawal,412.40036255283195,2327.178101736091,2025-02-09 11:08:01.196425,0,
472,deposit,811.95119949836,3872.227661524762,2025-02-09 11:23:01.196425,0,
473,withdrawal,163.5734159920941,7041.43591955776,2025-02-09 11:33:01.196425,0,
474,withdrawal,452.3378370499405,1934.7699547186162,2025-02-09 11:58:01.196425,0,
475,withdrawal,461.78501578776616,5191.2065811220855,2025-02-09 12:08:01.196425,0,
476,deposit,534.4112889382775,3120.9733700619154,2025-02-09 12:31:01.196425,0,
477,deposit,989.7077816769238,2636.246650668241,2025-02-09 12:36:01.196425,0,
478,withdrawal,67.00016443066988,5478.912008187521,2025-02-09 12:47:01.196425,0,
478,phone_change,0.0,5478.912008187521,2025-02-09 13:07:01.196425,0,
479,deposit,429.6516734419577,4007.5557697181503,2025-02-09 13:10:01.196425,0,
480,deposit,878.1370071688078,4797.858167135056,2025-02-09 13:14:01.196425,0,
481,deposit,644.4391542467445,3588.3976868290392,2025-02-09 13:22:01.196425,0,
482,deposit,395.23218184933216,1419.7225827477453,2025-02-09 13:28:01.196425,0,
482,password_change,0.0,1419.7225827477453,2025-02-09 13:37:01.196425,0,
483,withdrawal,96.19142929430046,483.72862754486295,2025-02-09 14:00:01.196425,0,
484,withdrawal,324.3742177001599,2060.63005524684,2025-02-09 14:20:01.196425,0,
485,deposit,333.38852441766886,4208.21217163434,2025-02-09 14:46:01.196425,0,
486,deposit,207.78364852553685,1941.0560281384667,2025-02-09 15:07:01.196425,0,
487,deposit,473.2201059355836,4228.133136972692,2025-02-09 15:15:01.196425,0,
488,deposit,603.8846795197833,1214.229181938685,2025-02-09 15:41:01.196425,0,
489,deposit,790.3619779560374,2823.9735028350424,2025-02-09 15:46:01.196425,0,
490,deposit,961.9650070157561,4715.787529430071,2025-02-09 16:12:01.196425,0,
491,deposit,385.335367671502,5610.269628179068,2025-02-09 16:13:01.196425,0,
492,deposit,745.9773857470332,2570.9427724699326,2025-02-09 16:23:01.196425,0,
493,deposit,241.5386250850465,3716.4369344481183,2025-02-09 16:45:01.196425,0,
494,deposit,640.6748873252932,4818.2365128217825,2025-02-09 17:07:01.196425,0,
495,withdrawal,438.24119235947313,4159.5956732476525,2025-02-09 17:09:01.196425,0,
496,deposit,989.9999983471796,6800.726623855148,2025-02-09 17:12:01.196425,0,
497,deposit,252.8162129154424,1789.2501234451147,2025-02-09 17:23:01.196425,0,
498,withdrawal,83.09446084195687,2004.2429094223376,2025-02-09 17:38:01.196425,0,
499,deposit,515.632983794917,2617.737574023849,2025-02-09 17:57:01.196425,0,
500,deposit,532.4616369689478,7685.687906167399,2025-02-09 18:22:01.196425,0,
500,password_change,0.0,7685.687906167399,2025-02-09 18:28:01.196425,0,
501,deposit,964.821547379156,4227.709346673264,2025-02-09 18:41:01.196425,0,
502,deposit,647.0030143317462,2087.899455479274,2025-02-09 19:04:01.196425,0,
502,password_change,0.0,2087.899455479274,2025-02-09 19:11:01.196425,0,
503,deposit,181.16811992567378,4745.418724132187,2025-02-09 19:17:01.196425,0,
504,deposit,603.7727943283153,4960.253332402761,2025-02-09 19:38:01.196425,0,
504,email_change,0.0,4960.253332402761,2025-02-09 19:40:01.196425,0,
505,deposit,153.71780377142542,2725.616968566099,2025-02-09 19:52:01.196425,0,
506,deposit,124.14324034108482,1631.9986916172677,2025-02-09 20:02:01.196425,0,
507,deposit,410.3022837394378,4105.691826111968,2025-02-09 20:16:01.196425,0,
508,withdrawal,396.2312234113931,1812.9437731528303,2025-02-09 20:36:01.196425,0,
509,withdrawal,94.82289796365771,5390.923626670437,2025-02-09 20:42:01.196425,0,
510,deposit,934.476742069393,2212.625116392227,2025-02-09 20:53:01.196425,0,
511,withdrawal,207.95887638202498,7346.912896602579,2025-02-09 20:56:01.196425,0,
512,withdrawal,439.1208971429131,3293.3571460771595,2025-02-09 21:00:01.196425,0,
513,deposit,432.54353086741753,5491.416322354198,2025-02-09 21:27:01.196425,0,
514,withdrawal,304.69947373817365,4342.196384164904,2025-02-09 21:35:01.196425,0,
515,withdrawal,90.42260614016713,1306.7737912282985,2025-02-09 21:41:01.196425,0,
516,withdrawal,423.37373643103706,4146.147637424377,2025-02-09 22:02:01.196425,0,
517,deposit,959.2911585838276,3842.4104493746554,2025-02-09 22:08:01.196425,0,
518,withdrawal,156.6222162593906,2644.1701513638545,2025-02-09 22:10:01.196425,0,
519,deposit,182.919776246651,2665.62695067265,2025-02-09 22:34:01.196425,0,
519,email_change,0.0,2665.62695067265,2025-02-09 22:36:01.196425,0,
520,withdrawal,296.6480388629171,2135.5323735506267,2025-02-09 23:00:01.196425,0,
521,withdrawal,294.0761539192245,4933.6455773251755,2025-02-09 23:21:01.196425,0,
522,withdrawal,423.27691240277437,4510.233847371785,2025-02-09 23:48:01.196425,0,
522,password_change,0.0,4510.233847371785,2025-02-09 23:51:01.196425,0,
523,deposit,408.3062803854236,3587.797832985362,2025-02-10 00:00:01.196425,0,
524,deposit,545.9020903426332,3842.474823222077,2025-02-10 00:17:01.196425,0,
524,phone_change,0.0,3842.474823222077,2025-02-10 00:44:01.196425,0,
525,withdrawal,403.7083062576817,2849.2149016720955,2025-02-10 00:56:01.196425,0,
526,deposit,533.4820377809048,3921.2582011805653,2025-02-10 01:18:01.196425,0,
527,deposit,806.9950133365462,5590.138817435754,2025-02-10 01:40:01.196425,0,
528,deposit,617.333285845634,5526.2391390656585,2025-02-10 01:48:01.196425,0,
529,deposit,528.8646370768313,7014.880710901392,2025-02-10 02:13:01.196425,0,
530,withdrawal,323.8383018911449,6962.131608687344,2025-02-10 02:35:01.196425,0,
531,withdrawal,78.0585738314634,4233.433066319581,2025-02-10 03:03:01.196425,0,
532,withdrawal,451.7423557257106,4258.294178094297,2025-02-10 03:09:01.196425,0,
532,phone_change,0.0,4258.294178094297,2025-02-10 03:38:01.196425,0,
533,deposit,624.1277807579764,5697.765959733156,2025-02-10 04:02:01.196425,0,
534,withdrawal,101.19461803521466,2187.913176689584,2025-02-10 04:17:01.196425,0,
535,deposit,169.49385496025212,3501.5836694641093,2025-02-10 04:30:01.196425,0,
535,phone_change,0.0,3501.5836694641093,2025-02-10 04:46:01.196425,0,
536,deposit,106.09122895484222,5383.101094346773,2025-02-10 05:14:01.196425,0,
536,password_change,0.0,5383.101094346773,2025-02-10 05:15:01.196425,0,
537,withdrawal,414.2686055017166,6737.816443630158,2025-02-10 05:17:01.196425,0,
538,deposit,226.1856908396785,2894.8422409239333,2025-02-10 05:25:01.196425,0,
539,deposit,112.47564161595676,3005.2292482774474,2025-02-10 05:29:01.196425,0,
540,withdrawal,373.4725620750105,3651.923443503697,2025-02-10 05:50:01.196425,0,
541,withdrawal,114.04167662746009,4757.7818881825415,2025-02-10 06:02:01.196425,0,
542,deposit,396.49505977320683,5699.866082154558,2025-02-10 06:22:01.196425,0,
542,email_change,0.0,5699.866082154558,2025-02-10 06:24:01.196425,0,
543,withdrawal,106.07177580185159,5336.859877571425,2025-02-10 06:38:01.196425,0,
544,withdrawal,212.2910316929768,3610.846107742268,2025-02-10 06:45:01.196425,0,
545,withdrawal,182.1302218016251,3528.6920612913827,2025-02-10 06:53:01.196425,0,
546,deposit,157.9599099263057,2529.674130961524,2025-02-10 07:07:01.196425,0,
547,deposit,552.6791573919458,3717.9877243380015,2025-02-10 07:31:01.196425,0,
548,deposit,165.61121770321722,5210.340821969602,2025-02-10 07:53:01.196425,0,
549,withdrawal,349.53192830482976,1491.8365658010036,2025-02-10 08:11:01.196425,0,
550,deposit,928.4448554758208,4447.235160000166,2025-02-10 08:28:01.196425,0,
551,deposit,447.25601565628074,5190.528455638105,2025-02-10 08:48:01.196425,0,
552,withdrawal,216.53097401974264,5324.241190790566,2025-02-10 08:52:01.196425,0,
553,deposit,817.1495148428075,3297.26520072575,2025-02-10 08:54:01.196425,0,
554,deposit,306.0779532190831,6413.726140436349,2025-02-10 09:10:01.196425,0,
555,withdrawal,303.49541577633266,2166.8988106521474,2025-02-10 09:29:01.196425,0,
556,withdrawal,166.36925004231526,2830.266513746926,2025-02-10 09:55:01.196425,0,
557,deposit,702.8135893596224,5853.732489897804,2025-02-10 10:12:01.196425,0,
558,withdrawal,216.05075336106202,4099.5324031652935,2025-02-10 10:13:01.196425,0,
559,deposit,238.69718140387798,5060.275867537951,2025-02-10 10:38:01.196425,0,
559,password_change,0.0,5060.275867537951,2025-02-10 10:50:01.196425,0,
560,withdrawal,498.9847832589949,2221.5215008474265,2025-02-10 11:12:01.196425,0,
561,deposit,800.2239900257889,6515.541090435306,2025-02-10 11:27:01.196425,0,
562,withdrawal,141.2018199074498,4473.773468793663,2025-02-10 11:41:01.196425,0,
563,withdrawal,483.98731780120676,3093.280913780988,2025-02-10 12:06:01.196425,0,
563,phone_change,0.0,3093.280913780988,2025-02-10 12:13:01.196425,0,
564,deposit,591.2435626698264,5590.31171874011,2025-02-10 12:17:01.196425,0,
565,withdrawal,351.50161287194777,6648.444811233442,2025-02-10 12:34:01.196425,0,
566,deposit,774.7453987866559,5220.682159392442,2025-02-10 12:59:01.196425,0,
567,deposit,137.22908574568464,5679.005255776303,2025-02-10 13:24:01.196425,0,
568,deposit,908.3220687102552,5556.881388931115,2025-02-10 13:39:01.196425,0,
569,deposit,217.9664538503745,5777.608679437176,2025-02-10 14:09:01.196425,0,
569,phone_change,0.0,5777.608679437176,2025-02-10 14:13:01.196425,0,
570,withdrawal,254.20659579488418,4035.0981435654658,2025-02-10 14:43:01.196425,0,
570,password_change,0.0,4035.0981435654658,2025-02-10 15:05:01.196425,0,
571,deposit,819.1502864300824,4254.5446657317725,2025-02-10 15:12:01.196425,0,
572,withdrawal,427.4582166741792,2883.294865701761,2025-02-10 15:17:01.196425,0,
573,deposit,443.8780519933388,3069.3740317222314,2025-02-10 15:34:01.196425,0,
574,deposit,743.5006647068617,3706.654714674793,2025-02-10 15:42:01.196425,0,
575,deposit,601.1174128843592,7178.6069801452995,2025-02-10 15:53:01.196425,0,
576,deposit,180.59068232588928,4538.984970027404,2025-02-10 16:23:01.196425,0,
576,phone_change,0.0,4538.984970027404,2025-02-10 16:45:01.196425,0,
577,deposit,816.0764482074563,4529.264509990107,2025-02-10 17:10:01.196425,0,
578,withdrawal,433.3019094324804,2692.776194754564,2025-02-10 17:25:01.196425,0,
579,deposit,384.50477489068294,4249.107796777508,2025-02-10 17:37:01.196425,0,
580,deposit,840.7462991540792,2821.611799937913,2025-02-10 17:42:01.196425,0,
580,password_change,0.0,2821.611799937913,2025-02-10 17:44:01.196425,0,
581,withdrawal,71.60847114169013,2971.909833490568,2025-02-10 18:05:01.196425,0,
582,deposit,147.97220094113675,6663.003484331869,2025-02-10 18:18:01.196425,0,
583,withdrawal,404.1406595082027,3741.365495425778,2025-02-10 18:47:01.196425,0,
584,deposit,716.9332399036279,5768.8758719889265,2025-02-10 19:02:01.196425,0,
585,withdrawal,175.44715074173817,5233.336842492266,2025-02-10 19:15:01.196425,0,
586,deposit,276.4280080645494,1968.934860084992,2025-02-10 19:33:01.196425,0,
587,deposit,667.339316387897,5132.480018209468,2025-02-10 19:40:01.196425,0,
588,deposit,958.1342497309486,6803.776865605584,2025-02-10 20:07:01.196425,0,
589,deposit,984.3532042394187,5927.877905628415,2025-02-10 20:32:01.196425,0,
589,password_change,0.0,5927.877905628415,2025-02-10 20:54:01.196425,0,
590,withdrawal,453.8011908409062,353.435320518852,2025-02-10 21:24:01.196425,0,
591,withdrawal,143.45689637006242,4591.844344150927,2025-02-10 21:47:01.196425,0,
592,deposit,525.7880406185927,4235.858137598995,2025-02-10 22:04:01.196425,0,
593,deposit,603.9923866638504,1988.1983183314228,2025-02-10 22:28:01.196425,0,
594,deposit,972.5713755106933,4613.42973902309,2025-02-10 22:42:01.196425,0,
595,deposit,527.7280180501317,5847.978691540346,2025-02-10 22:58:01.196425,0,
596,deposit,771.2939237427627,5979.6961871662115,2025-02-10 23:22:01.196425,0,
597,withdrawal,392.94389167306207,5033.663305298459,2025-02-10 23:24:01.196425,0,
598,deposit,360.8441460728827,3664.704327575916,2025-02-10 23:27:01.196425,0,
599,deposit,282.6565284039308,1860.6427299510815,2025-02-10 23:32:01.196425,0,
600,deposit,446.9641626564103,5162.90132652538,2025-02-10 23:39:01.196425,0,
600,password_change,0.0,5162.90132652538,2025-02-10 23:48:01.196425,0,
601,deposit,833.9264668207218,6669.324945175922,2025-02-11 00:07:01.196425,0,
602,withdrawal,211.73302111923206,4588.345157877754,2025-02-11 00:26:01.196425,0,
603,withdrawal,349.92516695422927,2951.2397073200914,2025-02-11 00:52:01.196425,0,
603,phone_change,0.0,2951.2397073200914,2025-02-11 00:54:01.196425,0,
604,withdrawal,71.76529655856245,5291.933727410432,2025-02-11 00:56:01.196425,0,
604,email_change,0.0,5291.933727410432,2025-02-11 01:22:01.196425,0,
605,deposit,162.06826953515156,2769.31062145677,2025-02-11 01:52:01.196425,0,
606,withdrawal,171.18766455822936,4650.045682165619,2025-02-11 02:10:01.196425,0,
607,withdrawal,334.5168229100404,3745.109505233512,2025-02-11 02:12:01.196425,0,
608,deposit,127.7308703589834,5949.6637347557635,2025-02-11 02:17:01.196425,0,
609,deposit,832.1541706226673,4459.440648765615,2025-02-11 02:21:01.196425,0,
609,email_change,0.0,4459.440648765615,2025-02-11 02:47:01.196425,0,
610,deposit,269.2624648203264,3981.0233753004313,2025-02-11 03:10:01.196425,0,
610,phone_change,0.0,3981.0233753004313,2025-02-11 03:16:01.196425,0,
611,withdrawal,186.73207003531667,5203.9693055566795,2025-02-11 03:28:01.196425,0,
612,deposit,952.295670019682,7889.440766974454,2025-02-11 03:49:01.196425,0,
613,deposit,893.6014078305739,2828.8350917201487,2025-02-11 04:14:01.196425,0,
614,deposit,221.22273974184586,3651.619567903243,2025-02-11 04:32:01.196425,0,
614,phone_change,0.0,3651.619567903243,2025-02-11 04:57:01.196425,0,
615,withdrawal,444.30123950333297,6120.76140887338,2025-02-11 05:07:01.196425,0,
616,deposit,613.3632077141405,5098.565069453856,2025-02-11 05:31:01.196425,0,
617,deposit,662.1129981130239,6199.471794326659,2025-02-11 05:46:01.196425,0,
617,email_change,0.0,6199.471794326659,2025-02-11 06:02:01.196425,0,
618,deposit,248.63527794225323,4295.3990561430555,2025-02-11 06:21:01.196425,0,
619,deposit,125.16831838341045,7042.635612392651,2025-02-11 06:33:01.196425,0,
620,withdrawal,51.033191622371746,507.33233224445416,2025-02-11 06:59:01.196425,0,
621,deposit,697.1945161494839,5324.312098727883,2025-02-11 07:28:01.196425,0,
622,withdrawal,331.6633247423548,2019.056769392138,2025-02-11 07:53:01.196425,0,
622,email_change,0.0,2019.056769392138,2025-02-11 08:03:01.196425,0,
623,deposit,872.4778322220286,4576.814316074551,2025-02-11 08:25:01.196425,0,
624,withdrawal,143.48567528897212,5233.17787785373,2025-02-11 08:28:01.196425,0,
624,email_change,0.0,5233.17787785373,2025-02-11 08:48:01.196425,0,
625,withdrawal,83.90367214787769,1004.8984240329459,2025-02-11 09:01:01.196425,0,
625,phone_change,0.0,1004.8984240329459,2025-02-11 09:14:01.196425,0,
626,deposit,338.6198361410468,4154.12172824194,2025-02-11 09:25:01.196425,0,
627,withdrawal,253.189278057946,91.43266288393835,2025-02-11 09:31:01.196425,0,
627,email_change,0.0,91.43266288393835,2025-02-11 09:56:01.196425,0,
628,deposit,475.66204408278134,4848.486132872822,2025-02-11 10:09:01.196425,0,
629,deposit,579.0601411405469,3575.7207247308725,2025-02-11 10:14:01.196425,0,
630,deposit,820.9749225920921,6996.951877456313,2025-02-11 10:24:01.196425,0,
631,deposit,809.5650095731103,3178.1973959143006,2025-02-11 10:49:01.196425,0,
632,deposit,563.3806644167446,2607.2824831471407,2025-02-11 11:15:01.196425,0,
633,withdrawal,53.04305975894759,2863.7144728026383,2025-02-11 11:36:01.196425,0,
634,withdrawal,169.97320556184883,7190.5777785774935,2025-02-11 11:48:01.196425,0,
635,deposit,782.6044809790053,5381.504099490194,2025-02-11 12:13:01.196425,0,
635,password_change,0.0,5381.504099490194,2025-02-11 12:40:01.196425,0,
636,deposit,484.59743422115315,4017.1439136042204,2025-02-11 12:57:01.196425,0,
637,deposit,865.2969973118231,5805.288475879112,2025-02-11 13:10:01.196425,0,
638,deposit,253.29934196709962,5754.87700348729,2025-02-11 13:26:01.196425,0,
639,withdrawal,361.18294325753243,5196.82995264579,2025-02-11 13:29:01.196425,0,
639,phone_change,0.0,5196.82995264579,2025-02-11 13:49:01.196425,0,
640,deposit,909.5490130558471,3810.667807307779,2025-02-11 14:08:01.196425,0,
641,withdrawal,144.7852390023036,1159.911201321891,2025-02-11 14:20:01.196425,0,
642,deposit,139.04989672585728,5797.200076702734,2025-02-11 14:34:01.196425,0,
642,email_change,0.0,5797.200076702734,2025-02-11 14:45:01.196425,0,
643,withdrawal,132.6506804581926,2717.3522834305345,2025-02-11 15:13:01.196425,0,
644,deposit,899.6864814087236,4186.581832939195,2025-02-11 15:23:01.196425,0,
645,deposit,226.7779684832677,4058.597469469971,2025-02-11 15:33:01.196425,0,
646,withdrawal,439.0888274230869,2348.2452169028998,2025-02-11 15:47:01.196425,0,
647,deposit,172.33779884975522,4125.58969181622,2025-02-11 15:56:01.196425,0,
648,deposit,144.32587711176544,6647.182165924494,2025-02-11 16:10:01.196425,0,
649,deposit,257.4997888547678,5154.173968820488,2025-02-11 16:27:01.196425,0,
650,deposit,482.65260868548233,6878.02982827237,2025-02-11 16:33:01.196425,0,
650,password_change,0.0,6878.02982827237,2025-02-11 17:03:01.196425,0,
651,deposit,690.8896566832617,4946.3177916176655,2025-02-11 17:26:01.196425,0,
652,deposit,870.5915259544628,6622.023022057763,2025-02-11 17:36:01.196425,0,
653,withdrawal,477.4434165622424,3149.733378673481,2025-02-11 17:51:01.196425,0,
654,deposit,220.7335393130288,2259.634834449964,2025-02-11 18:05:01.196425,0,
655,deposit,711.3810434456315,5524.468376806229,2025-02-11 18:32:01.196425,0,
656,withdrawal,292.8923075295981,4210.27056179374,2025-02-11 18:51:01.196425,0,
656,phone_change,0.0,4210.27056179374,2025-02-11 19:07:01.196425,0,
657,deposit,117.34448209235565,4104.324500803715,2025-02-11 19:11:01.196425,0,
658,deposit,341.11096546756323,4489.758350904113,2025-02-11 19:27:01.196425,0,
659,withdrawal,335.6425491558388,5585.1798540424425,2025-02-11 19:49:01.196425,0,
660,withdrawal,406.93186025861996,2539.007926764916,2025-02-11 20:10:01.196425,0,
661,withdrawal,227.06685504832927,6830.183481182731,2025-02-11 20:29:01.196425,0,
662,withdrawal,373.60203861472297,1831.2917378921434,2025-02-11 20:52:01.196425,0,
662,password_change,0.0,1831.2917378921434,2025-02-11 20:53:01.196425,0,
663,deposit,425.7332486063519,4341.471103987918,2025-02-11 21:09:01.196425,0,
664,withdrawal,120.94373297598534,3972.240247324491,2025-02-11 21:24:01.196425,0,
665,deposit,749.992898212659,5518.668789803196,2025-02-11 21:37:01.196425,0,
666,deposit,726.8575259603463,4060.603037724413,2025-02-11 21:50:01.196425,0,
667,withdrawal,300.9155112017458,246.0627367875885,2025-02-11 22:01:01.196425,0,
668,deposit,428.60746568936884,5395.071356724907,2025-02-11 22:13:01.196425,0,
669,withdrawal,490.24543099763144,4018.1287745772383,2025-02-11 22:21:01.196425,0,
670,deposit,495.6986766812581,4409.710543772673,2025-02-11 22:24:01.196425,0,
671,deposit,587.831472406888,5909.756363039161,2025-02-11 22:32:01.196425,0,
672,deposit,245.41924492997305,5782.898500883697,2025-02-11 23:01:01.196425,0,
673,withdrawal,62.687785749790066,4374.607195229385,2025-02-11 23:10:01.196425,0,
674,deposit,765.3301273725224,6408.734950288206,2025-02-11 23:35:01.196425,0,
674,password_change,0.0,6408.734950288206,2025-02-11 23:44:01.196425,0,
675,deposit,623.6627807832208,4971.1255564817175,2025-02-11 23:53:01.196425,0,
675,phone_change,0.0,4971.1255564817175,2025-02-12 00:15:01.196425,0,
676,withdrawal,135.45767037786547,2931.5853341266507,2025-02-12 00:16:01.196425,0,
677,deposit,374.26491562429885,3247.689323553097,2025-02-12 00:20:01.196425,0,
678,withdrawal,74.75713933981706,2937.5659515402,2025-02-12 00:43:01.196425,0,
679,deposit,676.4059772648596,5013.238056725872,2025-02-12 01:11:01.196425,0,
679,password_change,0.0,5013.238056725872,2025-02-12 01:35:01.196425,0,
680,deposit,474.9900464535785,4506.020912242118,2025-02-12 01:59:01.196425,0,
681,deposit,904.5611186659554,2167.154550999336,2025-02-12 02:05:01.196425,0,
682,withdrawal,441.88514825638066,2738.3784052395795,2025-02-12 02:06:01.196425,0,
683,deposit,964.4114379964475,2705.6345559654865,2025-02-12 02:14:01.196425,0,
683,phone_change,0.0,2705.6345559654865,2025-02-12 02:36:01.196425,0,
684,withdrawal,178.880698396223,2944.015557725218,2025-02-12 03:01:01.196425,0,
685,deposit,292.6349806502247,4913.6977996338455,2025-02-12 03:25:01.196425,0,
686,withdrawal,243.15033032507307,2237.455758380012,2025-02-12 03:50:01.196425,0,
687,withdrawal,399.3608505334288,5643.289873358747,2025-02-12 04:05:01.196425,0,
688,deposit,183.43419851925196,4671.569567062423,2025-02-12 04:31:01.196425,0,
689,withdrawal,345.2563417907908,1477.2485951275994,2025-02-12 04:37:01.196425,0,
690,withdrawal,141.16274528352295,3290.4041474258897,2025-02-12 04:42:01.196425,0,
691,deposit,947.1320468426911,5250.32365275205,2025-02-12 04:57:01.196425,0,
692,deposit,500.319277472388,5478.1139186720875,2025-02-12 05:04:01.196425,0,
693,deposit,975.8817365411815,5896.826339083223,2025-02-12 05:14:01.196425,0,
694,deposit,676.4058733806041,3256.5643675054157,2025-02-12 05:17:01.196425,0,
695,deposit,495.23124149392834,7385.733765149558,2025-02-12 05:23:01.196425,0,
696,withdrawal,350.07384503489993,3208.2951992096505,2025-02-12 05:29:01.196425,0,
697,deposit,882.2822282639265,4947.208403847476,2025-02-12 05:46:01.196425,0,
698,withdrawal,340.0713977104772,3648.3980797319437,2025-02-12 05:48:01.196425,0,
699,deposit,123.7200764880667,3840.9879173421464,2025-02-12 05:56:01.196425,0,
700,deposit,663.4208089866457,3655.656219981327,2025-02-12 06:12:01.196425,0,
701,deposit,974.1652004765964,4565.574249970161,2025-02-12 06:27:01.196425,0,
702,withdrawal,409.5379720757443,7175.807122984105,2025-02-12 06:35:01.196425,0,
703,withdrawal,458.2464597573953,3673.5253994751292,2025-02-12 06:46:01.196425,0,
704,withdrawal,407.90454657714866,5171.165428605606,2025-02-12 06:54:01.196425,0,
705,deposit,992.1659835541245,5592.87286507633,2025-02-12 07:01:01.196425,0,
706,deposit,665.6954743177404,5648.210879933684,2025-02-12 07:30:01.196425,0,
707,deposit,973.3961818913283,3030.0575879751113,2025-02-12 07:47:01.196425,0,
708,withdrawal,194.65492862602585,3500.7195582476356,2025-02-12 08:07:01.196425,0,
709,withdrawal,131.19959156882686,6528.644919410701,2025-02-12 08:26:01.196425,0,
710,withdrawal,431.8222021729847,1647.1261012142127,2025-02-12 08:56:01.196425,0,
711,withdrawal,235.2508598327271,3212.125510447456,2025-02-12 09:20:01.196425,0,
712,withdrawal,406.02180424995396,4099.561592147613,2025-02-12 09:23:01.196425,0,
712,password_change,0.0,4099.561592147613,2025-02-12 09:49:01.196425,0,
713,withdrawal,282.2252075787617,4205.302865557253,2025-02-12 10:01:01.196425,0,
713,email_change,0.0,4205.302865557253,2025-02-12 10:27:01.196425,0,
714,deposit,576.4052084525489,3584.0537345889907,2025-02-12 10:33:01.196425,0,
715,withdrawal,285.6776444875878,3754.788827316659,2025-02-12 10:42:01.196425,0,
716,withdrawal,140.8134098369576,3371.9914298728663,2025-02-12 10:57:01.196425,0,
717,withdrawal,414.07662014173513,5568.702940120389,2025-02-12 11:25:01.196425,0,
718,deposit,354.72780834844866,3015.775838005058,2025-02-12 11:31:01.196425,0,
719,deposit,870.6167081413323,6708.071909719494,2025-02-12 11:47:01.196425,0,
720,withdrawal,242.0183933292724,3822.0104997024728,2025-02-12 12:16:01.196425,0,
721,deposit,689.008295280413,3400.6187825029056,2025-02-12 12:44:01.196425,0,
722,withdrawal,76.97438044628917,4736.516860268392,2025-02-12 12:49:01.196425,0,
723,deposit,786.3587251931372,5445.515306577388,2025-02-12 13:03:01.196425,0,
724,withdrawal,126.2225204671091,1027.216943851409,2025-02-12 13:33:01.196425,0,
724,password_change,0.0,1027.216943851409,2025-02-12 13:56:01.196425,0,
725,deposit,216.28321441970638,3513.8634482120583,2025-02-12 14:05:01.196425,0,
726,withdrawal,182.45879162354373,4487.457386464479,2025-02-12 14:11:01.196425,0,
726,email_change,0.0,4487.457386464479,2025-02-12 14:36:01.196425,0,
727,deposit,691.1861672230752,6268.512901536455,2025-02-12 15:00:01.196425,0,
728,withdrawal,172.0726414430855,2469.116924659812,2025-02-12 15:14:01.196425,0,
729,deposit,972.8908028257122,5168.119690188935,2025-02-12 15:40:01.196425,0,
729,phone_change,0.0,5168.119690188935,2025-02-12 15:49:01.196425,0,
730,withdrawal,461.7636501267143,1778.7785075142824,2025-02-12 16:05:01.196425,0,
730,password_change,0.0,1778.7785075142824,2025-02-12 16:31:01.196425,0,
731,deposit,361.6316826934535,6155.858192342479,2025-02-12 16:47:01.196425,0,
732,deposit,512.4457857378615,5032.980385071276,2025-02-12 16:57:01.196425,0,
733,deposit,312.5302307025844,2315.0576634186664,2025-02-12 17:09:01.196425,0,
734,withdrawal,176.81068856610506,6611.329507577191,2025-02-12 17:30:01.196425,0,
735,withdrawal,295.06578389029823,5776.6588593973875,2025-02-12 17:34:01.196425,0,
736,withdrawal,244.52548696030118,805.2223458754188,2025-02-12 18:02:01.196425,0,
736,phone_change,0.0,805.2223458754188,2025-02-12 18:23:01.196425,0,
737,deposit,732.7561896164533,4867.3893322666,2025-02-12 18:30:01.196425,0,
738,deposit,657.73294975138,7024.883057856418,2025-02-12 18:39:01.196425,0,
739,withdrawal,57.70492666690897,4329.9275770496915,2025-02-12 18:41:01.196425,0,
740,withdrawal,376.33638907350155,2713.7618852950727,2025-02-12 19:01:01.196425,0,
741,deposit,345.3315632098184,2509.6750914555428,2025-02-12 19:19:01.196425,0,
741,phone_change,0.0,2509.6750914555428,2025-02-12 19:33:01.196425,0,
742,withdrawal,378.7178456339317,3131.549983679449,2025-02-12 19:45:01.196425,0,
743,deposit,564.3115694425737,3926.4721608177692,2025-02-12 19:57:01.196425,0,
744,withdrawal,495.1708079027429,2759.096951985221,2025-02-12 20:02:01.196425,0,
745,deposit,999.1371500353829,2385.6377236358367,2025-02-12 20:09:01.196425,0,
746,deposit,823.1991063287253,4579.181776865108,2025-02-12 20:24:01.196425,0,
747,deposit,908.802688515468,6478.002501387745,2025-02-12 20:40:01.196425,0,
748,deposit,256.79401512327576,5452.712361786077,2025-02-12 20:42:01.196425,0,
748,phone_change,0.0,5452.712361786077,2025-02-12 21:02:01.196425,0,
749,withdrawal,266.58097423961846,6041.455329192558,2025-02-12 21:23:01.196425,0,
750,withdrawal,479.909903366959,4022.6639481857546,2025-02-12 21:39:01.196425,0,
750,phone_change,0.0,4022.6639481857546,2025-02-12 21:59:01.196425,0,
751,withdrawal,467.8861759268404,5505.109914430763,2025-02-12 22:00:01.196425,0,
752,deposit,772.4439466356915,6660.848847326764,2025-02-12 22:26:01.196425,0,
753,deposit,503.62259001947,5465.762520064896,2025-02-12 22:47:01.196425,0,
754,withdrawal,430.941908762428,5416.282158252489,2025-02-12 23:04:01.196425,0,
755,withdrawal,225.39166488100773,3723.860346826685,2025-02-12 23:13:01.196425,0,
756,withdrawal,446.4469580666142,2416.694181674522,2025-02-12 23:24:01.196425,0,
757,deposit,862.9619952355222,6843.1893160123545,2025-02-12 23:49:01.196425,0,
758,deposit,684.469457525717,3508.023713320523,2025-02-12 23:56:01.196425,0,
759,withdrawal,189.3872814390368,2184.3107030630445,2025-02-13 00:21:01.196425,0,
760,deposit,841.8045114047926,6421.775501567452,2025-02-13 00:28:01.196425,0,
761,withdrawal,311.2184507487295,4567.91418429849,2025-02-13 00:32:01.196425,0,
761,phone_change,0.0,4567.91418429849,2025-02-13 00:56:01.196425,0,
762,deposit,292.65011250734347,3774.291038079603,2025-02-13 01:13:01.196425,0,
763,deposit,400.4544706333666,5424.007490587762,2025-02-13 01:42:01.196425,0,
764,deposit,249.86973398700098,5057.396974509112,2025-02-13 02:01:01.196425,0,
765,withdrawal,280.60920695731573,6241.363356984297,2025-02-13 02:13:01.196425,0,
766,deposit,387.5237337800857,4033.063331846567,2025-02-13 02:20:01.196425,0,
767,deposit,191.3567289255366,3000.169089690541,2025-02-13 02:44:01.196425,0,
768,deposit,372.0008332532292,1899.2447090285436,2025-02-13 03:06:01.196425,0,
769,withdrawal,140.5474574387562,2825.5070843926696,2025-02-13 03:19:01.196425,0,
769,phone_change,0.0,2825.5070843926696,2025-02-13 03:37:01.196425,0,
770,deposit,581.8094781116674,4221.1087055060825,2025-02-13 04:00:01.196425,0,
771,deposit,488.58007917197136,4797.751714506233,2025-02-13 04:15:01.196425,0,
772,deposit,424.20939800957154,3435.1450243676036,2025-02-13 04:41:01.196425,0,
773,withdrawal,69.03990501246204,2280.2101190306794,2025-02-13 05:09:01.196425,0,
773,phone_change,0.0,2280.2101190306794,2025-02-13 05:22:01.196425,0,
774,deposit,253.18620272614103,5358.852995496309,2025-02-13 05:48:01.196425,0,
774,password_change,0.0,5358.852995496309,2025-02-13 05:51:01.196425,0,
775,withdrawal,161.08855924639028,5293.123451559685,2025-02-13 06:05:01.196425,0,
776,deposit,328.20656800412235,3725.709585814463,2025-02-13 06:23:01.196425,0,
777,deposit,214.3158338551774,2719.35374802472,2025-02-13 06:53:01.196425,0,
778,withdrawal,63.674386104773205,5470.98670382603,2025-02-13 06:57:01.196425,0,
779,deposit,323.64961573305146,5976.338547363605,2025-02-13 07:18:01.196425,0,
779,password_change,0.0,5976.338547363605,2025-02-13 07:47:01.196425,0,
780,deposit,635.004674184009,4848.696222016807,2025-02-13 08:15:01.196425,0,
781,deposit,185.885878106778,5133.397542159593,2025-02-13 08:27:01.196425,0,
782,deposit,360.107029484893,4998.460489265304,2025-02-13 08:39:01.196425,0,
783,deposit,690.4393349987255,6239.735359935055,2025-02-13 09:08:01.196425,0,
784,deposit,381.5469310455084,6131.219140162528,2025-02-13 09:38:01.196425,0,
785,withdrawal,464.03100306947346,4612.496024427254,2025-02-13 09:41:01.196425,0,
785,email_change,0.0,4612.496024427254,2025-02-13 10:02:01.196425,0,
786,deposit,470.53274931458316,5635.6898250792665,2025-02-13 10:30:01.196425,0,
787,deposit,566.5739481750818,6145.175255492248,2025-02-13 10:40:01.196425,0,
787,password_change,0.0,6145.175255492248,2025-02-13 10:44:01.196425,0,
788,deposit,389.69003055641775,5022.953526544161,2025-02-13 11:05:01.196425,0,
789,deposit,718.939039211237,5420.115410926728,2025-02-13 11:07:01.196425,0,
789,phone_change,0.0,5420.115410926728,2025-02-13 11:13:01.196425,0,
790,withdrawal,457.56987011215796,2258.8569483620295,2025-02-13 11:42:01.196425,0,
791,deposit,890.0273294918582,4481.334922177269,2025-02-13 11:49:01.196425,0,
791,phone_change,0.0,4481.334922177269,2025-02-13 12:15:01.196425,0,
792,deposit,385.76209620974737,1816.8136128044318,2025-02-13 12:18:01.196425,0,
792,phone_change,0.0,1816.8136128044318,2025-02-13 12:23:01.196425,0,
793,withdrawal,438.67945579391335,4359.623342736873,2025-02-13 12:51:01.196425,0,
794,withdrawal,130.59885494340472,2710.0101590903823,2025-02-13 12:54:01.196425,0,
795,withdrawal,101.83170366835417,3098.229208270558,2025-02-13 13:02:01.196425,0,
796,deposit,319.3555024012338,1699.60824648183,2025-02-13 13:23:01.196425,0,
796,email_change,0.0,1699.60824648183,2025-02-13 13:33:01.196425,0,
797,withdrawal,141.50378161042102,3505.975384346905,2025-02-13 14:03:01.196425,0,
798,deposit,350.7488210306083,5500.102978846163,2025-02-13 14:31:01.196425,0,
799,withdrawal,357.55378636453537,3781.005217976179,2025-02-13 14:33:01.196425,0,
800,deposit,730.3382457027044,7035.797594576264,2025-02-13 15:02:01.196425,0,
801,deposit,265.3539776864756,4963.520362683058,2025-02-13 15:07:01.196425,0,
802,withdrawal,124.04858342797831,2174.5097984888844,2025-02-13 15:11:01.196425,0,
802,email_change,0.0,2174.5097984888844,2025-02-13 15:29:01.196425,0,
803,deposit,300.3378887783292,5718.70375440532,2025-02-13 15:59:01.196425,0,
804,deposit,309.0781954468246,6524.247174331285,2025-02-13 16:22:01.196425,0,
805,withdrawal,489.07935101779077,3968.0280533024124,2025-02-13 16:36:01.196425,0,
805,password_change,0.0,3968.0280533024124,2025-02-13 17:00:01.196425,0,
806,withdrawal,325.65368009035444,3616.8920870140105,2025-02-13 17:06:01.196425,0,
807,withdrawal,480.77076827499,2072.918500319071,2025-02-13 17:09:01.196425,0,
807,email_change,0.0,2072.918500319071,2025-02-13 17:29:01.196425,0,
808,deposit,331.86493026837,2140.0428183070844,2025-02-13 17:36:01.196425,0,
809,withdrawal,244.37300178224845,4124.011195191006,2025-02-13 17:45:01.196425,0,
810,deposit,385.05589170366073,3954.597372121952,2025-02-13 17:58:01.196425,0,
811,withdrawal,405.39431325559696,5479.930460803173,2025-02-13 18:07:01.196425,0,
812,deposit,250.71036962589483,5892.979340231733,2025-02-13 18:20:01.196425,0,
813,withdrawal,147.67568516765965,3329.104108832537,2025-02-13 18:31:01.196425,0,
814,withdrawal,360.21321330356983,1258.2624327531075,2025-02-13 18:43:01.196425,0,
815,withdrawal,104.60562181747453,3076.244679199438,2025-02-13 19:13:01.196425,0,
815,phone_change,0.0,3076.244679199438,2025-02-13 19:29:01.196425,0,
816,deposit,834.8484682960897,3240.1716534320917,2025-02-13 19:30:01.196425,0,
817,deposit,960.3542698390742,3476.7677054675314,2025-02-13 19:56:01.196425,0,
818,withdrawal,407.9473871134613,1236.5130351383168,2025-02-13 20:02:01.196425,0,
819,deposit,416.7895570452846,6248.545919213916,2025-02-13 20:21:01.196425,0,
820,deposit,478.1970229545486,6011.432542377714,2025-02-13 20:30:01.196425,0,
820,phone_change,0.0,6011.432542377714,2025-02-13 20:54:01.196425,0,
821,deposit,218.12254293984265,3456.526308158372,2025-02-13 20:55:01.196425,0,
822,withdrawal,474.238884660635,5990.813456837755,2025-02-13 21:08:01.196425,0,
823,deposit,641.9924347842953,3274.2941412768455,2025-02-13 21:23:01.196425,0,
824,withdrawal,499.2794383902323,5900.392380879277,2025-02-13 21:37:01.196425,0,
824,phone_change,0.0,5900.392380879277,2025-02-13 21:58:01.196425,0,
825,deposit,150.41150658354883,4899.033951571356,2025-02-13 22:05:01.196425,0,
826,deposit,980.4795745064698,3348.4167414262647,2025-02-13 22:25:01.196425,0,
827,deposit,624.7262154326422,3786.851110523744,2025-02-13 22:38:01.196425,0,
828,withdrawal,341.4065148932459,3739.054563098578,2025-02-13 23:05:01.196425,0,
829,withdrawal,67.82755874629886,3352.1562186869432,2025-02-13 23:15:01.196425,0,
830,withdrawal,107.85266632663402,4660.508235772158,2025-02-13 23:34:01.196425,0,
831,deposit,789.5070984404502,5668.51238386315,2025-02-13 23:45:01.196425,0,
832,withdrawal,151.307821053619,3513.138457538454,2025-02-13 23:49:01.196425,0,
833,withdrawal,438.83366322398894,4220.67826834957,2025-02-14 00:16:01.196425,0,
833,email_change,0.0,4220.67826834957,2025-02-14 00:20:01.196425,0,
834,withdrawal,76.55521606659103,3902.5999957931376,2025-02-14 00:40:01.196425,0,
834,phone_change,0.0,3902.5999957931376,2025-02-14 00:46:01.196425,0,
835,deposit,453.85448315989834,6585.832035127884,2025-02-14 01:12:01.196425,0,
836,deposit,471.46506655156924,5528.2884348408825,2025-02-14 01:32:01.196425,0,
837,withdrawal,334.43663324445777,6209.917956163136,2025-02-14 01:48:01.196425,0,
838,deposit,516.0872102639721,6183.247156362426,2025-02-14 02:15:01.196425,0,
838,phone_change,0.0,6183.247156362426,2025-02-14 02:27:01.196425,0,
839,withdrawal,136.21372637535558,4156.7242804527805,2025-02-14 02:42:01.196425,0,
840,deposit,585.4168645159215,2747.6107177972385,2025-02-14 02:52:01.196425,0,
841,deposit,579.646343116836,5045.663784030444,2025-02-14 03:02:01.196425,0,
842,withdrawal,391.77534836573216,6024.06724826166,2025-02-14 03:03:01.196425,0,
842,phone_change,0.0,6024.06724826166,2025-02-14 03:28:01.196425,0,
843,withdrawal,495.93990238829844,2193.835933318884,2025-02-14 03:47:01.196425,0,
844,withdrawal,76.26460655858935,2210.1006164087416,2025-02-14 04:13:01.196425,0,
845,deposit,985.7474533680144,7040.3808833479225,2025-02-14 04:34:01.196425,0,
846,deposit,227.9009525014259,4691.644390852847,2025-02-14 04:43:01.196425,0,
847,deposit,788.2906452725391,2656.9735064004794,2025-02-14 04:46:01.196425,0,
848,deposit,167.41770521185094,2547.098308230744,2025-02-14 05:01:01.196425,0,
849,deposit,374.2791071480821,4152.671013825409,2025-02-14 05:22:01.196425,0,
850,withdrawal,342.26232676396336,830.7441066557317,2025-02-14 05:25:01.196425,0,
851,deposit,333.86671482095124,3594.668095941644,2025-02-14 05:34:01.196425,0,
852,deposit,287.9895161103086,4481.088546561836,2025-02-14 05:43:01.196425,0,
853,deposit,506.01271331364757,4768.879887194835,2025-02-14 06:06:01.196425,0,
854,deposit,980.9237117095831,6736.383211790679,2025-02-14 06:20:01.196425,0,
855,deposit,761.5461956421216,3767.6134796746737,2025-02-14 06:47:01.196425,0,
856,withdrawal,349.5431692461271,4472.189691977576,2025-02-14 07:06:01.196425,0,
856,password_change,0.0,4472.189691977576,2025-02-14 07:29:01.196425,0,
857,deposit,170.5074572035213,6303.2298739944035,2025-02-14 07:31:01.196425,0,
857,password_change,0.0,6303.2298739944035,2025-02-14 07:51:01.196425,0,
858,withdrawal,210.99757194503755,2286.8827606187915,2025-02-14 08:00:01.196425,0,
859,deposit,588.9654048001192,4968.664490761956,2025-02-14 08:19:01.196425,0,
860,withdrawal,232.35789862708037,4036.4837466693216,2025-02-14 08:35:01.196425,0,
860,password_change,0.0,4036.4837466693216,2025-02-14 08:44:01.196425,0,
861,deposit,669.3610980113818,4453.6691121086615,2025-02-14 08:50:01.196425,0,
862,deposit,894.6209350756076,1800.166936138803,2025-02-14 08:58:01.196425,0,
863,withdrawal,150.3762592557795,6990.2388045528805,2025-02-14 09:11:01.196425,0,
863,password_change,0.0,6990.2388045528805,2025-02-14 09:37:01.196425,0,
864,deposit,585.5372743926446,2306.8352429351858,2025-02-14 09:59:01.196425,0,
865,withdrawal,444.51488648650724,2429.701512785457,2025-02-14 10:07:01.196425,0,
866,deposit,575.0457926472669,5239.303170711947,2025-02-14 10:35:01.196425,0,
867,deposit,780.7429708496132,7522.122751701877,2025-02-14 11:02:01.196425,0,
867,email_change,0.0,7522.122751701877,2025-02-14 11:24:01.196425,0,
868,withdrawal,274.30800549824437,2248.206528019729,2025-02-14 11:25:01.196425,0,
869,deposit,220.7182850119919,1889.9985775865423,2025-02-14 11:44:01.196425,0,
870,withdrawal,238.88439239777193,5801.8169589985855,2025-02-14 12:02:01.196425,0,
870,email_change,0.0,5801.8169589985855,2025-02-14 12:07:01.196425,0,
871,deposit,187.82221967656793,4638.6503257784725,2025-02-14 12:27:01.196425,0,
872,deposit,936.6868893573156,3385.1817511311456,2025-02-14 12:49:01.196425,0,
872,email_change,0.0,3385.1817511311456,2025-02-14 13:04:01.196425,0,
873,deposit,548.4457195754841,2019.4189476888896,2025-02-14 13:08:01.196425,0,
874,deposit,804.8954063086863,5797.274598668068,2025-02-14 13:26:01.196425,0,
874,email_change,0.0,5797.274598668068,2025-02-14 13:27:01.196425,0,
875,withdrawal,433.5090074445194,5191.502092823206,2025-02-14 13:35:01.196425,0,
876,deposit,359.94636243759464,6558.655660684002,2025-02-14 13:45:01.196425,0,
877,withdrawal,206.93912679049185,5119.863550937358,2025-02-14 14:13:01.196425,0,
878,withdrawal,209.46293323990702,6193.110166544263,2025-02-14 14:15:01.196425,0,
879,withdrawal,376.31741986329655,2923.7724838929134,2025-02-14 14:33:01.196425,0,
879,email_change,0.0,2923.7724838929134,2025-02-14 14:35:01.196425,0,
880,deposit,414.93758208187666,8298.512597381194,2025-02-14 14:57:01.196425,0,
881,withdrawal,178.11391559436044,3914.1680768695974,2025-02-14 15:02:01.196425,0,
881,email_change,0.0,3914.1680768695974,2025-02-14 15:24:01.196425,0,
882,deposit,214.85328734507127,1801.2798430695482,2025-02-14 15:54:01.196425,0,
883,withdrawal,102.03977621313805,5491.38409097419,2025-02-14 16:24:01.196425,0,
884,deposit,380.57406321070016,887.2387138712955,2025-02-14 16:33:01.196425,0,
885,deposit,279.1974560542251,3283.9684229722516,2025-02-14 16:41:01.196425,0,
886,deposit,262.2209544512638,4842.527484021285,2025-02-14 17:11:01.196425,0,
887,withdrawal,464.0626248386456,4487.696218715866,2025-02-14 17:28:01.196425,0,
888,withdrawal,391.1902820198201,992.9484795980701,2025-02-14 17:56:01.196425,0,
889,withdrawal,284.78340589737206,2643.6943668887675,2025-02-14 18:03:01.196425,0,
890,withdrawal,304.1545640399283,5355.69300149292,2025-02-14 18:10:01.196425,0,
891,withdrawal,81.0746660932376,2478.7774825304664,2025-02-14 18:19:01.196425,0,
891,password_change,0.0,2478.7774825304664,2025-02-14 18:40:01.196425,0,
892,deposit,652.7786477655468,4961.543272728753,2025-02-14 18:41:01.196425,0,
893,withdrawal,205.636365000383,1938.6852112852337,2025-02-14 18:57:01.196425,0,
894,deposit,537.2730791119038,3594.164198974264,2025-02-14 19:09:01.196425,0,
895,deposit,501.8479115253821,3822.487151287357,2025-02-14 19:14:01.196425,0,
896,deposit,964.4527706902866,2460.5999587335946,2025-02-14 19:28:01.196425,0,
896,password_change,0.0,2460.5999587335946,2025-02-14 19:56:01.196425,0,
897,deposit,120.28056217341049,701.3721822671171,2025-02-14 20:12:01.196425,0,
898,deposit,105.70199215580499,3546.157033289849,2025-02-14 20:31:01.196425,0,
899,deposit,915.5119798575737,5193.746105921481,2025-02-14 20:55:01.196425,0,
900,withdrawal,333.3687510671366,2891.9970377488344,2025-02-14 21:11:01.196425,0,
901,withdrawal,162.914868271719,2670.5275702808212,2025-02-14 21:15:01.196425,0,
902,deposit,115.50811531739402,3556.9684183904315,2025-02-14 21:34:01.196425,0,
903,deposit,741.3796565795409,5034.600734983273,2025-02-14 21:53:01.196425,0,
904,withdrawal,422.21550917612115,3174.990890670961,2025-02-14 22:18:01.196425,0,
905,deposit,603.241314028538,7550.795094918609,2025-02-14 22:40:01.196425,0,
906,deposit,978.3824426108827,3122.0074089600075,2025-02-14 22:53:01.196425,0,
907,deposit,764.0281421365689,5477.535831569656,2025-02-14 22:58:01.196425,0,
907,phone_change,0.0,5477.535831569656,2025-02-14 23:04:01.196425,0,
908,withdrawal,498.1482311024981,1124.0463091281204,2025-02-14 23:16:01.196425,0,
909,deposit,299.8287937144376,1072.8967258389139,2025-02-14 23:23:01.196425,0,
910,deposit,511.1410833022817,4990.411741640071,2025-02-14 23:32:01.196425,0,
910,phone_change,0.0,4990.411741640071,2025-02-14 23:59:01.196425,0,
911,withdrawal,162.74002037448074,2632.208333746296,2025-02-15 00:22:01.196425,0,
912,withdrawal,234.7388476344622,6507.495085979259,2025-02-15 00:26:01.196425,0,
913,withdrawal,377.76122430663463,4177.800321747398,2025-02-15 00:40:01.196425,0,
914,deposit,764.7024559194829,2614.36129300874,2025-02-15 00:43:01.196425,0,
914,email_change,0.0,2614.36129300874,2025-02-15 00:50:01.196425,0,
915,withdrawal,141.7902849190691,1418.7935413527757,2025-02-15 01:08:01.196425,0,
916,deposit,615.6952796115881,4882.591017453354,2025-02-15 01:13:01.196425,0,
917,deposit,843.9098326042293,5943.5923706607555,2025-02-15 01:27:01.196425,0,
918,deposit,344.59573269461754,4488.5467146424035,2025-02-15 01:34:01.196425,0,
919,deposit,620.4770166749264,1051.4076050939102,2025-02-15 02:00:01.196425,0,
920,deposit,172.3637759694782,6969.20563525952,2025-02-15 02:04:01.196425,0,
921,deposit,969.6202616050869,4800.874029379231,2025-02-15 02:28:01.196425,0,
921,email_change,0.0,4800.874029379231,2025-02-15 02:40:01.196425,0,
922,withdrawal,280.073393714782,649.1557982894155,2025-02-15 03:04:01.196425,0,
922,password_change,0.0,649.1557982894155,2025-02-15 03:11:01.196425,0,
923,deposit,330.73273787379907,6759.666190543125,2025-02-15 03:38:01.196425,0,
924,deposit,650.3886081174155,5154.458249267531,2025-02-15 03:51:01.196425,0,
925,withdrawal,477.8874692806343,1436.8414278405012,2025-02-15 04:00:01.196425,0,
926,withdrawal,198.21309897748844,5045.600774677578,2025-02-15 04:13:01.196425,0,
926,password_change,0.0,5045.600774677578,2025-02-15 04:25:01.196425,0,
927,withdrawal,103.879621061414,5978.763941700912,2025-02-15 04:26:01.196425,0,
928,deposit,488.10358935162645,3851.44212181103,2025-02-15 04:36:01.196425,0,
929,withdrawal,454.8946181732279,1350.418091640145,2025-02-15 04:51:01.196425,0,
930,deposit,160.08122309347812,1350.7961137800353,2025-02-15 05:14:01.196425,0,
931,withdrawal,443.8703355308753,1459.5252856394372,2025-02-15 05:19:01.196425,0,
932,withdrawal,357.7494875318766,1776.0434738424333,2025-02-15 05:41:01.196425,0,
933,deposit,796.1505019913103,1937.191184890606,2025-02-15 06:03:01.196425,0,
934,deposit,193.37829262747738,2844.2257443583158,2025-02-15 06:16:01.196425,0,
935,deposit,487.52431369899733,4960.177303148597,2025-02-15 06:27:01.196425,0,
935,password_change,0.0,4960.177303148597,2025-02-15 06:49:01.196425,0,
936,deposit,341.28040226232247,6239.9580250918425,2025-02-15 07:08:01.196425,0,
937,withdrawal,137.93406073034944,6567.097633263874,2025-02-15 07:24:01.196425,0,
938,deposit,295.3777539410102,3088.3204446767627,2025-02-15 07:26:01.196425,0,
938,password_change,0.0,3088.3204446767627,2025-02-15 07:36:01.196425,0,
939,deposit,469.5099806641158,4492.712658341074,2025-02-15 08:00:01.196425,0,
940,deposit,263.1765882941122,4647.151061341283,2025-02-15 08:04:01.196425,0,
941,deposit,187.43585883528425,5108.932081410202,2025-02-15 08:28:01.196425,0,
942,withdrawal,134.35265766579712,2264.4304453767013,2025-02-15 08:52:01.196425,0,
943,withdrawal,324.6125856119701,1851.4142860982834,2025-02-15 08:54:01.196425,0,
943,phone_change,0.0,1851.4142860982834,2025-02-15 09:04:01.196425,0,
944,deposit,864.2968439455246,4264.31971942574,2025-02-15 09:17:01.196425,0,
945,deposit,233.34399579630957,6028.799155269577,2025-02-15 09:45:01.196425,0,
946,withdrawal,373.02760954417494,3592.552874744148,2025-02-15 09:58:01.196425,0,
947,deposit,224.4049578920924,4407.255128688225,2025-02-15 10:14:01.196425,0,
948,deposit,906.3954193463306,3764.595746582585,2025-02-15 10:15:01.196425,0,
948,phone_change,0.0,3764.595746582585,2025-02-15 10:16:01.196425,0,
949,withdrawal,60.67906111083611,3946.5641748348544,2025-02-15 10:35:01.196425,0,
950,withdrawal,284.5218085377477,3503.9847950984163,2025-02-15 10:39:01.196425,0,
951,deposit,268.23343719210925,1434.5855434827859,2025-02-15 10:50:01.196425,0,
952,deposit,782.7668734841826,3885.9570231263497,2025-02-15 10:57:01.196425,0,
953,deposit,533.8186522270947,3824.1841209812783,2025-02-15 11:18:01.196425,0,
954,deposit,317.74049804690833,7081.096603720015,2025-02-15 11:20:01.196425,0,
954,email_change,0.0,7081.096603720015,2025-02-15 11:23:01.196425,0,
955,deposit,580.8832134657547,3267.2580618984794,2025-02-15 11:35:01.196425,0,
956,withdrawal,494.6916156731279,2142.0342291826437,2025-02-15 11:49:01.196425,0,
957,deposit,494.8194765452437,3265.4735801578518,2025-02-15 12:14:01.196425,0,
958,withdrawal,157.22570567691747,3678.2500749153105,2025-02-15 12:28:01.196425,0,
959,withdrawal,201.052562791902,3569.410897884358,2025-02-15 12:37:01.196425,0,
960,withdrawal,253.9641598552835,4808.937274383171,2025-02-15 12:46:01.196425,0,
961,deposit,134.58734563489557,8282.137050481306,2025-02-15 12:58:01.196425,0,
961,phone_change,0.0,8282.137050481306,2025-02-15 13:26:01.196425,0,
962,deposit,688.8510832941587,3755.386639299494,2025-02-15 13:54:01.196425,0,
963,withdrawal,462.03831936615734,4634.872166135029,2025-02-15 13:57:01.196425,0,
964,deposit,551.6428493589518,4748.270826544352,2025-02-15 14:26:01.196425,0,
965,withdrawal,296.60808630451965,4746.43589151996,2025-02-15 14:54:01.196425,0,
966,withdrawal,373.6509062470744,1449.6487066515235,2025-02-15 15:24:01.196425,0,
967,withdrawal,212.3010193773858,4118.5455215446955,2025-02-15 15:54:01.196425,0,
968,deposit,229.4506773098964,2177.6978819547335,2025-02-15 16:14:01.196425,0,
969,withdrawal,129.84632450637227,5919.3452126034545,2025-02-15 16:30:01.196425,0,
970,withdrawal,95.9863581169568,3866.3917291990438,2025-02-15 16:45:01.196425,0,
971,withdrawal,246.0430808009088,1276.2942472801146,2025-02-15 17:03:01.196425,0,
972,deposit,351.76336385501776,4055.868238160765,2025-02-15 17:32:01.196425,0,
973,deposit,598.2205204633526,5148.110720117291,2025-02-15 17:47:01.196425,0,
974,deposit,416.34890164402964,4697.531870291871,2025-02-15 17:57:01.196425,0,
975,deposit,470.802499539929,2715.177226632985,2025-02-15 18:18:01.196425,0,
976,deposit,129.79149710118753,5034.428435855027,2025-02-15 18:25:01.196425,0,
976,phone_change,0.0,5034.428435855027,2025-02-15 18:49:01.196425,0,
977,deposit,182.26278082895624,3365.129627175522,2025-02-15 18:56:01.196425,0,
977,phone_change,0.0,3365.129627175522,2025-02-15 19:06:01.196425,0,
978,deposit,708.1682813601677,7391.558247466215,2025-02-15 19:22:01.196425,0,
979,withdrawal,160.46811301695263,3609.3365530448677,2025-02-15 19:43:01.196425,0,
980,withdrawal,475.92503187639875,3585.276926333539,2025-02-15 20:05:01.196425,0,
980,phone_change,0.0,3585.276926333539,2025-02-15 20:25:01.196425,0,
981,withdrawal,495.9634072606928,3365.7418852836713,2025-02-15 20:36:01.196425,0,
982,deposit,749.0273402160185,8305.114697954265,2025-02-15 20:38:01.196425,0,
983,deposit,232.43193901825344,3492.9774714258083,2025-02-15 20:40:01.196425,0,
984,deposit,537.8408177587788,3306.3737007126847,2025-02-15 20:49:01.196425,0,
985,deposit,561.8326709647765,4307.643661218203,2025-02-15 20:55:01.196425,0,
985,password_change,0.0,4307.643661218203,2025-02-15 21:24:01.196425,0,
986,deposit,733.214091990965,5118.307942619858,2025-02-15 21:32:01.196425,0,
987,deposit,856.1572549698665,4309.038261229623,2025-02-15 21:38:01.196425,0,
988,deposit,424.397562071167,3882.764967325138,2025-02-15 22:03:01.196425,0,
988,password_change,0.0,3882.764967325138,2025-02-15 22:05:01.196425,0,
989,deposit,936.5371056297633,4662.197398712844,2025-02-15 22:18:01.196425,0,
990,withdrawal,95.7037471330881,4638.510041505344,2025-02-15 22:38:01.196425,0,
991,deposit,526.9100292174055,735.1097945291623,2025-02-15 22:41:01.196425,0,
992,deposit,587.3817506189616,6591.468157658377,2025-02-15 22:53:01.196425,0,
993,withdrawal,435.2508431439482,4293.840206413884,2025-02-15 23:19:01.196425,0,
994,withdrawal,339.9840072423327,2404.45889117646,2025-02-15 23:35:01.196425,0,
995,deposit,487.0094581719725,6726.746750523838,2025-02-15 23:56:01.196425,0,
996,deposit,762.134984437361,2503.643679131009,2025-02-16 00:25:01.196425,0,
997,withdrawal,375.6879824162751,4788.058795853829,2025-02-16 00:36:01.196425,0,
998,withdrawal,273.6403993268441,1631.978623623028,2025-02-16 00:37:01.196425,0,
999,withdrawal,474.67410581723493,1993.2487165231548,2025-02-16 00:47:01.196425,0,
100,fraud,4170.9986915920845,-12857.697871116477,2025-02-16 00:48:01.196425,1,
100,withdrawal,0.0,-12857.697871116477,2025-02-16 01:01:01.196425,1,
101,fraud,1899.1125515814945,-4639.0835076778785,2025-02-16 01:16:01.196425,1,
102,fraud,260.77954063331094,-248.2858398080184,2025-02-16 01:40:01.196425,1,
103,fraud,4582.984421175362,-13777.750089054844,2025-02-16 01:51:01.196425,1,
103,failed_login,0.0,-13777.750089054844,2025-02-16 01:59:01.196425,1,
104,fraud,662.194180466351,-1734.8433840850585,2025-02-16 02:11:01.196425,1,
104,password_change,0.0,-1734.8433840850585,2025-02-16 02:14:01.196425,1,
105,fraud,447.04856691889034,8229.501534113959,2025-02-16 02:23:01.196425,1,
106,fraud,1844.4422828875756,-5150.197163363972,2025-02-16 02:24:01.196425,1,
106,phone_change,0.0,-5150.197163363972,2025-02-16 02:44:01.196425,1,
107,fraud,3741.106045372132,4253.378672844136,2025-02-16 03:03:01.196425,1,
108,fraud,116.26203505476303,1637.3313979521226,2025-02-16 03:09:01.196425,1,
108,withdrawal,0.0,1637.3313979521226,2025-02-16 03:12:01.196425,1,
109,fraud,1113.096825401513,223.55834196222213,2025-02-16 03:29:01.196425,1,
109,withdrawal,0.0,223.55834196222213,2025-02-16 03:55:01.196425,1,
110,fraud,2848.319685745255,342.35648091996336,2025-02-16 03:58:01.196425,1,
111,fraud,776.575891507763,-2882.859818398819,2025-02-16 04:14:01.196425,1,
111,withdrawal,0.0,-2882.859818398819,2025-02-16 04:15:01.196425,1,
112,fraud,4320.859195137894,3869.7417370431594,2025-02-16 04:37:01.196425,1,
112,withdrawal,0.0,3869.7417370431594,2025-02-16 04:51:01.196425,1,
113,fraud,3879.255526294212,-1577.0727578789256,2025-02-16 05:00:01.196425,1,
113,failed_login,0.0,-1577.0727578789256,2025-02-16 05:28:01.196425,1,
114,fraud,4345.025650935066,2518.572616210125,2025-02-16 05:43:01.196425,1,
114,deposit,0.0,2518.572616210125,2025-02-16 05:48:01.196425,1,
115,fraud,1092.4872474102806,-2141.822409460705,2025-02-16 06:05:01.196425,1,
116,fraud,2991.3710657277784,656.647434081568,2025-02-16 06:35:01.196425,1,
116,deposit,0.0,656.647434081568,2025-02-16 06:50:01.196425,1,
117,fraud,2036.7189721425784,4242.236644762561,2025-02-16 07:17:01.196425,1,
118,fraud,4731.477436334777,7528.561885876879,2025-02-16 07:29:01.196425,1,
118,deposit,0.0,7528.561885876879,2025-02-16 07:41:01.196425,1,
119,fraud,580.8141051624583,2970.6185552437164,2025-02-16 07:54:01.196425,1,
120,fraud,1750.771745957379,-857.4149671903444,2025-02-16 08:14:01.196425,1,
121,fraud,8519.22343058138,-17136.935869255227,2025-02-16 08:18:01.196425,1,
121,deposit,0.0,-17136.935869255227,2025-02-16 08:31:01.196425,1,
122,fraud,434.4439453979033,-7194.148010775862,2025-02-16 08:50:01.196425,1,
123,fraud,6864.947471924482,-9311.4426919277,2025-02-16 09:17:01.196425,1,
124,fraud,489.1766632435491,-3075.0088260224707,2025-02-16 09:33:01.196425,1,
124,phone_change,0.0,-3075.0088260224707,2025-02-16 09:40:01.196425,1,
125,fraud,746.0321518385501,3487.4001833718103,2025-02-16 09:41:01.196425,1,
125,phone_change,0.0,3487.4001833718103,2025-02-16 10:08:01.196425,1,
126,fraud,7570.683338755278,-2793.9124554289665,2025-02-16 10:38:01.196425,1,
127,fraud,1885.5059736341252,-7731.60106646897,2025-02-16 10:51:01.196425,1,
127,phone_change,0.0,-7731.60106646897,2025-02-16 10:53:01.196425,1,
128,fraud,3690.7069056199243,9689.366165075362,2025-02-16 11:20:01.196425,1,
129,fraud,1630.6275919695233,-6527.196710568575,2025-02-16 11:46:01.196425,1,
129,withdrawal,0.0,-6527.196710568575,2025-02-16 12:01:01.196425,1,
130,fraud,1233.051342143149,1313.9566526489746,2025-02-16 12:31:01.196425,1,
130,withdrawal,0.0,1313.9566526489746,2025-02-16 12:55:01.196425,1,
131,fraud,4980.311401072669,-7506.339915223503,2025-02-16 13:17:01.196425,1,
132,fraud,441.0647477372893,-6779.591997938331,2025-02-16 13:31:01.196425,1,
132,email_change,0.0,-6779.591997938331,2025-02-16 14:00:01.196425,1,
133,fraud,6240.804339408182,-3802.7624122155794,2025-02-16 14:05:01.196425,1,
133,deposit,0.0,-3802.7624122155794,2025-02-16 14:12:01.196425,1,
134,fraud,1085.9761612126872,-1961.1285077750554,2025-02-16 14:19:01.196425,1,
135,fraud,1827.3183521759838,-3.4024757153856626,2025-02-16 14:49:01.196425,1,
136,fraud,305.8277919912248,5166.085987532229,2025-02-16 15:06:01.196425,1,
137,fraud,72.29893444902844,-4425.3283199086945,2025-02-16 15:27:01.196425,1,
137,suspicious_login,0.0,-4425.3283199086945,2025-02-16 15:47:01.196425,1,
138,fraud,2979.693052312468,-1226.9678123311182,2025-02-16 16:09:01.196425,1,
138,failed_login,0.0,-1226.9678123311182,2025-02-16 16:25:01.196425,1,
139,fraud,744.3693845859684,3951.835571886429,2025-02-16 16:36:01.196425,1,
140,fraud,26.200085842532832,-5414.203244471971,2025-02-16 16:39:01.196425,1,
140,withdrawal,0.0,-5414.203244471971,2025-02-16 16:58:01.196425,1,
141,fraud,1272.5859787285308,1124.5064374920426,2025-02-16 17:27:01.196425,1,
142,fraud,20.329126012990415,-5858.65380455871,2025-02-16 17:32:01.196425,1,
143,fraud,1829.9474948552872,-6652.112990074864,2025-02-16 18:01:01.196425,1,
144,fraud,75.11378865612227,-3749.018392069244,2025-02-16 18:27:01.196425,1,
144,email_change,0.0,-3749.018392069244,2025-02-16 18:50:01.196425,1,
145,fraud,290.0950007672637,-2690.6026438733456,2025-02-16 19:01:01.196425,1,
146,fraud,439.4274207265098,-8091.517422097955,2025-02-16 19:14:01.196425,1,
147,fraud,30.791745253139226,-6908.14233162108,2025-02-16 19:31:01.196425,1,
148,fraud,629.5518592119757,-1819.0310193135601,2025-02-16 19:51:01.196425,1,
149,fraud,1595.8630113343488,-8255.93558137045,2025-02-16 20:17:01.196425,1,
149,withdrawal,0.0,-8255.93558137045,2025-02-16 20:33:01.196425,1,
150,fraud,1380.1816885924507,3149.6305099091414,2025-02-16 20:55:01.196425,1,
151,fraud,339.17349209234203,588.9426858301545,2025-02-16 21:21:01.196425,1,
151,email_change,0.0,588.9426858301545,2025-02-16 21:48:01.196425,1,
152,fraud,3899.576798321254,-13131.62969237487,2025-02-16 21:58:01.196425,1,
153,fraud,2545.944128800568,2831.5870938015637,2025-02-16 22:24:01.196425,1,
154,fraud,818.1477697666521,-3188.0522286411615,2025-02-16 22:47:01.196425,1,
155,fraud,1440.771498325927,8625.065317555778,2025-02-16 23:10:01.196425,1,
156,fraud,740.8418899731004,-6921.990584486039,2025-02-16 23:28:01.196425,1,
156,password_change,0.0,-6921.990584486039,2025-02-16 23:46:01.196425,1,
157,fraud,2962.9891858864726,6315.942261205182,2025-02-17 00:10:01.196425,1,
158,fraud,3735.438637741498,9867.167606607883,2025-02-17 00:16:01.196425,1,
158,withdrawal,0.0,9867.167606607883,2025-02-17 00:43:01.196425,1,
159,fraud,2970.67410836625,-15792.3277954273,2025-02-17 00:46:01.196425,1,
159,password_change,0.0,-15792.3277954273,2025-02-17 01:10:01.196425,1,
160,fraud,3147.822744819488,-3313.8466124368783,2025-02-17 01:36:01.196425,1,
160,phone_change,0.0,-3313.8466124368783,2025-02-17 01:54:01.196425,1,
161,fraud,2339.5812662093076,-7027.059368168977,2025-02-17 02:20:01.196425,1,
161,phone_change,0.0,-7027.059368168977,2025-02-17 02:22:01.196425,1,
162,fraud,8038.9844284395385,-12448.633407880308,2025-02-17 02:31:01.196425,1,
163,fraud,2916.7271278139324,3387.4895767801786,2025-02-17 02:40:01.196425,1,
164,fraud,452.6080853448241,-7049.520177111068,2025-02-17 02:58:01.196425,1,
164,phone_change,0.0,-7049.520177111068,2025-02-17 03:25:01.196425,1,
165,fraud,4844.293291921928,-7889.82680445573,2025-02-17 03:46:01.196425,1,
165,withdrawal,0.0,-7889.82680445573,2025-02-17 04:14:01.196425,1,
166,fraud,758.3021102412415,-4745.191352973906,2025-02-17 04:24:01.196425,1,
166,password_change,0.0,-4745.191352973906,2025-02-17 04:44:01.196425,1,
167,fraud,2416.580142573743,1141.2903603668415,2025-02-17 04:51:01.196425,1,
167,suspicious_login,0.0,1141.2903603668415,2025-02-17 05:04:01.196425,1,
168,fraud,707.5006181492768,-12859.900415421464,2025-02-17 05:07:01.196425,1,
168,email_change,0.0,-12859.900415421464,2025-02-17 05:09:01.196425,1,
169,fraud,3652.539720527349,-3485.787170240181,2025-02-17 05:29:01.196425,1,
169,email_change,0.0,-3485.787170240181,2025-02-17 05:51:01.196425,1,
170,fraud,133.2745879100297,-10766.393920710045,2025-02-17 06:08:01.196425,1,
170,email_change,0.0,-10766.393920710045,2025-02-17 06:24:01.196425,1,
171,fraud,88.67470978884771,5891.309879546538,2025-02-17 06:29:01.196425,1,
171,password_change,0.0,5891.309879546538,2025-02-17 06:35:01.196425,1,
172,fraud,13.104311475006881,-2796.4431060377487,2025-02-17 06:58:01.196425,1,
173,fraud,2109.7438039649255,-7973.905037184844,2025-02-17 07:11:01.196425,1,
173,password_change,0.0,-7973.905037184844,2025-02-17 07:31:01.196425,1,
174,fraud,1291.0201566743242,-4655.643697445258,2025-02-17 07:42:01.196425,1,
174,failed_login,0.0,-4655.643697445258,2025-02-17 07:51:01.196425,1,
175,fraud,48.09148802217553,-1233.052946840254,2025-02-17 07:59:01.196425,1,
176,fraud,9948.797408364446,-12513.22631333957,2025-02-17 08:00:01.196425,1,
176,withdrawal,0.0,-12513.22631333957,2025-02-17 08:28:01.196425,1,
177,fraud,2103.425483186296,-4.847145956886834,2025-02-17 08:51:01.196425,1,
178,fraud,2364.0345808271536,-10409.127304088106,2025-02-17 09:12:01.196425,1,
179,fraud,2248.825386484212,-2647.1455441416842,2025-02-17 09:29:01.196425,1,
179,failed_login,0.0,-2647.1455441416842,2025-02-17 09:55:01.196425,1,
180,fraud,433.0851494782529,-1911.9703253358543,2025-02-17 10:02:01.196425,1,
181,fraud,154.3552115062093,8591.264447686168,2025-02-17 10:25:01.196425,1,
182,fraud,1998.7107394129614,-228.85873578865562,2025-02-17 10:41:01.196425,1,
182,failed_login,0.0,-228.85873578865562,2025-02-17 10:54:01.196425,1,
183,fraud,857.9997388208059,3969.3532283223158,2025-02-17 11:07:01.196425,1,
184,fraud,17.661583370200045,3009.5153141842397,2025-02-17 11:21:01.196425,1,
185,fraud,56.89470853196204,-4359.05690932361,2025-02-17 11:46:01.196425,1,
185,suspicious_login,0.0,-4359.05690932361,2025-02-17 12:05:01.196425,1,
186,fraud,116.68665561000898,-942.9821637095465,2025-02-17 12:08:01.196425,1,
186,password_change,0.0,-942.9821637095465,2025-02-17 12:20:01.196425,1,
187,fraud,889.4054215265921,-2138.6090949232857,2025-02-17 12:33:01.196425,1,
188,fraud,223.405397209018,1618.1700892578294,2025-02-17 12:49:01.196425,1,
189,fraud,307.2631648140225,-2602.0354543057665,2025-02-17 13:01:01.196425,1,
190,fraud,1717.3318907991102,-2641.1285644498344,2025-02-17 13:03:01.196425,1,
191,fraud,811.9250206296778,-12602.083849603707,2025-02-17 13:30:01.196425,1,
192,fraud,805.5994802486915,2912.83126995573,2025-02-17 13:53:01.196425,1,
193,fraud,1920.8325576466336,-2678.154756667691,2025-02-17 14:21:01.196425,1,
193,email_change,0.0,-2678.154756667691,2025-02-17 14:28:01.196425,1,
194,fraud,699.3097596477159,-1651.992187339939,2025-02-17 14:34:01.196425,1,
195,fraud,1029.6960327295938,-3138.7815849665485,2025-02-17 14:58:01.196425,1,
196,fraud,33.65456475052827,-102.26284626054928,2025-02-17 15:17:01.196425,1,
196,withdrawal,0.0,-102.26284626054928,2025-02-17 15:24:01.196425,1,
197,fraud,1888.1725386901112,-2880.306058010691,2025-02-17 15:26:01.196425,1,
198,fraud,6865.14979467994,-18651.134409061317,2025-02-17 15:33:01.196425,1,
199,fraud,1004.3327471921141,-10333.549394945705,2025-02-17 15:43:01.196425,1,
200,fraud,69.36170988983712,5519.402384650789,2025-02-17 16:12:01.196425,1,
201,fraud,155.48715969593917,9739.723171531909,2025-02-17 16:13:01.196425,1,
201,password_change,0.0,9739.723171531909,2025-02-17 16:23:01.196425,1,
202,fraud,7068.933992012175,-4840.577137802909,2025-02-17 16:26:01.196425,1,
202,deposit,0.0,-4840.577137802909,2025-02-17 16:33:01.196425,1,
203,fraud,1550.9464481451143,1783.7587345535242,2025-02-17 17:03:01.196425,1,
204,fraud,108.03284885875705,62.89496320916324,2025-02-17 17:25:01.196425,1,
204,phone_change,0.0,62.89496320916324,2025-02-17 17:34:01.196425,1,
205,fraud,2507.1620446957845,1828.5734360400697,2025-02-17 17:54:01.196425,1,
205,withdrawal,0.0,1828.5734360400697,2025-02-17 18:00:01.196425,1,
206,fraud,410.08159833035387,907.250459173692,2025-02-17 18:29:01.196425,1,
207,fraud,1962.9139260818051,-4614.288141702975,2025-02-17 18:38:01.196425,1,
207,deposit,0.0,-4614.288141702975,2025-02-17 18:45:01.196425,1,
208,fraud,1699.8997340852784,-15167.193842682753,2025-02-17 19:08:01.196425,1,
209,fraud,198.27524866250536,2194.7878960538715,2025-02-17 19:20:01.196425,1,
209,password_change,0.0,2194.7878960538715,2025-02-17 19:39:01.196425,1,
210,fraud,495.5595516692597,-19292.175260109165,2025-02-17 19:48:01.196425,1,
211,fraud,19.590944800867995,-1470.3753300959784,2025-02-17 20:00:01.196425,1,
212,fraud,885.0682967601729,-5125.324262117356,2025-02-17 20:17:01.196425,1,
212,email_change,0.0,-5125.324262117356,2025-02-17 20:45:01.196425,1,
213,fraud,152.41933010590247,-5982.484981220814,2025-02-17 21:02:01.196425,1,
213,phone_change,0.0,-5982.484981220814,2025-02-17 21:13:01.196425,1,
214,fraud,4013.1149161901703,2688.8766459691165,2025-02-17 21:32:01.196425,1,
214,email_change,0.0,2688.8766459691165,2025-02-17 21:47:01.196425,1,
215,fraud,656.7020672555536,-7174.297325954028,2025-02-17 21:53:01.196425,1,
215,failed_login,0.0,-7174.297325954028,2025-02-17 22:02:01.196425,1,
216,fraud,2182.0234205653574,-8039.906728290034,2025-02-17 22:05:01.196425,1,
217,fraud,99.83428182660673,-6219.579843098545,2025-02-17 22:09:01.196425,1,
218,fraud,4844.425962293353,11265.704765181225,2025-02-17 22:29:01.196425,1,
219,fraud,8901.907332317924,-7046.238801272642,2025-02-17 22:41:01.196425,1,
219,deposit,0.0,-7046.238801272642,2025-02-17 22:56:01.196425,1,
220,fraud,948.3719483955236,-6984.391330593408,2025-02-17 23:18:01.196425,1,
220,phone_change,0.0,-6984.391330593408,2025-02-17 23:40:01.196425,1,
221,fraud,2185.415669722997,-206.90693136896925,2025-02-18 00:07:01.196425,1,
221,failed_login,0.0,-206.90693136896925,2025-02-18 00:15:01.196425,1,
222,fraud,4016.2285151776928,12742.668865034033,2025-02-18 00:20:01.196425,1,
222,deposit,0.0,12742.668865034033,2025-02-18 00:50:01.196425,1,
223,fraud,151.7861135394826,-1739.526359977607,2025-02-18 01:02:01.196425,1,
224,fraud,2759.8624618757194,-3911.9655871214118,2025-02-18 01:12:01.196425,1,
224,password_change,0.0,-3911.9655871214118,2025-02-18 01:13:01.196425,1,
225,fraud,1320.2299573115986,-6495.118620454311,2025-02-18 01:15:01.196425,1,
226,fraud,4494.104470869184,2108.403548307222,2025-02-18 01:34:01.196425,1,
226,withdrawal,0.0,2108.403548307222,2025-02-18 01:55:01.196425,1,
227,fraud,4917.645111539061,5993.240592449301,2025-02-18 02:06:01.196425,1,
228,fraud,38.03441737650229,5186.917639281061,2025-02-18 02:31:01.196425,1,
228,withdrawal,0.0,5186.917639281061,2025-02-18 02:41:01.196425,1,
229,fraud,8345.839537179367,-11070.360138502188,2025-02-18 02:48:01.196425,1,
230,fraud,1959.7268059512028,-5589.005774990024,2025-02-18 02:59:01.196425,1,
230,password_change,0.0,-5589.005774990024,2025-02-18 03:29:01.196425,1,
231,fraud,124.54019931681579,10028.399514454844,2025-02-18 03:35:01.196425,1,
231,suspicious_login,0.0,10028.399514454844,2025-02-18 03:57:01.196425,1,
232,fraud,462.0204338499614,-400.8305795067775,2025-02-18 04:02:01.196425,1,
233,fraud,3462.504067360481,6217.079585848768,2025-02-18 04:20:01.196425,1,
234,fraud,537.9154948737272,-1045.7985874990718,2025-02-18 04:25:01.196425,1,
235,fraud,1978.370927494555,1833.4217656174055,2025-02-18 04:36:01.196425,1,
236,fraud,53.00532586734709,1281.820728720817,2025-02-18 05:05:01.196425,1,
236,suspicious_login,0.0,1281.820728720817,2025-02-18 05:28:01.196425,1,
237,fraud,2432.074613763181,-4815.638472146615,2025-02-18 05:35:01.196425,1,
238,fraud,2994.252168090896,-8004.076599465272,2025-02-18 05:45:01.196425,1,
238,failed_login,0.0,-8004.076599465272,2025-02-18 05:57:01.196425,1,
239,fraud,752.4978935590962,3752.6868732258536,2025-02-18 06:11:01.196425,1,
239,password_change,0.0,3752.6868732258536,2025-02-18 06:13:01.196425,1,
240,fraud,190.45914390833568,7843.847742261358,2025-02-18 06:14:01.196425,1,
241,fraud,2054.0530670119415,579.9418116974225,2025-02-18 06:20:01.196425,1,
241,password_change,0.0,579.9418116974225,2025-02-18 06:35:01.196425,1,
242,fraud,4917.122097636177,-8251.029962229388,2025-02-18 06:58:01.196425,1,
243,fraud,1429.3388824999743,2309.54544760322,2025-02-18 07:24:01.196425,1,
244,fraud,4957.968973612291,-11117.308627592694,2025-02-18 07:41:01.196425,1,
245,fraud,152.22769280663715,-7925.165522927191,2025-02-18 07:54:01.196425,1,
245,phone_change,0.0,-7925.165522927191,2025-02-18 07:59:01.196425,1,
246,fraud,958.3480938649072,-4962.213738752225,2025-02-18 08:16:01.196425,1,
246,password_change,0.0,-4962.213738752225,2025-02-18 08:31:01.196425,1,
247,fraud,7163.995614247088,-19382.307522741627,2025-02-18 08:53:01.196425,1,
247,withdrawal,0.0,-19382.307522741627,2025-02-18 09:07:01.196425,1,
248,fraud,2544.1979170563122,-5684.23815785422,2025-02-18 09:35:01.196425,1,
249,fraud,5778.305387409557,-15581.810752305992,2025-02-18 09:55:01.196425,1,
249,deposit,0.0,-15581.810752305992,2025-02-18 10:20:01.196425,1,
250,fraud,2397.6394219334,-891.7935230799403,2025-02-18 10:49:01.196425,1,
250,suspicious_login,0.0,-891.7935230799403,2025-02-18 11:11:01.196425,1,
251,fraud,3530.0198267379415,-9966.34483816651,2025-02-18 11:39:01.196425,1,
251,password_change,0.0,-9966.34483816651,2025-02-18 11:56:01.196425,1,
252,fraud,115.34381084144232,5061.515535656665,2025-02-18 12:24:01.196425,1,
253,fraud,4172.4147344720295,-17569.753735542858,2025-02-18 12:53:01.196425,1,
254,fraud,237.99412374421124,-13622.256275579399,2025-02-18 13:06:01.196425,1,
255,fraud,355.5822088906097,3764.954361675972,2025-02-18 13:11:01.196425,1,
256,fraud,882.0201733342288,-364.6632105441323,2025-02-18 13:20:01.196425,1,
257,fraud,3283.4200284655403,-2080.225355475035,2025-02-18 13:40:01.196425,1,
257,suspicious_login,0.0,-2080.225355475035,2025-02-18 13:48:01.196425,1,
258,fraud,1961.78018243576,-2328.0999172134725,2025-02-18 13:50:01.196425,1,
259,fraud,542.5338524692171,-9914.29804405211,2025-02-18 14:08:01.196425,1,
259,withdrawal,0.0,-9914.29804405211,2025-02-18 14:18:01.196425,1,
260,fraud,71.96077124210152,-3077.7368372979995,2025-02-18 14:40:01.196425,1,
260,email_change,0.0,-3077.7368372979995,2025-02-18 14:57:01.196425,1,
261,fraud,4342.311630256645,-12107.384287221787,2025-02-18 15:07:01.196425,1,
262,fraud,85.76726654980804,-2096.9666204913183,2025-02-18 15:10:01.196425,1,
262,withdrawal,0.0,-2096.9666204913183,2025-02-18 15:14:01.196425,1,
263,fraud,2458.4755791599946,5726.698204610579,2025-02-18 15:38:01.196425,1,
264,fraud,54.70892528505015,-1658.330192763763,2025-02-18 15:39:01.196425,1,
264,phone_change,0.0,-1658.330192763763,2025-02-18 16:07:01.196425,1,
265,fraud,175.26992421060004,-6821.375828070729,2025-02-18 16:15:01.196425,1,
266,fraud,4352.454709387372,-787.373293570367,2025-02-18 16:23:01.196425,1,
266,deposit,0.0,-787.373293570367,2025-02-18 16:42:01.196425,1,
267,fraud,1688.0030836808112,-5584.044181776785,2025-02-18 16:52:01.196425,1,
268,fraud,338.9905728924513,2799.06382867048,2025-02-18 17:11:01.196425,1,
269,fraud,3041.227478969768,-8707.04197415718,2025-02-18 17:25:01.196425,1,
269,phone_change,0.0,-8707.04197415718,2025-02-18 17:28:01.196425,1,
270,fraud,1099.8860164223106,4961.305704999095,2025-02-18 17:49:01.196425,1,
271,fraud,3557.5589454916967,-852.6506973810197,2025-02-18 18:07:01.196425,1,
272,fraud,656.9704018703073,-2843.229860903595,2025-02-18 18:22:01.196425,1,
272,withdrawal,0.0,-2843.229860903595,2025-02-18 18:37:01.196425,1,
273,fraud,326.5395541473335,-6120.878694741765,2025-02-18 19:00:01.196425,1,
274,fraud,844.5543583171471,-4467.195049388318,2025-02-18 19:17:01.196425,1,
275,fraud,3395.6615446106907,5558.304728495567,2025-02-18 19:38:01.196425,1,
276,fraud,3821.886150884496,-11860.727929992887,2025-02-18 19:54:01.196425,1,
277,fraud,4050.1897587639905,-5943.945661753491,2025-02-18 20:00:01.196425,1,
277,withdrawal,0.0,-5943.945661753491,2025-02-18 20:25:01.196425,1,
278,fraud,180.1963664992902,5220.55145704253,2025-02-18 20:31:01.196425,1,
278,failed_login,0.0,5220.55145704253,2025-02-18 20:57:01.196425,1,
279,fraud,681.2441817210768,-11760.021719477607,2025-02-18 21:20:01.196425,1,
280,fraud,174.9462582760441,-127.10028435993695,2025-02-18 21:27:01.196425,1,
281,fraud,1443.7923046429025,1246.839119360742,2025-02-18 21:31:01.196425,1,
281,deposit,0.0,1246.839119360742,2025-02-18 21:56:01.196425,1,
282,fraud,4647.575271402878,-10786.555112657123,2025-02-18 21:59:01.196425,1,
282,withdrawal,0.0,-10786.555112657123,2025-02-18 22:08:01.196425,1,
283,fraud,2023.0542265921727,3303.7662726960098,2025-02-18 22:20:01.196425,1,
284,fraud,2652.050731766834,871.5404411537434,2025-02-18 22:27:01.196425,1,
284,failed_login,0.0,871.5404411537434,2025-02-18 22:37:01.196425,1,
285,fraud,1887.1697312193016,-3071.9875175556704,2025-02-18 22:51:01.196425,1,
285,suspicious_login,0.0,-3071.9875175556704,2025-02-18 23:21:01.196425,1,
286,fraud,2382.8744410374807,-18172.51432555321,2025-02-18 23:47:01.196425,1,
287,fraud,10.715964904493841,10911.70762632375,2025-02-18 23:58:01.196425,1,
288,fraud,508.69775075491185,-9642.905528269714,2025-02-19 00:12:01.196425,1,
288,phone_change,0.0,-9642.905528269714,2025-02-19 00:14:01.196425,1,
289,fraud,4799.542525710166,1708.7207890803907,2025-02-19 00:21:01.196425,1,
290,fraud,1433.891345738453,-1421.461240092782,2025-02-19 00:36:01.196425,1,
291,fraud,84.79861947765907,1860.039069914979,2025-02-19 00:56:01.196425,1,
292,fraud,2056.7445574907683,-5229.103876006767,2025-02-19 01:20:01.196425,1,
293,fraud,1572.313304890168,-18977.2215954174,2025-02-19 01:30:01.196425,1,
294,fraud,1968.784277065337,-9587.437204912916,2025-02-19 01:47:01.196425,1,
294,failed_login,0.0,-9587.437204912916,2025-02-19 02:09:01.196425,1,
295,fraud,451.1569982169072,-6584.192627135847,2025-02-19 02:26:01.196425,1,
296,fraud,128.3580223904276,3365.7160712607465,2025-02-19 02:48:01.196425,1,
296,phone_change,0.0,3365.7160712607465,2025-02-19 02:50:01.196425,1,
297,fraud,82.69889492046391,-509.01000137983885,2025-02-19 03:09:01.196425,1,
298,fraud,7093.375697173307,-10.28930770549232,2025-02-19 03:15:01.196425,1,
298,deposit,0.0,-10.28930770549232,2025-02-19 03:16:01.196425,1,
299,fraud,143.62529956580238,-8438.65845240674,2025-02-19 03:22:01.196425,1,
299,password_change,0.0,-8438.65845240674,2025-02-19 03:32:01.196425,1,
300,fraud,3388.767697768954,9477.770038847282,2025-02-19 03:45:01.196425,1,
301,fraud,4651.02717621836,3743.2510440674973,2025-02-19 03:54:01.196425,1,
302,fraud,27.332682899354417,-1716.3316297063323,2025-02-19 04:09:01.196425,1,
302,withdrawal,0.0,-1716.3316297063323,2025-02-19 04:16:01.196425,1,
303,fraud,336.41452814201295,-713.7188667897173,2025-02-19 04:36:01.196425,1,
303,password_change,0.0,-713.7188667897173,2025-02-19 04:44:01.196425,1,
304,fraud,99.1242543576798,-6842.766882822096,2025-02-19 05:07:01.196425,1,
304,suspicious_login,0.0,-6842.766882822096,2025-02-19 05:28:01.196425,1,
305,fraud,303.4409205315607,-1136.2342404308645,2025-02-19 05:50:01.196425,1,
306,fraud,276.32992760236084,-2827.0090722687646,2025-02-19 05:54:01.196425,1,
306,phone_change,0.0,-2827.0090722687646,2025-02-19 06:11:01.196425,1,
307,fraud,10.543616212866963,-10779.898852668948,2025-02-19 06:14:01.196425,1,
307,suspicious_login,0.0,-10779.898852668948,2025-02-19 06:15:01.196425,1,
308,fraud,8291.731864706453,-19590.496884279357,2025-02-19 06:45:01.196425,1,
308,email_change,0.0,-19590.496884279357,2025-02-19 06:55:01.196425,1,
309,fraud,7920.104597917641,-7043.416010982996,2025-02-19 07:23:01.196425,1,
310,fraud,4795.36485173595,-3876.757125597537,2025-02-19 07:51:01.196425,1,
311,fraud,2291.283471553427,-1457.437414039237,2025-02-19 08:08:01.196425,1,
311,phone_change,0.0,-1457.437414039237,2025-02-19 08:35:01.196425,1,
312,fraud,1619.0068495496193,-6689.934006179659,2025-02-19 08:41:01.196425,1,
312,withdrawal,0.0,-6689.934006179659,2025-02-19 08:56:01.196425,1,
313,fraud,3226.223989738009,4047.709938374623,2025-02-19 09:26:01.196425,1,
314,fraud,4618.249684033078,-6263.414787087437,2025-02-19 09:35:01.196425,1,
315,fraud,249.6134370576747,281.0997740262436,2025-02-19 09:51:01.196425,1,
316,fraud,243.27871719211808,-1.4100871300662163,2025-02-19 10:20:01.196425,1,
316,phone_change,0.0,-1.4100871300662163,2025-02-19 10:47:01.196425,1,
317,fraud,2391.9550544651424,-7626.799660881539,2025-02-19 11:00:01.196425,1,
317,withdrawal,0.0,-7626.799660881539,2025-02-19 11:20:01.196425,1,
318,fraud,663.2024404832663,2261.1732000000557,2025-02-19 11:35:01.196425,1,
318,failed_login,0.0,2261.1732000000557,2025-02-19 11:58:01.196425,1,
319,fraud,136.38963048257375,1823.8087165358972,2025-02-19 12:04:01.196425,1,
319,failed_login,0.0,1823.8087165358972,2025-02-19 12:21:01.196425,1,
320,fraud,3252.0577848437592,-1211.854546939473,2025-02-19 12:30:01.196425,1,
320,withdrawal,0.0,-1211.854546939473,2025-02-19 12:39:01.196425,1,
321,fraud,2661.455433275177,2576.679908869467,2025-02-19 12:57:01.196425,1,
321,email_change,0.0,2576.679908869467,2025-02-19 13:17:01.196425,1,
322,fraud,3654.3106446488423,-93.04206492175717,2025-02-19 13:30:01.196425,1,
323,fraud,428.7908723055819,3990.3667915089204,2025-02-19 13:43:01.196425,1,
